record_type,scope,analysis_family,dataset,model,scenario,seed,method,method_estimand,endpoint,expected_direction,n_levels,spearman_rho,monotone_non_decreasing,violation_count,min_step,monotone_fraction,n_blocks
block,dataset_model_seed_scenario,explanation,adult,hgb,gradual,0.0,lime,local_attribution,cosine_instability,nondecreasing_with_severity,5,0.9999999999999999,1.0,0,0.03107834908750229,1.0,1
block,dataset_model_seed_scenario,explanation,adult,hgb,gradual,1.0,lime,local_attribution,cosine_instability,nondecreasing_with_severity,5,0.9999999999999999,1.0,0,0.006113141123557098,1.0,1
block,dataset_model_seed_scenario,explanation,adult,hgb,gradual,2.0,lime,local_attribution,cosine_instability,nondecreasing_with_severity,5,0.9999999999999999,1.0,0,0.00305404125887343,1.0,1
block,dataset_model_seed_scenario,explanation,adult,hgb,gradual,3.0,lime,local_attribution,cosine_instability,nondecreasing_with_severity,5,0.8999999999999998,0.0,1,-0.012218354733085968,0.0,1
block,dataset_model_seed_scenario,explanation,adult,hgb,gradual,4.0,lime,local_attribution,cosine_instability,nondecreasing_with_severity,5,0.9999999999999999,1.0,0,0.015989944689779545,1.0,1
block,dataset_model_seed_scenario,explanation,adult,logreg,gradual,0.0,lime,local_attribution,cosine_instability,nondecreasing_with_severity,5,0.9999999999999999,1.0,0,0.012453439196802085,1.0,1
block,dataset_model_seed_scenario,explanation,adult,logreg,gradual,1.0,lime,local_attribution,cosine_instability,nondecreasing_with_severity,5,0.8999999999999998,0.0,1,-0.001889432666751012,0.0,1
block,dataset_model_seed_scenario,explanation,adult,logreg,gradual,2.0,lime,local_attribution,cosine_instability,nondecreasing_with_severity,5,0.9999999999999999,1.0,0,0.008404607422277222,1.0,1
block,dataset_model_seed_scenario,explanation,adult,logreg,gradual,3.0,lime,local_attribution,cosine_instability,nondecreasing_with_severity,5,0.9999999999999999,1.0,0,0.012939479232204176,1.0,1
block,dataset_model_seed_scenario,explanation,adult,logreg,gradual,4.0,lime,local_attribution,cosine_instability,nondecreasing_with_severity,5,0.9999999999999999,1.0,0,0.008449242725163786,1.0,1
block,dataset_model_seed_scenario,explanation,adult,rf,gradual,0.0,lime,local_attribution,cosine_instability,nondecreasing_with_severity,5,0.9999999999999999,1.0,0,0.019396465691851827,1.0,1
block,dataset_model_seed_scenario,explanation,adult,rf,gradual,1.0,lime,local_attribution,cosine_instability,nondecreasing_with_severity,5,0.8999999999999998,0.0,1,-0.009731548977208071,0.0,1
block,dataset_model_seed_scenario,explanation,adult,rf,gradual,2.0,lime,local_attribution,cosine_instability,nondecreasing_with_severity,5,0.9999999999999999,1.0,0,0.0035379089551297316,1.0,1
block,dataset_model_seed_scenario,explanation,adult,rf,gradual,3.0,lime,local_attribution,cosine_instability,nondecreasing_with_severity,5,0.9999999999999999,1.0,0,0.009255005726016119,1.0,1
block,dataset_model_seed_scenario,explanation,adult,rf,gradual,4.0,lime,local_attribution,cosine_instability,nondecreasing_with_severity,5,0.9999999999999999,1.0,0,0.015467029144859201,1.0,1
block,dataset_model_seed_scenario,explanation,bank-marketing,hgb,gradual,0.0,lime,local_attribution,cosine_instability,nondecreasing_with_severity,5,0.9999999999999999,1.0,0,0.03537571300007758,1.0,1
block,dataset_model_seed_scenario,explanation,bank-marketing,hgb,gradual,1.0,lime,local_attribution,cosine_instability,nondecreasing_with_severity,5,0.9999999999999999,1.0,0,0.024756095412573842,1.0,1
block,dataset_model_seed_scenario,explanation,bank-marketing,hgb,gradual,2.0,lime,local_attribution,cosine_instability,nondecreasing_with_severity,5,0.9999999999999999,1.0,0,0.023313062759101943,1.0,1
block,dataset_model_seed_scenario,explanation,bank-marketing,hgb,gradual,3.0,lime,local_attribution,cosine_instability,nondecreasing_with_severity,5,0.9999999999999999,1.0,0,0.010856254278728827,1.0,1
block,dataset_model_seed_scenario,explanation,bank-marketing,hgb,gradual,4.0,lime,local_attribution,cosine_instability,nondecreasing_with_severity,5,0.9999999999999999,1.0,0,0.014302491256147798,1.0,1
block,dataset_model_seed_scenario,explanation,bank-marketing,logreg,gradual,0.0,lime,local_attribution,cosine_instability,nondecreasing_with_severity,5,0.9999999999999999,1.0,0,0.0019071410511219966,1.0,1
block,dataset_model_seed_scenario,explanation,bank-marketing,logreg,gradual,1.0,lime,local_attribution,cosine_instability,nondecreasing_with_severity,5,0.9999999999999999,1.0,0,0.002321804554725193,1.0,1
block,dataset_model_seed_scenario,explanation,bank-marketing,logreg,gradual,2.0,lime,local_attribution,cosine_instability,nondecreasing_with_severity,5,0.9999999999999999,1.0,0,0.002443760450670629,1.0,1
block,dataset_model_seed_scenario,explanation,bank-marketing,logreg,gradual,3.0,lime,local_attribution,cosine_instability,nondecreasing_with_severity,5,0.9999999999999999,1.0,0,0.0016406306380757352,1.0,1
block,dataset_model_seed_scenario,explanation,bank-marketing,logreg,gradual,4.0,lime,local_attribution,cosine_instability,nondecreasing_with_severity,5,0.9999999999999999,1.0,0,0.0018852328892242642,1.0,1
block,dataset_model_seed_scenario,explanation,bank-marketing,rf,gradual,0.0,lime,local_attribution,cosine_instability,nondecreasing_with_severity,5,0.9999999999999999,1.0,0,0.02403402128904064,1.0,1
block,dataset_model_seed_scenario,explanation,bank-marketing,rf,gradual,1.0,lime,local_attribution,cosine_instability,nondecreasing_with_severity,5,0.9999999999999999,1.0,0,0.02183926808642278,1.0,1
block,dataset_model_seed_scenario,explanation,bank-marketing,rf,gradual,2.0,lime,local_attribution,cosine_instability,nondecreasing_with_severity,5,0.9999999999999999,1.0,0,0.026423484857868162,1.0,1
block,dataset_model_seed_scenario,explanation,bank-marketing,rf,gradual,3.0,lime,local_attribution,cosine_instability,nondecreasing_with_severity,5,0.9999999999999999,1.0,0,0.027250979957080035,1.0,1
block,dataset_model_seed_scenario,explanation,bank-marketing,rf,gradual,4.0,lime,local_attribution,cosine_instability,nondecreasing_with_severity,5,0.9999999999999999,1.0,0,0.009525642020579816,1.0,1
block,dataset_model_seed_scenario,explanation,electricity,hgb,gradual,0.0,lime,local_attribution,cosine_instability,nondecreasing_with_severity,5,0.9999999999999999,1.0,0,0.014982330384230691,1.0,1
block,dataset_model_seed_scenario,explanation,electricity,hgb,gradual,1.0,lime,local_attribution,cosine_instability,nondecreasing_with_severity,5,0.9999999999999999,1.0,0,0.009749476026453707,1.0,1
block,dataset_model_seed_scenario,explanation,electricity,hgb,gradual,2.0,lime,local_attribution,cosine_instability,nondecreasing_with_severity,5,0.9999999999999999,1.0,0,0.010143151439749754,1.0,1
block,dataset_model_seed_scenario,explanation,electricity,hgb,gradual,3.0,lime,local_attribution,cosine_instability,nondecreasing_with_severity,5,0.9999999999999999,1.0,0,0.014359004510082207,1.0,1
block,dataset_model_seed_scenario,explanation,electricity,hgb,gradual,4.0,lime,local_attribution,cosine_instability,nondecreasing_with_severity,5,0.9999999999999999,1.0,0,0.008844654317303413,1.0,1
block,dataset_model_seed_scenario,explanation,electricity,logreg,gradual,0.0,lime,local_attribution,cosine_instability,nondecreasing_with_severity,5,0.9999999999999999,1.0,0,0.0007374765032004404,1.0,1
block,dataset_model_seed_scenario,explanation,electricity,logreg,gradual,1.0,lime,local_attribution,cosine_instability,nondecreasing_with_severity,5,0.9999999999999999,1.0,0,0.0011607694503892318,1.0,1
block,dataset_model_seed_scenario,explanation,electricity,logreg,gradual,2.0,lime,local_attribution,cosine_instability,nondecreasing_with_severity,5,0.9999999999999999,1.0,0,0.00112855638786713,1.0,1
block,dataset_model_seed_scenario,explanation,electricity,logreg,gradual,3.0,lime,local_attribution,cosine_instability,nondecreasing_with_severity,5,0.9999999999999999,1.0,0,0.0008255917878899899,1.0,1
block,dataset_model_seed_scenario,explanation,electricity,logreg,gradual,4.0,lime,local_attribution,cosine_instability,nondecreasing_with_severity,5,0.9999999999999999,1.0,0,0.0011856382324944015,1.0,1
block,dataset_model_seed_scenario,explanation,electricity,rf,gradual,0.0,lime,local_attribution,cosine_instability,nondecreasing_with_severity,5,0.9999999999999999,1.0,0,0.0465849496081252,1.0,1
block,dataset_model_seed_scenario,explanation,electricity,rf,gradual,1.0,lime,local_attribution,cosine_instability,nondecreasing_with_severity,5,0.9999999999999999,1.0,0,0.0323789992146567,1.0,1
block,dataset_model_seed_scenario,explanation,electricity,rf,gradual,2.0,lime,local_attribution,cosine_instability,nondecreasing_with_severity,5,0.9999999999999999,1.0,0,0.029397463114495426,1.0,1
block,dataset_model_seed_scenario,explanation,electricity,rf,gradual,3.0,lime,local_attribution,cosine_instability,nondecreasing_with_severity,5,0.9999999999999999,1.0,0,0.03131583525096304,1.0,1
block,dataset_model_seed_scenario,explanation,electricity,rf,gradual,4.0,lime,local_attribution,cosine_instability,nondecreasing_with_severity,5,0.9999999999999999,1.0,0,0.042865236497091286,1.0,1
block,dataset_model_seed_scenario,explanation,adult,hgb,mean_shift,0.0,lime,local_attribution,cosine_instability,nondecreasing_with_severity,5,0.9999999999999999,1.0,0,0.03293353838298385,1.0,1
block,dataset_model_seed_scenario,explanation,adult,hgb,mean_shift,1.0,lime,local_attribution,cosine_instability,nondecreasing_with_severity,5,0.9999999999999999,1.0,0,0.033212697496904364,1.0,1
block,dataset_model_seed_scenario,explanation,adult,hgb,mean_shift,2.0,lime,local_attribution,cosine_instability,nondecreasing_with_severity,5,0.9999999999999999,1.0,0,0.0388753579880694,1.0,1
block,dataset_model_seed_scenario,explanation,adult,hgb,mean_shift,3.0,lime,local_attribution,cosine_instability,nondecreasing_with_severity,5,0.9999999999999999,1.0,0,0.03139698635412158,1.0,1
block,dataset_model_seed_scenario,explanation,adult,hgb,mean_shift,4.0,lime,local_attribution,cosine_instability,nondecreasing_with_severity,5,0.9999999999999999,1.0,0,0.04670667258266836,1.0,1
block,dataset_model_seed_scenario,explanation,adult,logreg,mean_shift,0.0,lime,local_attribution,cosine_instability,nondecreasing_with_severity,5,0.9999999999999999,1.0,0,0.008187493998352502,1.0,1
block,dataset_model_seed_scenario,explanation,adult,logreg,mean_shift,1.0,lime,local_attribution,cosine_instability,nondecreasing_with_severity,5,0.9999999999999999,1.0,0,1.5802900591443958e-05,1.0,1
block,dataset_model_seed_scenario,explanation,adult,logreg,mean_shift,2.0,lime,local_attribution,cosine_instability,nondecreasing_with_severity,5,0.9999999999999999,1.0,0,0.007552481319650806,1.0,1
block,dataset_model_seed_scenario,explanation,adult,logreg,mean_shift,3.0,lime,local_attribution,cosine_instability,nondecreasing_with_severity,5,0.9999999999999999,1.0,0,0.007607746603913723,1.0,1
block,dataset_model_seed_scenario,explanation,adult,logreg,mean_shift,4.0,lime,local_attribution,cosine_instability,nondecreasing_with_severity,5,0.9999999999999999,1.0,0,0.007962397545987598,1.0,1
block,dataset_model_seed_scenario,explanation,adult,rf,mean_shift,0.0,lime,local_attribution,cosine_instability,nondecreasing_with_severity,5,0.9999999999999999,1.0,0,0.01703432220902712,1.0,1
block,dataset_model_seed_scenario,explanation,adult,rf,mean_shift,1.0,lime,local_attribution,cosine_instability,nondecreasing_with_severity,5,0.9999999999999999,1.0,0,0.02057486877483039,1.0,1
block,dataset_model_seed_scenario,explanation,adult,rf,mean_shift,2.0,lime,local_attribution,cosine_instability,nondecreasing_with_severity,5,0.9999999999999999,1.0,0,0.020101079537370614,1.0,1
block,dataset_model_seed_scenario,explanation,adult,rf,mean_shift,3.0,lime,local_attribution,cosine_instability,nondecreasing_with_severity,5,0.9999999999999999,1.0,0,0.026784530758804825,1.0,1
block,dataset_model_seed_scenario,explanation,adult,rf,mean_shift,4.0,lime,local_attribution,cosine_instability,nondecreasing_with_severity,5,0.9999999999999999,1.0,0,0.016763342631034406,1.0,1
block,dataset_model_seed_scenario,explanation,bank-marketing,hgb,mean_shift,0.0,lime,local_attribution,cosine_instability,nondecreasing_with_severity,5,0.9999999999999999,1.0,0,0.015040685302870727,1.0,1
block,dataset_model_seed_scenario,explanation,bank-marketing,hgb,mean_shift,1.0,lime,local_attribution,cosine_instability,nondecreasing_with_severity,5,0.9999999999999999,1.0,0,0.03366404261394551,1.0,1
block,dataset_model_seed_scenario,explanation,bank-marketing,hgb,mean_shift,2.0,lime,local_attribution,cosine_instability,nondecreasing_with_severity,5,0.9999999999999999,1.0,0,0.034050406086187146,1.0,1
block,dataset_model_seed_scenario,explanation,bank-marketing,hgb,mean_shift,3.0,lime,local_attribution,cosine_instability,nondecreasing_with_severity,5,0.9999999999999999,1.0,0,0.038844995680334615,1.0,1
block,dataset_model_seed_scenario,explanation,bank-marketing,hgb,mean_shift,4.0,lime,local_attribution,cosine_instability,nondecreasing_with_severity,5,0.9999999999999999,1.0,0,0.03150274914667284,1.0,1
block,dataset_model_seed_scenario,explanation,bank-marketing,logreg,mean_shift,0.0,lime,local_attribution,cosine_instability,nondecreasing_with_severity,5,0.9999999999999999,1.0,0,0.0012016651331537842,1.0,1
block,dataset_model_seed_scenario,explanation,bank-marketing,logreg,mean_shift,1.0,lime,local_attribution,cosine_instability,nondecreasing_with_severity,5,0.9999999999999999,1.0,0,0.0013669338324905356,1.0,1
block,dataset_model_seed_scenario,explanation,bank-marketing,logreg,mean_shift,2.0,lime,local_attribution,cosine_instability,nondecreasing_with_severity,5,0.9999999999999999,1.0,0,0.0015203006760071691,1.0,1
block,dataset_model_seed_scenario,explanation,bank-marketing,logreg,mean_shift,3.0,lime,local_attribution,cosine_instability,nondecreasing_with_severity,5,0.9999999999999999,1.0,0,0.001065009410432749,1.0,1
block,dataset_model_seed_scenario,explanation,bank-marketing,logreg,mean_shift,4.0,lime,local_attribution,cosine_instability,nondecreasing_with_severity,5,0.9999999999999999,1.0,0,0.001689720741175238,1.0,1
block,dataset_model_seed_scenario,explanation,bank-marketing,rf,mean_shift,0.0,lime,local_attribution,cosine_instability,nondecreasing_with_severity,5,0.9999999999999999,1.0,0,0.014807927831344991,1.0,1
block,dataset_model_seed_scenario,explanation,bank-marketing,rf,mean_shift,1.0,lime,local_attribution,cosine_instability,nondecreasing_with_severity,5,0.9999999999999999,1.0,0,0.015434659751350499,1.0,1
block,dataset_model_seed_scenario,explanation,bank-marketing,rf,mean_shift,2.0,lime,local_attribution,cosine_instability,nondecreasing_with_severity,5,0.9999999999999999,1.0,0,0.02636585729268759,1.0,1
block,dataset_model_seed_scenario,explanation,bank-marketing,rf,mean_shift,3.0,lime,local_attribution,cosine_instability,nondecreasing_with_severity,5,0.9999999999999999,1.0,0,0.024359941933084883,1.0,1
block,dataset_model_seed_scenario,explanation,bank-marketing,rf,mean_shift,4.0,lime,local_attribution,cosine_instability,nondecreasing_with_severity,5,0.9999999999999999,1.0,0,0.019376770420838962,1.0,1
block,dataset_model_seed_scenario,explanation,electricity,hgb,mean_shift,0.0,lime,local_attribution,cosine_instability,nondecreasing_with_severity,5,0.9999999999999999,1.0,0,0.01521494894852593,1.0,1
block,dataset_model_seed_scenario,explanation,electricity,hgb,mean_shift,1.0,lime,local_attribution,cosine_instability,nondecreasing_with_severity,5,0.9999999999999999,1.0,0,0.008856397814155925,1.0,1
block,dataset_model_seed_scenario,explanation,electricity,hgb,mean_shift,2.0,lime,local_attribution,cosine_instability,nondecreasing_with_severity,5,0.9999999999999999,1.0,0,0.009909868028843194,1.0,1
block,dataset_model_seed_scenario,explanation,electricity,hgb,mean_shift,3.0,lime,local_attribution,cosine_instability,nondecreasing_with_severity,5,0.9999999999999999,1.0,0,0.008198439560077375,1.0,1
block,dataset_model_seed_scenario,explanation,electricity,hgb,mean_shift,4.0,lime,local_attribution,cosine_instability,nondecreasing_with_severity,5,0.9999999999999999,1.0,0,0.008571041565105353,1.0,1
block,dataset_model_seed_scenario,explanation,electricity,logreg,mean_shift,0.0,lime,local_attribution,cosine_instability,nondecreasing_with_severity,5,0.9999999999999999,1.0,0,0.0010953220225807803,1.0,1
block,dataset_model_seed_scenario,explanation,electricity,logreg,mean_shift,1.0,lime,local_attribution,cosine_instability,nondecreasing_with_severity,5,0.9999999999999999,1.0,0,0.0008673779095823564,1.0,1
block,dataset_model_seed_scenario,explanation,electricity,logreg,mean_shift,2.0,lime,local_attribution,cosine_instability,nondecreasing_with_severity,5,0.9999999999999999,1.0,0,0.0008765269167235745,1.0,1
block,dataset_model_seed_scenario,explanation,electricity,logreg,mean_shift,3.0,lime,local_attribution,cosine_instability,nondecreasing_with_severity,5,0.9999999999999999,1.0,0,0.0007740789466106346,1.0,1
block,dataset_model_seed_scenario,explanation,electricity,logreg,mean_shift,4.0,lime,local_attribution,cosine_instability,nondecreasing_with_severity,5,0.9999999999999999,1.0,0,0.0008612139555804754,1.0,1
block,dataset_model_seed_scenario,explanation,electricity,rf,mean_shift,0.0,lime,local_attribution,cosine_instability,nondecreasing_with_severity,5,0.9999999999999999,1.0,0,0.018046525954683923,1.0,1
block,dataset_model_seed_scenario,explanation,electricity,rf,mean_shift,1.0,lime,local_attribution,cosine_instability,nondecreasing_with_severity,5,0.9999999999999999,1.0,0,0.031082285767365492,1.0,1
block,dataset_model_seed_scenario,explanation,electricity,rf,mean_shift,2.0,lime,local_attribution,cosine_instability,nondecreasing_with_severity,5,0.9999999999999999,1.0,0,0.023509485716935008,1.0,1
block,dataset_model_seed_scenario,explanation,electricity,rf,mean_shift,3.0,lime,local_attribution,cosine_instability,nondecreasing_with_severity,5,0.9999999999999999,1.0,0,0.017211134995347765,1.0,1
block,dataset_model_seed_scenario,explanation,electricity,rf,mean_shift,4.0,lime,local_attribution,cosine_instability,nondecreasing_with_severity,5,0.9999999999999999,1.0,0,0.030903895107300183,1.0,1
block,dataset_model_seed_scenario,explanation,adult,hgb,missing,0.0,lime,local_attribution,cosine_instability,nondecreasing_with_severity,5,0.8999999999999998,0.0,1,-0.011571278505343341,0.0,1
block,dataset_model_seed_scenario,explanation,adult,hgb,missing,1.0,lime,local_attribution,cosine_instability,nondecreasing_with_severity,5,0.8999999999999998,0.0,1,-0.004320495991086415,0.0,1
block,dataset_model_seed_scenario,explanation,adult,hgb,missing,2.0,lime,local_attribution,cosine_instability,nondecreasing_with_severity,5,0.6,0.0,2,-0.009542671360454391,0.0,1
block,dataset_model_seed_scenario,explanation,adult,hgb,missing,3.0,lime,local_attribution,cosine_instability,nondecreasing_with_severity,5,0.9999999999999999,1.0,0,0.00026947570538682353,1.0,1
block,dataset_model_seed_scenario,explanation,adult,hgb,missing,4.0,lime,local_attribution,cosine_instability,nondecreasing_with_severity,5,0.7,0.0,1,-0.00930963679901975,0.0,1
block,dataset_model_seed_scenario,explanation,adult,logreg,missing,0.0,lime,local_attribution,cosine_instability,nondecreasing_with_severity,5,0.7999999999999999,0.0,2,-0.0012102740632552456,0.0,1
block,dataset_model_seed_scenario,explanation,adult,logreg,missing,1.0,lime,local_attribution,cosine_instability,nondecreasing_with_severity,5,0.9999999999999999,1.0,0,0.00024044247627041937,1.0,1
block,dataset_model_seed_scenario,explanation,adult,logreg,missing,2.0,lime,local_attribution,cosine_instability,nondecreasing_with_severity,5,0.6,0.0,2,-0.000608057683860852,0.0,1
block,dataset_model_seed_scenario,explanation,adult,logreg,missing,3.0,lime,local_attribution,cosine_instability,nondecreasing_with_severity,5,0.8999999999999998,0.0,1,-0.0017574296735751727,0.0,1
block,dataset_model_seed_scenario,explanation,adult,logreg,missing,4.0,lime,local_attribution,cosine_instability,nondecreasing_with_severity,5,0.49999999999999994,0.0,1,-0.0013834317947528652,0.0,1
block,dataset_model_seed_scenario,explanation,adult,rf,missing,0.0,lime,local_attribution,cosine_instability,nondecreasing_with_severity,5,0.8999999999999998,0.0,1,-0.00399435426922834,0.0,1
block,dataset_model_seed_scenario,explanation,adult,rf,missing,1.0,lime,local_attribution,cosine_instability,nondecreasing_with_severity,5,0.8999999999999998,0.0,1,-0.0004377857938774321,0.0,1
block,dataset_model_seed_scenario,explanation,adult,rf,missing,2.0,lime,local_attribution,cosine_instability,nondecreasing_with_severity,5,0.49999999999999994,0.0,3,-0.001446184402520534,0.0,1
block,dataset_model_seed_scenario,explanation,adult,rf,missing,3.0,lime,local_attribution,cosine_instability,nondecreasing_with_severity,5,0.8999999999999998,0.0,1,-9.740377131972622e-05,0.0,1
block,dataset_model_seed_scenario,explanation,adult,rf,missing,4.0,lime,local_attribution,cosine_instability,nondecreasing_with_severity,5,0.7,0.0,1,-0.0034936297452252685,0.0,1
block,dataset_model_seed_scenario,explanation,bank-marketing,hgb,missing,0.0,lime,local_attribution,cosine_instability,nondecreasing_with_severity,5,0.8999999999999998,0.0,1,-0.003735708215626632,0.0,1
block,dataset_model_seed_scenario,explanation,bank-marketing,hgb,missing,1.0,lime,local_attribution,cosine_instability,nondecreasing_with_severity,5,0.9999999999999999,1.0,0,0.005099451546523803,1.0,1
block,dataset_model_seed_scenario,explanation,bank-marketing,hgb,missing,2.0,lime,local_attribution,cosine_instability,nondecreasing_with_severity,5,0.9999999999999999,1.0,0,0.002038142447400748,1.0,1
block,dataset_model_seed_scenario,explanation,bank-marketing,hgb,missing,3.0,lime,local_attribution,cosine_instability,nondecreasing_with_severity,5,0.7,0.0,1,-0.04028410660022419,0.0,1
block,dataset_model_seed_scenario,explanation,bank-marketing,hgb,missing,4.0,lime,local_attribution,cosine_instability,nondecreasing_with_severity,5,0.8999999999999998,0.0,1,-0.007963587781642412,0.0,1
block,dataset_model_seed_scenario,explanation,bank-marketing,logreg,missing,0.0,lime,local_attribution,cosine_instability,nondecreasing_with_severity,5,0.8999999999999998,0.0,1,-0.001535076187158757,0.0,1
block,dataset_model_seed_scenario,explanation,bank-marketing,logreg,missing,1.0,lime,local_attribution,cosine_instability,nondecreasing_with_severity,5,-0.6,0.0,2,-0.0012553861619000184,0.0,1
block,dataset_model_seed_scenario,explanation,bank-marketing,logreg,missing,2.0,lime,local_attribution,cosine_instability,nondecreasing_with_severity,5,0.7,0.0,1,-0.0006626235055552376,0.0,1
block,dataset_model_seed_scenario,explanation,bank-marketing,logreg,missing,3.0,lime,local_attribution,cosine_instability,nondecreasing_with_severity,5,0.8999999999999998,0.0,1,-0.0016516369809254083,0.0,1
block,dataset_model_seed_scenario,explanation,bank-marketing,logreg,missing,4.0,lime,local_attribution,cosine_instability,nondecreasing_with_severity,5,0.7999999999999999,0.0,2,-0.001027531277656979,0.0,1
block,dataset_model_seed_scenario,explanation,bank-marketing,rf,missing,0.0,lime,local_attribution,cosine_instability,nondecreasing_with_severity,5,0.8999999999999998,0.0,1,-0.006930534769219232,0.0,1
block,dataset_model_seed_scenario,explanation,bank-marketing,rf,missing,1.0,lime,local_attribution,cosine_instability,nondecreasing_with_severity,5,0.8999999999999998,0.0,1,-0.0028537648644407776,0.0,1
block,dataset_model_seed_scenario,explanation,bank-marketing,rf,missing,2.0,lime,local_attribution,cosine_instability,nondecreasing_with_severity,5,0.7999999999999999,0.0,2,-0.003991711378130147,0.0,1
block,dataset_model_seed_scenario,explanation,bank-marketing,rf,missing,3.0,lime,local_attribution,cosine_instability,nondecreasing_with_severity,5,0.8999999999999998,0.0,1,-0.010400196617881274,0.0,1
block,dataset_model_seed_scenario,explanation,bank-marketing,rf,missing,4.0,lime,local_attribution,cosine_instability,nondecreasing_with_severity,5,0.8999999999999998,0.0,1,-0.004006446898606408,0.0,1
block,dataset_model_seed_scenario,explanation,electricity,hgb,missing,0.0,lime,local_attribution,cosine_instability,nondecreasing_with_severity,5,0.7,0.0,1,-0.007010841813980373,0.0,1
block,dataset_model_seed_scenario,explanation,electricity,hgb,missing,1.0,lime,local_attribution,cosine_instability,nondecreasing_with_severity,5,0.8999999999999998,0.0,1,-0.00025886870860336586,0.0,1
block,dataset_model_seed_scenario,explanation,electricity,hgb,missing,2.0,lime,local_attribution,cosine_instability,nondecreasing_with_severity,5,0.8999999999999998,0.0,1,-0.003324498003867693,0.0,1
block,dataset_model_seed_scenario,explanation,electricity,hgb,missing,3.0,lime,local_attribution,cosine_instability,nondecreasing_with_severity,5,0.7999999999999999,0.0,2,-0.0029900918747464145,0.0,1
block,dataset_model_seed_scenario,explanation,electricity,hgb,missing,4.0,lime,local_attribution,cosine_instability,nondecreasing_with_severity,5,0.8999999999999998,0.0,1,-0.0010911022697115413,0.0,1
block,dataset_model_seed_scenario,explanation,electricity,logreg,missing,0.0,lime,local_attribution,cosine_instability,nondecreasing_with_severity,5,0.3,0.0,2,-0.0002334230888539901,0.0,1
block,dataset_model_seed_scenario,explanation,electricity,logreg,missing,1.0,lime,local_attribution,cosine_instability,nondecreasing_with_severity,5,0.3,0.0,2,-0.00025687536610163875,0.0,1
block,dataset_model_seed_scenario,explanation,electricity,logreg,missing,2.0,lime,local_attribution,cosine_instability,nondecreasing_with_severity,5,0.8999999999999998,0.0,1,-3.769322541324893e-05,0.0,1
block,dataset_model_seed_scenario,explanation,electricity,logreg,missing,3.0,lime,local_attribution,cosine_instability,nondecreasing_with_severity,5,0.7999999999999999,0.0,2,-8.936028264339146e-05,0.0,1
block,dataset_model_seed_scenario,explanation,electricity,logreg,missing,4.0,lime,local_attribution,cosine_instability,nondecreasing_with_severity,5,0.19999999999999998,0.0,2,-0.0005802018251187535,0.0,1
block,dataset_model_seed_scenario,explanation,electricity,rf,missing,0.0,lime,local_attribution,cosine_instability,nondecreasing_with_severity,5,0.8999999999999998,0.0,1,-0.0038772716443568056,0.0,1
block,dataset_model_seed_scenario,explanation,electricity,rf,missing,1.0,lime,local_attribution,cosine_instability,nondecreasing_with_severity,5,0.9999999999999999,1.0,0,0.004495040894057611,1.0,1
block,dataset_model_seed_scenario,explanation,electricity,rf,missing,2.0,lime,local_attribution,cosine_instability,nondecreasing_with_severity,5,0.8999999999999998,0.0,1,-0.005242896491472582,0.0,1
block,dataset_model_seed_scenario,explanation,electricity,rf,missing,3.0,lime,local_attribution,cosine_instability,nondecreasing_with_severity,5,0.9999999999999999,1.0,0,0.0006533117484835982,1.0,1
block,dataset_model_seed_scenario,explanation,electricity,rf,missing,4.0,lime,local_attribution,cosine_instability,nondecreasing_with_severity,5,0.9999999999999999,1.0,0,0.00357771277938701,1.0,1
block,dataset_model_seed_scenario,explanation,adult,hgb,noise,0.0,lime,local_attribution,cosine_instability,nondecreasing_with_severity,5,0.9999999999999999,1.0,0,0.018250127797871607,1.0,1
block,dataset_model_seed_scenario,explanation,adult,hgb,noise,1.0,lime,local_attribution,cosine_instability,nondecreasing_with_severity,5,0.8999999999999998,0.0,1,-0.03162319118074963,0.0,1
block,dataset_model_seed_scenario,explanation,adult,hgb,noise,2.0,lime,local_attribution,cosine_instability,nondecreasing_with_severity,5,0.9999999999999999,1.0,0,0.013674232526398655,1.0,1
block,dataset_model_seed_scenario,explanation,adult,hgb,noise,3.0,lime,local_attribution,cosine_instability,nondecreasing_with_severity,5,0.9999999999999999,1.0,0,0.015974363377380008,1.0,1
block,dataset_model_seed_scenario,explanation,adult,hgb,noise,4.0,lime,local_attribution,cosine_instability,nondecreasing_with_severity,5,0.9999999999999999,1.0,0,0.008777008571839162,1.0,1
block,dataset_model_seed_scenario,explanation,adult,logreg,noise,0.0,lime,local_attribution,cosine_instability,nondecreasing_with_severity,5,0.9999999999999999,1.0,0,0.0016374398352231312,1.0,1
block,dataset_model_seed_scenario,explanation,adult,logreg,noise,1.0,lime,local_attribution,cosine_instability,nondecreasing_with_severity,5,0.9999999999999999,1.0,0,0.0020841532163338172,1.0,1
block,dataset_model_seed_scenario,explanation,adult,logreg,noise,2.0,lime,local_attribution,cosine_instability,nondecreasing_with_severity,5,0.9999999999999999,1.0,0,0.0010337898219759944,1.0,1
block,dataset_model_seed_scenario,explanation,adult,logreg,noise,3.0,lime,local_attribution,cosine_instability,nondecreasing_with_severity,5,0.9999999999999999,1.0,0,0.0015815250451993723,1.0,1
block,dataset_model_seed_scenario,explanation,adult,logreg,noise,4.0,lime,local_attribution,cosine_instability,nondecreasing_with_severity,5,0.9999999999999999,1.0,0,0.00035303742394365845,1.0,1
block,dataset_model_seed_scenario,explanation,adult,rf,noise,0.0,lime,local_attribution,cosine_instability,nondecreasing_with_severity,5,0.9999999999999999,1.0,0,0.009592603957784052,1.0,1
block,dataset_model_seed_scenario,explanation,adult,rf,noise,1.0,lime,local_attribution,cosine_instability,nondecreasing_with_severity,5,0.8999999999999998,0.0,1,-0.004526188339200821,0.0,1
block,dataset_model_seed_scenario,explanation,adult,rf,noise,2.0,lime,local_attribution,cosine_instability,nondecreasing_with_severity,5,0.9999999999999999,1.0,0,0.0003635859128474639,1.0,1
block,dataset_model_seed_scenario,explanation,adult,rf,noise,3.0,lime,local_attribution,cosine_instability,nondecreasing_with_severity,5,0.9999999999999999,1.0,0,0.008674802703292794,1.0,1
block,dataset_model_seed_scenario,explanation,adult,rf,noise,4.0,lime,local_attribution,cosine_instability,nondecreasing_with_severity,5,0.9999999999999999,1.0,0,0.0077695866722954365,1.0,1
block,dataset_model_seed_scenario,explanation,bank-marketing,hgb,noise,0.0,lime,local_attribution,cosine_instability,nondecreasing_with_severity,5,0.9999999999999999,1.0,0,0.012657141683179662,1.0,1
block,dataset_model_seed_scenario,explanation,bank-marketing,hgb,noise,1.0,lime,local_attribution,cosine_instability,nondecreasing_with_severity,5,0.9999999999999999,1.0,0,0.005755984547246795,1.0,1
block,dataset_model_seed_scenario,explanation,bank-marketing,hgb,noise,2.0,lime,local_attribution,cosine_instability,nondecreasing_with_severity,5,0.9999999999999999,1.0,0,0.01759791348770723,1.0,1
block,dataset_model_seed_scenario,explanation,bank-marketing,hgb,noise,3.0,lime,local_attribution,cosine_instability,nondecreasing_with_severity,5,0.9999999999999999,1.0,0,0.021787057092566786,1.0,1
block,dataset_model_seed_scenario,explanation,bank-marketing,hgb,noise,4.0,lime,local_attribution,cosine_instability,nondecreasing_with_severity,5,0.9999999999999999,1.0,0,0.009329418919926558,1.0,1
block,dataset_model_seed_scenario,explanation,bank-marketing,logreg,noise,0.0,lime,local_attribution,cosine_instability,nondecreasing_with_severity,5,0.9999999999999999,1.0,0,0.00047578233469558473,1.0,1
block,dataset_model_seed_scenario,explanation,bank-marketing,logreg,noise,1.0,lime,local_attribution,cosine_instability,nondecreasing_with_severity,5,0.9999999999999999,1.0,0,0.0004993222989264634,1.0,1
block,dataset_model_seed_scenario,explanation,bank-marketing,logreg,noise,2.0,lime,local_attribution,cosine_instability,nondecreasing_with_severity,5,0.9999999999999999,1.0,0,0.0004391814999603616,1.0,1
block,dataset_model_seed_scenario,explanation,bank-marketing,logreg,noise,3.0,lime,local_attribution,cosine_instability,nondecreasing_with_severity,5,0.9999999999999999,1.0,0,0.00022280905969584985,1.0,1
block,dataset_model_seed_scenario,explanation,bank-marketing,logreg,noise,4.0,lime,local_attribution,cosine_instability,nondecreasing_with_severity,5,0.8999999999999998,0.0,1,-0.0009564894958068448,0.0,1
block,dataset_model_seed_scenario,explanation,bank-marketing,rf,noise,0.0,lime,local_attribution,cosine_instability,nondecreasing_with_severity,5,0.9999999999999999,1.0,0,0.00927545849495448,1.0,1
block,dataset_model_seed_scenario,explanation,bank-marketing,rf,noise,1.0,lime,local_attribution,cosine_instability,nondecreasing_with_severity,5,0.9999999999999999,1.0,0,0.00801108684573082,1.0,1
block,dataset_model_seed_scenario,explanation,bank-marketing,rf,noise,2.0,lime,local_attribution,cosine_instability,nondecreasing_with_severity,5,0.9999999999999999,1.0,0,0.0071904653741849955,1.0,1
block,dataset_model_seed_scenario,explanation,bank-marketing,rf,noise,3.0,lime,local_attribution,cosine_instability,nondecreasing_with_severity,5,0.9999999999999999,1.0,0,0.009341585679659814,1.0,1
block,dataset_model_seed_scenario,explanation,bank-marketing,rf,noise,4.0,lime,local_attribution,cosine_instability,nondecreasing_with_severity,5,0.9999999999999999,1.0,0,0.012930097267094043,1.0,1
block,dataset_model_seed_scenario,explanation,electricity,hgb,noise,0.0,lime,local_attribution,cosine_instability,nondecreasing_with_severity,5,0.9999999999999999,1.0,0,0.007186176694451651,1.0,1
block,dataset_model_seed_scenario,explanation,electricity,hgb,noise,1.0,lime,local_attribution,cosine_instability,nondecreasing_with_severity,5,0.9999999999999999,1.0,0,0.005518066804471644,1.0,1
block,dataset_model_seed_scenario,explanation,electricity,hgb,noise,2.0,lime,local_attribution,cosine_instability,nondecreasing_with_severity,5,0.8999999999999998,0.0,1,-0.0012643630500069891,0.0,1
block,dataset_model_seed_scenario,explanation,electricity,hgb,noise,3.0,lime,local_attribution,cosine_instability,nondecreasing_with_severity,5,0.9999999999999999,1.0,0,0.0005694767574616622,1.0,1
block,dataset_model_seed_scenario,explanation,electricity,hgb,noise,4.0,lime,local_attribution,cosine_instability,nondecreasing_with_severity,5,0.9999999999999999,1.0,0,0.0032928376848483376,1.0,1
block,dataset_model_seed_scenario,explanation,electricity,logreg,noise,0.0,lime,local_attribution,cosine_instability,nondecreasing_with_severity,5,0.9999999999999999,1.0,0,0.00031926378487423523,1.0,1
block,dataset_model_seed_scenario,explanation,electricity,logreg,noise,1.0,lime,local_attribution,cosine_instability,nondecreasing_with_severity,5,0.9999999999999999,1.0,0,0.00012739063711764143,1.0,1
block,dataset_model_seed_scenario,explanation,electricity,logreg,noise,2.0,lime,local_attribution,cosine_instability,nondecreasing_with_severity,5,0.9999999999999999,1.0,0,0.00019202147193941865,1.0,1
block,dataset_model_seed_scenario,explanation,electricity,logreg,noise,3.0,lime,local_attribution,cosine_instability,nondecreasing_with_severity,5,0.9999999999999999,1.0,0,2.1292575085207766e-05,1.0,1
block,dataset_model_seed_scenario,explanation,electricity,logreg,noise,4.0,lime,local_attribution,cosine_instability,nondecreasing_with_severity,5,0.9999999999999999,1.0,0,0.00023572285538242532,1.0,1
block,dataset_model_seed_scenario,explanation,electricity,rf,noise,0.0,lime,local_attribution,cosine_instability,nondecreasing_with_severity,5,0.9999999999999999,1.0,0,0.02321106172819165,1.0,1
block,dataset_model_seed_scenario,explanation,electricity,rf,noise,1.0,lime,local_attribution,cosine_instability,nondecreasing_with_severity,5,0.9999999999999999,1.0,0,0.013358354502263525,1.0,1
block,dataset_model_seed_scenario,explanation,electricity,rf,noise,2.0,lime,local_attribution,cosine_instability,nondecreasing_with_severity,5,0.9999999999999999,1.0,0,0.009086955999500046,1.0,1
block,dataset_model_seed_scenario,explanation,electricity,rf,noise,3.0,lime,local_attribution,cosine_instability,nondecreasing_with_severity,5,0.9999999999999999,1.0,0,0.008104986943171966,1.0,1
block,dataset_model_seed_scenario,explanation,electricity,rf,noise,4.0,lime,local_attribution,cosine_instability,nondecreasing_with_severity,5,0.9999999999999999,1.0,0,0.011422734341070218,1.0,1
block,dataset_model_seed_scenario,explanation,adult,hgb,quantize,0.0,lime,local_attribution,cosine_instability,nondecreasing_with_severity,5,-0.8999999999999998,0.0,3,-0.05971011325945064,0.0,1
block,dataset_model_seed_scenario,explanation,adult,hgb,quantize,1.0,lime,local_attribution,cosine_instability,nondecreasing_with_severity,5,-0.9999999999999999,0.0,4,-0.03517789263079907,0.0,1
block,dataset_model_seed_scenario,explanation,adult,hgb,quantize,2.0,lime,local_attribution,cosine_instability,nondecreasing_with_severity,5,-0.9999999999999999,0.0,4,-0.04586765784510349,0.0,1
block,dataset_model_seed_scenario,explanation,adult,hgb,quantize,3.0,lime,local_attribution,cosine_instability,nondecreasing_with_severity,5,-0.8999999999999998,0.0,3,-0.060497041391520234,0.0,1
block,dataset_model_seed_scenario,explanation,adult,hgb,quantize,4.0,lime,local_attribution,cosine_instability,nondecreasing_with_severity,5,-0.9999999999999999,0.0,4,-0.04886041242554229,0.0,1
block,dataset_model_seed_scenario,explanation,adult,logreg,quantize,0.0,lime,local_attribution,cosine_instability,nondecreasing_with_severity,5,-0.9999999999999999,0.0,4,-0.005041119520005188,0.0,1
block,dataset_model_seed_scenario,explanation,adult,logreg,quantize,1.0,lime,local_attribution,cosine_instability,nondecreasing_with_severity,5,-0.9999999999999999,0.0,4,-0.006035692514079982,0.0,1
block,dataset_model_seed_scenario,explanation,adult,logreg,quantize,2.0,lime,local_attribution,cosine_instability,nondecreasing_with_severity,5,-0.9999999999999999,0.0,4,-0.005685305634267279,0.0,1
block,dataset_model_seed_scenario,explanation,adult,logreg,quantize,3.0,lime,local_attribution,cosine_instability,nondecreasing_with_severity,5,-0.9999999999999999,0.0,4,-0.004042011334872364,0.0,1
block,dataset_model_seed_scenario,explanation,adult,logreg,quantize,4.0,lime,local_attribution,cosine_instability,nondecreasing_with_severity,5,-0.9999999999999999,0.0,4,-0.00621066407316706,0.0,1
block,dataset_model_seed_scenario,explanation,adult,rf,quantize,0.0,lime,local_attribution,cosine_instability,nondecreasing_with_severity,5,-0.9999999999999999,0.0,4,-0.039326875424904206,0.0,1
block,dataset_model_seed_scenario,explanation,adult,rf,quantize,1.0,lime,local_attribution,cosine_instability,nondecreasing_with_severity,5,-0.9999999999999999,0.0,4,-0.02765653941823354,0.0,1
block,dataset_model_seed_scenario,explanation,adult,rf,quantize,2.0,lime,local_attribution,cosine_instability,nondecreasing_with_severity,5,-0.9999999999999999,0.0,4,-0.03705414976360344,0.0,1
block,dataset_model_seed_scenario,explanation,adult,rf,quantize,3.0,lime,local_attribution,cosine_instability,nondecreasing_with_severity,5,-0.8999999999999998,0.0,3,-0.027371411952708202,0.0,1
block,dataset_model_seed_scenario,explanation,adult,rf,quantize,4.0,lime,local_attribution,cosine_instability,nondecreasing_with_severity,5,-0.9999999999999999,0.0,4,-0.02668217047608956,0.0,1
block,dataset_model_seed_scenario,explanation,bank-marketing,hgb,quantize,0.0,lime,local_attribution,cosine_instability,nondecreasing_with_severity,5,-0.9999999999999999,0.0,4,-0.03852978968726439,0.0,1
block,dataset_model_seed_scenario,explanation,bank-marketing,hgb,quantize,1.0,lime,local_attribution,cosine_instability,nondecreasing_with_severity,5,-0.9999999999999999,0.0,4,-0.05185137616057478,0.0,1
block,dataset_model_seed_scenario,explanation,bank-marketing,hgb,quantize,2.0,lime,local_attribution,cosine_instability,nondecreasing_with_severity,5,-0.9999999999999999,0.0,4,-0.05894009372196429,0.0,1
block,dataset_model_seed_scenario,explanation,bank-marketing,hgb,quantize,3.0,lime,local_attribution,cosine_instability,nondecreasing_with_severity,5,-0.9999999999999999,0.0,4,-0.0601309107511363,0.0,1
block,dataset_model_seed_scenario,explanation,bank-marketing,hgb,quantize,4.0,lime,local_attribution,cosine_instability,nondecreasing_with_severity,5,-0.8999999999999998,0.0,3,-0.07296432049562374,0.0,1
block,dataset_model_seed_scenario,explanation,bank-marketing,logreg,quantize,0.0,lime,local_attribution,cosine_instability,nondecreasing_with_severity,5,-0.9999999999999999,0.0,4,-0.004562137616779038,0.0,1
block,dataset_model_seed_scenario,explanation,bank-marketing,logreg,quantize,1.0,lime,local_attribution,cosine_instability,nondecreasing_with_severity,5,-0.9999999999999999,0.0,4,-0.0029403215027228313,0.0,1
block,dataset_model_seed_scenario,explanation,bank-marketing,logreg,quantize,2.0,lime,local_attribution,cosine_instability,nondecreasing_with_severity,5,-0.9999999999999999,0.0,4,-0.002506056096753695,0.0,1
block,dataset_model_seed_scenario,explanation,bank-marketing,logreg,quantize,3.0,lime,local_attribution,cosine_instability,nondecreasing_with_severity,5,-0.9999999999999999,0.0,4,-0.0029733073247300013,0.0,1
block,dataset_model_seed_scenario,explanation,bank-marketing,logreg,quantize,4.0,lime,local_attribution,cosine_instability,nondecreasing_with_severity,5,-0.9999999999999999,0.0,4,-0.0023014941294764446,0.0,1
block,dataset_model_seed_scenario,explanation,bank-marketing,rf,quantize,0.0,lime,local_attribution,cosine_instability,nondecreasing_with_severity,5,-0.9999999999999999,0.0,4,-0.04178271834062275,0.0,1
block,dataset_model_seed_scenario,explanation,bank-marketing,rf,quantize,1.0,lime,local_attribution,cosine_instability,nondecreasing_with_severity,5,-0.9999999999999999,0.0,4,-0.03617249145985035,0.0,1
block,dataset_model_seed_scenario,explanation,bank-marketing,rf,quantize,2.0,lime,local_attribution,cosine_instability,nondecreasing_with_severity,5,-0.9999999999999999,0.0,4,-0.03284560432011008,0.0,1
block,dataset_model_seed_scenario,explanation,bank-marketing,rf,quantize,3.0,lime,local_attribution,cosine_instability,nondecreasing_with_severity,5,-0.9999999999999999,0.0,4,-0.03450207002317418,0.0,1
block,dataset_model_seed_scenario,explanation,bank-marketing,rf,quantize,4.0,lime,local_attribution,cosine_instability,nondecreasing_with_severity,5,-0.9999999999999999,0.0,4,-0.04582347405822618,0.0,1
block,dataset_model_seed_scenario,explanation,electricity,hgb,quantize,0.0,lime,local_attribution,cosine_instability,nondecreasing_with_severity,5,-0.9999999999999999,0.0,4,-0.022017739365005617,0.0,1
block,dataset_model_seed_scenario,explanation,electricity,hgb,quantize,1.0,lime,local_attribution,cosine_instability,nondecreasing_with_severity,5,-0.9999999999999999,0.0,4,-0.016548359051611228,0.0,1
block,dataset_model_seed_scenario,explanation,electricity,hgb,quantize,2.0,lime,local_attribution,cosine_instability,nondecreasing_with_severity,5,-0.9999999999999999,0.0,4,-0.011244470726515798,0.0,1
block,dataset_model_seed_scenario,explanation,electricity,hgb,quantize,3.0,lime,local_attribution,cosine_instability,nondecreasing_with_severity,5,-0.9999999999999999,0.0,4,-0.006332388705141745,0.0,1
block,dataset_model_seed_scenario,explanation,electricity,hgb,quantize,4.0,lime,local_attribution,cosine_instability,nondecreasing_with_severity,5,-0.9999999999999999,0.0,4,-0.00953924771027781,0.0,1
block,dataset_model_seed_scenario,explanation,electricity,logreg,quantize,0.0,lime,local_attribution,cosine_instability,nondecreasing_with_severity,5,-0.9999999999999999,0.0,4,-0.0011975895491436184,0.0,1
block,dataset_model_seed_scenario,explanation,electricity,logreg,quantize,1.0,lime,local_attribution,cosine_instability,nondecreasing_with_severity,5,-0.9999999999999999,0.0,4,-0.0008970296273556055,0.0,1
block,dataset_model_seed_scenario,explanation,electricity,logreg,quantize,2.0,lime,local_attribution,cosine_instability,nondecreasing_with_severity,5,-0.9999999999999999,0.0,4,-0.0011715042911394358,0.0,1
block,dataset_model_seed_scenario,explanation,electricity,logreg,quantize,3.0,lime,local_attribution,cosine_instability,nondecreasing_with_severity,5,-0.8999999999999998,0.0,3,-0.0005469033920133537,0.0,1
block,dataset_model_seed_scenario,explanation,electricity,logreg,quantize,4.0,lime,local_attribution,cosine_instability,nondecreasing_with_severity,5,-0.8999999999999998,0.0,3,-0.0011982224363419336,0.0,1
block,dataset_model_seed_scenario,explanation,electricity,rf,quantize,0.0,lime,local_attribution,cosine_instability,nondecreasing_with_severity,5,-0.9999999999999999,0.0,4,-0.03146067145343556,0.0,1
block,dataset_model_seed_scenario,explanation,electricity,rf,quantize,1.0,lime,local_attribution,cosine_instability,nondecreasing_with_severity,5,-0.9999999999999999,0.0,4,-0.021573492296583563,0.0,1
block,dataset_model_seed_scenario,explanation,electricity,rf,quantize,2.0,lime,local_attribution,cosine_instability,nondecreasing_with_severity,5,-0.9999999999999999,0.0,4,-0.015086781020435036,0.0,1
block,dataset_model_seed_scenario,explanation,electricity,rf,quantize,3.0,lime,local_attribution,cosine_instability,nondecreasing_with_severity,5,-0.9999999999999999,0.0,4,-0.018152691301287938,0.0,1
block,dataset_model_seed_scenario,explanation,electricity,rf,quantize,4.0,lime,local_attribution,cosine_instability,nondecreasing_with_severity,5,-0.9999999999999999,0.0,4,-0.013495345694504945,0.0,1
block,dataset_model_seed_scenario,explanation,adult,hgb,gradual,0.0,lime,local_attribution,top5_instability,nondecreasing_with_severity,5,0.7,0.0,1,-0.01333333333333342,0.0,1
block,dataset_model_seed_scenario,explanation,adult,hgb,gradual,1.0,lime,local_attribution,top5_instability,nondecreasing_with_severity,5,0.9999999999999999,1.0,0,0.01333333333333342,1.0,1
block,dataset_model_seed_scenario,explanation,adult,hgb,gradual,2.0,lime,local_attribution,top5_instability,nondecreasing_with_severity,5,0.9746794344808963,1.0,0,0.0,1.0,1
block,dataset_model_seed_scenario,explanation,adult,hgb,gradual,3.0,lime,local_attribution,top5_instability,nondecreasing_with_severity,5,0.9999999999999999,1.0,0,0.019999999999999796,1.0,1
block,dataset_model_seed_scenario,explanation,adult,hgb,gradual,4.0,lime,local_attribution,top5_instability,nondecreasing_with_severity,5,0.9999999999999999,1.0,0,0.02000000000000024,1.0,1
block,dataset_model_seed_scenario,explanation,adult,logreg,gradual,0.0,lime,local_attribution,top5_instability,nondecreasing_with_severity,5,0.9999999999999999,1.0,0,0.020000000000000018,1.0,1
block,dataset_model_seed_scenario,explanation,adult,logreg,gradual,1.0,lime,local_attribution,top5_instability,nondecreasing_with_severity,5,0.9999999999999999,1.0,0,0.013333333333333308,1.0,1
block,dataset_model_seed_scenario,explanation,adult,logreg,gradual,2.0,lime,local_attribution,top5_instability,nondecreasing_with_severity,5,0.9999999999999999,1.0,0,0.019999999999999907,1.0,1
block,dataset_model_seed_scenario,explanation,adult,logreg,gradual,3.0,lime,local_attribution,top5_instability,nondecreasing_with_severity,5,0.9999999999999999,1.0,0,0.046666666666666634,1.0,1
block,dataset_model_seed_scenario,explanation,adult,logreg,gradual,4.0,lime,local_attribution,top5_instability,nondecreasing_with_severity,5,0.9999999999999999,1.0,0,0.013333333333333197,1.0,1
block,dataset_model_seed_scenario,explanation,adult,rf,gradual,0.0,lime,local_attribution,top5_instability,nondecreasing_with_severity,5,0.9999999999999999,1.0,0,0.0066666666666664876,1.0,1
block,dataset_model_seed_scenario,explanation,adult,rf,gradual,1.0,lime,local_attribution,top5_instability,nondecreasing_with_severity,5,0.8999999999999998,0.0,1,-0.01333333333333342,0.0,1
block,dataset_model_seed_scenario,explanation,adult,rf,gradual,2.0,lime,local_attribution,top5_instability,nondecreasing_with_severity,5,0.8999999999999998,0.0,1,-0.006666666666666821,0.0,1
block,dataset_model_seed_scenario,explanation,adult,rf,gradual,3.0,lime,local_attribution,top5_instability,nondecreasing_with_severity,5,0.8999999999999998,0.0,1,-0.033333333333333326,0.0,1
block,dataset_model_seed_scenario,explanation,adult,rf,gradual,4.0,lime,local_attribution,top5_instability,nondecreasing_with_severity,5,0.8999999999999998,0.0,1,-0.013333333333333308,0.0,1
block,dataset_model_seed_scenario,explanation,bank-marketing,hgb,gradual,0.0,lime,local_attribution,top5_instability,nondecreasing_with_severity,5,0.8999999999999998,0.0,1,-0.00666666666666671,0.0,1
block,dataset_model_seed_scenario,explanation,bank-marketing,hgb,gradual,1.0,lime,local_attribution,top5_instability,nondecreasing_with_severity,5,0.8999999999999998,0.0,1,-0.020000000000000018,0.0,1
block,dataset_model_seed_scenario,explanation,bank-marketing,hgb,gradual,2.0,lime,local_attribution,top5_instability,nondecreasing_with_severity,5,0.8999999999999998,0.0,1,-0.006666666666666932,0.0,1
block,dataset_model_seed_scenario,explanation,bank-marketing,hgb,gradual,3.0,lime,local_attribution,top5_instability,nondecreasing_with_severity,5,0.9999999999999999,1.0,0,0.00666666666666671,1.0,1
block,dataset_model_seed_scenario,explanation,bank-marketing,hgb,gradual,4.0,lime,local_attribution,top5_instability,nondecreasing_with_severity,5,0.9999999999999999,1.0,0,0.026666666666666616,1.0,1
block,dataset_model_seed_scenario,explanation,bank-marketing,logreg,gradual,0.0,lime,local_attribution,top5_instability,nondecreasing_with_severity,5,0.6708203932499368,0.0,1,-0.026666666666666727,0.0,1
block,dataset_model_seed_scenario,explanation,bank-marketing,logreg,gradual,1.0,lime,local_attribution,top5_instability,nondecreasing_with_severity,5,0.7999999999999999,0.0,2,-0.033333333333333215,0.0,1
block,dataset_model_seed_scenario,explanation,bank-marketing,logreg,gradual,2.0,lime,local_attribution,top5_instability,nondecreasing_with_severity,5,0.8999999999999998,0.0,1,-0.019999999999999796,0.0,1
block,dataset_model_seed_scenario,explanation,bank-marketing,logreg,gradual,3.0,lime,local_attribution,top5_instability,nondecreasing_with_severity,5,0.9746794344808963,1.0,0,0.0,1.0,1
block,dataset_model_seed_scenario,explanation,bank-marketing,logreg,gradual,4.0,lime,local_attribution,top5_instability,nondecreasing_with_severity,5,0.9999999999999999,1.0,0,0.013333333333333197,1.0,1
block,dataset_model_seed_scenario,explanation,bank-marketing,rf,gradual,0.0,lime,local_attribution,top5_instability,nondecreasing_with_severity,5,0.9999999999999999,1.0,0,0.01333333333333342,1.0,1
block,dataset_model_seed_scenario,explanation,bank-marketing,rf,gradual,1.0,lime,local_attribution,top5_instability,nondecreasing_with_severity,5,0.9999999999999999,1.0,0,0.019999999999999907,1.0,1
block,dataset_model_seed_scenario,explanation,bank-marketing,rf,gradual,2.0,lime,local_attribution,top5_instability,nondecreasing_with_severity,5,0.9999999999999999,1.0,0,0.026666666666666616,1.0,1
block,dataset_model_seed_scenario,explanation,bank-marketing,rf,gradual,3.0,lime,local_attribution,top5_instability,nondecreasing_with_severity,5,0.9999999999999999,1.0,0,0.033333333333333215,1.0,1
block,dataset_model_seed_scenario,explanation,bank-marketing,rf,gradual,4.0,lime,local_attribution,top5_instability,nondecreasing_with_severity,5,0.8999999999999998,0.0,1,-0.053333333333333455,0.0,1
block,dataset_model_seed_scenario,explanation,electricity,hgb,gradual,0.0,lime,local_attribution,top5_instability,nondecreasing_with_severity,5,0.49999999999999994,0.0,1,-0.06000000000000005,0.0,1
block,dataset_model_seed_scenario,explanation,electricity,hgb,gradual,1.0,lime,local_attribution,top5_instability,nondecreasing_with_severity,5,0.8999999999999998,0.0,1,-0.006666666666666599,0.0,1
block,dataset_model_seed_scenario,explanation,electricity,hgb,gradual,2.0,lime,local_attribution,top5_instability,nondecreasing_with_severity,5,0.05129891760425771,0.0,2,-0.00666666666666671,0.0,1
block,dataset_model_seed_scenario,explanation,electricity,hgb,gradual,3.0,lime,local_attribution,top5_instability,nondecreasing_with_severity,5,0.7,0.0,1,-0.039999999999999925,0.0,1
block,dataset_model_seed_scenario,explanation,electricity,hgb,gradual,4.0,lime,local_attribution,top5_instability,nondecreasing_with_severity,5,0.9746794344808963,1.0,0,0.0,1.0,1
block,dataset_model_seed_scenario,explanation,electricity,logreg,gradual,0.0,lime,local_attribution,top5_instability,nondecreasing_with_severity,5,0.8999999999999998,0.0,1,-0.01333333333333342,0.0,1
block,dataset_model_seed_scenario,explanation,electricity,logreg,gradual,1.0,lime,local_attribution,top5_instability,nondecreasing_with_severity,5,0.9999999999999999,1.0,0,0.006666666666666599,1.0,1
block,dataset_model_seed_scenario,explanation,electricity,logreg,gradual,2.0,lime,local_attribution,top5_instability,nondecreasing_with_severity,5,0.8999999999999998,0.0,1,-0.006666666666666599,0.0,1
block,dataset_model_seed_scenario,explanation,electricity,logreg,gradual,3.0,lime,local_attribution,top5_instability,nondecreasing_with_severity,5,0.9486832980505137,1.0,0,0.0,1.0,1
block,dataset_model_seed_scenario,explanation,electricity,logreg,gradual,4.0,lime,local_attribution,top5_instability,nondecreasing_with_severity,5,0.7,0.0,1,-0.006666666666666599,0.0,1
block,dataset_model_seed_scenario,explanation,electricity,rf,gradual,0.0,lime,local_attribution,top5_instability,nondecreasing_with_severity,5,0.9999999999999999,1.0,0,0.00666666666666671,1.0,1
block,dataset_model_seed_scenario,explanation,electricity,rf,gradual,1.0,lime,local_attribution,top5_instability,nondecreasing_with_severity,5,0.7,0.0,1,-0.00666666666666671,0.0,1
block,dataset_model_seed_scenario,explanation,electricity,rf,gradual,2.0,lime,local_attribution,top5_instability,nondecreasing_with_severity,5,0.9999999999999999,1.0,0,1.1102230246251565e-16,1.0,1
block,dataset_model_seed_scenario,explanation,electricity,rf,gradual,3.0,lime,local_attribution,top5_instability,nondecreasing_with_severity,5,0.9999999999999999,1.0,0,0.006666666666666599,1.0,1
block,dataset_model_seed_scenario,explanation,electricity,rf,gradual,4.0,lime,local_attribution,top5_instability,nondecreasing_with_severity,5,0.9999999999999999,1.0,0,0.020000000000000018,1.0,1
block,dataset_model_seed_scenario,explanation,adult,hgb,mean_shift,0.0,lime,local_attribution,top5_instability,nondecreasing_with_severity,5,0.9999999999999999,1.0,0,0.026666666666666727,1.0,1
block,dataset_model_seed_scenario,explanation,adult,hgb,mean_shift,1.0,lime,local_attribution,top5_instability,nondecreasing_with_severity,5,0.9999999999999999,1.0,0,0.046666666666666745,1.0,1
block,dataset_model_seed_scenario,explanation,adult,hgb,mean_shift,2.0,lime,local_attribution,top5_instability,nondecreasing_with_severity,5,0.9999999999999999,1.0,0,0.020000000000000018,1.0,1
block,dataset_model_seed_scenario,explanation,adult,hgb,mean_shift,3.0,lime,local_attribution,top5_instability,nondecreasing_with_severity,5,0.7,0.0,1,-0.039999999999999925,0.0,1
block,dataset_model_seed_scenario,explanation,adult,hgb,mean_shift,4.0,lime,local_attribution,top5_instability,nondecreasing_with_severity,5,0.8999999999999998,0.0,1,-0.00666666666666671,0.0,1
block,dataset_model_seed_scenario,explanation,adult,logreg,mean_shift,0.0,lime,local_attribution,top5_instability,nondecreasing_with_severity,5,0.9999999999999999,1.0,0,0.006666666666666599,1.0,1
block,dataset_model_seed_scenario,explanation,adult,logreg,mean_shift,1.0,lime,local_attribution,top5_instability,nondecreasing_with_severity,5,0.8999999999999998,0.0,1,-0.006666666666666599,0.0,1
block,dataset_model_seed_scenario,explanation,adult,logreg,mean_shift,2.0,lime,local_attribution,top5_instability,nondecreasing_with_severity,5,0.8999999999999998,0.0,1,-0.013333333333333308,0.0,1
block,dataset_model_seed_scenario,explanation,adult,logreg,mean_shift,3.0,lime,local_attribution,top5_instability,nondecreasing_with_severity,5,0.9999999999999999,1.0,0,0.019999999999999907,1.0,1
block,dataset_model_seed_scenario,explanation,adult,logreg,mean_shift,4.0,lime,local_attribution,top5_instability,nondecreasing_with_severity,5,0.8999999999999998,0.0,1,-0.020000000000000018,0.0,1
block,dataset_model_seed_scenario,explanation,adult,rf,mean_shift,0.0,lime,local_attribution,top5_instability,nondecreasing_with_severity,5,0.9999999999999999,1.0,0,0.006666666666666932,1.0,1
block,dataset_model_seed_scenario,explanation,adult,rf,mean_shift,1.0,lime,local_attribution,top5_instability,nondecreasing_with_severity,5,0.8999999999999998,0.0,1,-0.00666666666666671,0.0,1
block,dataset_model_seed_scenario,explanation,adult,rf,mean_shift,2.0,lime,local_attribution,top5_instability,nondecreasing_with_severity,5,0.9999999999999999,1.0,0,0.013333333333333308,1.0,1
block,dataset_model_seed_scenario,explanation,adult,rf,mean_shift,3.0,lime,local_attribution,top5_instability,nondecreasing_with_severity,5,0.8999999999999998,0.0,1,-0.03333333333333344,0.0,1
block,dataset_model_seed_scenario,explanation,adult,rf,mean_shift,4.0,lime,local_attribution,top5_instability,nondecreasing_with_severity,5,0.9999999999999999,1.0,0,0.026666666666666616,1.0,1
block,dataset_model_seed_scenario,explanation,bank-marketing,hgb,mean_shift,0.0,lime,local_attribution,top5_instability,nondecreasing_with_severity,5,0.8999999999999998,0.0,1,-0.006666666666666599,0.0,1
block,dataset_model_seed_scenario,explanation,bank-marketing,hgb,mean_shift,1.0,lime,local_attribution,top5_instability,nondecreasing_with_severity,5,0.9999999999999999,1.0,0,0.046666666666666745,1.0,1
block,dataset_model_seed_scenario,explanation,bank-marketing,hgb,mean_shift,2.0,lime,local_attribution,top5_instability,nondecreasing_with_severity,5,0.9999999999999999,1.0,0,0.033333333333333326,1.0,1
block,dataset_model_seed_scenario,explanation,bank-marketing,hgb,mean_shift,3.0,lime,local_attribution,top5_instability,nondecreasing_with_severity,5,0.9999999999999999,1.0,0,0.033333333333333326,1.0,1
block,dataset_model_seed_scenario,explanation,bank-marketing,hgb,mean_shift,4.0,lime,local_attribution,top5_instability,nondecreasing_with_severity,5,0.9999999999999999,1.0,0,0.03333333333333344,1.0,1
block,dataset_model_seed_scenario,explanation,bank-marketing,logreg,mean_shift,0.0,lime,local_attribution,top5_instability,nondecreasing_with_severity,5,0.8999999999999998,0.0,1,-0.013333333333333641,0.0,1
block,dataset_model_seed_scenario,explanation,bank-marketing,logreg,mean_shift,1.0,lime,local_attribution,top5_instability,nondecreasing_with_severity,5,0.9746794344808963,1.0,0,0.0,1.0,1
block,dataset_model_seed_scenario,explanation,bank-marketing,logreg,mean_shift,2.0,lime,local_attribution,top5_instability,nondecreasing_with_severity,5,0.8999999999999998,0.0,1,-0.006666666666666599,0.0,1
block,dataset_model_seed_scenario,explanation,bank-marketing,logreg,mean_shift,3.0,lime,local_attribution,top5_instability,nondecreasing_with_severity,5,0.9999999999999999,1.0,0,0.013333333333333308,1.0,1
block,dataset_model_seed_scenario,explanation,bank-marketing,logreg,mean_shift,4.0,lime,local_attribution,top5_instability,nondecreasing_with_severity,5,0.9999999999999999,1.0,0,0.006666666666666599,1.0,1
block,dataset_model_seed_scenario,explanation,bank-marketing,rf,mean_shift,0.0,lime,local_attribution,top5_instability,nondecreasing_with_severity,5,0.9999999999999999,1.0,0,0.04000000000000015,1.0,1
block,dataset_model_seed_scenario,explanation,bank-marketing,rf,mean_shift,1.0,lime,local_attribution,top5_instability,nondecreasing_with_severity,5,0.9999999999999999,1.0,0,0.026666666666666727,1.0,1
block,dataset_model_seed_scenario,explanation,bank-marketing,rf,mean_shift,2.0,lime,local_attribution,top5_instability,nondecreasing_with_severity,5,0.9999999999999999,1.0,0,0.026666666666666727,1.0,1
block,dataset_model_seed_scenario,explanation,bank-marketing,rf,mean_shift,3.0,lime,local_attribution,top5_instability,nondecreasing_with_severity,5,0.9999999999999999,1.0,0,0.06000000000000005,1.0,1
block,dataset_model_seed_scenario,explanation,bank-marketing,rf,mean_shift,4.0,lime,local_attribution,top5_instability,nondecreasing_with_severity,5,0.9999999999999999,1.0,0,0.04666666666666652,1.0,1
block,dataset_model_seed_scenario,explanation,electricity,hgb,mean_shift,0.0,lime,local_attribution,top5_instability,nondecreasing_with_severity,5,0.8999999999999998,0.0,1,-0.026666666666666505,0.0,1
block,dataset_model_seed_scenario,explanation,electricity,hgb,mean_shift,1.0,lime,local_attribution,top5_instability,nondecreasing_with_severity,5,0.6,0.0,2,-0.026666666666666616,0.0,1
block,dataset_model_seed_scenario,explanation,electricity,hgb,mean_shift,2.0,lime,local_attribution,top5_instability,nondecreasing_with_severity,5,0.8999999999999998,0.0,1,-0.00666666666666671,0.0,1
block,dataset_model_seed_scenario,explanation,electricity,hgb,mean_shift,3.0,lime,local_attribution,top5_instability,nondecreasing_with_severity,5,0.8999999999999998,0.0,1,-0.01333333333333342,0.0,1
block,dataset_model_seed_scenario,explanation,electricity,hgb,mean_shift,4.0,lime,local_attribution,top5_instability,nondecreasing_with_severity,5,0.8999999999999998,1.0,0,-1.1102230246251565e-16,1.0,1
block,dataset_model_seed_scenario,explanation,electricity,logreg,mean_shift,0.0,lime,local_attribution,top5_instability,nondecreasing_with_severity,5,0.9999999999999999,1.0,0,0.006666666666666821,1.0,1
block,dataset_model_seed_scenario,explanation,electricity,logreg,mean_shift,1.0,lime,local_attribution,top5_instability,nondecreasing_with_severity,5,0.9999999999999999,1.0,0,0.006666666666666599,1.0,1
block,dataset_model_seed_scenario,explanation,electricity,logreg,mean_shift,2.0,lime,local_attribution,top5_instability,nondecreasing_with_severity,5,0.9999999999999999,1.0,0,0.013333333333333308,1.0,1
block,dataset_model_seed_scenario,explanation,electricity,logreg,mean_shift,3.0,lime,local_attribution,top5_instability,nondecreasing_with_severity,5,0.8207826816681234,0.0,1,-0.039999999999999925,0.0,1
block,dataset_model_seed_scenario,explanation,electricity,logreg,mean_shift,4.0,lime,local_attribution,top5_instability,nondecreasing_with_severity,5,0.8999999999999998,0.0,1,-0.020000000000000018,0.0,1
block,dataset_model_seed_scenario,explanation,electricity,rf,mean_shift,0.0,lime,local_attribution,top5_instability,nondecreasing_with_severity,5,0.8999999999999998,0.0,1,-0.006666666666666821,0.0,1
block,dataset_model_seed_scenario,explanation,electricity,rf,mean_shift,1.0,lime,local_attribution,top5_instability,nondecreasing_with_severity,5,0.8207826816681234,0.0,1,-0.01333333333333342,0.0,1
block,dataset_model_seed_scenario,explanation,electricity,rf,mean_shift,2.0,lime,local_attribution,top5_instability,nondecreasing_with_severity,5,0.8999999999999998,0.0,1,-0.019999999999999907,0.0,1
block,dataset_model_seed_scenario,explanation,electricity,rf,mean_shift,3.0,lime,local_attribution,top5_instability,nondecreasing_with_severity,5,0.6,0.0,1,-0.033333333333333215,0.0,1
block,dataset_model_seed_scenario,explanation,electricity,rf,mean_shift,4.0,lime,local_attribution,top5_instability,nondecreasing_with_severity,5,0.9999999999999999,1.0,0,0.03333333333333344,1.0,1
block,dataset_model_seed_scenario,explanation,adult,hgb,missing,0.0,lime,local_attribution,top5_instability,nondecreasing_with_severity,5,0.6668859288553503,0.0,1,-0.039999999999999925,0.0,1
block,dataset_model_seed_scenario,explanation,adult,hgb,missing,1.0,lime,local_attribution,top5_instability,nondecreasing_with_severity,5,0.9999999999999999,1.0,0,1.1102230246251565e-16,1.0,1
block,dataset_model_seed_scenario,explanation,adult,hgb,missing,2.0,lime,local_attribution,top5_instability,nondecreasing_with_severity,5,0.8944271909999159,1.0,0,0.0,1.0,1
block,dataset_model_seed_scenario,explanation,adult,hgb,missing,3.0,lime,local_attribution,top5_instability,nondecreasing_with_severity,5,0.8999999999999998,0.0,1,-0.013333333333333308,0.0,1
block,dataset_model_seed_scenario,explanation,adult,hgb,missing,4.0,lime,local_attribution,top5_instability,nondecreasing_with_severity,5,0.9999999999999999,1.0,0,0.006666666666666821,1.0,1
block,dataset_model_seed_scenario,explanation,adult,logreg,missing,0.0,lime,local_attribution,top5_instability,nondecreasing_with_severity,5,0.8720815992723809,0.0,1,-0.013333333333333197,0.0,1
block,dataset_model_seed_scenario,explanation,adult,logreg,missing,1.0,lime,local_attribution,top5_instability,nondecreasing_with_severity,5,0.8720815992723809,0.0,1,-0.013333333333333197,0.0,1
block,dataset_model_seed_scenario,explanation,adult,logreg,missing,2.0,lime,local_attribution,top5_instability,nondecreasing_with_severity,5,0.9486832980505137,1.0,0,0.0,1.0,1
block,dataset_model_seed_scenario,explanation,adult,logreg,missing,3.0,lime,local_attribution,top5_instability,nondecreasing_with_severity,5,0.7,0.0,1,-0.026666666666666727,0.0,1
block,dataset_model_seed_scenario,explanation,adult,logreg,missing,4.0,lime,local_attribution,top5_instability,nondecreasing_with_severity,5,0.7,0.0,1,-0.013333333333333197,0.0,1
block,dataset_model_seed_scenario,explanation,adult,rf,missing,0.0,lime,local_attribution,top5_instability,nondecreasing_with_severity,5,0.7,0.0,1,-0.026666666666666505,0.0,1
block,dataset_model_seed_scenario,explanation,adult,rf,missing,1.0,lime,local_attribution,top5_instability,nondecreasing_with_severity,5,0.9999999999999999,1.0,0,0.013333333333333197,1.0,1
block,dataset_model_seed_scenario,explanation,adult,rf,missing,2.0,lime,local_attribution,top5_instability,nondecreasing_with_severity,5,0.9999999999999999,1.0,0,0.00666666666666671,1.0,1
block,dataset_model_seed_scenario,explanation,adult,rf,missing,3.0,lime,local_attribution,top5_instability,nondecreasing_with_severity,5,0.8999999999999998,0.0,1,-0.026666666666666616,0.0,1
block,dataset_model_seed_scenario,explanation,adult,rf,missing,4.0,lime,local_attribution,top5_instability,nondecreasing_with_severity,5,0.6668859288553503,0.0,1,-0.013333333333333197,0.0,1
block,dataset_model_seed_scenario,explanation,bank-marketing,hgb,missing,0.0,lime,local_attribution,top5_instability,nondecreasing_with_severity,5,0.9999999999999999,1.0,0,0.019999999999999907,1.0,1
block,dataset_model_seed_scenario,explanation,bank-marketing,hgb,missing,1.0,lime,local_attribution,top5_instability,nondecreasing_with_severity,5,0.8999999999999998,0.0,1,-0.01333333333333342,0.0,1
block,dataset_model_seed_scenario,explanation,bank-marketing,hgb,missing,2.0,lime,local_attribution,top5_instability,nondecreasing_with_severity,5,0.9999999999999999,1.0,0,0.006666666666666599,1.0,1
block,dataset_model_seed_scenario,explanation,bank-marketing,hgb,missing,3.0,lime,local_attribution,top5_instability,nondecreasing_with_severity,5,0.7,0.0,1,-0.04666666666666641,0.0,1
block,dataset_model_seed_scenario,explanation,bank-marketing,hgb,missing,4.0,lime,local_attribution,top5_instability,nondecreasing_with_severity,5,0.8999999999999998,0.0,1,-0.020000000000000018,0.0,1
block,dataset_model_seed_scenario,explanation,bank-marketing,logreg,missing,0.0,lime,local_attribution,top5_instability,nondecreasing_with_severity,5,0.8207826816681234,0.0,1,-0.006666666666666821,0.0,1
block,dataset_model_seed_scenario,explanation,bank-marketing,logreg,missing,1.0,lime,local_attribution,top5_instability,nondecreasing_with_severity,5,0.4472135954999579,0.0,2,-0.01333333333333342,0.0,1
block,dataset_model_seed_scenario,explanation,bank-marketing,logreg,missing,2.0,lime,local_attribution,top5_instability,nondecreasing_with_severity,5,0.4472135954999579,0.0,1,-0.01333333333333342,0.0,1
block,dataset_model_seed_scenario,explanation,bank-marketing,logreg,missing,3.0,lime,local_attribution,top5_instability,nondecreasing_with_severity,5,0.8207826816681234,0.0,1,-0.006666666666666599,0.0,1
block,dataset_model_seed_scenario,explanation,bank-marketing,logreg,missing,4.0,lime,local_attribution,top5_instability,nondecreasing_with_severity,5,0.6668859288553503,0.0,1,-0.006666666666666599,0.0,1
block,dataset_model_seed_scenario,explanation,bank-marketing,rf,missing,0.0,lime,local_attribution,top5_instability,nondecreasing_with_severity,5,0.9746794344808963,1.0,0,0.0,1.0,1
block,dataset_model_seed_scenario,explanation,bank-marketing,rf,missing,1.0,lime,local_attribution,top5_instability,nondecreasing_with_severity,5,0.7999999999999999,0.0,2,-0.006666666666666821,0.0,1
block,dataset_model_seed_scenario,explanation,bank-marketing,rf,missing,2.0,lime,local_attribution,top5_instability,nondecreasing_with_severity,5,0.8999999999999998,0.0,1,-0.013333333333333197,0.0,1
block,dataset_model_seed_scenario,explanation,bank-marketing,rf,missing,3.0,lime,local_attribution,top5_instability,nondecreasing_with_severity,5,0.8999999999999998,0.0,1,-0.0066666666666663765,0.0,1
block,dataset_model_seed_scenario,explanation,bank-marketing,rf,missing,4.0,lime,local_attribution,top5_instability,nondecreasing_with_severity,5,0.8207826816681234,0.0,1,-0.02666666666666684,0.0,1
block,dataset_model_seed_scenario,explanation,electricity,hgb,missing,0.0,lime,local_attribution,top5_instability,nondecreasing_with_severity,5,0.8999999999999998,0.0,1,-0.013333333333333308,0.0,1
block,dataset_model_seed_scenario,explanation,electricity,hgb,missing,1.0,lime,local_attribution,top5_instability,nondecreasing_with_severity,5,0.9999999999999999,1.0,0,0.006666666666666599,1.0,1
block,dataset_model_seed_scenario,explanation,electricity,hgb,missing,2.0,lime,local_attribution,top5_instability,nondecreasing_with_severity,5,0.8207826816681234,0.0,1,-0.026666666666666727,0.0,1
block,dataset_model_seed_scenario,explanation,electricity,hgb,missing,3.0,lime,local_attribution,top5_instability,nondecreasing_with_severity,5,0.9999999999999999,1.0,0,1.1102230246251565e-16,1.0,1
block,dataset_model_seed_scenario,explanation,electricity,hgb,missing,4.0,lime,local_attribution,top5_instability,nondecreasing_with_severity,5,0.8999999999999998,1.0,0,-1.1102230246251565e-16,1.0,1
block,dataset_model_seed_scenario,explanation,electricity,logreg,missing,0.0,lime,local_attribution,top5_instability,nondecreasing_with_severity,5,0.5773502691896257,0.0,1,-0.013333333333333197,0.0,1
block,dataset_model_seed_scenario,explanation,electricity,logreg,missing,1.0,lime,local_attribution,top5_instability,nondecreasing_with_severity,5,0.5270462766947298,0.0,1,-0.006666666666666821,0.0,1
block,dataset_model_seed_scenario,explanation,electricity,logreg,missing,2.0,lime,local_attribution,top5_instability,nondecreasing_with_severity,5,0.20519567041703085,0.0,1,-0.0066666666666663765,0.0,1
block,dataset_model_seed_scenario,explanation,electricity,logreg,missing,3.0,lime,local_attribution,top5_instability,nondecreasing_with_severity,5,0.05270462766947299,0.0,2,-0.006666666666666599,0.0,1
block,dataset_model_seed_scenario,explanation,electricity,logreg,missing,4.0,lime,local_attribution,top5_instability,nondecreasing_with_severity,5,0.5642880936468347,0.0,1,-0.02000000000000024,0.0,1
block,dataset_model_seed_scenario,explanation,electricity,rf,missing,0.0,lime,local_attribution,top5_instability,nondecreasing_with_severity,5,0.9999999999999999,1.0,0,0.006666666666666599,1.0,1
block,dataset_model_seed_scenario,explanation,electricity,rf,missing,1.0,lime,local_attribution,top5_instability,nondecreasing_with_severity,5,0.8999999999999998,0.0,1,-0.006666666666666599,0.0,1
block,dataset_model_seed_scenario,explanation,electricity,rf,missing,2.0,lime,local_attribution,top5_instability,nondecreasing_with_severity,5,0.8999999999999998,0.0,1,-0.013333333333333308,0.0,1
block,dataset_model_seed_scenario,explanation,electricity,rf,missing,3.0,lime,local_attribution,top5_instability,nondecreasing_with_severity,5,0.9999999999999999,1.0,0,0.013333333333333308,1.0,1
block,dataset_model_seed_scenario,explanation,electricity,rf,missing,4.0,lime,local_attribution,top5_instability,nondecreasing_with_severity,5,0.9999999999999999,1.0,0,0.006666666666666599,1.0,1
block,dataset_model_seed_scenario,explanation,adult,hgb,noise,0.0,lime,local_attribution,top5_instability,nondecreasing_with_severity,5,0.9999999999999999,1.0,0,0.026666666666666616,1.0,1
block,dataset_model_seed_scenario,explanation,adult,hgb,noise,1.0,lime,local_attribution,top5_instability,nondecreasing_with_severity,5,0.7999999999999999,0.0,2,-0.04666666666666652,0.0,1
block,dataset_model_seed_scenario,explanation,adult,hgb,noise,2.0,lime,local_attribution,top5_instability,nondecreasing_with_severity,5,0.9999999999999999,1.0,0,0.006666666666666599,1.0,1
block,dataset_model_seed_scenario,explanation,adult,hgb,noise,3.0,lime,local_attribution,top5_instability,nondecreasing_with_severity,5,0.6668859288553503,0.0,2,-0.03333333333333344,0.0,1
block,dataset_model_seed_scenario,explanation,adult,hgb,noise,4.0,lime,local_attribution,top5_instability,nondecreasing_with_severity,5,0.8999999999999998,0.0,1,-0.046666666666666745,0.0,1
block,dataset_model_seed_scenario,explanation,adult,logreg,noise,0.0,lime,local_attribution,top5_instability,nondecreasing_with_severity,5,0.9746794344808963,1.0,0,0.0,1.0,1
block,dataset_model_seed_scenario,explanation,adult,logreg,noise,1.0,lime,local_attribution,top5_instability,nondecreasing_with_severity,5,0.9999999999999999,1.0,0,0.006666666666666821,1.0,1
block,dataset_model_seed_scenario,explanation,adult,logreg,noise,2.0,lime,local_attribution,top5_instability,nondecreasing_with_severity,5,0.8999999999999998,0.0,1,-0.006666666666666599,0.0,1
block,dataset_model_seed_scenario,explanation,adult,logreg,noise,3.0,lime,local_attribution,top5_instability,nondecreasing_with_severity,5,0.9746794344808963,1.0,0,0.0,1.0,1
block,dataset_model_seed_scenario,explanation,adult,logreg,noise,4.0,lime,local_attribution,top5_instability,nondecreasing_with_severity,5,0.8999999999999998,0.0,1,-0.019999999999999796,0.0,1
block,dataset_model_seed_scenario,explanation,adult,rf,noise,0.0,lime,local_attribution,top5_instability,nondecreasing_with_severity,5,0.9999999999999999,1.0,0,0.01333333333333342,1.0,1
block,dataset_model_seed_scenario,explanation,adult,rf,noise,1.0,lime,local_attribution,top5_instability,nondecreasing_with_severity,5,0.8999999999999998,0.0,1,-0.019999999999999907,0.0,1
block,dataset_model_seed_scenario,explanation,adult,rf,noise,2.0,lime,local_attribution,top5_instability,nondecreasing_with_severity,5,0.9999999999999999,1.0,0,0.02000000000000013,1.0,1
block,dataset_model_seed_scenario,explanation,adult,rf,noise,3.0,lime,local_attribution,top5_instability,nondecreasing_with_severity,5,0.9999999999999999,1.0,0,0.026666666666666616,1.0,1
block,dataset_model_seed_scenario,explanation,adult,rf,noise,4.0,lime,local_attribution,top5_instability,nondecreasing_with_severity,5,0.9999999999999999,1.0,0,0.013333333333333197,1.0,1
block,dataset_model_seed_scenario,explanation,bank-marketing,hgb,noise,0.0,lime,local_attribution,top5_instability,nondecreasing_with_severity,5,0.9999999999999999,1.0,0,0.033333333333333326,1.0,1
block,dataset_model_seed_scenario,explanation,bank-marketing,hgb,noise,1.0,lime,local_attribution,top5_instability,nondecreasing_with_severity,5,0.8999999999999998,0.0,1,-0.05333333333333323,0.0,1
block,dataset_model_seed_scenario,explanation,bank-marketing,hgb,noise,2.0,lime,local_attribution,top5_instability,nondecreasing_with_severity,5,0.9999999999999999,1.0,0,0.026666666666666616,1.0,1
block,dataset_model_seed_scenario,explanation,bank-marketing,hgb,noise,3.0,lime,local_attribution,top5_instability,nondecreasing_with_severity,5,0.9999999999999999,1.0,0,0.046666666666666634,1.0,1
block,dataset_model_seed_scenario,explanation,bank-marketing,hgb,noise,4.0,lime,local_attribution,top5_instability,nondecreasing_with_severity,5,0.7999999999999999,0.0,2,-0.06000000000000005,0.0,1
block,dataset_model_seed_scenario,explanation,bank-marketing,logreg,noise,0.0,lime,local_attribution,top5_instability,nondecreasing_with_severity,5,0.8720815992723809,0.0,1,-0.006666666666666821,0.0,1
block,dataset_model_seed_scenario,explanation,bank-marketing,logreg,noise,1.0,lime,local_attribution,top5_instability,nondecreasing_with_severity,5,0.9746794344808963,1.0,0,0.0,1.0,1
block,dataset_model_seed_scenario,explanation,bank-marketing,logreg,noise,2.0,lime,local_attribution,top5_instability,nondecreasing_with_severity,5,0.9746794344808963,1.0,0,0.0,1.0,1
block,dataset_model_seed_scenario,explanation,bank-marketing,logreg,noise,3.0,lime,local_attribution,top5_instability,nondecreasing_with_severity,5,0.9999999999999999,1.0,0,0.006666666666666599,1.0,1
block,dataset_model_seed_scenario,explanation,bank-marketing,logreg,noise,4.0,lime,local_attribution,top5_instability,nondecreasing_with_severity,5,0.9999999999999999,1.0,0,0.00666666666666671,1.0,1
block,dataset_model_seed_scenario,explanation,bank-marketing,rf,noise,0.0,lime,local_attribution,top5_instability,nondecreasing_with_severity,5,0.9999999999999999,1.0,0,0.026666666666666616,1.0,1
block,dataset_model_seed_scenario,explanation,bank-marketing,rf,noise,1.0,lime,local_attribution,top5_instability,nondecreasing_with_severity,5,0.8999999999999998,0.0,1,-0.04000000000000015,0.0,1
block,dataset_model_seed_scenario,explanation,bank-marketing,rf,noise,2.0,lime,local_attribution,top5_instability,nondecreasing_with_severity,5,0.9999999999999999,1.0,0,0.006666666666666821,1.0,1
block,dataset_model_seed_scenario,explanation,bank-marketing,rf,noise,3.0,lime,local_attribution,top5_instability,nondecreasing_with_severity,5,0.9999999999999999,1.0,0,0.006666666666666821,1.0,1
block,dataset_model_seed_scenario,explanation,bank-marketing,rf,noise,4.0,lime,local_attribution,top5_instability,nondecreasing_with_severity,5,0.8999999999999998,0.0,1,-0.02666666666666684,0.0,1
block,dataset_model_seed_scenario,explanation,electricity,hgb,noise,0.0,lime,local_attribution,top5_instability,nondecreasing_with_severity,5,0.8999999999999998,0.0,1,-0.00666666666666671,0.0,1
block,dataset_model_seed_scenario,explanation,electricity,hgb,noise,1.0,lime,local_attribution,top5_instability,nondecreasing_with_severity,5,0.7,0.0,1,-0.08666666666666678,0.0,1
block,dataset_model_seed_scenario,explanation,electricity,hgb,noise,2.0,lime,local_attribution,top5_instability,nondecreasing_with_severity,5,0.8999999999999998,0.0,1,-0.00666666666666671,0.0,1
block,dataset_model_seed_scenario,explanation,electricity,hgb,noise,3.0,lime,local_attribution,top5_instability,nondecreasing_with_severity,5,0.8999999999999998,0.0,1,-0.039999999999999925,0.0,1
block,dataset_model_seed_scenario,explanation,electricity,hgb,noise,4.0,lime,local_attribution,top5_instability,nondecreasing_with_severity,5,0.6668859288553503,0.0,1,-0.033333333333333326,0.0,1
block,dataset_model_seed_scenario,explanation,electricity,logreg,noise,0.0,lime,local_attribution,top5_instability,nondecreasing_with_severity,5,0.8207826816681234,0.0,1,-0.01333333333333342,0.0,1
block,dataset_model_seed_scenario,explanation,electricity,logreg,noise,1.0,lime,local_attribution,top5_instability,nondecreasing_with_severity,5,0.8999999999999998,0.0,1,-0.01333333333333342,0.0,1
block,dataset_model_seed_scenario,explanation,electricity,logreg,noise,2.0,lime,local_attribution,top5_instability,nondecreasing_with_severity,5,0.8999999999999998,0.0,1,-0.046666666666666745,0.0,1
block,dataset_model_seed_scenario,explanation,electricity,logreg,noise,3.0,lime,local_attribution,top5_instability,nondecreasing_with_severity,5,0.6324555320336759,0.0,1,-0.026666666666666616,0.0,1
block,dataset_model_seed_scenario,explanation,electricity,logreg,noise,4.0,lime,local_attribution,top5_instability,nondecreasing_with_severity,5,0.9746794344808963,1.0,0,0.0,1.0,1
block,dataset_model_seed_scenario,explanation,electricity,rf,noise,0.0,lime,local_attribution,top5_instability,nondecreasing_with_severity,5,0.9999999999999999,1.0,0,0.006666666666666932,1.0,1
block,dataset_model_seed_scenario,explanation,electricity,rf,noise,1.0,lime,local_attribution,top5_instability,nondecreasing_with_severity,5,0.9746794344808963,1.0,0,0.0,1.0,1
block,dataset_model_seed_scenario,explanation,electricity,rf,noise,2.0,lime,local_attribution,top5_instability,nondecreasing_with_severity,5,0.9999999999999999,1.0,0,0.0066666666666663765,1.0,1
block,dataset_model_seed_scenario,explanation,electricity,rf,noise,3.0,lime,local_attribution,top5_instability,nondecreasing_with_severity,5,0.9999999999999999,1.0,0,0.033333333333333215,1.0,1
block,dataset_model_seed_scenario,explanation,electricity,rf,noise,4.0,lime,local_attribution,top5_instability,nondecreasing_with_severity,5,0.8999999999999998,0.0,1,-0.03333333333333355,0.0,1
block,dataset_model_seed_scenario,explanation,adult,hgb,quantize,0.0,lime,local_attribution,top5_instability,nondecreasing_with_severity,5,-0.8720815992723809,0.0,2,-0.11999999999999988,0.0,1
block,dataset_model_seed_scenario,explanation,adult,hgb,quantize,1.0,lime,local_attribution,top5_instability,nondecreasing_with_severity,5,-0.9999999999999999,0.0,4,-0.08000000000000018,0.0,1
block,dataset_model_seed_scenario,explanation,adult,hgb,quantize,2.0,lime,local_attribution,top5_instability,nondecreasing_with_severity,5,-0.9999999999999999,0.0,4,-0.06666666666666665,0.0,1
block,dataset_model_seed_scenario,explanation,adult,hgb,quantize,3.0,lime,local_attribution,top5_instability,nondecreasing_with_severity,5,-0.9746794344808963,0.0,3,-0.10666666666666669,0.0,1
block,dataset_model_seed_scenario,explanation,adult,hgb,quantize,4.0,lime,local_attribution,top5_instability,nondecreasing_with_severity,5,-0.9999999999999999,0.0,4,-0.10666666666666647,0.0,1
block,dataset_model_seed_scenario,explanation,adult,logreg,quantize,0.0,lime,local_attribution,top5_instability,nondecreasing_with_severity,5,-0.9999999999999999,0.0,4,-0.033333333333333215,0.0,1
block,dataset_model_seed_scenario,explanation,adult,logreg,quantize,1.0,lime,local_attribution,top5_instability,nondecreasing_with_severity,5,-0.9746794344808963,0.0,3,-0.039999999999999925,0.0,1
block,dataset_model_seed_scenario,explanation,adult,logreg,quantize,2.0,lime,local_attribution,top5_instability,nondecreasing_with_severity,5,-0.8207826816681234,0.0,3,-0.040000000000000036,0.0,1
block,dataset_model_seed_scenario,explanation,adult,logreg,quantize,3.0,lime,local_attribution,top5_instability,nondecreasing_with_severity,5,-0.9999999999999999,0.0,4,-0.039999999999999925,0.0,1
block,dataset_model_seed_scenario,explanation,adult,logreg,quantize,4.0,lime,local_attribution,top5_instability,nondecreasing_with_severity,5,-0.9999999999999999,0.0,4,-0.05999999999999994,0.0,1
block,dataset_model_seed_scenario,explanation,adult,rf,quantize,0.0,lime,local_attribution,top5_instability,nondecreasing_with_severity,5,-0.8999999999999998,0.0,3,-0.08666666666666667,0.0,1
block,dataset_model_seed_scenario,explanation,adult,rf,quantize,1.0,lime,local_attribution,top5_instability,nondecreasing_with_severity,5,-0.8999999999999998,0.0,3,-0.1266666666666666,0.0,1
block,dataset_model_seed_scenario,explanation,adult,rf,quantize,2.0,lime,local_attribution,top5_instability,nondecreasing_with_severity,5,-0.8999999999999998,0.0,3,-0.09333333333333316,0.0,1
block,dataset_model_seed_scenario,explanation,adult,rf,quantize,3.0,lime,local_attribution,top5_instability,nondecreasing_with_severity,5,-0.8999999999999998,0.0,3,-0.09333333333333338,0.0,1
block,dataset_model_seed_scenario,explanation,adult,rf,quantize,4.0,lime,local_attribution,top5_instability,nondecreasing_with_severity,5,-0.9999999999999999,0.0,4,-0.08666666666666667,0.0,1
block,dataset_model_seed_scenario,explanation,bank-marketing,hgb,quantize,0.0,lime,local_attribution,top5_instability,nondecreasing_with_severity,5,-0.8999999999999998,0.0,3,-0.07333333333333347,0.0,1
block,dataset_model_seed_scenario,explanation,bank-marketing,hgb,quantize,1.0,lime,local_attribution,top5_instability,nondecreasing_with_severity,5,-0.8999999999999998,0.0,3,-0.09333333333333316,0.0,1
block,dataset_model_seed_scenario,explanation,bank-marketing,hgb,quantize,2.0,lime,local_attribution,top5_instability,nondecreasing_with_severity,5,-0.8999999999999998,0.0,3,-0.086666666666667,0.0,1
block,dataset_model_seed_scenario,explanation,bank-marketing,hgb,quantize,3.0,lime,local_attribution,top5_instability,nondecreasing_with_severity,5,-0.8999999999999998,0.0,3,-0.12666666666666648,0.0,1
block,dataset_model_seed_scenario,explanation,bank-marketing,hgb,quantize,4.0,lime,local_attribution,top5_instability,nondecreasing_with_severity,5,-0.8999999999999998,0.0,3,-0.11999999999999988,0.0,1
block,dataset_model_seed_scenario,explanation,bank-marketing,logreg,quantize,0.0,lime,local_attribution,top5_instability,nondecreasing_with_severity,5,-0.9746794344808963,0.0,3,-0.02666666666666684,0.0,1
block,dataset_model_seed_scenario,explanation,bank-marketing,logreg,quantize,1.0,lime,local_attribution,top5_instability,nondecreasing_with_severity,5,-0.7071067811865475,0.0,1,-0.05333333333333323,0.0,1
block,dataset_model_seed_scenario,explanation,bank-marketing,logreg,quantize,2.0,lime,local_attribution,top5_instability,nondecreasing_with_severity,5,-0.6668859288553503,0.0,2,-0.046666666666666634,0.0,1
block,dataset_model_seed_scenario,explanation,bank-marketing,logreg,quantize,3.0,lime,local_attribution,top5_instability,nondecreasing_with_severity,5,-0.9746794344808963,0.0,3,-0.02666666666666684,0.0,1
block,dataset_model_seed_scenario,explanation,bank-marketing,logreg,quantize,4.0,lime,local_attribution,top5_instability,nondecreasing_with_severity,5,-0.9486832980505137,0.0,2,-0.013333333333333641,0.0,1
block,dataset_model_seed_scenario,explanation,bank-marketing,rf,quantize,0.0,lime,local_attribution,top5_instability,nondecreasing_with_severity,5,-0.8999999999999998,0.0,3,-0.07333333333333314,0.0,1
block,dataset_model_seed_scenario,explanation,bank-marketing,rf,quantize,1.0,lime,local_attribution,top5_instability,nondecreasing_with_severity,5,-0.8207826816681234,0.0,3,-0.053333333333333344,0.0,1
block,dataset_model_seed_scenario,explanation,bank-marketing,rf,quantize,2.0,lime,local_attribution,top5_instability,nondecreasing_with_severity,5,-0.8999999999999998,0.0,3,-0.06666666666666676,0.0,1
block,dataset_model_seed_scenario,explanation,bank-marketing,rf,quantize,3.0,lime,local_attribution,top5_instability,nondecreasing_with_severity,5,-0.9999999999999999,0.0,4,-0.046666666666666634,0.0,1
block,dataset_model_seed_scenario,explanation,bank-marketing,rf,quantize,4.0,lime,local_attribution,top5_instability,nondecreasing_with_severity,5,-0.9999999999999999,0.0,4,-0.08000000000000007,0.0,1
block,dataset_model_seed_scenario,explanation,electricity,hgb,quantize,0.0,lime,local_attribution,top5_instability,nondecreasing_with_severity,5,-0.9999999999999999,0.0,4,-0.10666666666666647,0.0,1
block,dataset_model_seed_scenario,explanation,electricity,hgb,quantize,1.0,lime,local_attribution,top5_instability,nondecreasing_with_severity,5,-0.8999999999999998,0.0,3,-0.09333333333333327,0.0,1
block,dataset_model_seed_scenario,explanation,electricity,hgb,quantize,2.0,lime,local_attribution,top5_instability,nondecreasing_with_severity,5,-0.8999999999999998,0.0,3,-0.1333333333333333,0.0,1
block,dataset_model_seed_scenario,explanation,electricity,hgb,quantize,3.0,lime,local_attribution,top5_instability,nondecreasing_with_severity,5,-0.8999999999999998,0.0,3,-0.08666666666666645,0.0,1
block,dataset_model_seed_scenario,explanation,electricity,hgb,quantize,4.0,lime,local_attribution,top5_instability,nondecreasing_with_severity,5,-0.9999999999999999,0.0,4,-0.09999999999999998,0.0,1
block,dataset_model_seed_scenario,explanation,electricity,logreg,quantize,0.0,lime,local_attribution,top5_instability,nondecreasing_with_severity,5,-0.8720815992723809,0.0,2,-0.01333333333333342,0.0,1
block,dataset_model_seed_scenario,explanation,electricity,logreg,quantize,1.0,lime,local_attribution,top5_instability,nondecreasing_with_severity,5,-0.8944271909999159,0.0,2,-0.020000000000000018,0.0,1
block,dataset_model_seed_scenario,explanation,electricity,logreg,quantize,2.0,lime,local_attribution,top5_instability,nondecreasing_with_severity,5,-0.8207826816681234,0.0,3,-0.040000000000000036,0.0,1
block,dataset_model_seed_scenario,explanation,electricity,logreg,quantize,3.0,lime,local_attribution,top5_instability,nondecreasing_with_severity,5,-0.5270462766947298,0.0,2,-0.006666666666666599,0.0,1
block,dataset_model_seed_scenario,explanation,electricity,logreg,quantize,4.0,lime,local_attribution,top5_instability,nondecreasing_with_severity,5,-0.7378647873726218,0.0,3,-0.040000000000000036,0.0,1
block,dataset_model_seed_scenario,explanation,electricity,rf,quantize,0.0,lime,local_attribution,top5_instability,nondecreasing_with_severity,5,-0.8207826816681234,0.0,3,-0.046666666666666634,0.0,1
block,dataset_model_seed_scenario,explanation,electricity,rf,quantize,1.0,lime,local_attribution,top5_instability,nondecreasing_with_severity,5,-0.9999999999999999,0.0,4,-0.10666666666666658,0.0,1
block,dataset_model_seed_scenario,explanation,electricity,rf,quantize,2.0,lime,local_attribution,top5_instability,nondecreasing_with_severity,5,-0.9999999999999999,0.0,4,-0.05999999999999994,0.0,1
block,dataset_model_seed_scenario,explanation,electricity,rf,quantize,3.0,lime,local_attribution,top5_instability,nondecreasing_with_severity,5,-0.9746794344808963,0.0,3,-0.07333333333333325,0.0,1
block,dataset_model_seed_scenario,explanation,electricity,rf,quantize,4.0,lime,local_attribution,top5_instability,nondecreasing_with_severity,5,-0.9999999999999999,0.0,4,-0.05999999999999994,0.0,1
block,dataset_model_seed_scenario,explanation,adult,hgb,gradual,0.0,pi,global_grouped_predictive_importance,cosine_instability,nondecreasing_with_severity,5,0.9999999999999999,1.0,0,0.06109224185997797,1.0,1
block,dataset_model_seed_scenario,explanation,adult,hgb,gradual,1.0,pi,global_grouped_predictive_importance,cosine_instability,nondecreasing_with_severity,5,0.9999999999999999,1.0,0,0.03531796878902582,1.0,1
block,dataset_model_seed_scenario,explanation,adult,hgb,gradual,2.0,pi,global_grouped_predictive_importance,cosine_instability,nondecreasing_with_severity,5,0.9999999999999999,1.0,0,0.036967359247126685,1.0,1
block,dataset_model_seed_scenario,explanation,adult,hgb,gradual,3.0,pi,global_grouped_predictive_importance,cosine_instability,nondecreasing_with_severity,5,0.9999999999999999,1.0,0,0.0005793454355059735,1.0,1
block,dataset_model_seed_scenario,explanation,adult,hgb,gradual,4.0,pi,global_grouped_predictive_importance,cosine_instability,nondecreasing_with_severity,5,0.9999999999999999,1.0,0,0.06810381019289746,1.0,1
block,dataset_model_seed_scenario,explanation,adult,logreg,gradual,0.0,pi,global_grouped_predictive_importance,cosine_instability,nondecreasing_with_severity,5,0.9999999999999999,1.0,0,0.001168254487434961,1.0,1
block,dataset_model_seed_scenario,explanation,adult,logreg,gradual,1.0,pi,global_grouped_predictive_importance,cosine_instability,nondecreasing_with_severity,5,0.9999999999999999,1.0,0,0.0019650362063078353,1.0,1
block,dataset_model_seed_scenario,explanation,adult,logreg,gradual,2.0,pi,global_grouped_predictive_importance,cosine_instability,nondecreasing_with_severity,5,0.9999999999999999,1.0,0,0.0008817091764153906,1.0,1
block,dataset_model_seed_scenario,explanation,adult,logreg,gradual,3.0,pi,global_grouped_predictive_importance,cosine_instability,nondecreasing_with_severity,5,0.9999999999999999,1.0,0,0.002421467111276443,1.0,1
block,dataset_model_seed_scenario,explanation,adult,logreg,gradual,4.0,pi,global_grouped_predictive_importance,cosine_instability,nondecreasing_with_severity,5,0.9999999999999999,1.0,0,0.002272717947824243,1.0,1
block,dataset_model_seed_scenario,explanation,adult,rf,gradual,0.0,pi,global_grouped_predictive_importance,cosine_instability,nondecreasing_with_severity,5,0.9999999999999999,1.0,0,0.0043131104900752115,1.0,1
block,dataset_model_seed_scenario,explanation,adult,rf,gradual,1.0,pi,global_grouped_predictive_importance,cosine_instability,nondecreasing_with_severity,5,0.9999999999999999,1.0,0,0.007728575419880035,1.0,1
block,dataset_model_seed_scenario,explanation,adult,rf,gradual,2.0,pi,global_grouped_predictive_importance,cosine_instability,nondecreasing_with_severity,5,0.9999999999999999,1.0,0,0.009834523518928773,1.0,1
block,dataset_model_seed_scenario,explanation,adult,rf,gradual,3.0,pi,global_grouped_predictive_importance,cosine_instability,nondecreasing_with_severity,5,0.9999999999999999,1.0,0,0.002879439224819258,1.0,1
block,dataset_model_seed_scenario,explanation,adult,rf,gradual,4.0,pi,global_grouped_predictive_importance,cosine_instability,nondecreasing_with_severity,5,0.8999999999999998,0.0,1,-0.0005637971949600251,0.0,1
block,dataset_model_seed_scenario,explanation,bank-marketing,hgb,gradual,0.0,pi,global_grouped_predictive_importance,cosine_instability,nondecreasing_with_severity,5,0.9999999999999999,1.0,0,0.0021980288763279177,1.0,1
block,dataset_model_seed_scenario,explanation,bank-marketing,hgb,gradual,1.0,pi,global_grouped_predictive_importance,cosine_instability,nondecreasing_with_severity,5,0.9999999999999999,1.0,0,0.001590937737656617,1.0,1
block,dataset_model_seed_scenario,explanation,bank-marketing,hgb,gradual,2.0,pi,global_grouped_predictive_importance,cosine_instability,nondecreasing_with_severity,5,0.7,0.0,1,-0.0169413944817548,0.0,1
block,dataset_model_seed_scenario,explanation,bank-marketing,hgb,gradual,3.0,pi,global_grouped_predictive_importance,cosine_instability,nondecreasing_with_severity,5,0.9999999999999999,1.0,0,0.011508680846583408,1.0,1
block,dataset_model_seed_scenario,explanation,bank-marketing,hgb,gradual,4.0,pi,global_grouped_predictive_importance,cosine_instability,nondecreasing_with_severity,5,0.9999999999999999,1.0,0,0.008765806068230408,1.0,1
block,dataset_model_seed_scenario,explanation,bank-marketing,logreg,gradual,0.0,pi,global_grouped_predictive_importance,cosine_instability,nondecreasing_with_severity,5,0.9999999999999999,1.0,0,0.0008357408873790328,1.0,1
block,dataset_model_seed_scenario,explanation,bank-marketing,logreg,gradual,1.0,pi,global_grouped_predictive_importance,cosine_instability,nondecreasing_with_severity,5,0.9999999999999999,1.0,0,0.0013384270948452182,1.0,1
block,dataset_model_seed_scenario,explanation,bank-marketing,logreg,gradual,2.0,pi,global_grouped_predictive_importance,cosine_instability,nondecreasing_with_severity,5,0.9999999999999999,1.0,0,0.00038780851810893413,1.0,1
block,dataset_model_seed_scenario,explanation,bank-marketing,logreg,gradual,3.0,pi,global_grouped_predictive_importance,cosine_instability,nondecreasing_with_severity,5,0.9999999999999999,1.0,0,0.001687693342371288,1.0,1
block,dataset_model_seed_scenario,explanation,bank-marketing,logreg,gradual,4.0,pi,global_grouped_predictive_importance,cosine_instability,nondecreasing_with_severity,5,0.9999999999999999,1.0,0,0.0004747748478287628,1.0,1
block,dataset_model_seed_scenario,explanation,bank-marketing,rf,gradual,0.0,pi,global_grouped_predictive_importance,cosine_instability,nondecreasing_with_severity,5,0.7999999999999999,0.0,2,-0.0007706469466324251,0.0,1
block,dataset_model_seed_scenario,explanation,bank-marketing,rf,gradual,1.0,pi,global_grouped_predictive_importance,cosine_instability,nondecreasing_with_severity,5,0.9999999999999999,1.0,0,0.0016309041122459789,1.0,1
block,dataset_model_seed_scenario,explanation,bank-marketing,rf,gradual,2.0,pi,global_grouped_predictive_importance,cosine_instability,nondecreasing_with_severity,5,0.8999999999999998,0.0,1,-0.0010235331638399625,0.0,1
block,dataset_model_seed_scenario,explanation,bank-marketing,rf,gradual,3.0,pi,global_grouped_predictive_importance,cosine_instability,nondecreasing_with_severity,5,0.9999999999999999,1.0,0,0.0007199346356184799,1.0,1
block,dataset_model_seed_scenario,explanation,bank-marketing,rf,gradual,4.0,pi,global_grouped_predictive_importance,cosine_instability,nondecreasing_with_severity,5,0.9999999999999999,1.0,0,0.0017970001758790266,1.0,1
block,dataset_model_seed_scenario,explanation,electricity,hgb,gradual,0.0,pi,global_grouped_predictive_importance,cosine_instability,nondecreasing_with_severity,5,0.9999999999999999,1.0,0,0.007609709144176691,1.0,1
block,dataset_model_seed_scenario,explanation,electricity,hgb,gradual,1.0,pi,global_grouped_predictive_importance,cosine_instability,nondecreasing_with_severity,5,0.9999999999999999,1.0,0,0.028360043454505823,1.0,1
block,dataset_model_seed_scenario,explanation,electricity,hgb,gradual,2.0,pi,global_grouped_predictive_importance,cosine_instability,nondecreasing_with_severity,5,0.9999999999999999,1.0,0,0.023538363987270272,1.0,1
block,dataset_model_seed_scenario,explanation,electricity,hgb,gradual,3.0,pi,global_grouped_predictive_importance,cosine_instability,nondecreasing_with_severity,5,0.7,0.0,1,-0.06742668986309941,0.0,1
block,dataset_model_seed_scenario,explanation,electricity,hgb,gradual,4.0,pi,global_grouped_predictive_importance,cosine_instability,nondecreasing_with_severity,5,0.9999999999999999,1.0,0,0.001238192563133067,1.0,1
block,dataset_model_seed_scenario,explanation,electricity,logreg,gradual,0.0,pi,global_grouped_predictive_importance,cosine_instability,nondecreasing_with_severity,5,0.9999999999999999,1.0,0,8.223018387065739e-05,1.0,1
block,dataset_model_seed_scenario,explanation,electricity,logreg,gradual,1.0,pi,global_grouped_predictive_importance,cosine_instability,nondecreasing_with_severity,5,0.9999999999999999,1.0,0,0.0007609658328643354,1.0,1
block,dataset_model_seed_scenario,explanation,electricity,logreg,gradual,2.0,pi,global_grouped_predictive_importance,cosine_instability,nondecreasing_with_severity,5,0.9999999999999999,1.0,0,0.0005352152514666031,1.0,1
block,dataset_model_seed_scenario,explanation,electricity,logreg,gradual,3.0,pi,global_grouped_predictive_importance,cosine_instability,nondecreasing_with_severity,5,0.9999999999999999,1.0,0,0.0009651597503678166,1.0,1
block,dataset_model_seed_scenario,explanation,electricity,logreg,gradual,4.0,pi,global_grouped_predictive_importance,cosine_instability,nondecreasing_with_severity,5,0.9999999999999999,1.0,0,0.00040555737487890653,1.0,1
block,dataset_model_seed_scenario,explanation,electricity,rf,gradual,0.0,pi,global_grouped_predictive_importance,cosine_instability,nondecreasing_with_severity,5,0.9999999999999999,1.0,0,0.01010920350989064,1.0,1
block,dataset_model_seed_scenario,explanation,electricity,rf,gradual,1.0,pi,global_grouped_predictive_importance,cosine_instability,nondecreasing_with_severity,5,0.9999999999999999,1.0,0,0.022612610850329617,1.0,1
block,dataset_model_seed_scenario,explanation,electricity,rf,gradual,2.0,pi,global_grouped_predictive_importance,cosine_instability,nondecreasing_with_severity,5,0.9999999999999999,1.0,0,0.022236316571483172,1.0,1
block,dataset_model_seed_scenario,explanation,electricity,rf,gradual,3.0,pi,global_grouped_predictive_importance,cosine_instability,nondecreasing_with_severity,5,0.9999999999999999,1.0,0,0.03160840075928517,1.0,1
block,dataset_model_seed_scenario,explanation,electricity,rf,gradual,4.0,pi,global_grouped_predictive_importance,cosine_instability,nondecreasing_with_severity,5,0.9999999999999999,1.0,0,0.01978587776560692,1.0,1
block,dataset_model_seed_scenario,explanation,adult,hgb,mean_shift,0.0,pi,global_grouped_predictive_importance,cosine_instability,nondecreasing_with_severity,5,0.9999999999999999,1.0,0,0.06223919682584822,1.0,1
block,dataset_model_seed_scenario,explanation,adult,hgb,mean_shift,1.0,pi,global_grouped_predictive_importance,cosine_instability,nondecreasing_with_severity,5,0.9999999999999999,1.0,0,0.08369441794421151,1.0,1
block,dataset_model_seed_scenario,explanation,adult,hgb,mean_shift,2.0,pi,global_grouped_predictive_importance,cosine_instability,nondecreasing_with_severity,5,0.9999999999999999,1.0,0,0.03810210277997561,1.0,1
block,dataset_model_seed_scenario,explanation,adult,hgb,mean_shift,3.0,pi,global_grouped_predictive_importance,cosine_instability,nondecreasing_with_severity,5,0.9999999999999999,1.0,0,0.045393354632216276,1.0,1
block,dataset_model_seed_scenario,explanation,adult,hgb,mean_shift,4.0,pi,global_grouped_predictive_importance,cosine_instability,nondecreasing_with_severity,5,0.9999999999999999,1.0,0,0.06252244988329725,1.0,1
block,dataset_model_seed_scenario,explanation,adult,logreg,mean_shift,0.0,pi,global_grouped_predictive_importance,cosine_instability,nondecreasing_with_severity,5,0.9746794344808963,1.0,0,0.0,1.0,1
block,dataset_model_seed_scenario,explanation,adult,logreg,mean_shift,1.0,pi,global_grouped_predictive_importance,cosine_instability,nondecreasing_with_severity,5,,1.0,0,0.0,1.0,1
block,dataset_model_seed_scenario,explanation,adult,logreg,mean_shift,2.0,pi,global_grouped_predictive_importance,cosine_instability,nondecreasing_with_severity,5,,1.0,0,0.0,1.0,1
block,dataset_model_seed_scenario,explanation,adult,logreg,mean_shift,3.0,pi,global_grouped_predictive_importance,cosine_instability,nondecreasing_with_severity,5,,1.0,0,0.0,1.0,1
block,dataset_model_seed_scenario,explanation,adult,logreg,mean_shift,4.0,pi,global_grouped_predictive_importance,cosine_instability,nondecreasing_with_severity,5,,1.0,0,0.0,1.0,1
block,dataset_model_seed_scenario,explanation,adult,rf,mean_shift,0.0,pi,global_grouped_predictive_importance,cosine_instability,nondecreasing_with_severity,5,0.9999999999999999,1.0,0,0.004057239646336752,1.0,1
block,dataset_model_seed_scenario,explanation,adult,rf,mean_shift,1.0,pi,global_grouped_predictive_importance,cosine_instability,nondecreasing_with_severity,5,0.9999999999999999,1.0,0,0.011948587445996028,1.0,1
block,dataset_model_seed_scenario,explanation,adult,rf,mean_shift,2.0,pi,global_grouped_predictive_importance,cosine_instability,nondecreasing_with_severity,5,0.9999999999999999,1.0,0,0.008111363697307805,1.0,1
block,dataset_model_seed_scenario,explanation,adult,rf,mean_shift,3.0,pi,global_grouped_predictive_importance,cosine_instability,nondecreasing_with_severity,5,0.9999999999999999,1.0,0,0.0037948565479998253,1.0,1
block,dataset_model_seed_scenario,explanation,adult,rf,mean_shift,4.0,pi,global_grouped_predictive_importance,cosine_instability,nondecreasing_with_severity,5,0.8999999999999998,0.0,1,-0.00013566836528355886,0.0,1
block,dataset_model_seed_scenario,explanation,bank-marketing,hgb,mean_shift,0.0,pi,global_grouped_predictive_importance,cosine_instability,nondecreasing_with_severity,5,0.9999999999999999,1.0,0,0.0045622568770303795,1.0,1
block,dataset_model_seed_scenario,explanation,bank-marketing,hgb,mean_shift,1.0,pi,global_grouped_predictive_importance,cosine_instability,nondecreasing_with_severity,5,0.9999999999999999,1.0,0,0.00645066761980817,1.0,1
block,dataset_model_seed_scenario,explanation,bank-marketing,hgb,mean_shift,2.0,pi,global_grouped_predictive_importance,cosine_instability,nondecreasing_with_severity,5,0.9999999999999999,1.0,0,0.014061431069324004,1.0,1
block,dataset_model_seed_scenario,explanation,bank-marketing,hgb,mean_shift,3.0,pi,global_grouped_predictive_importance,cosine_instability,nondecreasing_with_severity,5,0.9999999999999999,1.0,0,0.01843591693833957,1.0,1
block,dataset_model_seed_scenario,explanation,bank-marketing,hgb,mean_shift,4.0,pi,global_grouped_predictive_importance,cosine_instability,nondecreasing_with_severity,5,0.9999999999999999,1.0,0,0.0217452415182946,1.0,1
block,dataset_model_seed_scenario,explanation,bank-marketing,logreg,mean_shift,0.0,pi,global_grouped_predictive_importance,cosine_instability,nondecreasing_with_severity,5,,1.0,0,0.0,1.0,1
block,dataset_model_seed_scenario,explanation,bank-marketing,logreg,mean_shift,1.0,pi,global_grouped_predictive_importance,cosine_instability,nondecreasing_with_severity,5,,1.0,0,0.0,1.0,1
block,dataset_model_seed_scenario,explanation,bank-marketing,logreg,mean_shift,2.0,pi,global_grouped_predictive_importance,cosine_instability,nondecreasing_with_severity,5,,1.0,0,0.0,1.0,1
block,dataset_model_seed_scenario,explanation,bank-marketing,logreg,mean_shift,3.0,pi,global_grouped_predictive_importance,cosine_instability,nondecreasing_with_severity,5,,1.0,0,0.0,1.0,1
block,dataset_model_seed_scenario,explanation,bank-marketing,logreg,mean_shift,4.0,pi,global_grouped_predictive_importance,cosine_instability,nondecreasing_with_severity,5,,1.0,0,0.0,1.0,1
block,dataset_model_seed_scenario,explanation,bank-marketing,rf,mean_shift,0.0,pi,global_grouped_predictive_importance,cosine_instability,nondecreasing_with_severity,5,0.9999999999999999,1.0,0,0.0019301174734948079,1.0,1
block,dataset_model_seed_scenario,explanation,bank-marketing,rf,mean_shift,1.0,pi,global_grouped_predictive_importance,cosine_instability,nondecreasing_with_severity,5,0.9999999999999999,1.0,0,0.0024741357728371716,1.0,1
block,dataset_model_seed_scenario,explanation,bank-marketing,rf,mean_shift,2.0,pi,global_grouped_predictive_importance,cosine_instability,nondecreasing_with_severity,5,0.9999999999999999,1.0,0,0.0008213764336579832,1.0,1
block,dataset_model_seed_scenario,explanation,bank-marketing,rf,mean_shift,3.0,pi,global_grouped_predictive_importance,cosine_instability,nondecreasing_with_severity,5,0.9999999999999999,1.0,0,0.0010452687892520407,1.0,1
block,dataset_model_seed_scenario,explanation,bank-marketing,rf,mean_shift,4.0,pi,global_grouped_predictive_importance,cosine_instability,nondecreasing_with_severity,5,0.9999999999999999,1.0,0,0.002669116172666186,1.0,1
block,dataset_model_seed_scenario,explanation,electricity,hgb,mean_shift,0.0,pi,global_grouped_predictive_importance,cosine_instability,nondecreasing_with_severity,5,0.9999999999999999,1.0,0,0.0160906730140028,1.0,1
block,dataset_model_seed_scenario,explanation,electricity,hgb,mean_shift,1.0,pi,global_grouped_predictive_importance,cosine_instability,nondecreasing_with_severity,5,0.8999999999999998,0.0,1,-0.011900217477009534,0.0,1
block,dataset_model_seed_scenario,explanation,electricity,hgb,mean_shift,2.0,pi,global_grouped_predictive_importance,cosine_instability,nondecreasing_with_severity,5,0.7,0.0,1,-0.03898024709771808,0.0,1
block,dataset_model_seed_scenario,explanation,electricity,hgb,mean_shift,3.0,pi,global_grouped_predictive_importance,cosine_instability,nondecreasing_with_severity,5,0.8999999999999998,0.0,1,-0.03806840233605013,0.0,1
block,dataset_model_seed_scenario,explanation,electricity,hgb,mean_shift,4.0,pi,global_grouped_predictive_importance,cosine_instability,nondecreasing_with_severity,5,0.49999999999999994,0.0,1,-0.04386578546546005,0.0,1
block,dataset_model_seed_scenario,explanation,electricity,logreg,mean_shift,0.0,pi,global_grouped_predictive_importance,cosine_instability,nondecreasing_with_severity,5,,1.0,0,0.0,1.0,1
block,dataset_model_seed_scenario,explanation,electricity,logreg,mean_shift,1.0,pi,global_grouped_predictive_importance,cosine_instability,nondecreasing_with_severity,5,,1.0,0,0.0,1.0,1
block,dataset_model_seed_scenario,explanation,electricity,logreg,mean_shift,2.0,pi,global_grouped_predictive_importance,cosine_instability,nondecreasing_with_severity,5,,1.0,0,0.0,1.0,1
block,dataset_model_seed_scenario,explanation,electricity,logreg,mean_shift,3.0,pi,global_grouped_predictive_importance,cosine_instability,nondecreasing_with_severity,5,,1.0,0,0.0,1.0,1
block,dataset_model_seed_scenario,explanation,electricity,logreg,mean_shift,4.0,pi,global_grouped_predictive_importance,cosine_instability,nondecreasing_with_severity,5,,1.0,0,0.0,1.0,1
block,dataset_model_seed_scenario,explanation,electricity,rf,mean_shift,0.0,pi,global_grouped_predictive_importance,cosine_instability,nondecreasing_with_severity,5,0.9999999999999999,1.0,0,0.006822428173197226,1.0,1
block,dataset_model_seed_scenario,explanation,electricity,rf,mean_shift,1.0,pi,global_grouped_predictive_importance,cosine_instability,nondecreasing_with_severity,5,0.9999999999999999,1.0,0,0.014855787330895875,1.0,1
block,dataset_model_seed_scenario,explanation,electricity,rf,mean_shift,2.0,pi,global_grouped_predictive_importance,cosine_instability,nondecreasing_with_severity,5,0.9999999999999999,1.0,0,0.020441479051390377,1.0,1
block,dataset_model_seed_scenario,explanation,electricity,rf,mean_shift,3.0,pi,global_grouped_predictive_importance,cosine_instability,nondecreasing_with_severity,5,0.9999999999999999,1.0,0,0.021126072417654962,1.0,1
block,dataset_model_seed_scenario,explanation,electricity,rf,mean_shift,4.0,pi,global_grouped_predictive_importance,cosine_instability,nondecreasing_with_severity,5,0.9999999999999999,1.0,0,0.012056393243817354,1.0,1
block,dataset_model_seed_scenario,explanation,adult,hgb,missing,0.0,pi,global_grouped_predictive_importance,cosine_instability,nondecreasing_with_severity,5,0.9999999999999999,1.0,0,0.013371665425621404,1.0,1
block,dataset_model_seed_scenario,explanation,adult,hgb,missing,1.0,pi,global_grouped_predictive_importance,cosine_instability,nondecreasing_with_severity,5,0.8999999999999998,0.0,1,-0.007983800572677224,0.0,1
block,dataset_model_seed_scenario,explanation,adult,hgb,missing,2.0,pi,global_grouped_predictive_importance,cosine_instability,nondecreasing_with_severity,5,0.8999999999999998,0.0,1,-0.016181402780734766,0.0,1
block,dataset_model_seed_scenario,explanation,adult,hgb,missing,3.0,pi,global_grouped_predictive_importance,cosine_instability,nondecreasing_with_severity,5,0.9999999999999999,1.0,0,0.003943130571869791,1.0,1
block,dataset_model_seed_scenario,explanation,adult,hgb,missing,4.0,pi,global_grouped_predictive_importance,cosine_instability,nondecreasing_with_severity,5,0.9999999999999999,1.0,0,0.008134783337849227,1.0,1
block,dataset_model_seed_scenario,explanation,adult,logreg,missing,0.0,pi,global_grouped_predictive_importance,cosine_instability,nondecreasing_with_severity,5,0.8999999999999998,0.0,1,-0.009803007398230812,0.0,1
block,dataset_model_seed_scenario,explanation,adult,logreg,missing,1.0,pi,global_grouped_predictive_importance,cosine_instability,nondecreasing_with_severity,5,0.9999999999999999,1.0,0,0.004969374437152618,1.0,1
block,dataset_model_seed_scenario,explanation,adult,logreg,missing,2.0,pi,global_grouped_predictive_importance,cosine_instability,nondecreasing_with_severity,5,0.8999999999999998,0.0,1,-0.00016329148241100988,0.0,1
block,dataset_model_seed_scenario,explanation,adult,logreg,missing,3.0,pi,global_grouped_predictive_importance,cosine_instability,nondecreasing_with_severity,5,0.9999999999999999,1.0,0,0.0007741211773346635,1.0,1
block,dataset_model_seed_scenario,explanation,adult,logreg,missing,4.0,pi,global_grouped_predictive_importance,cosine_instability,nondecreasing_with_severity,5,0.8999999999999998,0.0,1,-0.001773034025486564,0.0,1
block,dataset_model_seed_scenario,explanation,adult,rf,missing,0.0,pi,global_grouped_predictive_importance,cosine_instability,nondecreasing_with_severity,5,0.8999999999999998,0.0,1,-0.03842271437356315,0.0,1
block,dataset_model_seed_scenario,explanation,adult,rf,missing,1.0,pi,global_grouped_predictive_importance,cosine_instability,nondecreasing_with_severity,5,0.9999999999999999,1.0,0,0.012288705301553127,1.0,1
block,dataset_model_seed_scenario,explanation,adult,rf,missing,2.0,pi,global_grouped_predictive_importance,cosine_instability,nondecreasing_with_severity,5,0.8999999999999998,0.0,1,-0.006355839482202752,0.0,1
block,dataset_model_seed_scenario,explanation,adult,rf,missing,3.0,pi,global_grouped_predictive_importance,cosine_instability,nondecreasing_with_severity,5,0.9999999999999999,1.0,0,0.014763842166239383,1.0,1
block,dataset_model_seed_scenario,explanation,adult,rf,missing,4.0,pi,global_grouped_predictive_importance,cosine_instability,nondecreasing_with_severity,5,0.9999999999999999,1.0,0,0.0029981934974189217,1.0,1
block,dataset_model_seed_scenario,explanation,bank-marketing,hgb,missing,0.0,pi,global_grouped_predictive_importance,cosine_instability,nondecreasing_with_severity,5,0.9999999999999999,1.0,0,0.0011338993847888057,1.0,1
block,dataset_model_seed_scenario,explanation,bank-marketing,hgb,missing,1.0,pi,global_grouped_predictive_importance,cosine_instability,nondecreasing_with_severity,5,0.8999999999999998,0.0,1,-0.03878584890092518,0.0,1
block,dataset_model_seed_scenario,explanation,bank-marketing,hgb,missing,2.0,pi,global_grouped_predictive_importance,cosine_instability,nondecreasing_with_severity,5,0.8999999999999998,0.0,1,-0.008545937514332747,0.0,1
block,dataset_model_seed_scenario,explanation,bank-marketing,hgb,missing,3.0,pi,global_grouped_predictive_importance,cosine_instability,nondecreasing_with_severity,5,0.9999999999999999,1.0,0,0.0010592210311511918,1.0,1
block,dataset_model_seed_scenario,explanation,bank-marketing,hgb,missing,4.0,pi,global_grouped_predictive_importance,cosine_instability,nondecreasing_with_severity,5,0.9999999999999999,1.0,0,0.0014186563856259937,1.0,1
block,dataset_model_seed_scenario,explanation,bank-marketing,logreg,missing,0.0,pi,global_grouped_predictive_importance,cosine_instability,nondecreasing_with_severity,5,0.9999999999999999,1.0,0,0.0005730914491722805,1.0,1
block,dataset_model_seed_scenario,explanation,bank-marketing,logreg,missing,1.0,pi,global_grouped_predictive_importance,cosine_instability,nondecreasing_with_severity,5,0.8999999999999998,0.0,1,-0.05805424841692297,0.0,1
block,dataset_model_seed_scenario,explanation,bank-marketing,logreg,missing,2.0,pi,global_grouped_predictive_importance,cosine_instability,nondecreasing_with_severity,5,0.9999999999999999,1.0,0,0.008110893427454191,1.0,1
block,dataset_model_seed_scenario,explanation,bank-marketing,logreg,missing,3.0,pi,global_grouped_predictive_importance,cosine_instability,nondecreasing_with_severity,5,0.9999999999999999,1.0,0,0.004472551155758064,1.0,1
block,dataset_model_seed_scenario,explanation,bank-marketing,logreg,missing,4.0,pi,global_grouped_predictive_importance,cosine_instability,nondecreasing_with_severity,5,0.9999999999999999,1.0,0,0.0005158747786689899,1.0,1
block,dataset_model_seed_scenario,explanation,bank-marketing,rf,missing,0.0,pi,global_grouped_predictive_importance,cosine_instability,nondecreasing_with_severity,5,0.9999999999999999,1.0,0,0.0016526430790286817,1.0,1
block,dataset_model_seed_scenario,explanation,bank-marketing,rf,missing,1.0,pi,global_grouped_predictive_importance,cosine_instability,nondecreasing_with_severity,5,0.8999999999999998,0.0,1,-0.052075616473476805,0.0,1
block,dataset_model_seed_scenario,explanation,bank-marketing,rf,missing,2.0,pi,global_grouped_predictive_importance,cosine_instability,nondecreasing_with_severity,5,0.9999999999999999,1.0,0,0.008640614339334607,1.0,1
block,dataset_model_seed_scenario,explanation,bank-marketing,rf,missing,3.0,pi,global_grouped_predictive_importance,cosine_instability,nondecreasing_with_severity,5,0.9999999999999999,1.0,0,0.0060713388415818415,1.0,1
block,dataset_model_seed_scenario,explanation,bank-marketing,rf,missing,4.0,pi,global_grouped_predictive_importance,cosine_instability,nondecreasing_with_severity,5,0.7999999999999999,0.0,2,-0.005740043974714393,0.0,1
block,dataset_model_seed_scenario,explanation,electricity,hgb,missing,0.0,pi,global_grouped_predictive_importance,cosine_instability,nondecreasing_with_severity,5,0.8999999999999998,0.0,1,-0.008201894610827654,0.0,1
block,dataset_model_seed_scenario,explanation,electricity,hgb,missing,1.0,pi,global_grouped_predictive_importance,cosine_instability,nondecreasing_with_severity,5,0.8999999999999998,0.0,1,-0.001620825865879194,0.0,1
block,dataset_model_seed_scenario,explanation,electricity,hgb,missing,2.0,pi,global_grouped_predictive_importance,cosine_instability,nondecreasing_with_severity,5,0.8999999999999998,0.0,1,-0.003466446009243618,0.0,1
block,dataset_model_seed_scenario,explanation,electricity,hgb,missing,3.0,pi,global_grouped_predictive_importance,cosine_instability,nondecreasing_with_severity,5,0.9999999999999999,1.0,0,0.0014562536097162404,1.0,1
block,dataset_model_seed_scenario,explanation,electricity,hgb,missing,4.0,pi,global_grouped_predictive_importance,cosine_instability,nondecreasing_with_severity,5,0.8999999999999998,0.0,1,-0.004468527112803655,0.0,1
block,dataset_model_seed_scenario,explanation,electricity,logreg,missing,0.0,pi,global_grouped_predictive_importance,cosine_instability,nondecreasing_with_severity,5,0.8999999999999998,0.0,1,-0.00612856983941501,0.0,1
block,dataset_model_seed_scenario,explanation,electricity,logreg,missing,1.0,pi,global_grouped_predictive_importance,cosine_instability,nondecreasing_with_severity,5,0.7,0.0,1,-0.0034160850863543812,0.0,1
block,dataset_model_seed_scenario,explanation,electricity,logreg,missing,2.0,pi,global_grouped_predictive_importance,cosine_instability,nondecreasing_with_severity,5,0.8999999999999998,0.0,1,-0.012176879066054247,0.0,1
block,dataset_model_seed_scenario,explanation,electricity,logreg,missing,3.0,pi,global_grouped_predictive_importance,cosine_instability,nondecreasing_with_severity,5,0.8999999999999998,0.0,1,-0.004015674860881613,0.0,1
block,dataset_model_seed_scenario,explanation,electricity,logreg,missing,4.0,pi,global_grouped_predictive_importance,cosine_instability,nondecreasing_with_severity,5,0.49999999999999994,0.0,2,-0.0015867575704954229,0.0,1
block,dataset_model_seed_scenario,explanation,electricity,rf,missing,0.0,pi,global_grouped_predictive_importance,cosine_instability,nondecreasing_with_severity,5,0.8999999999999998,0.0,1,-0.006493364906066779,0.0,1
block,dataset_model_seed_scenario,explanation,electricity,rf,missing,1.0,pi,global_grouped_predictive_importance,cosine_instability,nondecreasing_with_severity,5,0.8999999999999998,0.0,1,-0.0008565927630848069,0.0,1
block,dataset_model_seed_scenario,explanation,electricity,rf,missing,2.0,pi,global_grouped_predictive_importance,cosine_instability,nondecreasing_with_severity,5,0.9999999999999999,1.0,0,0.003985320897261002,1.0,1
block,dataset_model_seed_scenario,explanation,electricity,rf,missing,3.0,pi,global_grouped_predictive_importance,cosine_instability,nondecreasing_with_severity,5,0.8999999999999998,0.0,1,-0.006076446071607511,0.0,1
block,dataset_model_seed_scenario,explanation,electricity,rf,missing,4.0,pi,global_grouped_predictive_importance,cosine_instability,nondecreasing_with_severity,5,0.7,0.0,1,-0.0009183893001966092,0.0,1
block,dataset_model_seed_scenario,explanation,adult,hgb,noise,0.0,pi,global_grouped_predictive_importance,cosine_instability,nondecreasing_with_severity,5,0.7999999999999999,0.0,2,-0.007076155978334553,0.0,1
block,dataset_model_seed_scenario,explanation,adult,hgb,noise,1.0,pi,global_grouped_predictive_importance,cosine_instability,nondecreasing_with_severity,5,0.6,0.0,2,-0.08628937160221173,0.0,1
block,dataset_model_seed_scenario,explanation,adult,hgb,noise,2.0,pi,global_grouped_predictive_importance,cosine_instability,nondecreasing_with_severity,5,0.7,0.0,1,-0.054237166201470344,0.0,1
block,dataset_model_seed_scenario,explanation,adult,hgb,noise,3.0,pi,global_grouped_predictive_importance,cosine_instability,nondecreasing_with_severity,5,0.8999999999999998,0.0,1,-0.009332474512447675,0.0,1
block,dataset_model_seed_scenario,explanation,adult,hgb,noise,4.0,pi,global_grouped_predictive_importance,cosine_instability,nondecreasing_with_severity,5,0.8999999999999998,0.0,1,-0.00026187881429584614,0.0,1
block,dataset_model_seed_scenario,explanation,adult,logreg,noise,0.0,pi,global_grouped_predictive_importance,cosine_instability,nondecreasing_with_severity,5,0.7,0.0,1,-0.015156151010542795,0.0,1
block,dataset_model_seed_scenario,explanation,adult,logreg,noise,1.0,pi,global_grouped_predictive_importance,cosine_instability,nondecreasing_with_severity,5,0.9999999999999999,1.0,0,3.764859919730412e-05,1.0,1
block,dataset_model_seed_scenario,explanation,adult,logreg,noise,2.0,pi,global_grouped_predictive_importance,cosine_instability,nondecreasing_with_severity,5,0.9999999999999999,1.0,0,0.0008760000898203613,1.0,1
block,dataset_model_seed_scenario,explanation,adult,logreg,noise,3.0,pi,global_grouped_predictive_importance,cosine_instability,nondecreasing_with_severity,5,0.7,0.0,1,-0.003584503444550191,0.0,1
block,dataset_model_seed_scenario,explanation,adult,logreg,noise,4.0,pi,global_grouped_predictive_importance,cosine_instability,nondecreasing_with_severity,5,0.7,0.0,1,-0.0072311902439160525,0.0,1
block,dataset_model_seed_scenario,explanation,adult,rf,noise,0.0,pi,global_grouped_predictive_importance,cosine_instability,nondecreasing_with_severity,5,0.9999999999999999,1.0,0,0.007326695411194906,1.0,1
block,dataset_model_seed_scenario,explanation,adult,rf,noise,1.0,pi,global_grouped_predictive_importance,cosine_instability,nondecreasing_with_severity,5,0.7,0.0,1,-0.09157751730717678,0.0,1
block,dataset_model_seed_scenario,explanation,adult,rf,noise,2.0,pi,global_grouped_predictive_importance,cosine_instability,nondecreasing_with_severity,5,0.6,0.0,2,-0.004500226003119501,0.0,1
block,dataset_model_seed_scenario,explanation,adult,rf,noise,3.0,pi,global_grouped_predictive_importance,cosine_instability,nondecreasing_with_severity,5,0.9999999999999999,1.0,0,0.005702076095433495,1.0,1
block,dataset_model_seed_scenario,explanation,adult,rf,noise,4.0,pi,global_grouped_predictive_importance,cosine_instability,nondecreasing_with_severity,5,0.9999999999999999,1.0,0,0.0020884187814331767,1.0,1
block,dataset_model_seed_scenario,explanation,bank-marketing,hgb,noise,0.0,pi,global_grouped_predictive_importance,cosine_instability,nondecreasing_with_severity,5,0.8999999999999998,0.0,1,-0.002561658760380503,0.0,1
block,dataset_model_seed_scenario,explanation,bank-marketing,hgb,noise,1.0,pi,global_grouped_predictive_importance,cosine_instability,nondecreasing_with_severity,5,0.7,0.0,1,-0.007490960446831618,0.0,1
block,dataset_model_seed_scenario,explanation,bank-marketing,hgb,noise,2.0,pi,global_grouped_predictive_importance,cosine_instability,nondecreasing_with_severity,5,0.8999999999999998,0.0,1,-0.0022681876824860447,0.0,1
block,dataset_model_seed_scenario,explanation,bank-marketing,hgb,noise,3.0,pi,global_grouped_predictive_importance,cosine_instability,nondecreasing_with_severity,5,0.6,0.0,2,-0.005430494394366603,0.0,1
block,dataset_model_seed_scenario,explanation,bank-marketing,hgb,noise,4.0,pi,global_grouped_predictive_importance,cosine_instability,nondecreasing_with_severity,5,0.8999999999999998,0.0,1,-0.0002406537642499762,0.0,1
block,dataset_model_seed_scenario,explanation,bank-marketing,logreg,noise,0.0,pi,global_grouped_predictive_importance,cosine_instability,nondecreasing_with_severity,5,0.9999999999999999,1.0,0,5.268901882160559e-05,1.0,1
block,dataset_model_seed_scenario,explanation,bank-marketing,logreg,noise,1.0,pi,global_grouped_predictive_importance,cosine_instability,nondecreasing_with_severity,5,0.9999999999999999,1.0,0,0.00024981724016803764,1.0,1
block,dataset_model_seed_scenario,explanation,bank-marketing,logreg,noise,2.0,pi,global_grouped_predictive_importance,cosine_instability,nondecreasing_with_severity,5,0.8999999999999998,0.0,1,-0.0011180959369312404,0.0,1
block,dataset_model_seed_scenario,explanation,bank-marketing,logreg,noise,3.0,pi,global_grouped_predictive_importance,cosine_instability,nondecreasing_with_severity,5,0.8999999999999998,0.0,1,-0.0005785351693318175,0.0,1
block,dataset_model_seed_scenario,explanation,bank-marketing,logreg,noise,4.0,pi,global_grouped_predictive_importance,cosine_instability,nondecreasing_with_severity,5,0.9999999999999999,1.0,0,7.042242138355359e-05,1.0,1
block,dataset_model_seed_scenario,explanation,bank-marketing,rf,noise,0.0,pi,global_grouped_predictive_importance,cosine_instability,nondecreasing_with_severity,5,0.7,0.0,1,-0.003391652558520364,0.0,1
block,dataset_model_seed_scenario,explanation,bank-marketing,rf,noise,1.0,pi,global_grouped_predictive_importance,cosine_instability,nondecreasing_with_severity,5,0.9999999999999999,1.0,0,0.0016323385537454493,1.0,1
block,dataset_model_seed_scenario,explanation,bank-marketing,rf,noise,2.0,pi,global_grouped_predictive_importance,cosine_instability,nondecreasing_with_severity,5,0.9999999999999999,1.0,0,0.0008088457498516277,1.0,1
block,dataset_model_seed_scenario,explanation,bank-marketing,rf,noise,3.0,pi,global_grouped_predictive_importance,cosine_instability,nondecreasing_with_severity,5,0.6,0.0,2,-0.006570579515654984,0.0,1
block,dataset_model_seed_scenario,explanation,bank-marketing,rf,noise,4.0,pi,global_grouped_predictive_importance,cosine_instability,nondecreasing_with_severity,5,0.7999999999999999,0.0,2,-0.0022632618694957696,0.0,1
block,dataset_model_seed_scenario,explanation,electricity,hgb,noise,0.0,pi,global_grouped_predictive_importance,cosine_instability,nondecreasing_with_severity,5,0.9999999999999999,1.0,0,0.0073850914953127456,1.0,1
block,dataset_model_seed_scenario,explanation,electricity,hgb,noise,1.0,pi,global_grouped_predictive_importance,cosine_instability,nondecreasing_with_severity,5,0.3,0.0,2,-0.02375049221955461,0.0,1
block,dataset_model_seed_scenario,explanation,electricity,hgb,noise,2.0,pi,global_grouped_predictive_importance,cosine_instability,nondecreasing_with_severity,5,0.3,0.0,2,-0.02012257795848693,0.0,1
block,dataset_model_seed_scenario,explanation,electricity,hgb,noise,3.0,pi,global_grouped_predictive_importance,cosine_instability,nondecreasing_with_severity,5,0.6,0.0,2,-0.023620322737188393,0.0,1
block,dataset_model_seed_scenario,explanation,electricity,hgb,noise,4.0,pi,global_grouped_predictive_importance,cosine_instability,nondecreasing_with_severity,5,0.39999999999999997,0.0,1,-0.041564454023240494,0.0,1
block,dataset_model_seed_scenario,explanation,electricity,logreg,noise,0.0,pi,global_grouped_predictive_importance,cosine_instability,nondecreasing_with_severity,5,0.9999999999999999,1.0,0,4.127078532922823e-05,1.0,1
block,dataset_model_seed_scenario,explanation,electricity,logreg,noise,1.0,pi,global_grouped_predictive_importance,cosine_instability,nondecreasing_with_severity,5,0.9999999999999999,1.0,0,0.0002811603611080349,1.0,1
block,dataset_model_seed_scenario,explanation,electricity,logreg,noise,2.0,pi,global_grouped_predictive_importance,cosine_instability,nondecreasing_with_severity,5,0.9999999999999999,1.0,0,0.0002468317791297636,1.0,1
block,dataset_model_seed_scenario,explanation,electricity,logreg,noise,3.0,pi,global_grouped_predictive_importance,cosine_instability,nondecreasing_with_severity,5,0.8999999999999998,0.0,1,-0.00034433765571884045,0.0,1
block,dataset_model_seed_scenario,explanation,electricity,logreg,noise,4.0,pi,global_grouped_predictive_importance,cosine_instability,nondecreasing_with_severity,5,0.9999999999999999,1.0,0,8.887621013908831e-05,1.0,1
block,dataset_model_seed_scenario,explanation,electricity,rf,noise,0.0,pi,global_grouped_predictive_importance,cosine_instability,nondecreasing_with_severity,5,0.8999999999999998,0.0,1,-0.0028028753083241265,0.0,1
block,dataset_model_seed_scenario,explanation,electricity,rf,noise,1.0,pi,global_grouped_predictive_importance,cosine_instability,nondecreasing_with_severity,5,0.8999999999999998,0.0,1,-0.004181017064480819,0.0,1
block,dataset_model_seed_scenario,explanation,electricity,rf,noise,2.0,pi,global_grouped_predictive_importance,cosine_instability,nondecreasing_with_severity,5,0.7999999999999999,0.0,2,-0.041330114721475075,0.0,1
block,dataset_model_seed_scenario,explanation,electricity,rf,noise,3.0,pi,global_grouped_predictive_importance,cosine_instability,nondecreasing_with_severity,5,0.8999999999999998,0.0,1,-0.023695868159812394,0.0,1
block,dataset_model_seed_scenario,explanation,electricity,rf,noise,4.0,pi,global_grouped_predictive_importance,cosine_instability,nondecreasing_with_severity,5,0.9999999999999999,1.0,0,0.007317903089437583,1.0,1
block,dataset_model_seed_scenario,explanation,adult,hgb,quantize,0.0,pi,global_grouped_predictive_importance,cosine_instability,nondecreasing_with_severity,5,-0.8999999999999998,0.0,3,-0.12671147022482265,0.0,1
block,dataset_model_seed_scenario,explanation,adult,hgb,quantize,1.0,pi,global_grouped_predictive_importance,cosine_instability,nondecreasing_with_severity,5,-0.8999999999999998,0.0,3,-0.09274498160389366,0.0,1
block,dataset_model_seed_scenario,explanation,adult,hgb,quantize,2.0,pi,global_grouped_predictive_importance,cosine_instability,nondecreasing_with_severity,5,-0.8999999999999998,0.0,3,-0.067141445441806,0.0,1
block,dataset_model_seed_scenario,explanation,adult,hgb,quantize,3.0,pi,global_grouped_predictive_importance,cosine_instability,nondecreasing_with_severity,5,-0.9999999999999999,0.0,4,-0.10292998413497212,0.0,1
block,dataset_model_seed_scenario,explanation,adult,hgb,quantize,4.0,pi,global_grouped_predictive_importance,cosine_instability,nondecreasing_with_severity,5,-0.8999999999999998,0.0,3,-0.11255896304133184,0.0,1
block,dataset_model_seed_scenario,explanation,adult,logreg,quantize,0.0,pi,global_grouped_predictive_importance,cosine_instability,nondecreasing_with_severity,5,-0.9999999999999999,0.0,4,-0.010426156228234396,0.0,1
block,dataset_model_seed_scenario,explanation,adult,logreg,quantize,1.0,pi,global_grouped_predictive_importance,cosine_instability,nondecreasing_with_severity,5,-0.8999999999999998,0.0,3,-0.008757526783731873,0.0,1
block,dataset_model_seed_scenario,explanation,adult,logreg,quantize,2.0,pi,global_grouped_predictive_importance,cosine_instability,nondecreasing_with_severity,5,-0.8999999999999998,0.0,3,-0.0031904237779677436,0.0,1
block,dataset_model_seed_scenario,explanation,adult,logreg,quantize,3.0,pi,global_grouped_predictive_importance,cosine_instability,nondecreasing_with_severity,5,-0.9999999999999999,0.0,4,-0.017707141685444405,0.0,1
block,dataset_model_seed_scenario,explanation,adult,logreg,quantize,4.0,pi,global_grouped_predictive_importance,cosine_instability,nondecreasing_with_severity,5,-0.9999999999999999,0.0,4,-0.008651034810044811,0.0,1
block,dataset_model_seed_scenario,explanation,adult,rf,quantize,0.0,pi,global_grouped_predictive_importance,cosine_instability,nondecreasing_with_severity,5,-0.8999999999999998,0.0,3,-0.04048798959743438,0.0,1
block,dataset_model_seed_scenario,explanation,adult,rf,quantize,1.0,pi,global_grouped_predictive_importance,cosine_instability,nondecreasing_with_severity,5,-0.9999999999999999,0.0,4,-0.030995793218084655,0.0,1
block,dataset_model_seed_scenario,explanation,adult,rf,quantize,2.0,pi,global_grouped_predictive_importance,cosine_instability,nondecreasing_with_severity,5,-0.9999999999999999,0.0,4,-0.023675649696231482,0.0,1
block,dataset_model_seed_scenario,explanation,adult,rf,quantize,3.0,pi,global_grouped_predictive_importance,cosine_instability,nondecreasing_with_severity,5,-0.8999999999999998,0.0,3,-0.06618387596737874,0.0,1
block,dataset_model_seed_scenario,explanation,adult,rf,quantize,4.0,pi,global_grouped_predictive_importance,cosine_instability,nondecreasing_with_severity,5,-0.8999999999999998,0.0,3,-0.055050352501159194,0.0,1
block,dataset_model_seed_scenario,explanation,bank-marketing,hgb,quantize,0.0,pi,global_grouped_predictive_importance,cosine_instability,nondecreasing_with_severity,5,-0.8999999999999998,0.0,3,-0.019207498773922027,0.0,1
block,dataset_model_seed_scenario,explanation,bank-marketing,hgb,quantize,1.0,pi,global_grouped_predictive_importance,cosine_instability,nondecreasing_with_severity,5,-0.9999999999999999,0.0,4,-0.03771623043010819,0.0,1
block,dataset_model_seed_scenario,explanation,bank-marketing,hgb,quantize,2.0,pi,global_grouped_predictive_importance,cosine_instability,nondecreasing_with_severity,5,-0.9999999999999999,0.0,4,-0.026579708622528564,0.0,1
block,dataset_model_seed_scenario,explanation,bank-marketing,hgb,quantize,3.0,pi,global_grouped_predictive_importance,cosine_instability,nondecreasing_with_severity,5,-0.9999999999999999,0.0,4,-0.17027991529255737,0.0,1
block,dataset_model_seed_scenario,explanation,bank-marketing,hgb,quantize,4.0,pi,global_grouped_predictive_importance,cosine_instability,nondecreasing_with_severity,5,-0.8999999999999998,0.0,3,-0.043415777488485796,0.0,1
block,dataset_model_seed_scenario,explanation,bank-marketing,logreg,quantize,0.0,pi,global_grouped_predictive_importance,cosine_instability,nondecreasing_with_severity,5,-0.9999999999999999,0.0,4,-0.017121064864291213,0.0,1
block,dataset_model_seed_scenario,explanation,bank-marketing,logreg,quantize,1.0,pi,global_grouped_predictive_importance,cosine_instability,nondecreasing_with_severity,5,-0.9999999999999999,0.0,4,-0.040283463195653235,0.0,1
block,dataset_model_seed_scenario,explanation,bank-marketing,logreg,quantize,2.0,pi,global_grouped_predictive_importance,cosine_instability,nondecreasing_with_severity,5,-0.9999999999999999,0.0,4,-0.012528547864669837,0.0,1
block,dataset_model_seed_scenario,explanation,bank-marketing,logreg,quantize,3.0,pi,global_grouped_predictive_importance,cosine_instability,nondecreasing_with_severity,5,-0.9999999999999999,0.0,4,-0.06853039403300476,0.0,1
block,dataset_model_seed_scenario,explanation,bank-marketing,logreg,quantize,4.0,pi,global_grouped_predictive_importance,cosine_instability,nondecreasing_with_severity,5,-0.9999999999999999,0.0,4,-0.00608331814716534,0.0,1
block,dataset_model_seed_scenario,explanation,bank-marketing,rf,quantize,0.0,pi,global_grouped_predictive_importance,cosine_instability,nondecreasing_with_severity,5,-0.9999999999999999,0.0,4,-0.007554505297227232,0.0,1
block,dataset_model_seed_scenario,explanation,bank-marketing,rf,quantize,1.0,pi,global_grouped_predictive_importance,cosine_instability,nondecreasing_with_severity,5,-0.9999999999999999,0.0,4,-0.06263835863735845,0.0,1
block,dataset_model_seed_scenario,explanation,bank-marketing,rf,quantize,2.0,pi,global_grouped_predictive_importance,cosine_instability,nondecreasing_with_severity,5,-0.9999999999999999,0.0,4,-0.06628056526851056,0.0,1
block,dataset_model_seed_scenario,explanation,bank-marketing,rf,quantize,3.0,pi,global_grouped_predictive_importance,cosine_instability,nondecreasing_with_severity,5,-0.8999999999999998,0.0,3,-0.07774386971237679,0.0,1
block,dataset_model_seed_scenario,explanation,bank-marketing,rf,quantize,4.0,pi,global_grouped_predictive_importance,cosine_instability,nondecreasing_with_severity,5,-0.9999999999999999,0.0,4,-0.014042791157033552,0.0,1
block,dataset_model_seed_scenario,explanation,electricity,hgb,quantize,0.0,pi,global_grouped_predictive_importance,cosine_instability,nondecreasing_with_severity,5,-0.8999999999999998,0.0,3,-0.02378018303287799,0.0,1
block,dataset_model_seed_scenario,explanation,electricity,hgb,quantize,1.0,pi,global_grouped_predictive_importance,cosine_instability,nondecreasing_with_severity,5,-0.9999999999999999,0.0,4,-0.03198589709458921,0.0,1
block,dataset_model_seed_scenario,explanation,electricity,hgb,quantize,2.0,pi,global_grouped_predictive_importance,cosine_instability,nondecreasing_with_severity,5,0.0,0.0,1,-0.024510244161637607,0.0,1
block,dataset_model_seed_scenario,explanation,electricity,hgb,quantize,3.0,pi,global_grouped_predictive_importance,cosine_instability,nondecreasing_with_severity,5,-0.7,0.0,3,-0.012020440600271631,0.0,1
block,dataset_model_seed_scenario,explanation,electricity,hgb,quantize,4.0,pi,global_grouped_predictive_importance,cosine_instability,nondecreasing_with_severity,5,-0.7,0.0,3,-0.041911559182993496,0.0,1
block,dataset_model_seed_scenario,explanation,electricity,logreg,quantize,0.0,pi,global_grouped_predictive_importance,cosine_instability,nondecreasing_with_severity,5,-0.9999999999999999,0.0,4,-0.14544076223192803,0.0,1
block,dataset_model_seed_scenario,explanation,electricity,logreg,quantize,1.0,pi,global_grouped_predictive_importance,cosine_instability,nondecreasing_with_severity,5,-0.9999999999999999,0.0,4,-0.09814955787974577,0.0,1
block,dataset_model_seed_scenario,explanation,electricity,logreg,quantize,2.0,pi,global_grouped_predictive_importance,cosine_instability,nondecreasing_with_severity,5,-0.9999999999999999,0.0,4,-0.033356754357698803,0.0,1
block,dataset_model_seed_scenario,explanation,electricity,logreg,quantize,3.0,pi,global_grouped_predictive_importance,cosine_instability,nondecreasing_with_severity,5,-0.9999999999999999,0.0,4,-0.1428007672914985,0.0,1
block,dataset_model_seed_scenario,explanation,electricity,logreg,quantize,4.0,pi,global_grouped_predictive_importance,cosine_instability,nondecreasing_with_severity,5,-0.9999999999999999,0.0,4,-0.10369508342962064,0.0,1
block,dataset_model_seed_scenario,explanation,electricity,rf,quantize,0.0,pi,global_grouped_predictive_importance,cosine_instability,nondecreasing_with_severity,5,-0.9999999999999999,0.0,4,-0.11444211056519538,0.0,1
block,dataset_model_seed_scenario,explanation,electricity,rf,quantize,1.0,pi,global_grouped_predictive_importance,cosine_instability,nondecreasing_with_severity,5,-0.9999999999999999,0.0,4,-0.09501502583704291,0.0,1
block,dataset_model_seed_scenario,explanation,electricity,rf,quantize,2.0,pi,global_grouped_predictive_importance,cosine_instability,nondecreasing_with_severity,5,-0.8999999999999998,0.0,3,-0.03458950826047391,0.0,1
block,dataset_model_seed_scenario,explanation,electricity,rf,quantize,3.0,pi,global_grouped_predictive_importance,cosine_instability,nondecreasing_with_severity,5,-0.9999999999999999,0.0,4,-0.08735573656672713,0.0,1
block,dataset_model_seed_scenario,explanation,electricity,rf,quantize,4.0,pi,global_grouped_predictive_importance,cosine_instability,nondecreasing_with_severity,5,-0.9999999999999999,0.0,4,-0.04825612157533632,0.0,1
block,dataset_model_seed_scenario,explanation,adult,hgb,gradual,0.0,pi,global_grouped_predictive_importance,top5_instability,nondecreasing_with_severity,5,0.28867513459481287,0.0,1,-0.20000000000000007,0.0,1
block,dataset_model_seed_scenario,explanation,adult,hgb,gradual,1.0,pi,global_grouped_predictive_importance,top5_instability,nondecreasing_with_severity,5,0.6324555320336759,0.0,1,-0.20000000000000007,0.0,1
block,dataset_model_seed_scenario,explanation,adult,hgb,gradual,2.0,pi,global_grouped_predictive_importance,top5_instability,nondecreasing_with_severity,5,0.4472135954999579,0.0,2,-0.20000000000000007,0.0,1
block,dataset_model_seed_scenario,explanation,adult,hgb,gradual,3.0,pi,global_grouped_predictive_importance,top5_instability,nondecreasing_with_severity,5,0.15811388300841897,0.0,1,-0.4,0.0,1
block,dataset_model_seed_scenario,explanation,adult,hgb,gradual,4.0,pi,global_grouped_predictive_importance,top5_instability,nondecreasing_with_severity,5,0.9486832980505137,1.0,0,0.0,1.0,1
block,dataset_model_seed_scenario,explanation,adult,logreg,gradual,0.0,pi,global_grouped_predictive_importance,top5_instability,nondecreasing_with_severity,5,0.5773502691896257,0.0,1,-0.19999999999999996,0.0,1
block,dataset_model_seed_scenario,explanation,adult,logreg,gradual,1.0,pi,global_grouped_predictive_importance,top5_instability,nondecreasing_with_severity,5,0.8660254037844386,1.0,0,0.0,1.0,1
block,dataset_model_seed_scenario,explanation,adult,logreg,gradual,2.0,pi,global_grouped_predictive_importance,top5_instability,nondecreasing_with_severity,5,0.8660254037844386,1.0,0,0.0,1.0,1
block,dataset_model_seed_scenario,explanation,adult,logreg,gradual,3.0,pi,global_grouped_predictive_importance,top5_instability,nondecreasing_with_severity,5,,1.0,0,0.0,1.0,1
block,dataset_model_seed_scenario,explanation,adult,logreg,gradual,4.0,pi,global_grouped_predictive_importance,top5_instability,nondecreasing_with_severity,5,0.8660254037844386,1.0,0,0.0,1.0,1
block,dataset_model_seed_scenario,explanation,adult,rf,gradual,0.0,pi,global_grouped_predictive_importance,top5_instability,nondecreasing_with_severity,5,0.9486832980505137,1.0,0,0.0,1.0,1
block,dataset_model_seed_scenario,explanation,adult,rf,gradual,1.0,pi,global_grouped_predictive_importance,top5_instability,nondecreasing_with_severity,5,0.8660254037844386,1.0,0,0.0,1.0,1
block,dataset_model_seed_scenario,explanation,adult,rf,gradual,2.0,pi,global_grouped_predictive_importance,top5_instability,nondecreasing_with_severity,5,0.9486832980505137,1.0,0,0.0,1.0,1
block,dataset_model_seed_scenario,explanation,adult,rf,gradual,3.0,pi,global_grouped_predictive_importance,top5_instability,nondecreasing_with_severity,5,0.9746794344808963,1.0,0,0.0,1.0,1
block,dataset_model_seed_scenario,explanation,adult,rf,gradual,4.0,pi,global_grouped_predictive_importance,top5_instability,nondecreasing_with_severity,5,0.8660254037844386,1.0,0,0.0,1.0,1
block,dataset_model_seed_scenario,explanation,bank-marketing,hgb,gradual,0.0,pi,global_grouped_predictive_importance,top5_instability,nondecreasing_with_severity,5,,1.0,0,0.0,1.0,1
block,dataset_model_seed_scenario,explanation,bank-marketing,hgb,gradual,1.0,pi,global_grouped_predictive_importance,top5_instability,nondecreasing_with_severity,5,,1.0,0,0.0,1.0,1
block,dataset_model_seed_scenario,explanation,bank-marketing,hgb,gradual,2.0,pi,global_grouped_predictive_importance,top5_instability,nondecreasing_with_severity,5,,1.0,0,0.0,1.0,1
block,dataset_model_seed_scenario,explanation,bank-marketing,hgb,gradual,3.0,pi,global_grouped_predictive_importance,top5_instability,nondecreasing_with_severity,5,0.7071067811865475,1.0,0,0.0,1.0,1
block,dataset_model_seed_scenario,explanation,bank-marketing,hgb,gradual,4.0,pi,global_grouped_predictive_importance,top5_instability,nondecreasing_with_severity,5,,1.0,0,0.0,1.0,1
block,dataset_model_seed_scenario,explanation,bank-marketing,logreg,gradual,0.0,pi,global_grouped_predictive_importance,top5_instability,nondecreasing_with_severity,5,,1.0,0,0.0,1.0,1
block,dataset_model_seed_scenario,explanation,bank-marketing,logreg,gradual,1.0,pi,global_grouped_predictive_importance,top5_instability,nondecreasing_with_severity,5,,1.0,0,0.0,1.0,1
block,dataset_model_seed_scenario,explanation,bank-marketing,logreg,gradual,2.0,pi,global_grouped_predictive_importance,top5_instability,nondecreasing_with_severity,5,,1.0,0,0.0,1.0,1
block,dataset_model_seed_scenario,explanation,bank-marketing,logreg,gradual,3.0,pi,global_grouped_predictive_importance,top5_instability,nondecreasing_with_severity,5,,1.0,0,0.0,1.0,1
block,dataset_model_seed_scenario,explanation,bank-marketing,logreg,gradual,4.0,pi,global_grouped_predictive_importance,top5_instability,nondecreasing_with_severity,5,0.7071067811865475,1.0,0,0.0,1.0,1
block,dataset_model_seed_scenario,explanation,bank-marketing,rf,gradual,0.0,pi,global_grouped_predictive_importance,top5_instability,nondecreasing_with_severity,5,,1.0,0,0.0,1.0,1
block,dataset_model_seed_scenario,explanation,bank-marketing,rf,gradual,1.0,pi,global_grouped_predictive_importance,top5_instability,nondecreasing_with_severity,5,,1.0,0,0.0,1.0,1
block,dataset_model_seed_scenario,explanation,bank-marketing,rf,gradual,2.0,pi,global_grouped_predictive_importance,top5_instability,nondecreasing_with_severity,5,0.7071067811865475,1.0,0,0.0,1.0,1
block,dataset_model_seed_scenario,explanation,bank-marketing,rf,gradual,3.0,pi,global_grouped_predictive_importance,top5_instability,nondecreasing_with_severity,5,0.0,0.0,2,-0.19999999999999996,0.0,1
block,dataset_model_seed_scenario,explanation,bank-marketing,rf,gradual,4.0,pi,global_grouped_predictive_importance,top5_instability,nondecreasing_with_severity,5,,1.0,0,0.0,1.0,1
block,dataset_model_seed_scenario,explanation,electricity,hgb,gradual,0.0,pi,global_grouped_predictive_importance,top5_instability,nondecreasing_with_severity,5,0.8660254037844386,1.0,0,0.0,1.0,1
block,dataset_model_seed_scenario,explanation,electricity,hgb,gradual,1.0,pi,global_grouped_predictive_importance,top5_instability,nondecreasing_with_severity,5,0.7071067811865475,1.0,0,0.0,1.0,1
block,dataset_model_seed_scenario,explanation,electricity,hgb,gradual,2.0,pi,global_grouped_predictive_importance,top5_instability,nondecreasing_with_severity,5,-0.35355339059327373,0.0,1,-0.20000000000000007,0.0,1
block,dataset_model_seed_scenario,explanation,electricity,hgb,gradual,3.0,pi,global_grouped_predictive_importance,top5_instability,nondecreasing_with_severity,5,-0.28867513459481287,0.0,1,-0.19999999999999996,0.0,1
block,dataset_model_seed_scenario,explanation,electricity,hgb,gradual,4.0,pi,global_grouped_predictive_importance,top5_instability,nondecreasing_with_severity,5,0.7071067811865475,1.0,0,0.0,1.0,1
block,dataset_model_seed_scenario,explanation,electricity,logreg,gradual,0.0,pi,global_grouped_predictive_importance,top5_instability,nondecreasing_with_severity,5,,1.0,0,0.0,1.0,1
block,dataset_model_seed_scenario,explanation,electricity,logreg,gradual,1.0,pi,global_grouped_predictive_importance,top5_instability,nondecreasing_with_severity,5,0.7071067811865475,1.0,0,0.0,1.0,1
block,dataset_model_seed_scenario,explanation,electricity,logreg,gradual,2.0,pi,global_grouped_predictive_importance,top5_instability,nondecreasing_with_severity,5,,1.0,0,0.0,1.0,1
block,dataset_model_seed_scenario,explanation,electricity,logreg,gradual,3.0,pi,global_grouped_predictive_importance,top5_instability,nondecreasing_with_severity,5,,1.0,0,0.0,1.0,1
block,dataset_model_seed_scenario,explanation,electricity,logreg,gradual,4.0,pi,global_grouped_predictive_importance,top5_instability,nondecreasing_with_severity,5,,1.0,0,0.0,1.0,1
block,dataset_model_seed_scenario,explanation,electricity,rf,gradual,0.0,pi,global_grouped_predictive_importance,top5_instability,nondecreasing_with_severity,5,0.7071067811865475,1.0,0,0.0,1.0,1
block,dataset_model_seed_scenario,explanation,electricity,rf,gradual,1.0,pi,global_grouped_predictive_importance,top5_instability,nondecreasing_with_severity,5,0.8660254037844386,1.0,0,0.0,1.0,1
block,dataset_model_seed_scenario,explanation,electricity,rf,gradual,2.0,pi,global_grouped_predictive_importance,top5_instability,nondecreasing_with_severity,5,0.7071067811865475,1.0,0,0.0,1.0,1
block,dataset_model_seed_scenario,explanation,electricity,rf,gradual,3.0,pi,global_grouped_predictive_importance,top5_instability,nondecreasing_with_severity,5,-0.28867513459481287,0.0,1,-0.20000000000000007,0.0,1
block,dataset_model_seed_scenario,explanation,electricity,rf,gradual,4.0,pi,global_grouped_predictive_importance,top5_instability,nondecreasing_with_severity,5,0.8660254037844386,1.0,0,0.0,1.0,1
block,dataset_model_seed_scenario,explanation,adult,hgb,mean_shift,0.0,pi,global_grouped_predictive_importance,top5_instability,nondecreasing_with_severity,5,0.7826237921249264,0.0,1,-0.19999999999999996,0.0,1
block,dataset_model_seed_scenario,explanation,adult,hgb,mean_shift,1.0,pi,global_grouped_predictive_importance,top5_instability,nondecreasing_with_severity,5,0.8660254037844386,1.0,0,0.0,1.0,1
block,dataset_model_seed_scenario,explanation,adult,hgb,mean_shift,2.0,pi,global_grouped_predictive_importance,top5_instability,nondecreasing_with_severity,5,0.7826237921249264,0.0,1,-0.19999999999999996,0.0,1
block,dataset_model_seed_scenario,explanation,adult,hgb,mean_shift,3.0,pi,global_grouped_predictive_importance,top5_instability,nondecreasing_with_severity,5,0.0,0.0,1,-0.19999999999999996,0.0,1
block,dataset_model_seed_scenario,explanation,adult,hgb,mean_shift,4.0,pi,global_grouped_predictive_importance,top5_instability,nondecreasing_with_severity,5,0.8944271909999159,1.0,0,0.0,1.0,1
block,dataset_model_seed_scenario,explanation,adult,logreg,mean_shift,0.0,pi,global_grouped_predictive_importance,top5_instability,nondecreasing_with_severity,5,,1.0,0,0.0,1.0,1
block,dataset_model_seed_scenario,explanation,adult,logreg,mean_shift,1.0,pi,global_grouped_predictive_importance,top5_instability,nondecreasing_with_severity,5,,1.0,0,0.0,1.0,1
block,dataset_model_seed_scenario,explanation,adult,logreg,mean_shift,2.0,pi,global_grouped_predictive_importance,top5_instability,nondecreasing_with_severity,5,,1.0,0,0.0,1.0,1
block,dataset_model_seed_scenario,explanation,adult,logreg,mean_shift,3.0,pi,global_grouped_predictive_importance,top5_instability,nondecreasing_with_severity,5,,1.0,0,0.0,1.0,1
block,dataset_model_seed_scenario,explanation,adult,logreg,mean_shift,4.0,pi,global_grouped_predictive_importance,top5_instability,nondecreasing_with_severity,5,,1.0,0,0.0,1.0,1
block,dataset_model_seed_scenario,explanation,adult,rf,mean_shift,0.0,pi,global_grouped_predictive_importance,top5_instability,nondecreasing_with_severity,5,0.9746794344808963,1.0,0,0.0,1.0,1
block,dataset_model_seed_scenario,explanation,adult,rf,mean_shift,1.0,pi,global_grouped_predictive_importance,top5_instability,nondecreasing_with_severity,5,0.8660254037844386,1.0,0,0.0,1.0,1
block,dataset_model_seed_scenario,explanation,adult,rf,mean_shift,2.0,pi,global_grouped_predictive_importance,top5_instability,nondecreasing_with_severity,5,0.8944271909999159,1.0,0,0.0,1.0,1
block,dataset_model_seed_scenario,explanation,adult,rf,mean_shift,3.0,pi,global_grouped_predictive_importance,top5_instability,nondecreasing_with_severity,5,0.8944271909999159,1.0,0,0.0,1.0,1
block,dataset_model_seed_scenario,explanation,adult,rf,mean_shift,4.0,pi,global_grouped_predictive_importance,top5_instability,nondecreasing_with_severity,5,0.8660254037844386,1.0,0,0.0,1.0,1
block,dataset_model_seed_scenario,explanation,bank-marketing,hgb,mean_shift,0.0,pi,global_grouped_predictive_importance,top5_instability,nondecreasing_with_severity,5,0.7071067811865475,1.0,0,0.0,1.0,1
block,dataset_model_seed_scenario,explanation,bank-marketing,hgb,mean_shift,1.0,pi,global_grouped_predictive_importance,top5_instability,nondecreasing_with_severity,5,0.7071067811865475,1.0,0,0.0,1.0,1
block,dataset_model_seed_scenario,explanation,bank-marketing,hgb,mean_shift,2.0,pi,global_grouped_predictive_importance,top5_instability,nondecreasing_with_severity,5,0.7071067811865475,1.0,0,0.0,1.0,1
block,dataset_model_seed_scenario,explanation,bank-marketing,hgb,mean_shift,3.0,pi,global_grouped_predictive_importance,top5_instability,nondecreasing_with_severity,5,0.7071067811865475,1.0,0,0.0,1.0,1
block,dataset_model_seed_scenario,explanation,bank-marketing,hgb,mean_shift,4.0,pi,global_grouped_predictive_importance,top5_instability,nondecreasing_with_severity,5,0.7071067811865475,1.0,0,0.0,1.0,1
block,dataset_model_seed_scenario,explanation,bank-marketing,logreg,mean_shift,0.0,pi,global_grouped_predictive_importance,top5_instability,nondecreasing_with_severity,5,,1.0,0,0.0,1.0,1
block,dataset_model_seed_scenario,explanation,bank-marketing,logreg,mean_shift,1.0,pi,global_grouped_predictive_importance,top5_instability,nondecreasing_with_severity,5,,1.0,0,0.0,1.0,1
block,dataset_model_seed_scenario,explanation,bank-marketing,logreg,mean_shift,2.0,pi,global_grouped_predictive_importance,top5_instability,nondecreasing_with_severity,5,,1.0,0,0.0,1.0,1
block,dataset_model_seed_scenario,explanation,bank-marketing,logreg,mean_shift,3.0,pi,global_grouped_predictive_importance,top5_instability,nondecreasing_with_severity,5,,1.0,0,0.0,1.0,1
block,dataset_model_seed_scenario,explanation,bank-marketing,logreg,mean_shift,4.0,pi,global_grouped_predictive_importance,top5_instability,nondecreasing_with_severity,5,,1.0,0,0.0,1.0,1
block,dataset_model_seed_scenario,explanation,bank-marketing,rf,mean_shift,0.0,pi,global_grouped_predictive_importance,top5_instability,nondecreasing_with_severity,5,,1.0,0,0.0,1.0,1
block,dataset_model_seed_scenario,explanation,bank-marketing,rf,mean_shift,1.0,pi,global_grouped_predictive_importance,top5_instability,nondecreasing_with_severity,5,,1.0,0,0.0,1.0,1
block,dataset_model_seed_scenario,explanation,bank-marketing,rf,mean_shift,2.0,pi,global_grouped_predictive_importance,top5_instability,nondecreasing_with_severity,5,0.7071067811865475,1.0,0,0.0,1.0,1
block,dataset_model_seed_scenario,explanation,bank-marketing,rf,mean_shift,3.0,pi,global_grouped_predictive_importance,top5_instability,nondecreasing_with_severity,5,0.6708203932499368,0.0,1,-0.19999999999999996,0.0,1
block,dataset_model_seed_scenario,explanation,bank-marketing,rf,mean_shift,4.0,pi,global_grouped_predictive_importance,top5_instability,nondecreasing_with_severity,5,,1.0,0,0.0,1.0,1
block,dataset_model_seed_scenario,explanation,electricity,hgb,mean_shift,0.0,pi,global_grouped_predictive_importance,top5_instability,nondecreasing_with_severity,5,0.5773502691896257,0.0,1,-0.20000000000000007,0.0,1
block,dataset_model_seed_scenario,explanation,electricity,hgb,mean_shift,1.0,pi,global_grouped_predictive_importance,top5_instability,nondecreasing_with_severity,5,,1.0,0,0.0,1.0,1
block,dataset_model_seed_scenario,explanation,electricity,hgb,mean_shift,2.0,pi,global_grouped_predictive_importance,top5_instability,nondecreasing_with_severity,5,-0.35355339059327373,0.0,1,-0.20000000000000007,0.0,1
block,dataset_model_seed_scenario,explanation,electricity,hgb,mean_shift,3.0,pi,global_grouped_predictive_importance,top5_instability,nondecreasing_with_severity,5,-0.8660254037844386,0.0,1,-0.19999999999999996,0.0,1
block,dataset_model_seed_scenario,explanation,electricity,hgb,mean_shift,4.0,pi,global_grouped_predictive_importance,top5_instability,nondecreasing_with_severity,5,0.35355339059327373,0.0,1,-0.19999999999999996,0.0,1
block,dataset_model_seed_scenario,explanation,electricity,logreg,mean_shift,0.0,pi,global_grouped_predictive_importance,top5_instability,nondecreasing_with_severity,5,,1.0,0,0.0,1.0,1
block,dataset_model_seed_scenario,explanation,electricity,logreg,mean_shift,1.0,pi,global_grouped_predictive_importance,top5_instability,nondecreasing_with_severity,5,,1.0,0,0.0,1.0,1
block,dataset_model_seed_scenario,explanation,electricity,logreg,mean_shift,2.0,pi,global_grouped_predictive_importance,top5_instability,nondecreasing_with_severity,5,,1.0,0,0.0,1.0,1
block,dataset_model_seed_scenario,explanation,electricity,logreg,mean_shift,3.0,pi,global_grouped_predictive_importance,top5_instability,nondecreasing_with_severity,5,,1.0,0,0.0,1.0,1
block,dataset_model_seed_scenario,explanation,electricity,logreg,mean_shift,4.0,pi,global_grouped_predictive_importance,top5_instability,nondecreasing_with_severity,5,,1.0,0,0.0,1.0,1
block,dataset_model_seed_scenario,explanation,electricity,rf,mean_shift,0.0,pi,global_grouped_predictive_importance,top5_instability,nondecreasing_with_severity,5,0.8944271909999159,1.0,0,0.0,1.0,1
block,dataset_model_seed_scenario,explanation,electricity,rf,mean_shift,1.0,pi,global_grouped_predictive_importance,top5_instability,nondecreasing_with_severity,5,0.8660254037844386,1.0,0,0.0,1.0,1
block,dataset_model_seed_scenario,explanation,electricity,rf,mean_shift,2.0,pi,global_grouped_predictive_importance,top5_instability,nondecreasing_with_severity,5,0.7071067811865475,1.0,0,0.0,1.0,1
block,dataset_model_seed_scenario,explanation,electricity,rf,mean_shift,3.0,pi,global_grouped_predictive_importance,top5_instability,nondecreasing_with_severity,5,0.8660254037844386,1.0,0,0.0,1.0,1
block,dataset_model_seed_scenario,explanation,electricity,rf,mean_shift,4.0,pi,global_grouped_predictive_importance,top5_instability,nondecreasing_with_severity,5,0.8660254037844386,1.0,0,0.0,1.0,1
block,dataset_model_seed_scenario,explanation,adult,hgb,missing,0.0,pi,global_grouped_predictive_importance,top5_instability,nondecreasing_with_severity,5,0.7071067811865475,1.0,0,0.0,1.0,1
block,dataset_model_seed_scenario,explanation,adult,hgb,missing,1.0,pi,global_grouped_predictive_importance,top5_instability,nondecreasing_with_severity,5,,1.0,0,0.0,1.0,1
block,dataset_model_seed_scenario,explanation,adult,hgb,missing,2.0,pi,global_grouped_predictive_importance,top5_instability,nondecreasing_with_severity,5,,1.0,0,0.0,1.0,1
block,dataset_model_seed_scenario,explanation,adult,hgb,missing,3.0,pi,global_grouped_predictive_importance,top5_instability,nondecreasing_with_severity,5,0.8660254037844386,1.0,0,0.0,1.0,1
block,dataset_model_seed_scenario,explanation,adult,hgb,missing,4.0,pi,global_grouped_predictive_importance,top5_instability,nondecreasing_with_severity,5,0.8660254037844386,1.0,0,0.0,1.0,1
block,dataset_model_seed_scenario,explanation,adult,logreg,missing,0.0,pi,global_grouped_predictive_importance,top5_instability,nondecreasing_with_severity,5,0.7071067811865475,1.0,0,0.0,1.0,1
block,dataset_model_seed_scenario,explanation,adult,logreg,missing,1.0,pi,global_grouped_predictive_importance,top5_instability,nondecreasing_with_severity,5,0.7071067811865475,1.0,0,0.0,1.0,1
block,dataset_model_seed_scenario,explanation,adult,logreg,missing,2.0,pi,global_grouped_predictive_importance,top5_instability,nondecreasing_with_severity,5,,1.0,0,0.0,1.0,1
block,dataset_model_seed_scenario,explanation,adult,logreg,missing,3.0,pi,global_grouped_predictive_importance,top5_instability,nondecreasing_with_severity,5,0.8660254037844386,1.0,0,0.0,1.0,1
block,dataset_model_seed_scenario,explanation,adult,logreg,missing,4.0,pi,global_grouped_predictive_importance,top5_instability,nondecreasing_with_severity,5,0.35355339059327373,0.0,1,-0.19999999999999996,0.0,1
block,dataset_model_seed_scenario,explanation,adult,rf,missing,0.0,pi,global_grouped_predictive_importance,top5_instability,nondecreasing_with_severity,5,0.9486832980505137,1.0,0,0.0,1.0,1
block,dataset_model_seed_scenario,explanation,adult,rf,missing,1.0,pi,global_grouped_predictive_importance,top5_instability,nondecreasing_with_severity,5,0.28867513459481287,0.0,1,-0.19999999999999996,0.0,1
block,dataset_model_seed_scenario,explanation,adult,rf,missing,2.0,pi,global_grouped_predictive_importance,top5_instability,nondecreasing_with_severity,5,0.8944271909999159,1.0,0,0.0,1.0,1
block,dataset_model_seed_scenario,explanation,adult,rf,missing,3.0,pi,global_grouped_predictive_importance,top5_instability,nondecreasing_with_severity,5,0.8944271909999159,1.0,0,0.0,1.0,1
block,dataset_model_seed_scenario,explanation,adult,rf,missing,4.0,pi,global_grouped_predictive_importance,top5_instability,nondecreasing_with_severity,5,0.8944271909999159,1.0,0,0.0,1.0,1
block,dataset_model_seed_scenario,explanation,bank-marketing,hgb,missing,0.0,pi,global_grouped_predictive_importance,top5_instability,nondecreasing_with_severity,5,0.0,0.0,2,-0.19999999999999996,0.0,1
block,dataset_model_seed_scenario,explanation,bank-marketing,hgb,missing,1.0,pi,global_grouped_predictive_importance,top5_instability,nondecreasing_with_severity,5,0.8660254037844386,1.0,0,0.0,1.0,1
block,dataset_model_seed_scenario,explanation,bank-marketing,hgb,missing,2.0,pi,global_grouped_predictive_importance,top5_instability,nondecreasing_with_severity,5,0.28867513459481287,0.0,1,-0.19999999999999996,0.0,1
block,dataset_model_seed_scenario,explanation,bank-marketing,hgb,missing,3.0,pi,global_grouped_predictive_importance,top5_instability,nondecreasing_with_severity,5,0.28867513459481287,0.0,1,-0.19999999999999996,0.0,1
block,dataset_model_seed_scenario,explanation,bank-marketing,hgb,missing,4.0,pi,global_grouped_predictive_importance,top5_instability,nondecreasing_with_severity,5,0.7071067811865475,1.0,0,0.0,1.0,1
block,dataset_model_seed_scenario,explanation,bank-marketing,logreg,missing,0.0,pi,global_grouped_predictive_importance,top5_instability,nondecreasing_with_severity,5,0.28867513459481287,0.0,1,-0.19999999999999996,0.0,1
block,dataset_model_seed_scenario,explanation,bank-marketing,logreg,missing,1.0,pi,global_grouped_predictive_importance,top5_instability,nondecreasing_with_severity,5,,1.0,0,0.0,1.0,1
block,dataset_model_seed_scenario,explanation,bank-marketing,logreg,missing,2.0,pi,global_grouped_predictive_importance,top5_instability,nondecreasing_with_severity,5,,1.0,0,0.0,1.0,1
block,dataset_model_seed_scenario,explanation,bank-marketing,logreg,missing,3.0,pi,global_grouped_predictive_importance,top5_instability,nondecreasing_with_severity,5,,1.0,0,0.0,1.0,1
block,dataset_model_seed_scenario,explanation,bank-marketing,logreg,missing,4.0,pi,global_grouped_predictive_importance,top5_instability,nondecreasing_with_severity,5,0.5773502691896257,0.0,1,-0.19999999999999996,0.0,1
block,dataset_model_seed_scenario,explanation,bank-marketing,rf,missing,0.0,pi,global_grouped_predictive_importance,top5_instability,nondecreasing_with_severity,5,0.0,0.0,1,-0.19999999999999996,0.0,1
block,dataset_model_seed_scenario,explanation,bank-marketing,rf,missing,1.0,pi,global_grouped_predictive_importance,top5_instability,nondecreasing_with_severity,5,,1.0,0,0.0,1.0,1
block,dataset_model_seed_scenario,explanation,bank-marketing,rf,missing,2.0,pi,global_grouped_predictive_importance,top5_instability,nondecreasing_with_severity,5,,1.0,0,0.0,1.0,1
block,dataset_model_seed_scenario,explanation,bank-marketing,rf,missing,3.0,pi,global_grouped_predictive_importance,top5_instability,nondecreasing_with_severity,5,,1.0,0,0.0,1.0,1
block,dataset_model_seed_scenario,explanation,bank-marketing,rf,missing,4.0,pi,global_grouped_predictive_importance,top5_instability,nondecreasing_with_severity,5,,1.0,0,0.0,1.0,1
block,dataset_model_seed_scenario,explanation,electricity,hgb,missing,0.0,pi,global_grouped_predictive_importance,top5_instability,nondecreasing_with_severity,5,,1.0,0,0.0,1.0,1
block,dataset_model_seed_scenario,explanation,electricity,hgb,missing,1.0,pi,global_grouped_predictive_importance,top5_instability,nondecreasing_with_severity,5,0.7071067811865475,1.0,0,0.0,1.0,1
block,dataset_model_seed_scenario,explanation,electricity,hgb,missing,2.0,pi,global_grouped_predictive_importance,top5_instability,nondecreasing_with_severity,5,0.7071067811865475,1.0,0,0.0,1.0,1
block,dataset_model_seed_scenario,explanation,electricity,hgb,missing,3.0,pi,global_grouped_predictive_importance,top5_instability,nondecreasing_with_severity,5,,1.0,0,0.0,1.0,1
block,dataset_model_seed_scenario,explanation,electricity,hgb,missing,4.0,pi,global_grouped_predictive_importance,top5_instability,nondecreasing_with_severity,5,,1.0,0,0.0,1.0,1
block,dataset_model_seed_scenario,explanation,electricity,logreg,missing,0.0,pi,global_grouped_predictive_importance,top5_instability,nondecreasing_with_severity,5,,1.0,0,0.0,1.0,1
block,dataset_model_seed_scenario,explanation,electricity,logreg,missing,1.0,pi,global_grouped_predictive_importance,top5_instability,nondecreasing_with_severity,5,-0.8660254037844386,0.0,1,-0.19999999999999996,0.0,1
block,dataset_model_seed_scenario,explanation,electricity,logreg,missing,2.0,pi,global_grouped_predictive_importance,top5_instability,nondecreasing_with_severity,5,0.5773502691896257,0.0,1,-0.19999999999999996,0.0,1
block,dataset_model_seed_scenario,explanation,electricity,logreg,missing,3.0,pi,global_grouped_predictive_importance,top5_instability,nondecreasing_with_severity,5,0.28867513459481287,0.0,1,-0.19999999999999996,0.0,1
block,dataset_model_seed_scenario,explanation,electricity,logreg,missing,4.0,pi,global_grouped_predictive_importance,top5_instability,nondecreasing_with_severity,5,0.28867513459481287,0.0,1,-0.19999999999999996,0.0,1
block,dataset_model_seed_scenario,explanation,electricity,rf,missing,0.0,pi,global_grouped_predictive_importance,top5_instability,nondecreasing_with_severity,5,0.8660254037844386,1.0,0,0.0,1.0,1
block,dataset_model_seed_scenario,explanation,electricity,rf,missing,1.0,pi,global_grouped_predictive_importance,top5_instability,nondecreasing_with_severity,5,0.7071067811865475,1.0,0,0.0,1.0,1
block,dataset_model_seed_scenario,explanation,electricity,rf,missing,2.0,pi,global_grouped_predictive_importance,top5_instability,nondecreasing_with_severity,5,0.8660254037844386,1.0,0,0.0,1.0,1
block,dataset_model_seed_scenario,explanation,electricity,rf,missing,3.0,pi,global_grouped_predictive_importance,top5_instability,nondecreasing_with_severity,5,,1.0,0,0.0,1.0,1
block,dataset_model_seed_scenario,explanation,electricity,rf,missing,4.0,pi,global_grouped_predictive_importance,top5_instability,nondecreasing_with_severity,5,,1.0,0,0.0,1.0,1
block,dataset_model_seed_scenario,explanation,adult,hgb,noise,0.0,pi,global_grouped_predictive_importance,top5_instability,nondecreasing_with_severity,5,0.7071067811865475,1.0,0,0.0,1.0,1
block,dataset_model_seed_scenario,explanation,adult,hgb,noise,1.0,pi,global_grouped_predictive_importance,top5_instability,nondecreasing_with_severity,5,0.0,0.0,1,-0.19999999999999996,0.0,1
block,dataset_model_seed_scenario,explanation,adult,hgb,noise,2.0,pi,global_grouped_predictive_importance,top5_instability,nondecreasing_with_severity,5,0.7071067811865475,1.0,0,0.0,1.0,1
block,dataset_model_seed_scenario,explanation,adult,hgb,noise,3.0,pi,global_grouped_predictive_importance,top5_instability,nondecreasing_with_severity,5,0.7071067811865475,1.0,0,0.0,1.0,1
block,dataset_model_seed_scenario,explanation,adult,hgb,noise,4.0,pi,global_grouped_predictive_importance,top5_instability,nondecreasing_with_severity,5,,1.0,0,0.0,1.0,1
block,dataset_model_seed_scenario,explanation,adult,logreg,noise,0.0,pi,global_grouped_predictive_importance,top5_instability,nondecreasing_with_severity,5,,1.0,0,0.0,1.0,1
block,dataset_model_seed_scenario,explanation,adult,logreg,noise,1.0,pi,global_grouped_predictive_importance,top5_instability,nondecreasing_with_severity,5,,1.0,0,0.0,1.0,1
block,dataset_model_seed_scenario,explanation,adult,logreg,noise,2.0,pi,global_grouped_predictive_importance,top5_instability,nondecreasing_with_severity,5,0.8660254037844386,1.0,0,0.0,1.0,1
block,dataset_model_seed_scenario,explanation,adult,logreg,noise,3.0,pi,global_grouped_predictive_importance,top5_instability,nondecreasing_with_severity,5,,1.0,0,0.0,1.0,1
block,dataset_model_seed_scenario,explanation,adult,logreg,noise,4.0,pi,global_grouped_predictive_importance,top5_instability,nondecreasing_with_severity,5,0.28867513459481287,0.0,1,-0.19999999999999996,0.0,1
block,dataset_model_seed_scenario,explanation,adult,rf,noise,0.0,pi,global_grouped_predictive_importance,top5_instability,nondecreasing_with_severity,5,0.9486832980505137,1.0,0,0.0,1.0,1
block,dataset_model_seed_scenario,explanation,adult,rf,noise,1.0,pi,global_grouped_predictive_importance,top5_instability,nondecreasing_with_severity,5,0.8660254037844386,1.0,0,0.0,1.0,1
block,dataset_model_seed_scenario,explanation,adult,rf,noise,2.0,pi,global_grouped_predictive_importance,top5_instability,nondecreasing_with_severity,5,0.7071067811865475,1.0,0,0.0,1.0,1
block,dataset_model_seed_scenario,explanation,adult,rf,noise,3.0,pi,global_grouped_predictive_importance,top5_instability,nondecreasing_with_severity,5,0.6708203932499368,0.0,1,-0.20000000000000007,0.0,1
block,dataset_model_seed_scenario,explanation,adult,rf,noise,4.0,pi,global_grouped_predictive_importance,top5_instability,nondecreasing_with_severity,5,0.8660254037844386,1.0,0,0.0,1.0,1
block,dataset_model_seed_scenario,explanation,bank-marketing,hgb,noise,0.0,pi,global_grouped_predictive_importance,top5_instability,nondecreasing_with_severity,5,0.7071067811865475,1.0,0,0.0,1.0,1
block,dataset_model_seed_scenario,explanation,bank-marketing,hgb,noise,1.0,pi,global_grouped_predictive_importance,top5_instability,nondecreasing_with_severity,5,0.6708203932499368,0.0,1,-0.20000000000000007,0.0,1
block,dataset_model_seed_scenario,explanation,bank-marketing,hgb,noise,2.0,pi,global_grouped_predictive_importance,top5_instability,nondecreasing_with_severity,5,0.7071067811865475,1.0,0,0.0,1.0,1
block,dataset_model_seed_scenario,explanation,bank-marketing,hgb,noise,3.0,pi,global_grouped_predictive_importance,top5_instability,nondecreasing_with_severity,5,0.6708203932499368,0.0,1,-0.20000000000000007,0.0,1
block,dataset_model_seed_scenario,explanation,bank-marketing,hgb,noise,4.0,pi,global_grouped_predictive_importance,top5_instability,nondecreasing_with_severity,5,0.8660254037844386,1.0,0,0.0,1.0,1
block,dataset_model_seed_scenario,explanation,bank-marketing,logreg,noise,0.0,pi,global_grouped_predictive_importance,top5_instability,nondecreasing_with_severity,5,,1.0,0,0.0,1.0,1
block,dataset_model_seed_scenario,explanation,bank-marketing,logreg,noise,1.0,pi,global_grouped_predictive_importance,top5_instability,nondecreasing_with_severity,5,,1.0,0,0.0,1.0,1
block,dataset_model_seed_scenario,explanation,bank-marketing,logreg,noise,2.0,pi,global_grouped_predictive_importance,top5_instability,nondecreasing_with_severity,5,,1.0,0,0.0,1.0,1
block,dataset_model_seed_scenario,explanation,bank-marketing,logreg,noise,3.0,pi,global_grouped_predictive_importance,top5_instability,nondecreasing_with_severity,5,,1.0,0,0.0,1.0,1
block,dataset_model_seed_scenario,explanation,bank-marketing,logreg,noise,4.0,pi,global_grouped_predictive_importance,top5_instability,nondecreasing_with_severity,5,0.8660254037844386,1.0,0,0.0,1.0,1
block,dataset_model_seed_scenario,explanation,bank-marketing,rf,noise,0.0,pi,global_grouped_predictive_importance,top5_instability,nondecreasing_with_severity,5,-0.28867513459481287,0.0,1,-0.19999999999999996,0.0,1
block,dataset_model_seed_scenario,explanation,bank-marketing,rf,noise,1.0,pi,global_grouped_predictive_importance,top5_instability,nondecreasing_with_severity,5,0.7071067811865475,1.0,0,0.0,1.0,1
block,dataset_model_seed_scenario,explanation,bank-marketing,rf,noise,2.0,pi,global_grouped_predictive_importance,top5_instability,nondecreasing_with_severity,5,,1.0,0,0.0,1.0,1
block,dataset_model_seed_scenario,explanation,bank-marketing,rf,noise,3.0,pi,global_grouped_predictive_importance,top5_instability,nondecreasing_with_severity,5,,1.0,0,0.0,1.0,1
block,dataset_model_seed_scenario,explanation,bank-marketing,rf,noise,4.0,pi,global_grouped_predictive_importance,top5_instability,nondecreasing_with_severity,5,-0.28867513459481287,0.0,1,-0.19999999999999996,0.0,1
block,dataset_model_seed_scenario,explanation,electricity,hgb,noise,0.0,pi,global_grouped_predictive_importance,top5_instability,nondecreasing_with_severity,5,0.6708203932499368,0.0,1,-0.20000000000000007,0.0,1
block,dataset_model_seed_scenario,explanation,electricity,hgb,noise,1.0,pi,global_grouped_predictive_importance,top5_instability,nondecreasing_with_severity,5,0.35355339059327373,0.0,1,-0.19999999999999996,0.0,1
block,dataset_model_seed_scenario,explanation,electricity,hgb,noise,2.0,pi,global_grouped_predictive_importance,top5_instability,nondecreasing_with_severity,5,0.7905694150420949,0.0,1,-0.19999999999999996,0.0,1
block,dataset_model_seed_scenario,explanation,electricity,hgb,noise,3.0,pi,global_grouped_predictive_importance,top5_instability,nondecreasing_with_severity,5,0.22360679774997896,0.0,2,-0.20000000000000007,0.0,1
block,dataset_model_seed_scenario,explanation,electricity,hgb,noise,4.0,pi,global_grouped_predictive_importance,top5_instability,nondecreasing_with_severity,5,0.6708203932499368,0.0,1,-0.20000000000000007,0.0,1
block,dataset_model_seed_scenario,explanation,electricity,logreg,noise,0.0,pi,global_grouped_predictive_importance,top5_instability,nondecreasing_with_severity,5,0.28867513459481287,0.0,1,-0.19999999999999996,0.0,1
block,dataset_model_seed_scenario,explanation,electricity,logreg,noise,1.0,pi,global_grouped_predictive_importance,top5_instability,nondecreasing_with_severity,5,0.5270462766947298,0.0,1,-0.19999999999999996,0.0,1
block,dataset_model_seed_scenario,explanation,electricity,logreg,noise,2.0,pi,global_grouped_predictive_importance,top5_instability,nondecreasing_with_severity,5,0.0,0.0,1,-0.19999999999999996,0.0,1
block,dataset_model_seed_scenario,explanation,electricity,logreg,noise,3.0,pi,global_grouped_predictive_importance,top5_instability,nondecreasing_with_severity,5,0.35355339059327373,0.0,1,-0.19999999999999996,0.0,1
block,dataset_model_seed_scenario,explanation,electricity,logreg,noise,4.0,pi,global_grouped_predictive_importance,top5_instability,nondecreasing_with_severity,5,0.7071067811865475,1.0,0,0.0,1.0,1
block,dataset_model_seed_scenario,explanation,electricity,rf,noise,0.0,pi,global_grouped_predictive_importance,top5_instability,nondecreasing_with_severity,5,0.8660254037844386,1.0,0,0.0,1.0,1
block,dataset_model_seed_scenario,explanation,electricity,rf,noise,1.0,pi,global_grouped_predictive_importance,top5_instability,nondecreasing_with_severity,5,,1.0,0,0.0,1.0,1
block,dataset_model_seed_scenario,explanation,electricity,rf,noise,2.0,pi,global_grouped_predictive_importance,top5_instability,nondecreasing_with_severity,5,0.28867513459481287,0.0,1,-0.20000000000000007,0.0,1
block,dataset_model_seed_scenario,explanation,electricity,rf,noise,3.0,pi,global_grouped_predictive_importance,top5_instability,nondecreasing_with_severity,5,,1.0,0,0.0,1.0,1
block,dataset_model_seed_scenario,explanation,electricity,rf,noise,4.0,pi,global_grouped_predictive_importance,top5_instability,nondecreasing_with_severity,5,0.8660254037844386,1.0,0,0.0,1.0,1
block,dataset_model_seed_scenario,explanation,adult,hgb,quantize,0.0,pi,global_grouped_predictive_importance,top5_instability,nondecreasing_with_severity,5,-0.5773502691896257,0.0,2,-0.19999999999999996,0.0,1
block,dataset_model_seed_scenario,explanation,adult,hgb,quantize,1.0,pi,global_grouped_predictive_importance,top5_instability,nondecreasing_with_severity,5,-0.7071067811865475,0.0,1,-0.19999999999999996,0.0,1
block,dataset_model_seed_scenario,explanation,adult,hgb,quantize,2.0,pi,global_grouped_predictive_importance,top5_instability,nondecreasing_with_severity,5,-0.7071067811865475,0.0,1,-0.19999999999999996,0.0,1
block,dataset_model_seed_scenario,explanation,adult,hgb,quantize,3.0,pi,global_grouped_predictive_importance,top5_instability,nondecreasing_with_severity,5,-0.8944271909999159,0.0,2,-0.20000000000000007,0.0,1
block,dataset_model_seed_scenario,explanation,adult,hgb,quantize,4.0,pi,global_grouped_predictive_importance,top5_instability,nondecreasing_with_severity,5,-0.7071067811865475,0.0,1,-0.20000000000000007,0.0,1
block,dataset_model_seed_scenario,explanation,adult,logreg,quantize,0.0,pi,global_grouped_predictive_importance,top5_instability,nondecreasing_with_severity,5,,1.0,0,0.0,1.0,1
block,dataset_model_seed_scenario,explanation,adult,logreg,quantize,1.0,pi,global_grouped_predictive_importance,top5_instability,nondecreasing_with_severity,5,,1.0,0,0.0,1.0,1
block,dataset_model_seed_scenario,explanation,adult,logreg,quantize,2.0,pi,global_grouped_predictive_importance,top5_instability,nondecreasing_with_severity,5,-0.8660254037844386,0.0,1,-0.19999999999999996,0.0,1
block,dataset_model_seed_scenario,explanation,adult,logreg,quantize,3.0,pi,global_grouped_predictive_importance,top5_instability,nondecreasing_with_severity,5,,1.0,0,0.0,1.0,1
block,dataset_model_seed_scenario,explanation,adult,logreg,quantize,4.0,pi,global_grouped_predictive_importance,top5_instability,nondecreasing_with_severity,5,-0.28867513459481287,0.0,1,-0.19999999999999996,0.0,1
block,dataset_model_seed_scenario,explanation,adult,rf,quantize,0.0,pi,global_grouped_predictive_importance,top5_instability,nondecreasing_with_severity,5,-0.7071067811865475,0.0,1,-0.19999999999999996,0.0,1
block,dataset_model_seed_scenario,explanation,adult,rf,quantize,1.0,pi,global_grouped_predictive_importance,top5_instability,nondecreasing_with_severity,5,-0.28867513459481287,0.0,2,-0.19999999999999996,0.0,1
block,dataset_model_seed_scenario,explanation,adult,rf,quantize,2.0,pi,global_grouped_predictive_importance,top5_instability,nondecreasing_with_severity,5,-0.7071067811865475,0.0,1,-0.19999999999999996,0.0,1
block,dataset_model_seed_scenario,explanation,adult,rf,quantize,3.0,pi,global_grouped_predictive_importance,top5_instability,nondecreasing_with_severity,5,-0.9486832980505137,0.0,2,-0.20000000000000007,0.0,1
block,dataset_model_seed_scenario,explanation,adult,rf,quantize,4.0,pi,global_grouped_predictive_importance,top5_instability,nondecreasing_with_severity,5,,1.0,0,0.0,1.0,1
block,dataset_model_seed_scenario,explanation,bank-marketing,hgb,quantize,0.0,pi,global_grouped_predictive_importance,top5_instability,nondecreasing_with_severity,5,,1.0,0,0.0,1.0,1
block,dataset_model_seed_scenario,explanation,bank-marketing,hgb,quantize,1.0,pi,global_grouped_predictive_importance,top5_instability,nondecreasing_with_severity,5,-0.7071067811865475,0.0,1,-0.19999999999999996,0.0,1
block,dataset_model_seed_scenario,explanation,bank-marketing,hgb,quantize,2.0,pi,global_grouped_predictive_importance,top5_instability,nondecreasing_with_severity,5,-0.7071067811865475,0.0,1,-0.19999999999999996,0.0,1
block,dataset_model_seed_scenario,explanation,bank-marketing,hgb,quantize,3.0,pi,global_grouped_predictive_importance,top5_instability,nondecreasing_with_severity,5,-0.7071067811865475,0.0,1,-0.19999999999999996,0.0,1
block,dataset_model_seed_scenario,explanation,bank-marketing,hgb,quantize,4.0,pi,global_grouped_predictive_importance,top5_instability,nondecreasing_with_severity,5,,1.0,0,0.0,1.0,1
block,dataset_model_seed_scenario,explanation,bank-marketing,logreg,quantize,0.0,pi,global_grouped_predictive_importance,top5_instability,nondecreasing_with_severity,5,-0.7071067811865475,0.0,1,-0.19999999999999996,0.0,1
block,dataset_model_seed_scenario,explanation,bank-marketing,logreg,quantize,1.0,pi,global_grouped_predictive_importance,top5_instability,nondecreasing_with_severity,5,,1.0,0,0.0,1.0,1
block,dataset_model_seed_scenario,explanation,bank-marketing,logreg,quantize,2.0,pi,global_grouped_predictive_importance,top5_instability,nondecreasing_with_severity,5,,1.0,0,0.0,1.0,1
block,dataset_model_seed_scenario,explanation,bank-marketing,logreg,quantize,3.0,pi,global_grouped_predictive_importance,top5_instability,nondecreasing_with_severity,5,,1.0,0,0.0,1.0,1
block,dataset_model_seed_scenario,explanation,bank-marketing,logreg,quantize,4.0,pi,global_grouped_predictive_importance,top5_instability,nondecreasing_with_severity,5,-0.8660254037844386,0.0,1,-0.19999999999999996,0.0,1
block,dataset_model_seed_scenario,explanation,bank-marketing,rf,quantize,0.0,pi,global_grouped_predictive_importance,top5_instability,nondecreasing_with_severity,5,,1.0,0,0.0,1.0,1
block,dataset_model_seed_scenario,explanation,bank-marketing,rf,quantize,1.0,pi,global_grouped_predictive_importance,top5_instability,nondecreasing_with_severity,5,,1.0,0,0.0,1.0,1
block,dataset_model_seed_scenario,explanation,bank-marketing,rf,quantize,2.0,pi,global_grouped_predictive_importance,top5_instability,nondecreasing_with_severity,5,,1.0,0,0.0,1.0,1
block,dataset_model_seed_scenario,explanation,bank-marketing,rf,quantize,3.0,pi,global_grouped_predictive_importance,top5_instability,nondecreasing_with_severity,5,0.0,0.0,1,-0.19999999999999996,0.0,1
block,dataset_model_seed_scenario,explanation,bank-marketing,rf,quantize,4.0,pi,global_grouped_predictive_importance,top5_instability,nondecreasing_with_severity,5,-0.7071067811865475,0.0,1,-0.19999999999999996,0.0,1
block,dataset_model_seed_scenario,explanation,electricity,hgb,quantize,0.0,pi,global_grouped_predictive_importance,top5_instability,nondecreasing_with_severity,5,-0.22360679774997896,0.0,1,-0.4,0.0,1
block,dataset_model_seed_scenario,explanation,electricity,hgb,quantize,1.0,pi,global_grouped_predictive_importance,top5_instability,nondecreasing_with_severity,5,-0.10540925533894598,0.0,1,-0.4,0.0,1
block,dataset_model_seed_scenario,explanation,electricity,hgb,quantize,2.0,pi,global_grouped_predictive_importance,top5_instability,nondecreasing_with_severity,5,-0.31622776601683794,0.0,2,-0.4,0.0,1
block,dataset_model_seed_scenario,explanation,electricity,hgb,quantize,3.0,pi,global_grouped_predictive_importance,top5_instability,nondecreasing_with_severity,5,-0.7071067811865475,0.0,1,-0.19999999999999996,0.0,1
block,dataset_model_seed_scenario,explanation,electricity,hgb,quantize,4.0,pi,global_grouped_predictive_importance,top5_instability,nondecreasing_with_severity,5,-0.7071067811865475,0.0,1,-0.19999999999999996,0.0,1
block,dataset_model_seed_scenario,explanation,electricity,logreg,quantize,0.0,pi,global_grouped_predictive_importance,top5_instability,nondecreasing_with_severity,5,,1.0,0,0.0,1.0,1
block,dataset_model_seed_scenario,explanation,electricity,logreg,quantize,1.0,pi,global_grouped_predictive_importance,top5_instability,nondecreasing_with_severity,5,,1.0,0,0.0,1.0,1
block,dataset_model_seed_scenario,explanation,electricity,logreg,quantize,2.0,pi,global_grouped_predictive_importance,top5_instability,nondecreasing_with_severity,5,-0.8660254037844386,0.0,1,-0.19999999999999996,0.0,1
block,dataset_model_seed_scenario,explanation,electricity,logreg,quantize,3.0,pi,global_grouped_predictive_importance,top5_instability,nondecreasing_with_severity,5,-0.7071067811865475,0.0,1,-0.19999999999999996,0.0,1
block,dataset_model_seed_scenario,explanation,electricity,logreg,quantize,4.0,pi,global_grouped_predictive_importance,top5_instability,nondecreasing_with_severity,5,-0.35355339059327373,0.0,1,-0.19999999999999996,0.0,1
block,dataset_model_seed_scenario,explanation,electricity,rf,quantize,0.0,pi,global_grouped_predictive_importance,top5_instability,nondecreasing_with_severity,5,-0.7071067811865475,0.0,1,-0.19999999999999996,0.0,1
block,dataset_model_seed_scenario,explanation,electricity,rf,quantize,1.0,pi,global_grouped_predictive_importance,top5_instability,nondecreasing_with_severity,5,-0.28867513459481287,0.0,2,-0.20000000000000007,0.0,1
block,dataset_model_seed_scenario,explanation,electricity,rf,quantize,2.0,pi,global_grouped_predictive_importance,top5_instability,nondecreasing_with_severity,5,-0.7071067811865475,0.0,1,-0.19999999999999996,0.0,1
block,dataset_model_seed_scenario,explanation,electricity,rf,quantize,3.0,pi,global_grouped_predictive_importance,top5_instability,nondecreasing_with_severity,5,0.7071067811865475,1.0,0,0.0,1.0,1
block,dataset_model_seed_scenario,explanation,electricity,rf,quantize,4.0,pi,global_grouped_predictive_importance,top5_instability,nondecreasing_with_severity,5,-0.7071067811865475,0.0,1,-0.20000000000000007,0.0,1
block,dataset_model_seed_scenario,explanation,adult,hgb,gradual,0.0,shap,local_attribution,cosine_instability,nondecreasing_with_severity,5,0.8999999999999998,0.0,1,-0.025725033315548762,0.0,1
block,dataset_model_seed_scenario,explanation,adult,hgb,gradual,1.0,shap,local_attribution,cosine_instability,nondecreasing_with_severity,5,0.9999999999999999,1.0,0,0.01700861942952614,1.0,1
block,dataset_model_seed_scenario,explanation,adult,hgb,gradual,2.0,shap,local_attribution,cosine_instability,nondecreasing_with_severity,5,0.8999999999999998,0.0,1,-0.011936944970327268,0.0,1
block,dataset_model_seed_scenario,explanation,adult,hgb,gradual,3.0,shap,local_attribution,cosine_instability,nondecreasing_with_severity,5,0.8999999999999998,0.0,1,-0.019210437147630044,0.0,1
block,dataset_model_seed_scenario,explanation,adult,hgb,gradual,4.0,shap,local_attribution,cosine_instability,nondecreasing_with_severity,5,0.8999999999999998,0.0,1,-0.036023067852022694,0.0,1
block,dataset_model_seed_scenario,explanation,adult,logreg,gradual,0.0,shap,local_attribution,cosine_instability,nondecreasing_with_severity,5,0.9999999999999999,1.0,0,0.08710125349630793,1.0,1
block,dataset_model_seed_scenario,explanation,adult,logreg,gradual,1.0,shap,local_attribution,cosine_instability,nondecreasing_with_severity,5,0.9999999999999999,1.0,0,0.08132714146332387,1.0,1
block,dataset_model_seed_scenario,explanation,adult,logreg,gradual,2.0,shap,local_attribution,cosine_instability,nondecreasing_with_severity,5,0.9999999999999999,1.0,0,0.10238771822627746,1.0,1
block,dataset_model_seed_scenario,explanation,adult,logreg,gradual,3.0,shap,local_attribution,cosine_instability,nondecreasing_with_severity,5,0.9999999999999999,1.0,0,0.07957113380894631,1.0,1
block,dataset_model_seed_scenario,explanation,adult,logreg,gradual,4.0,shap,local_attribution,cosine_instability,nondecreasing_with_severity,5,0.9999999999999999,1.0,0,0.07948708345009026,1.0,1
block,dataset_model_seed_scenario,explanation,adult,rf,gradual,0.0,shap,local_attribution,cosine_instability,nondecreasing_with_severity,5,0.9999999999999999,1.0,0,0.009126957826144366,1.0,1
block,dataset_model_seed_scenario,explanation,adult,rf,gradual,1.0,shap,local_attribution,cosine_instability,nondecreasing_with_severity,5,0.9999999999999999,1.0,0,0.004486657057601207,1.0,1
block,dataset_model_seed_scenario,explanation,adult,rf,gradual,2.0,shap,local_attribution,cosine_instability,nondecreasing_with_severity,5,0.9999999999999999,1.0,0,0.00554027684096603,1.0,1
block,dataset_model_seed_scenario,explanation,adult,rf,gradual,3.0,shap,local_attribution,cosine_instability,nondecreasing_with_severity,5,0.9999999999999999,1.0,0,0.006921992998841886,1.0,1
block,dataset_model_seed_scenario,explanation,adult,rf,gradual,4.0,shap,local_attribution,cosine_instability,nondecreasing_with_severity,5,0.9999999999999999,1.0,0,0.01095267543933065,1.0,1
block,dataset_model_seed_scenario,explanation,bank-marketing,hgb,gradual,0.0,shap,local_attribution,cosine_instability,nondecreasing_with_severity,5,0.9999999999999999,1.0,0,0.07478209252680201,1.0,1
block,dataset_model_seed_scenario,explanation,bank-marketing,hgb,gradual,1.0,shap,local_attribution,cosine_instability,nondecreasing_with_severity,5,0.9999999999999999,1.0,0,0.08473988490907991,1.0,1
block,dataset_model_seed_scenario,explanation,bank-marketing,hgb,gradual,2.0,shap,local_attribution,cosine_instability,nondecreasing_with_severity,5,0.9999999999999999,1.0,0,0.07383222934060762,1.0,1
block,dataset_model_seed_scenario,explanation,bank-marketing,hgb,gradual,3.0,shap,local_attribution,cosine_instability,nondecreasing_with_severity,5,0.9999999999999999,1.0,0,0.08025390264745713,1.0,1
block,dataset_model_seed_scenario,explanation,bank-marketing,hgb,gradual,4.0,shap,local_attribution,cosine_instability,nondecreasing_with_severity,5,0.9999999999999999,1.0,0,0.076129658982095,1.0,1
block,dataset_model_seed_scenario,explanation,bank-marketing,logreg,gradual,0.0,shap,local_attribution,cosine_instability,nondecreasing_with_severity,5,0.9999999999999999,1.0,0,0.0820582429288883,1.0,1
block,dataset_model_seed_scenario,explanation,bank-marketing,logreg,gradual,1.0,shap,local_attribution,cosine_instability,nondecreasing_with_severity,5,0.9999999999999999,1.0,0,0.0951842119648676,1.0,1
block,dataset_model_seed_scenario,explanation,bank-marketing,logreg,gradual,2.0,shap,local_attribution,cosine_instability,nondecreasing_with_severity,5,0.9999999999999999,1.0,0,0.08866962985225224,1.0,1
block,dataset_model_seed_scenario,explanation,bank-marketing,logreg,gradual,3.0,shap,local_attribution,cosine_instability,nondecreasing_with_severity,5,0.9999999999999999,1.0,0,0.07645702922280229,1.0,1
block,dataset_model_seed_scenario,explanation,bank-marketing,logreg,gradual,4.0,shap,local_attribution,cosine_instability,nondecreasing_with_severity,5,0.9999999999999999,1.0,0,0.08325657689898813,1.0,1
block,dataset_model_seed_scenario,explanation,bank-marketing,rf,gradual,0.0,shap,local_attribution,cosine_instability,nondecreasing_with_severity,5,0.9999999999999999,1.0,0,0.11131649953673262,1.0,1
block,dataset_model_seed_scenario,explanation,bank-marketing,rf,gradual,1.0,shap,local_attribution,cosine_instability,nondecreasing_with_severity,5,0.9999999999999999,1.0,0,0.1205688412581718,1.0,1
block,dataset_model_seed_scenario,explanation,bank-marketing,rf,gradual,2.0,shap,local_attribution,cosine_instability,nondecreasing_with_severity,5,0.9999999999999999,1.0,0,0.12376805998533857,1.0,1
block,dataset_model_seed_scenario,explanation,bank-marketing,rf,gradual,3.0,shap,local_attribution,cosine_instability,nondecreasing_with_severity,5,0.9999999999999999,1.0,0,0.09756268297800341,1.0,1
block,dataset_model_seed_scenario,explanation,bank-marketing,rf,gradual,4.0,shap,local_attribution,cosine_instability,nondecreasing_with_severity,5,0.9999999999999999,1.0,0,0.10438331689353797,1.0,1
block,dataset_model_seed_scenario,explanation,electricity,hgb,gradual,0.0,shap,local_attribution,cosine_instability,nondecreasing_with_severity,5,0.9999999999999999,1.0,0,0.09211869105008996,1.0,1
block,dataset_model_seed_scenario,explanation,electricity,hgb,gradual,1.0,shap,local_attribution,cosine_instability,nondecreasing_with_severity,5,0.9999999999999999,1.0,0,0.0961528146761832,1.0,1
block,dataset_model_seed_scenario,explanation,electricity,hgb,gradual,2.0,shap,local_attribution,cosine_instability,nondecreasing_with_severity,5,0.9999999999999999,1.0,0,0.10963497244996445,1.0,1
block,dataset_model_seed_scenario,explanation,electricity,hgb,gradual,3.0,shap,local_attribution,cosine_instability,nondecreasing_with_severity,5,0.9999999999999999,1.0,0,0.11238861646393428,1.0,1
block,dataset_model_seed_scenario,explanation,electricity,hgb,gradual,4.0,shap,local_attribution,cosine_instability,nondecreasing_with_severity,5,0.9999999999999999,1.0,0,0.08881076792170384,1.0,1
block,dataset_model_seed_scenario,explanation,electricity,logreg,gradual,0.0,shap,local_attribution,cosine_instability,nondecreasing_with_severity,5,0.9999999999999999,1.0,0,0.13739153192156583,1.0,1
block,dataset_model_seed_scenario,explanation,electricity,logreg,gradual,1.0,shap,local_attribution,cosine_instability,nondecreasing_with_severity,5,0.9999999999999999,1.0,0,0.08117940682133473,1.0,1
block,dataset_model_seed_scenario,explanation,electricity,logreg,gradual,2.0,shap,local_attribution,cosine_instability,nondecreasing_with_severity,5,0.9999999999999999,1.0,0,0.08284839427946711,1.0,1
block,dataset_model_seed_scenario,explanation,electricity,logreg,gradual,3.0,shap,local_attribution,cosine_instability,nondecreasing_with_severity,5,0.9999999999999999,1.0,0,0.08341934964439113,1.0,1
block,dataset_model_seed_scenario,explanation,electricity,logreg,gradual,4.0,shap,local_attribution,cosine_instability,nondecreasing_with_severity,5,0.9999999999999999,1.0,0,0.15608788203181512,1.0,1
block,dataset_model_seed_scenario,explanation,electricity,rf,gradual,0.0,shap,local_attribution,cosine_instability,nondecreasing_with_severity,5,0.9999999999999999,1.0,0,0.14630212037160983,1.0,1
block,dataset_model_seed_scenario,explanation,electricity,rf,gradual,1.0,shap,local_attribution,cosine_instability,nondecreasing_with_severity,5,0.9999999999999999,1.0,0,0.10232215011361123,1.0,1
block,dataset_model_seed_scenario,explanation,electricity,rf,gradual,2.0,shap,local_attribution,cosine_instability,nondecreasing_with_severity,5,0.9999999999999999,1.0,0,0.11144939272630416,1.0,1
block,dataset_model_seed_scenario,explanation,electricity,rf,gradual,3.0,shap,local_attribution,cosine_instability,nondecreasing_with_severity,5,0.9999999999999999,1.0,0,0.09443995322121301,1.0,1
block,dataset_model_seed_scenario,explanation,electricity,rf,gradual,4.0,shap,local_attribution,cosine_instability,nondecreasing_with_severity,5,0.9999999999999999,1.0,0,0.1301799959341281,1.0,1
block,dataset_model_seed_scenario,explanation,adult,hgb,mean_shift,0.0,shap,local_attribution,cosine_instability,nondecreasing_with_severity,5,0.9999999999999999,1.0,0,0.007610597897711235,1.0,1
block,dataset_model_seed_scenario,explanation,adult,hgb,mean_shift,1.0,shap,local_attribution,cosine_instability,nondecreasing_with_severity,5,0.9999999999999999,1.0,0,0.017685886165152098,1.0,1
block,dataset_model_seed_scenario,explanation,adult,hgb,mean_shift,2.0,shap,local_attribution,cosine_instability,nondecreasing_with_severity,5,0.9999999999999999,1.0,0,0.014682529473175387,1.0,1
block,dataset_model_seed_scenario,explanation,adult,hgb,mean_shift,3.0,shap,local_attribution,cosine_instability,nondecreasing_with_severity,5,0.9999999999999999,1.0,0,0.00956627800411125,1.0,1
block,dataset_model_seed_scenario,explanation,adult,hgb,mean_shift,4.0,shap,local_attribution,cosine_instability,nondecreasing_with_severity,5,0.9999999999999999,1.0,0,0.0156578219270318,1.0,1
block,dataset_model_seed_scenario,explanation,adult,logreg,mean_shift,0.0,shap,local_attribution,cosine_instability,nondecreasing_with_severity,5,0.9999999999999999,1.0,0,0.10102830216506231,1.0,1
block,dataset_model_seed_scenario,explanation,adult,logreg,mean_shift,1.0,shap,local_attribution,cosine_instability,nondecreasing_with_severity,5,0.9999999999999999,1.0,0,0.09590034736752684,1.0,1
block,dataset_model_seed_scenario,explanation,adult,logreg,mean_shift,2.0,shap,local_attribution,cosine_instability,nondecreasing_with_severity,5,0.9999999999999999,1.0,0,0.11254479284568775,1.0,1
block,dataset_model_seed_scenario,explanation,adult,logreg,mean_shift,3.0,shap,local_attribution,cosine_instability,nondecreasing_with_severity,5,0.9999999999999999,1.0,0,0.09143185990184532,1.0,1
block,dataset_model_seed_scenario,explanation,adult,logreg,mean_shift,4.0,shap,local_attribution,cosine_instability,nondecreasing_with_severity,5,0.9999999999999999,1.0,0,0.09528878507288896,1.0,1
block,dataset_model_seed_scenario,explanation,adult,rf,mean_shift,0.0,shap,local_attribution,cosine_instability,nondecreasing_with_severity,5,0.9999999999999999,1.0,0,0.00713462130350373,1.0,1
block,dataset_model_seed_scenario,explanation,adult,rf,mean_shift,1.0,shap,local_attribution,cosine_instability,nondecreasing_with_severity,5,0.9999999999999999,1.0,0,0.0098706256254244,1.0,1
block,dataset_model_seed_scenario,explanation,adult,rf,mean_shift,2.0,shap,local_attribution,cosine_instability,nondecreasing_with_severity,5,0.9999999999999999,1.0,0,0.007316550788520448,1.0,1
block,dataset_model_seed_scenario,explanation,adult,rf,mean_shift,3.0,shap,local_attribution,cosine_instability,nondecreasing_with_severity,5,0.9999999999999999,1.0,0,0.007561121500105461,1.0,1
block,dataset_model_seed_scenario,explanation,adult,rf,mean_shift,4.0,shap,local_attribution,cosine_instability,nondecreasing_with_severity,5,0.9999999999999999,1.0,0,0.008602453665692011,1.0,1
block,dataset_model_seed_scenario,explanation,bank-marketing,hgb,mean_shift,0.0,shap,local_attribution,cosine_instability,nondecreasing_with_severity,5,0.9999999999999999,1.0,0,0.057748650659724676,1.0,1
block,dataset_model_seed_scenario,explanation,bank-marketing,hgb,mean_shift,1.0,shap,local_attribution,cosine_instability,nondecreasing_with_severity,5,0.9999999999999999,1.0,0,0.0463969642458163,1.0,1
block,dataset_model_seed_scenario,explanation,bank-marketing,hgb,mean_shift,2.0,shap,local_attribution,cosine_instability,nondecreasing_with_severity,5,0.9999999999999999,1.0,0,0.05422234163833439,1.0,1
block,dataset_model_seed_scenario,explanation,bank-marketing,hgb,mean_shift,3.0,shap,local_attribution,cosine_instability,nondecreasing_with_severity,5,0.9999999999999999,1.0,0,0.048251562213182275,1.0,1
block,dataset_model_seed_scenario,explanation,bank-marketing,hgb,mean_shift,4.0,shap,local_attribution,cosine_instability,nondecreasing_with_severity,5,0.9999999999999999,1.0,0,0.06061281869438673,1.0,1
block,dataset_model_seed_scenario,explanation,bank-marketing,logreg,mean_shift,0.0,shap,local_attribution,cosine_instability,nondecreasing_with_severity,5,0.9999999999999999,1.0,0,0.07603989801388067,1.0,1
block,dataset_model_seed_scenario,explanation,bank-marketing,logreg,mean_shift,1.0,shap,local_attribution,cosine_instability,nondecreasing_with_severity,5,0.9999999999999999,1.0,0,0.08959084943184126,1.0,1
block,dataset_model_seed_scenario,explanation,bank-marketing,logreg,mean_shift,2.0,shap,local_attribution,cosine_instability,nondecreasing_with_severity,5,0.9999999999999999,1.0,0,0.08292193932880498,1.0,1
block,dataset_model_seed_scenario,explanation,bank-marketing,logreg,mean_shift,3.0,shap,local_attribution,cosine_instability,nondecreasing_with_severity,5,0.9999999999999999,1.0,0,0.06941531697743364,1.0,1
block,dataset_model_seed_scenario,explanation,bank-marketing,logreg,mean_shift,4.0,shap,local_attribution,cosine_instability,nondecreasing_with_severity,5,0.9999999999999999,1.0,0,0.07392859299651344,1.0,1
block,dataset_model_seed_scenario,explanation,bank-marketing,rf,mean_shift,0.0,shap,local_attribution,cosine_instability,nondecreasing_with_severity,5,0.9999999999999999,1.0,0,0.17779756618329745,1.0,1
block,dataset_model_seed_scenario,explanation,bank-marketing,rf,mean_shift,1.0,shap,local_attribution,cosine_instability,nondecreasing_with_severity,5,0.9999999999999999,1.0,0,0.18818504249316825,1.0,1
block,dataset_model_seed_scenario,explanation,bank-marketing,rf,mean_shift,2.0,shap,local_attribution,cosine_instability,nondecreasing_with_severity,5,0.9999999999999999,1.0,0,0.16499313553374162,1.0,1
block,dataset_model_seed_scenario,explanation,bank-marketing,rf,mean_shift,3.0,shap,local_attribution,cosine_instability,nondecreasing_with_severity,5,0.9999999999999999,1.0,0,0.18977508502480978,1.0,1
block,dataset_model_seed_scenario,explanation,bank-marketing,rf,mean_shift,4.0,shap,local_attribution,cosine_instability,nondecreasing_with_severity,5,0.9999999999999999,1.0,0,0.18090086630290358,1.0,1
block,dataset_model_seed_scenario,explanation,electricity,hgb,mean_shift,0.0,shap,local_attribution,cosine_instability,nondecreasing_with_severity,5,0.9999999999999999,1.0,0,0.006173390478863894,1.0,1
block,dataset_model_seed_scenario,explanation,electricity,hgb,mean_shift,1.0,shap,local_attribution,cosine_instability,nondecreasing_with_severity,5,0.8999999999999998,0.0,1,-0.015534287675443736,0.0,1
block,dataset_model_seed_scenario,explanation,electricity,hgb,mean_shift,2.0,shap,local_attribution,cosine_instability,nondecreasing_with_severity,5,0.8999999999999998,0.0,1,-0.006886661198462596,0.0,1
block,dataset_model_seed_scenario,explanation,electricity,hgb,mean_shift,3.0,shap,local_attribution,cosine_instability,nondecreasing_with_severity,5,0.8999999999999998,0.0,1,-0.017896574963177647,0.0,1
block,dataset_model_seed_scenario,explanation,electricity,hgb,mean_shift,4.0,shap,local_attribution,cosine_instability,nondecreasing_with_severity,5,0.9999999999999999,1.0,0,0.006314120770311238,1.0,1
block,dataset_model_seed_scenario,explanation,electricity,logreg,mean_shift,0.0,shap,local_attribution,cosine_instability,nondecreasing_with_severity,5,0.9999999999999999,1.0,0,0.07329584352007767,1.0,1
block,dataset_model_seed_scenario,explanation,electricity,logreg,mean_shift,1.0,shap,local_attribution,cosine_instability,nondecreasing_with_severity,5,0.9999999999999999,1.0,0,0.048538061231256924,1.0,1
block,dataset_model_seed_scenario,explanation,electricity,logreg,mean_shift,2.0,shap,local_attribution,cosine_instability,nondecreasing_with_severity,5,0.9999999999999999,1.0,0,0.045817982405810254,1.0,1
block,dataset_model_seed_scenario,explanation,electricity,logreg,mean_shift,3.0,shap,local_attribution,cosine_instability,nondecreasing_with_severity,5,0.9999999999999999,1.0,0,0.049610314266510414,1.0,1
block,dataset_model_seed_scenario,explanation,electricity,logreg,mean_shift,4.0,shap,local_attribution,cosine_instability,nondecreasing_with_severity,5,0.9999999999999999,1.0,0,0.06905234057541265,1.0,1
block,dataset_model_seed_scenario,explanation,electricity,rf,mean_shift,0.0,shap,local_attribution,cosine_instability,nondecreasing_with_severity,5,0.9999999999999999,1.0,0,0.01275466909691314,1.0,1
block,dataset_model_seed_scenario,explanation,electricity,rf,mean_shift,1.0,shap,local_attribution,cosine_instability,nondecreasing_with_severity,5,0.9999999999999999,1.0,0,0.005334889619301064,1.0,1
block,dataset_model_seed_scenario,explanation,electricity,rf,mean_shift,2.0,shap,local_attribution,cosine_instability,nondecreasing_with_severity,5,0.9999999999999999,1.0,0,0.006520339502733785,1.0,1
block,dataset_model_seed_scenario,explanation,electricity,rf,mean_shift,3.0,shap,local_attribution,cosine_instability,nondecreasing_with_severity,5,0.9999999999999999,1.0,0,0.007214118630914257,1.0,1
block,dataset_model_seed_scenario,explanation,electricity,rf,mean_shift,4.0,shap,local_attribution,cosine_instability,nondecreasing_with_severity,5,0.9999999999999999,1.0,0,0.00468415399390687,1.0,1
block,dataset_model_seed_scenario,explanation,adult,hgb,missing,0.0,shap,local_attribution,cosine_instability,nondecreasing_with_severity,5,0.9999999999999999,1.0,0,0.006037416474304558,1.0,1
block,dataset_model_seed_scenario,explanation,adult,hgb,missing,1.0,shap,local_attribution,cosine_instability,nondecreasing_with_severity,5,0.9999999999999999,1.0,0,0.01374007743361294,1.0,1
block,dataset_model_seed_scenario,explanation,adult,hgb,missing,2.0,shap,local_attribution,cosine_instability,nondecreasing_with_severity,5,0.9999999999999999,1.0,0,0.006815952430311745,1.0,1
block,dataset_model_seed_scenario,explanation,adult,hgb,missing,3.0,shap,local_attribution,cosine_instability,nondecreasing_with_severity,5,0.9999999999999999,1.0,0,0.016598521160787527,1.0,1
block,dataset_model_seed_scenario,explanation,adult,hgb,missing,4.0,shap,local_attribution,cosine_instability,nondecreasing_with_severity,5,0.9999999999999999,1.0,0,0.0014148663127767636,1.0,1
block,dataset_model_seed_scenario,explanation,adult,logreg,missing,0.0,shap,local_attribution,cosine_instability,nondecreasing_with_severity,5,0.9999999999999999,1.0,0,0.006590915307056022,1.0,1
block,dataset_model_seed_scenario,explanation,adult,logreg,missing,1.0,shap,local_attribution,cosine_instability,nondecreasing_with_severity,5,0.9999999999999999,1.0,0,0.001001057087643975,1.0,1
block,dataset_model_seed_scenario,explanation,adult,logreg,missing,2.0,shap,local_attribution,cosine_instability,nondecreasing_with_severity,5,0.9999999999999999,1.0,0,0.007283158764940567,1.0,1
block,dataset_model_seed_scenario,explanation,adult,logreg,missing,3.0,shap,local_attribution,cosine_instability,nondecreasing_with_severity,5,0.9999999999999999,1.0,0,0.014830123748562185,1.0,1
block,dataset_model_seed_scenario,explanation,adult,logreg,missing,4.0,shap,local_attribution,cosine_instability,nondecreasing_with_severity,5,0.9999999999999999,1.0,0,0.008158816570482341,1.0,1
block,dataset_model_seed_scenario,explanation,adult,rf,missing,0.0,shap,local_attribution,cosine_instability,nondecreasing_with_severity,5,0.9999999999999999,1.0,0,0.014119957325571364,1.0,1
block,dataset_model_seed_scenario,explanation,adult,rf,missing,1.0,shap,local_attribution,cosine_instability,nondecreasing_with_severity,5,0.8999999999999998,0.0,1,-0.003349780368350541,0.0,1
block,dataset_model_seed_scenario,explanation,adult,rf,missing,2.0,shap,local_attribution,cosine_instability,nondecreasing_with_severity,5,0.8999999999999998,0.0,1,-0.0034505889864145933,0.0,1
block,dataset_model_seed_scenario,explanation,adult,rf,missing,3.0,shap,local_attribution,cosine_instability,nondecreasing_with_severity,5,0.9999999999999999,1.0,0,0.013481159477155003,1.0,1
block,dataset_model_seed_scenario,explanation,adult,rf,missing,4.0,shap,local_attribution,cosine_instability,nondecreasing_with_severity,5,0.9999999999999999,1.0,0,0.0014069398941531919,1.0,1
block,dataset_model_seed_scenario,explanation,bank-marketing,hgb,missing,0.0,shap,local_attribution,cosine_instability,nondecreasing_with_severity,5,0.9999999999999999,1.0,0,0.00449117109734587,1.0,1
block,dataset_model_seed_scenario,explanation,bank-marketing,hgb,missing,1.0,shap,local_attribution,cosine_instability,nondecreasing_with_severity,5,0.9999999999999999,1.0,0,0.048873309957282784,1.0,1
block,dataset_model_seed_scenario,explanation,bank-marketing,hgb,missing,2.0,shap,local_attribution,cosine_instability,nondecreasing_with_severity,5,0.9999999999999999,1.0,0,0.027844275884874148,1.0,1
block,dataset_model_seed_scenario,explanation,bank-marketing,hgb,missing,3.0,shap,local_attribution,cosine_instability,nondecreasing_with_severity,5,0.8999999999999998,0.0,1,-0.0020861478866798233,0.0,1
block,dataset_model_seed_scenario,explanation,bank-marketing,hgb,missing,4.0,shap,local_attribution,cosine_instability,nondecreasing_with_severity,5,0.9999999999999999,1.0,0,0.006155011728412818,1.0,1
block,dataset_model_seed_scenario,explanation,bank-marketing,logreg,missing,0.0,shap,local_attribution,cosine_instability,nondecreasing_with_severity,5,0.8999999999999998,0.0,1,-0.010746414353332234,0.0,1
block,dataset_model_seed_scenario,explanation,bank-marketing,logreg,missing,1.0,shap,local_attribution,cosine_instability,nondecreasing_with_severity,5,0.9999999999999999,1.0,0,0.005150559892027395,1.0,1
block,dataset_model_seed_scenario,explanation,bank-marketing,logreg,missing,2.0,shap,local_attribution,cosine_instability,nondecreasing_with_severity,5,0.9999999999999999,1.0,0,0.022845832493379348,1.0,1
block,dataset_model_seed_scenario,explanation,bank-marketing,logreg,missing,3.0,shap,local_attribution,cosine_instability,nondecreasing_with_severity,5,0.8999999999999998,0.0,1,-0.007835443795363273,0.0,1
block,dataset_model_seed_scenario,explanation,bank-marketing,logreg,missing,4.0,shap,local_attribution,cosine_instability,nondecreasing_with_severity,5,0.8999999999999998,0.0,1,-0.0020441866519633756,0.0,1
block,dataset_model_seed_scenario,explanation,bank-marketing,rf,missing,0.0,shap,local_attribution,cosine_instability,nondecreasing_with_severity,5,0.8999999999999998,0.0,1,-0.020641323497512798,0.0,1
block,dataset_model_seed_scenario,explanation,bank-marketing,rf,missing,1.0,shap,local_attribution,cosine_instability,nondecreasing_with_severity,5,0.9999999999999999,1.0,0,0.0038597686271264475,1.0,1
block,dataset_model_seed_scenario,explanation,bank-marketing,rf,missing,2.0,shap,local_attribution,cosine_instability,nondecreasing_with_severity,5,0.9999999999999999,1.0,0,0.03790496276256172,1.0,1
block,dataset_model_seed_scenario,explanation,bank-marketing,rf,missing,3.0,shap,local_attribution,cosine_instability,nondecreasing_with_severity,5,0.9999999999999999,1.0,0,0.001743126650776472,1.0,1
block,dataset_model_seed_scenario,explanation,bank-marketing,rf,missing,4.0,shap,local_attribution,cosine_instability,nondecreasing_with_severity,5,0.8999999999999998,0.0,1,-0.013729422079912235,0.0,1
block,dataset_model_seed_scenario,explanation,electricity,hgb,missing,0.0,shap,local_attribution,cosine_instability,nondecreasing_with_severity,5,0.9999999999999999,1.0,0,0.08919833927121623,1.0,1
block,dataset_model_seed_scenario,explanation,electricity,hgb,missing,1.0,shap,local_attribution,cosine_instability,nondecreasing_with_severity,5,0.9999999999999999,1.0,0,0.07290482196895476,1.0,1
block,dataset_model_seed_scenario,explanation,electricity,hgb,missing,2.0,shap,local_attribution,cosine_instability,nondecreasing_with_severity,5,0.9999999999999999,1.0,0,0.03259521983492786,1.0,1
block,dataset_model_seed_scenario,explanation,electricity,hgb,missing,3.0,shap,local_attribution,cosine_instability,nondecreasing_with_severity,5,0.9999999999999999,1.0,0,0.06505017604374896,1.0,1
block,dataset_model_seed_scenario,explanation,electricity,hgb,missing,4.0,shap,local_attribution,cosine_instability,nondecreasing_with_severity,5,0.9999999999999999,1.0,0,0.04470812279592762,1.0,1
block,dataset_model_seed_scenario,explanation,electricity,logreg,missing,0.0,shap,local_attribution,cosine_instability,nondecreasing_with_severity,5,0.9999999999999999,1.0,0,0.038596313209608546,1.0,1
block,dataset_model_seed_scenario,explanation,electricity,logreg,missing,1.0,shap,local_attribution,cosine_instability,nondecreasing_with_severity,5,0.9999999999999999,1.0,0,0.038135604823912206,1.0,1
block,dataset_model_seed_scenario,explanation,electricity,logreg,missing,2.0,shap,local_attribution,cosine_instability,nondecreasing_with_severity,5,0.9999999999999999,1.0,0,0.027505859655321374,1.0,1
block,dataset_model_seed_scenario,explanation,electricity,logreg,missing,3.0,shap,local_attribution,cosine_instability,nondecreasing_with_severity,5,0.9999999999999999,1.0,0,0.06217966497694705,1.0,1
block,dataset_model_seed_scenario,explanation,electricity,logreg,missing,4.0,shap,local_attribution,cosine_instability,nondecreasing_with_severity,5,0.8999999999999998,0.0,1,-0.018580898785686695,0.0,1
block,dataset_model_seed_scenario,explanation,electricity,rf,missing,0.0,shap,local_attribution,cosine_instability,nondecreasing_with_severity,5,0.9999999999999999,1.0,0,0.0740841846993131,1.0,1
block,dataset_model_seed_scenario,explanation,electricity,rf,missing,1.0,shap,local_attribution,cosine_instability,nondecreasing_with_severity,5,0.9999999999999999,1.0,0,0.0683776595166703,1.0,1
block,dataset_model_seed_scenario,explanation,electricity,rf,missing,2.0,shap,local_attribution,cosine_instability,nondecreasing_with_severity,5,0.9999999999999999,1.0,0,0.05195923360016874,1.0,1
block,dataset_model_seed_scenario,explanation,electricity,rf,missing,3.0,shap,local_attribution,cosine_instability,nondecreasing_with_severity,5,0.9999999999999999,1.0,0,0.07575197829086,1.0,1
block,dataset_model_seed_scenario,explanation,electricity,rf,missing,4.0,shap,local_attribution,cosine_instability,nondecreasing_with_severity,5,0.9999999999999999,1.0,0,0.0005046799685138881,1.0,1
block,dataset_model_seed_scenario,explanation,adult,hgb,noise,0.0,shap,local_attribution,cosine_instability,nondecreasing_with_severity,5,0.9999999999999999,1.0,0,0.015989300376602844,1.0,1
block,dataset_model_seed_scenario,explanation,adult,hgb,noise,1.0,shap,local_attribution,cosine_instability,nondecreasing_with_severity,5,0.9999999999999999,1.0,0,0.055983425540784726,1.0,1
block,dataset_model_seed_scenario,explanation,adult,hgb,noise,2.0,shap,local_attribution,cosine_instability,nondecreasing_with_severity,5,0.9999999999999999,1.0,0,0.070599396791309,1.0,1
block,dataset_model_seed_scenario,explanation,adult,hgb,noise,3.0,shap,local_attribution,cosine_instability,nondecreasing_with_severity,5,0.9999999999999999,1.0,0,0.03574452098102443,1.0,1
block,dataset_model_seed_scenario,explanation,adult,hgb,noise,4.0,shap,local_attribution,cosine_instability,nondecreasing_with_severity,5,0.9999999999999999,1.0,0,0.05036515612061632,1.0,1
block,dataset_model_seed_scenario,explanation,adult,logreg,noise,0.0,shap,local_attribution,cosine_instability,nondecreasing_with_severity,5,0.9999999999999999,1.0,0,0.039371582526617654,1.0,1
block,dataset_model_seed_scenario,explanation,adult,logreg,noise,1.0,shap,local_attribution,cosine_instability,nondecreasing_with_severity,5,0.9999999999999999,1.0,0,0.046306207774477026,1.0,1
block,dataset_model_seed_scenario,explanation,adult,logreg,noise,2.0,shap,local_attribution,cosine_instability,nondecreasing_with_severity,5,0.9999999999999999,1.0,0,0.043161829362897586,1.0,1
block,dataset_model_seed_scenario,explanation,adult,logreg,noise,3.0,shap,local_attribution,cosine_instability,nondecreasing_with_severity,5,0.9999999999999999,1.0,0,0.04941727313890365,1.0,1
block,dataset_model_seed_scenario,explanation,adult,logreg,noise,4.0,shap,local_attribution,cosine_instability,nondecreasing_with_severity,5,0.9999999999999999,1.0,0,0.05144082356068802,1.0,1
block,dataset_model_seed_scenario,explanation,adult,rf,noise,0.0,shap,local_attribution,cosine_instability,nondecreasing_with_severity,5,0.9999999999999999,1.0,0,0.019455472986503852,1.0,1
block,dataset_model_seed_scenario,explanation,adult,rf,noise,1.0,shap,local_attribution,cosine_instability,nondecreasing_with_severity,5,0.9999999999999999,1.0,0,0.023861449691452763,1.0,1
block,dataset_model_seed_scenario,explanation,adult,rf,noise,2.0,shap,local_attribution,cosine_instability,nondecreasing_with_severity,5,0.9999999999999999,1.0,0,0.023298088948231044,1.0,1
block,dataset_model_seed_scenario,explanation,adult,rf,noise,3.0,shap,local_attribution,cosine_instability,nondecreasing_with_severity,5,0.9999999999999999,1.0,0,0.025104448580193783,1.0,1
block,dataset_model_seed_scenario,explanation,adult,rf,noise,4.0,shap,local_attribution,cosine_instability,nondecreasing_with_severity,5,0.9999999999999999,1.0,0,0.023974357889853692,1.0,1
block,dataset_model_seed_scenario,explanation,bank-marketing,hgb,noise,0.0,shap,local_attribution,cosine_instability,nondecreasing_with_severity,5,0.9999999999999999,1.0,0,0.08390116503380796,1.0,1
block,dataset_model_seed_scenario,explanation,bank-marketing,hgb,noise,1.0,shap,local_attribution,cosine_instability,nondecreasing_with_severity,5,0.9999999999999999,1.0,0,0.09725702683797965,1.0,1
block,dataset_model_seed_scenario,explanation,bank-marketing,hgb,noise,2.0,shap,local_attribution,cosine_instability,nondecreasing_with_severity,5,0.9999999999999999,1.0,0,0.06888573748987492,1.0,1
block,dataset_model_seed_scenario,explanation,bank-marketing,hgb,noise,3.0,shap,local_attribution,cosine_instability,nondecreasing_with_severity,5,0.9999999999999999,1.0,0,0.08325064107064706,1.0,1
block,dataset_model_seed_scenario,explanation,bank-marketing,hgb,noise,4.0,shap,local_attribution,cosine_instability,nondecreasing_with_severity,5,0.9999999999999999,1.0,0,0.06665658289605292,1.0,1
block,dataset_model_seed_scenario,explanation,bank-marketing,logreg,noise,0.0,shap,local_attribution,cosine_instability,nondecreasing_with_severity,5,0.9999999999999999,1.0,0,0.018837757902569252,1.0,1
block,dataset_model_seed_scenario,explanation,bank-marketing,logreg,noise,1.0,shap,local_attribution,cosine_instability,nondecreasing_with_severity,5,0.9999999999999999,1.0,0,0.028848827731325022,1.0,1
block,dataset_model_seed_scenario,explanation,bank-marketing,logreg,noise,2.0,shap,local_attribution,cosine_instability,nondecreasing_with_severity,5,0.9999999999999999,1.0,0,0.024040452698176673,1.0,1
block,dataset_model_seed_scenario,explanation,bank-marketing,logreg,noise,3.0,shap,local_attribution,cosine_instability,nondecreasing_with_severity,5,0.9999999999999999,1.0,0,0.01744308930785199,1.0,1
block,dataset_model_seed_scenario,explanation,bank-marketing,logreg,noise,4.0,shap,local_attribution,cosine_instability,nondecreasing_with_severity,5,0.9999999999999999,1.0,0,0.013179036644321962,1.0,1
block,dataset_model_seed_scenario,explanation,bank-marketing,rf,noise,0.0,shap,local_attribution,cosine_instability,nondecreasing_with_severity,5,0.9999999999999999,1.0,0,0.003016589444323148,1.0,1
block,dataset_model_seed_scenario,explanation,bank-marketing,rf,noise,1.0,shap,local_attribution,cosine_instability,nondecreasing_with_severity,5,0.9999999999999999,1.0,0,0.08080657047978701,1.0,1
block,dataset_model_seed_scenario,explanation,bank-marketing,rf,noise,2.0,shap,local_attribution,cosine_instability,nondecreasing_with_severity,5,0.9999999999999999,1.0,0,0.08282694129264989,1.0,1
block,dataset_model_seed_scenario,explanation,bank-marketing,rf,noise,3.0,shap,local_attribution,cosine_instability,nondecreasing_with_severity,5,0.9999999999999999,1.0,0,0.06590413512420423,1.0,1
block,dataset_model_seed_scenario,explanation,bank-marketing,rf,noise,4.0,shap,local_attribution,cosine_instability,nondecreasing_with_severity,5,0.9999999999999999,1.0,0,0.0602871367690202,1.0,1
block,dataset_model_seed_scenario,explanation,electricity,hgb,noise,0.0,shap,local_attribution,cosine_instability,nondecreasing_with_severity,5,0.9999999999999999,1.0,0,0.07835291749241124,1.0,1
block,dataset_model_seed_scenario,explanation,electricity,hgb,noise,1.0,shap,local_attribution,cosine_instability,nondecreasing_with_severity,5,0.9999999999999999,1.0,0,0.0020117647197271937,1.0,1
block,dataset_model_seed_scenario,explanation,electricity,hgb,noise,2.0,shap,local_attribution,cosine_instability,nondecreasing_with_severity,5,0.9999999999999999,1.0,0,0.06224107671525947,1.0,1
block,dataset_model_seed_scenario,explanation,electricity,hgb,noise,3.0,shap,local_attribution,cosine_instability,nondecreasing_with_severity,5,0.9999999999999999,1.0,0,0.02365082712952038,1.0,1
block,dataset_model_seed_scenario,explanation,electricity,hgb,noise,4.0,shap,local_attribution,cosine_instability,nondecreasing_with_severity,5,0.9999999999999999,1.0,0,0.054941819664452995,1.0,1
block,dataset_model_seed_scenario,explanation,electricity,logreg,noise,0.0,shap,local_attribution,cosine_instability,nondecreasing_with_severity,5,0.9999999999999999,1.0,0,0.05883377427503622,1.0,1
block,dataset_model_seed_scenario,explanation,electricity,logreg,noise,1.0,shap,local_attribution,cosine_instability,nondecreasing_with_severity,5,0.9999999999999999,1.0,0,0.022639598029653873,1.0,1
block,dataset_model_seed_scenario,explanation,electricity,logreg,noise,2.0,shap,local_attribution,cosine_instability,nondecreasing_with_severity,5,0.9999999999999999,1.0,0,0.05592700960242336,1.0,1
block,dataset_model_seed_scenario,explanation,electricity,logreg,noise,3.0,shap,local_attribution,cosine_instability,nondecreasing_with_severity,5,0.9999999999999999,1.0,0,0.038592419284747104,1.0,1
block,dataset_model_seed_scenario,explanation,electricity,logreg,noise,4.0,shap,local_attribution,cosine_instability,nondecreasing_with_severity,5,0.9999999999999999,1.0,0,0.0577695535435272,1.0,1
block,dataset_model_seed_scenario,explanation,electricity,rf,noise,0.0,shap,local_attribution,cosine_instability,nondecreasing_with_severity,5,0.9999999999999999,1.0,0,0.05624979441204714,1.0,1
block,dataset_model_seed_scenario,explanation,electricity,rf,noise,1.0,shap,local_attribution,cosine_instability,nondecreasing_with_severity,5,0.9999999999999999,1.0,0,0.006434895400559304,1.0,1
block,dataset_model_seed_scenario,explanation,electricity,rf,noise,2.0,shap,local_attribution,cosine_instability,nondecreasing_with_severity,5,0.9999999999999999,1.0,0,0.10740975048096923,1.0,1
block,dataset_model_seed_scenario,explanation,electricity,rf,noise,3.0,shap,local_attribution,cosine_instability,nondecreasing_with_severity,5,0.9999999999999999,1.0,0,0.06383752614887606,1.0,1
block,dataset_model_seed_scenario,explanation,electricity,rf,noise,4.0,shap,local_attribution,cosine_instability,nondecreasing_with_severity,5,0.9999999999999999,1.0,0,0.11824718166410642,1.0,1
block,dataset_model_seed_scenario,explanation,adult,hgb,quantize,0.0,shap,local_attribution,cosine_instability,nondecreasing_with_severity,5,-0.8999999999999998,0.0,3,-0.10943159916629297,0.0,1
block,dataset_model_seed_scenario,explanation,adult,hgb,quantize,1.0,shap,local_attribution,cosine_instability,nondecreasing_with_severity,5,-0.9999999999999999,0.0,4,-0.123912798110284,0.0,1
block,dataset_model_seed_scenario,explanation,adult,hgb,quantize,2.0,shap,local_attribution,cosine_instability,nondecreasing_with_severity,5,-0.9999999999999999,0.0,4,-0.09532996742958744,0.0,1
block,dataset_model_seed_scenario,explanation,adult,hgb,quantize,3.0,shap,local_attribution,cosine_instability,nondecreasing_with_severity,5,-0.9999999999999999,0.0,4,-0.14428630627628036,0.0,1
block,dataset_model_seed_scenario,explanation,adult,hgb,quantize,4.0,shap,local_attribution,cosine_instability,nondecreasing_with_severity,5,-0.8999999999999998,0.0,3,-0.06949721465706282,0.0,1
block,dataset_model_seed_scenario,explanation,adult,logreg,quantize,0.0,shap,local_attribution,cosine_instability,nondecreasing_with_severity,5,-0.9999999999999999,0.0,4,-0.1793781213329163,0.0,1
block,dataset_model_seed_scenario,explanation,adult,logreg,quantize,1.0,shap,local_attribution,cosine_instability,nondecreasing_with_severity,5,-0.9999999999999999,0.0,4,-0.15944836891734315,0.0,1
block,dataset_model_seed_scenario,explanation,adult,logreg,quantize,2.0,shap,local_attribution,cosine_instability,nondecreasing_with_severity,5,-0.9999999999999999,0.0,4,-0.2078928575703589,0.0,1
block,dataset_model_seed_scenario,explanation,adult,logreg,quantize,3.0,shap,local_attribution,cosine_instability,nondecreasing_with_severity,5,-0.9999999999999999,0.0,4,-0.18002593554990276,0.0,1
block,dataset_model_seed_scenario,explanation,adult,logreg,quantize,4.0,shap,local_attribution,cosine_instability,nondecreasing_with_severity,5,-0.9999999999999999,0.0,4,-0.1759659397387603,0.0,1
block,dataset_model_seed_scenario,explanation,adult,rf,quantize,0.0,shap,local_attribution,cosine_instability,nondecreasing_with_severity,5,-0.9999999999999999,0.0,4,-0.09072456847161758,0.0,1
block,dataset_model_seed_scenario,explanation,adult,rf,quantize,1.0,shap,local_attribution,cosine_instability,nondecreasing_with_severity,5,-0.9999999999999999,0.0,4,-0.08266009356241544,0.0,1
block,dataset_model_seed_scenario,explanation,adult,rf,quantize,2.0,shap,local_attribution,cosine_instability,nondecreasing_with_severity,5,-0.9999999999999999,0.0,4,-0.0993737330963882,0.0,1
block,dataset_model_seed_scenario,explanation,adult,rf,quantize,3.0,shap,local_attribution,cosine_instability,nondecreasing_with_severity,5,-0.9999999999999999,0.0,4,-0.11145877822449501,0.0,1
block,dataset_model_seed_scenario,explanation,adult,rf,quantize,4.0,shap,local_attribution,cosine_instability,nondecreasing_with_severity,5,-0.8999999999999998,0.0,3,-0.10245955937827567,0.0,1
block,dataset_model_seed_scenario,explanation,bank-marketing,hgb,quantize,0.0,shap,local_attribution,cosine_instability,nondecreasing_with_severity,5,-0.9999999999999999,0.0,4,-0.2931861237895895,0.0,1
block,dataset_model_seed_scenario,explanation,bank-marketing,hgb,quantize,1.0,shap,local_attribution,cosine_instability,nondecreasing_with_severity,5,-0.9999999999999999,0.0,4,-0.3693194965951341,0.0,1
block,dataset_model_seed_scenario,explanation,bank-marketing,hgb,quantize,2.0,shap,local_attribution,cosine_instability,nondecreasing_with_severity,5,-0.9999999999999999,0.0,4,-0.33269764133156476,0.0,1
block,dataset_model_seed_scenario,explanation,bank-marketing,hgb,quantize,3.0,shap,local_attribution,cosine_instability,nondecreasing_with_severity,5,-0.9999999999999999,0.0,4,-0.35805285915622964,0.0,1
block,dataset_model_seed_scenario,explanation,bank-marketing,hgb,quantize,4.0,shap,local_attribution,cosine_instability,nondecreasing_with_severity,5,-0.9999999999999999,0.0,4,-0.28716408138155414,0.0,1
block,dataset_model_seed_scenario,explanation,bank-marketing,logreg,quantize,0.0,shap,local_attribution,cosine_instability,nondecreasing_with_severity,5,-0.9999999999999999,0.0,4,-0.2103912705680433,0.0,1
block,dataset_model_seed_scenario,explanation,bank-marketing,logreg,quantize,1.0,shap,local_attribution,cosine_instability,nondecreasing_with_severity,5,-0.9999999999999999,0.0,4,-0.2609128457591724,0.0,1
block,dataset_model_seed_scenario,explanation,bank-marketing,logreg,quantize,2.0,shap,local_attribution,cosine_instability,nondecreasing_with_severity,5,-0.9999999999999999,0.0,4,-0.21992963881776317,0.0,1
block,dataset_model_seed_scenario,explanation,bank-marketing,logreg,quantize,3.0,shap,local_attribution,cosine_instability,nondecreasing_with_severity,5,-0.9999999999999999,0.0,4,-0.20966778103630346,0.0,1
block,dataset_model_seed_scenario,explanation,bank-marketing,logreg,quantize,4.0,shap,local_attribution,cosine_instability,nondecreasing_with_severity,5,-0.9999999999999999,0.0,4,-0.21790350747124776,0.0,1
block,dataset_model_seed_scenario,explanation,bank-marketing,rf,quantize,0.0,shap,local_attribution,cosine_instability,nondecreasing_with_severity,5,-0.9999999999999999,0.0,4,-0.33607173663102163,0.0,1
block,dataset_model_seed_scenario,explanation,bank-marketing,rf,quantize,1.0,shap,local_attribution,cosine_instability,nondecreasing_with_severity,5,-0.9999999999999999,0.0,4,-0.3198592950734779,0.0,1
block,dataset_model_seed_scenario,explanation,bank-marketing,rf,quantize,2.0,shap,local_attribution,cosine_instability,nondecreasing_with_severity,5,-0.9999999999999999,0.0,4,-0.31269568312719687,0.0,1
block,dataset_model_seed_scenario,explanation,bank-marketing,rf,quantize,3.0,shap,local_attribution,cosine_instability,nondecreasing_with_severity,5,-0.9999999999999999,0.0,4,-0.38148750730313175,0.0,1
block,dataset_model_seed_scenario,explanation,bank-marketing,rf,quantize,4.0,shap,local_attribution,cosine_instability,nondecreasing_with_severity,5,-0.9999999999999999,0.0,4,-0.2414113599405805,0.0,1
block,dataset_model_seed_scenario,explanation,electricity,hgb,quantize,0.0,shap,local_attribution,cosine_instability,nondecreasing_with_severity,5,-0.9999999999999999,0.0,4,-0.38581931341493736,0.0,1
block,dataset_model_seed_scenario,explanation,electricity,hgb,quantize,1.0,shap,local_attribution,cosine_instability,nondecreasing_with_severity,5,-0.9999999999999999,0.0,4,-0.3373272915803075,0.0,1
block,dataset_model_seed_scenario,explanation,electricity,hgb,quantize,2.0,shap,local_attribution,cosine_instability,nondecreasing_with_severity,5,-0.9999999999999999,0.0,4,-0.36147638816694816,0.0,1
block,dataset_model_seed_scenario,explanation,electricity,hgb,quantize,3.0,shap,local_attribution,cosine_instability,nondecreasing_with_severity,5,-0.9999999999999999,0.0,4,-0.3266231295447294,0.0,1
block,dataset_model_seed_scenario,explanation,electricity,hgb,quantize,4.0,shap,local_attribution,cosine_instability,nondecreasing_with_severity,5,-0.9999999999999999,0.0,4,-0.3909939399536495,0.0,1
block,dataset_model_seed_scenario,explanation,electricity,logreg,quantize,0.0,shap,local_attribution,cosine_instability,nondecreasing_with_severity,5,-0.9999999999999999,0.0,4,-0.2706916636413067,0.0,1
block,dataset_model_seed_scenario,explanation,electricity,logreg,quantize,1.0,shap,local_attribution,cosine_instability,nondecreasing_with_severity,5,-0.9999999999999999,0.0,4,-0.3321661151648805,0.0,1
block,dataset_model_seed_scenario,explanation,electricity,logreg,quantize,2.0,shap,local_attribution,cosine_instability,nondecreasing_with_severity,5,-0.9999999999999999,0.0,4,-0.40739621190683273,0.0,1
block,dataset_model_seed_scenario,explanation,electricity,logreg,quantize,3.0,shap,local_attribution,cosine_instability,nondecreasing_with_severity,5,-0.9999999999999999,0.0,4,-0.3550583264723798,0.0,1
block,dataset_model_seed_scenario,explanation,electricity,logreg,quantize,4.0,shap,local_attribution,cosine_instability,nondecreasing_with_severity,5,-0.9999999999999999,0.0,4,-0.23540973418686983,0.0,1
block,dataset_model_seed_scenario,explanation,electricity,rf,quantize,0.0,shap,local_attribution,cosine_instability,nondecreasing_with_severity,5,-0.9999999999999999,0.0,4,-0.36330570702668974,0.0,1
block,dataset_model_seed_scenario,explanation,electricity,rf,quantize,1.0,shap,local_attribution,cosine_instability,nondecreasing_with_severity,5,-0.9999999999999999,0.0,4,-0.31653366860642174,0.0,1
block,dataset_model_seed_scenario,explanation,electricity,rf,quantize,2.0,shap,local_attribution,cosine_instability,nondecreasing_with_severity,5,-0.9999999999999999,0.0,4,-0.32419540736663366,0.0,1
block,dataset_model_seed_scenario,explanation,electricity,rf,quantize,3.0,shap,local_attribution,cosine_instability,nondecreasing_with_severity,5,-0.9999999999999999,0.0,4,-0.27713960923426073,0.0,1
block,dataset_model_seed_scenario,explanation,electricity,rf,quantize,4.0,shap,local_attribution,cosine_instability,nondecreasing_with_severity,5,-0.9999999999999999,0.0,4,-0.28625676562657965,0.0,1
block,dataset_model_seed_scenario,explanation,adult,hgb,gradual,0.0,shap,local_attribution,top5_instability,nondecreasing_with_severity,5,0.9999999999999999,1.0,0,0.008000000000000007,1.0,1
block,dataset_model_seed_scenario,explanation,adult,hgb,gradual,1.0,shap,local_attribution,top5_instability,nondecreasing_with_severity,5,0.9999999999999999,1.0,0,0.015000000000000124,1.0,1
block,dataset_model_seed_scenario,explanation,adult,hgb,gradual,2.0,shap,local_attribution,top5_instability,nondecreasing_with_severity,5,0.8999999999999998,0.0,1,-0.008999999999999897,0.0,1
block,dataset_model_seed_scenario,explanation,adult,hgb,gradual,3.0,shap,local_attribution,top5_instability,nondecreasing_with_severity,5,0.8999999999999998,0.0,1,-0.004000000000000115,0.0,1
block,dataset_model_seed_scenario,explanation,adult,hgb,gradual,4.0,shap,local_attribution,top5_instability,nondecreasing_with_severity,5,0.6,0.0,2,-0.013999999999999901,0.0,1
block,dataset_model_seed_scenario,explanation,adult,logreg,gradual,0.0,shap,local_attribution,top5_instability,nondecreasing_with_severity,5,0.9999999999999999,1.0,0,0.020999999999999908,1.0,1
block,dataset_model_seed_scenario,explanation,adult,logreg,gradual,1.0,shap,local_attribution,top5_instability,nondecreasing_with_severity,5,0.9999999999999999,1.0,0,0.01000000000000012,1.0,1
block,dataset_model_seed_scenario,explanation,adult,logreg,gradual,2.0,shap,local_attribution,top5_instability,nondecreasing_with_severity,5,-0.6668859288553503,0.0,2,-0.04300000000000015,0.0,1
block,dataset_model_seed_scenario,explanation,adult,logreg,gradual,3.0,shap,local_attribution,top5_instability,nondecreasing_with_severity,5,0.9999999999999999,1.0,0,0.015000000000000013,1.0,1
block,dataset_model_seed_scenario,explanation,adult,logreg,gradual,4.0,shap,local_attribution,top5_instability,nondecreasing_with_severity,5,0.9999999999999999,1.0,0,0.018000000000000016,1.0,1
block,dataset_model_seed_scenario,explanation,adult,rf,gradual,0.0,shap,local_attribution,top5_instability,nondecreasing_with_severity,5,0.9999999999999999,1.0,0,0.0029999999999998916,1.0,1
block,dataset_model_seed_scenario,explanation,adult,rf,gradual,1.0,shap,local_attribution,top5_instability,nondecreasing_with_severity,5,0.8999999999999998,0.0,1,-0.0009999999999998899,0.0,1
block,dataset_model_seed_scenario,explanation,adult,rf,gradual,2.0,shap,local_attribution,top5_instability,nondecreasing_with_severity,5,0.8999999999999998,0.0,1,-0.0009999999999998899,0.0,1
block,dataset_model_seed_scenario,explanation,adult,rf,gradual,3.0,shap,local_attribution,top5_instability,nondecreasing_with_severity,5,0.7,0.0,1,-0.009000000000000119,0.0,1
block,dataset_model_seed_scenario,explanation,adult,rf,gradual,4.0,shap,local_attribution,top5_instability,nondecreasing_with_severity,5,0.8944271909999159,1.0,0,0.0,1.0,1
block,dataset_model_seed_scenario,explanation,bank-marketing,hgb,gradual,0.0,shap,local_attribution,top5_instability,nondecreasing_with_severity,5,0.9999999999999999,1.0,0,0.007000000000000006,1.0,1
block,dataset_model_seed_scenario,explanation,bank-marketing,hgb,gradual,1.0,shap,local_attribution,top5_instability,nondecreasing_with_severity,5,0.8999999999999998,0.0,1,-0.0019999999999998908,0.0,1
block,dataset_model_seed_scenario,explanation,bank-marketing,hgb,gradual,2.0,shap,local_attribution,top5_instability,nondecreasing_with_severity,5,0.8999999999999998,0.0,1,-0.0020000000000000018,0.0,1
block,dataset_model_seed_scenario,explanation,bank-marketing,hgb,gradual,3.0,shap,local_attribution,top5_instability,nondecreasing_with_severity,5,0.9999999999999999,1.0,0,0.008999999999999897,1.0,1
block,dataset_model_seed_scenario,explanation,bank-marketing,hgb,gradual,4.0,shap,local_attribution,top5_instability,nondecreasing_with_severity,5,0.9999999999999999,1.0,0,0.001000000000000112,1.0,1
block,dataset_model_seed_scenario,explanation,bank-marketing,logreg,gradual,0.0,shap,local_attribution,top5_instability,nondecreasing_with_severity,5,-0.7,0.0,3,-0.019999999999999907,0.0,1
block,dataset_model_seed_scenario,explanation,bank-marketing,logreg,gradual,1.0,shap,local_attribution,top5_instability,nondecreasing_with_severity,5,-0.3,0.0,2,-0.013999999999999901,0.0,1
block,dataset_model_seed_scenario,explanation,bank-marketing,logreg,gradual,2.0,shap,local_attribution,top5_instability,nondecreasing_with_severity,5,-0.7,0.0,3,-0.015000000000000013,0.0,1
block,dataset_model_seed_scenario,explanation,bank-marketing,logreg,gradual,3.0,shap,local_attribution,top5_instability,nondecreasing_with_severity,5,0.6,0.0,2,-0.009000000000000119,0.0,1
block,dataset_model_seed_scenario,explanation,bank-marketing,logreg,gradual,4.0,shap,local_attribution,top5_instability,nondecreasing_with_severity,5,-0.7,0.0,3,-0.01200000000000001,0.0,1
block,dataset_model_seed_scenario,explanation,bank-marketing,rf,gradual,0.0,shap,local_attribution,top5_instability,nondecreasing_with_severity,5,0.9999999999999999,1.0,0,0.007000000000000006,1.0,1
block,dataset_model_seed_scenario,explanation,bank-marketing,rf,gradual,1.0,shap,local_attribution,top5_instability,nondecreasing_with_severity,5,0.9999999999999999,1.0,0,0.005999999999999894,1.0,1
block,dataset_model_seed_scenario,explanation,bank-marketing,rf,gradual,2.0,shap,local_attribution,top5_instability,nondecreasing_with_severity,5,0.9999999999999999,1.0,0,0.019000000000000128,1.0,1
block,dataset_model_seed_scenario,explanation,bank-marketing,rf,gradual,3.0,shap,local_attribution,top5_instability,nondecreasing_with_severity,5,0.9746794344808963,1.0,0,0.0,1.0,1
block,dataset_model_seed_scenario,explanation,bank-marketing,rf,gradual,4.0,shap,local_attribution,top5_instability,nondecreasing_with_severity,5,0.9999999999999999,1.0,0,0.006000000000000116,1.0,1
block,dataset_model_seed_scenario,explanation,electricity,hgb,gradual,0.0,shap,local_attribution,top5_instability,nondecreasing_with_severity,5,0.9999999999999999,1.0,0,0.0030000000000001137,1.0,1
block,dataset_model_seed_scenario,explanation,electricity,hgb,gradual,1.0,shap,local_attribution,top5_instability,nondecreasing_with_severity,5,0.7,0.0,1,-0.02100000000000002,0.0,1
block,dataset_model_seed_scenario,explanation,electricity,hgb,gradual,2.0,shap,local_attribution,top5_instability,nondecreasing_with_severity,5,0.9999999999999999,1.0,0,0.0030000000000000027,1.0,1
block,dataset_model_seed_scenario,explanation,electricity,hgb,gradual,3.0,shap,local_attribution,top5_instability,nondecreasing_with_severity,5,0.9999999999999999,1.0,0,0.0039999999999997815,1.0,1
block,dataset_model_seed_scenario,explanation,electricity,hgb,gradual,4.0,shap,local_attribution,top5_instability,nondecreasing_with_severity,5,0.8999999999999998,0.0,1,-0.0050000000000000044,0.0,1
block,dataset_model_seed_scenario,explanation,electricity,logreg,gradual,0.0,shap,local_attribution,top5_instability,nondecreasing_with_severity,5,0.09999999999999999,0.0,2,-0.0040000000000000036,0.0,1
block,dataset_model_seed_scenario,explanation,electricity,logreg,gradual,1.0,shap,local_attribution,top5_instability,nondecreasing_with_severity,5,0.9999999999999999,1.0,0,0.009000000000000008,1.0,1
block,dataset_model_seed_scenario,explanation,electricity,logreg,gradual,2.0,shap,local_attribution,top5_instability,nondecreasing_with_severity,5,0.9999999999999999,1.0,0,0.0040000000000000036,1.0,1
block,dataset_model_seed_scenario,explanation,electricity,logreg,gradual,3.0,shap,local_attribution,top5_instability,nondecreasing_with_severity,5,0.9999999999999999,1.0,0,0.0050000000000001155,1.0,1
block,dataset_model_seed_scenario,explanation,electricity,logreg,gradual,4.0,shap,local_attribution,top5_instability,nondecreasing_with_severity,5,0.9999999999999999,1.0,0,2.220446049250313e-16,1.0,1
block,dataset_model_seed_scenario,explanation,electricity,rf,gradual,0.0,shap,local_attribution,top5_instability,nondecreasing_with_severity,5,0.8999999999999998,0.0,1,-0.0009999999999998899,0.0,1
block,dataset_model_seed_scenario,explanation,electricity,rf,gradual,1.0,shap,local_attribution,top5_instability,nondecreasing_with_severity,5,0.9999999999999999,1.0,0,0.0030000000000000027,1.0,1
block,dataset_model_seed_scenario,explanation,electricity,rf,gradual,2.0,shap,local_attribution,top5_instability,nondecreasing_with_severity,5,0.9999999999999999,1.0,0,0.0009999999999998899,1.0,1
block,dataset_model_seed_scenario,explanation,electricity,rf,gradual,3.0,shap,local_attribution,top5_instability,nondecreasing_with_severity,5,0.9999999999999999,1.0,0,0.008000000000000007,1.0,1
block,dataset_model_seed_scenario,explanation,electricity,rf,gradual,4.0,shap,local_attribution,top5_instability,nondecreasing_with_severity,5,0.8999999999999998,0.0,1,-0.0039999999999998925,0.0,1
block,dataset_model_seed_scenario,explanation,adult,hgb,mean_shift,0.0,shap,local_attribution,top5_instability,nondecreasing_with_severity,5,0.9999999999999999,1.0,0,0.01100000000000012,1.0,1
block,dataset_model_seed_scenario,explanation,adult,hgb,mean_shift,1.0,shap,local_attribution,top5_instability,nondecreasing_with_severity,5,0.9999999999999999,1.0,0,0.010999999999999788,1.0,1
block,dataset_model_seed_scenario,explanation,adult,hgb,mean_shift,2.0,shap,local_attribution,top5_instability,nondecreasing_with_severity,5,0.8999999999999998,0.0,1,-0.006000000000000005,0.0,1
block,dataset_model_seed_scenario,explanation,adult,hgb,mean_shift,3.0,shap,local_attribution,top5_instability,nondecreasing_with_severity,5,0.8999999999999998,0.0,1,-0.01200000000000001,0.0,1
block,dataset_model_seed_scenario,explanation,adult,hgb,mean_shift,4.0,shap,local_attribution,top5_instability,nondecreasing_with_severity,5,0.9999999999999999,1.0,0,0.006000000000000005,1.0,1
block,dataset_model_seed_scenario,explanation,adult,logreg,mean_shift,0.0,shap,local_attribution,top5_instability,nondecreasing_with_severity,5,0.9999999999999999,1.0,0,0.02200000000000013,1.0,1
block,dataset_model_seed_scenario,explanation,adult,logreg,mean_shift,1.0,shap,local_attribution,top5_instability,nondecreasing_with_severity,5,0.9999999999999999,1.0,0,0.017999999999999905,1.0,1
block,dataset_model_seed_scenario,explanation,adult,logreg,mean_shift,2.0,shap,local_attribution,top5_instability,nondecreasing_with_severity,5,-0.09999999999999999,0.0,2,-0.07500000000000018,0.0,1
block,dataset_model_seed_scenario,explanation,adult,logreg,mean_shift,3.0,shap,local_attribution,top5_instability,nondecreasing_with_severity,5,0.9999999999999999,1.0,0,0.008000000000000007,1.0,1
block,dataset_model_seed_scenario,explanation,adult,logreg,mean_shift,4.0,shap,local_attribution,top5_instability,nondecreasing_with_severity,5,0.9999999999999999,1.0,0,0.015999999999999903,1.0,1
block,dataset_model_seed_scenario,explanation,adult,rf,mean_shift,0.0,shap,local_attribution,top5_instability,nondecreasing_with_severity,5,0.7,0.0,1,-0.018000000000000127,0.0,1
block,dataset_model_seed_scenario,explanation,adult,rf,mean_shift,1.0,shap,local_attribution,top5_instability,nondecreasing_with_severity,5,0.6,0.0,2,-0.028000000000000136,0.0,1
block,dataset_model_seed_scenario,explanation,adult,rf,mean_shift,2.0,shap,local_attribution,top5_instability,nondecreasing_with_severity,5,0.7,0.0,1,-0.013999999999999901,0.0,1
block,dataset_model_seed_scenario,explanation,adult,rf,mean_shift,3.0,shap,local_attribution,top5_instability,nondecreasing_with_severity,5,0.6,0.0,2,-0.03600000000000003,0.0,1
block,dataset_model_seed_scenario,explanation,adult,rf,mean_shift,4.0,shap,local_attribution,top5_instability,nondecreasing_with_severity,5,0.7,0.0,1,-0.028999999999999915,0.0,1
block,dataset_model_seed_scenario,explanation,bank-marketing,hgb,mean_shift,0.0,shap,local_attribution,top5_instability,nondecreasing_with_severity,5,0.9999999999999999,1.0,0,0.0009999999999998899,1.0,1
block,dataset_model_seed_scenario,explanation,bank-marketing,hgb,mean_shift,1.0,shap,local_attribution,top5_instability,nondecreasing_with_severity,5,0.9999999999999999,1.0,0,0.017000000000000237,1.0,1
block,dataset_model_seed_scenario,explanation,bank-marketing,hgb,mean_shift,2.0,shap,local_attribution,top5_instability,nondecreasing_with_severity,5,0.9999999999999999,1.0,0,0.015000000000000013,1.0,1
block,dataset_model_seed_scenario,explanation,bank-marketing,hgb,mean_shift,3.0,shap,local_attribution,top5_instability,nondecreasing_with_severity,5,0.9999999999999999,1.0,0,0.016000000000000014,1.0,1
block,dataset_model_seed_scenario,explanation,bank-marketing,hgb,mean_shift,4.0,shap,local_attribution,top5_instability,nondecreasing_with_severity,5,0.9999999999999999,1.0,0,0.0040000000000000036,1.0,1
block,dataset_model_seed_scenario,explanation,bank-marketing,logreg,mean_shift,0.0,shap,local_attribution,top5_instability,nondecreasing_with_severity,5,-0.8720815992723809,0.0,2,-0.04899999999999993,0.0,1
block,dataset_model_seed_scenario,explanation,bank-marketing,logreg,mean_shift,1.0,shap,local_attribution,top5_instability,nondecreasing_with_severity,5,-0.19999999999999998,0.0,2,-0.025000000000000022,0.0,1
block,dataset_model_seed_scenario,explanation,bank-marketing,logreg,mean_shift,2.0,shap,local_attribution,top5_instability,nondecreasing_with_severity,5,-0.8720815992723809,0.0,2,-0.03799999999999992,0.0,1
block,dataset_model_seed_scenario,explanation,bank-marketing,logreg,mean_shift,3.0,shap,local_attribution,top5_instability,nondecreasing_with_severity,5,-0.19999999999999998,0.0,2,-0.010000000000000009,0.0,1
block,dataset_model_seed_scenario,explanation,bank-marketing,logreg,mean_shift,4.0,shap,local_attribution,top5_instability,nondecreasing_with_severity,5,-0.6668859288553503,0.0,2,-0.039000000000000035,0.0,1
block,dataset_model_seed_scenario,explanation,bank-marketing,rf,mean_shift,0.0,shap,local_attribution,top5_instability,nondecreasing_with_severity,5,0.9999999999999999,1.0,0,0.020000000000000018,1.0,1
block,dataset_model_seed_scenario,explanation,bank-marketing,rf,mean_shift,1.0,shap,local_attribution,top5_instability,nondecreasing_with_severity,5,0.9999999999999999,1.0,0,0.02200000000000013,1.0,1
block,dataset_model_seed_scenario,explanation,bank-marketing,rf,mean_shift,2.0,shap,local_attribution,top5_instability,nondecreasing_with_severity,5,0.9999999999999999,1.0,0,0.030000000000000027,1.0,1
block,dataset_model_seed_scenario,explanation,bank-marketing,rf,mean_shift,3.0,shap,local_attribution,top5_instability,nondecreasing_with_severity,5,0.8999999999999998,0.0,1,-0.005999999999999894,0.0,1
block,dataset_model_seed_scenario,explanation,bank-marketing,rf,mean_shift,4.0,shap,local_attribution,top5_instability,nondecreasing_with_severity,5,0.9999999999999999,1.0,0,0.02400000000000002,1.0,1
block,dataset_model_seed_scenario,explanation,electricity,hgb,mean_shift,0.0,shap,local_attribution,top5_instability,nondecreasing_with_severity,5,0.9999999999999999,1.0,0,0.010999999999999899,1.0,1
block,dataset_model_seed_scenario,explanation,electricity,hgb,mean_shift,1.0,shap,local_attribution,top5_instability,nondecreasing_with_severity,5,0.8999999999999998,0.0,1,-0.008000000000000118,0.0,1
block,dataset_model_seed_scenario,explanation,electricity,hgb,mean_shift,2.0,shap,local_attribution,top5_instability,nondecreasing_with_severity,5,0.8999999999999998,0.0,1,-0.001000000000000112,0.0,1
block,dataset_model_seed_scenario,explanation,electricity,hgb,mean_shift,3.0,shap,local_attribution,top5_instability,nondecreasing_with_severity,5,0.9999999999999999,1.0,0,0.008000000000000118,1.0,1
block,dataset_model_seed_scenario,explanation,electricity,hgb,mean_shift,4.0,shap,local_attribution,top5_instability,nondecreasing_with_severity,5,0.8999999999999998,0.0,1,-0.0020000000000000018,0.0,1
block,dataset_model_seed_scenario,explanation,electricity,logreg,mean_shift,0.0,shap,local_attribution,top5_instability,nondecreasing_with_severity,5,0.3,0.0,2,-0.019999999999999907,0.0,1
block,dataset_model_seed_scenario,explanation,electricity,logreg,mean_shift,1.0,shap,local_attribution,top5_instability,nondecreasing_with_severity,5,0.9999999999999999,1.0,0,0.005999999999999894,1.0,1
block,dataset_model_seed_scenario,explanation,electricity,logreg,mean_shift,2.0,shap,local_attribution,top5_instability,nondecreasing_with_severity,5,0.9999999999999999,1.0,0,0.0009999999999998899,1.0,1
block,dataset_model_seed_scenario,explanation,electricity,logreg,mean_shift,3.0,shap,local_attribution,top5_instability,nondecreasing_with_severity,5,0.9746794344808963,1.0,0,0.0,1.0,1
block,dataset_model_seed_scenario,explanation,electricity,logreg,mean_shift,4.0,shap,local_attribution,top5_instability,nondecreasing_with_severity,5,0.9746794344808963,1.0,0,0.0,1.0,1
block,dataset_model_seed_scenario,explanation,electricity,rf,mean_shift,0.0,shap,local_attribution,top5_instability,nondecreasing_with_severity,5,0.8207826816681234,0.0,1,-0.0019999999999998908,0.0,1
block,dataset_model_seed_scenario,explanation,electricity,rf,mean_shift,1.0,shap,local_attribution,top5_instability,nondecreasing_with_severity,5,0.6,0.0,2,-0.008000000000000118,0.0,1
block,dataset_model_seed_scenario,explanation,electricity,rf,mean_shift,2.0,shap,local_attribution,top5_instability,nondecreasing_with_severity,5,0.09999999999999999,0.0,2,-0.009000000000000008,0.0,1
block,dataset_model_seed_scenario,explanation,electricity,rf,mean_shift,3.0,shap,local_attribution,top5_instability,nondecreasing_with_severity,5,0.6,0.0,2,-0.0129999999999999,0.0,1
block,dataset_model_seed_scenario,explanation,electricity,rf,mean_shift,4.0,shap,local_attribution,top5_instability,nondecreasing_with_severity,5,0.3,0.0,2,-0.026000000000000134,0.0,1
block,dataset_model_seed_scenario,explanation,adult,hgb,missing,0.0,shap,local_attribution,top5_instability,nondecreasing_with_severity,5,0.9999999999999999,1.0,0,0.018999999999999906,1.0,1
block,dataset_model_seed_scenario,explanation,adult,hgb,missing,1.0,shap,local_attribution,top5_instability,nondecreasing_with_severity,5,0.9999999999999999,1.0,0,0.0119999999999999,1.0,1
block,dataset_model_seed_scenario,explanation,adult,hgb,missing,2.0,shap,local_attribution,top5_instability,nondecreasing_with_severity,5,0.9999999999999999,1.0,0,0.025000000000000022,1.0,1
block,dataset_model_seed_scenario,explanation,adult,hgb,missing,3.0,shap,local_attribution,top5_instability,nondecreasing_with_severity,5,0.9999999999999999,1.0,0,0.015999999999999903,1.0,1
block,dataset_model_seed_scenario,explanation,adult,hgb,missing,4.0,shap,local_attribution,top5_instability,nondecreasing_with_severity,5,0.9999999999999999,1.0,0,0.018999999999999906,1.0,1
block,dataset_model_seed_scenario,explanation,adult,logreg,missing,0.0,shap,local_attribution,top5_instability,nondecreasing_with_severity,5,0.9999999999999999,1.0,0,0.009000000000000119,1.0,1
block,dataset_model_seed_scenario,explanation,adult,logreg,missing,1.0,shap,local_attribution,top5_instability,nondecreasing_with_severity,5,0.9999999999999999,1.0,0,0.020000000000000018,1.0,1
block,dataset_model_seed_scenario,explanation,adult,logreg,missing,2.0,shap,local_attribution,top5_instability,nondecreasing_with_severity,5,0.9999999999999999,1.0,0,0.02100000000000002,1.0,1
block,dataset_model_seed_scenario,explanation,adult,logreg,missing,3.0,shap,local_attribution,top5_instability,nondecreasing_with_severity,5,0.9999999999999999,1.0,0,0.03400000000000003,1.0,1
block,dataset_model_seed_scenario,explanation,adult,logreg,missing,4.0,shap,local_attribution,top5_instability,nondecreasing_with_severity,5,0.9999999999999999,1.0,0,0.013000000000000012,1.0,1
block,dataset_model_seed_scenario,explanation,adult,rf,missing,0.0,shap,local_attribution,top5_instability,nondecreasing_with_severity,5,0.9999999999999999,1.0,0,0.01100000000000001,1.0,1
block,dataset_model_seed_scenario,explanation,adult,rf,missing,1.0,shap,local_attribution,top5_instability,nondecreasing_with_severity,5,0.8999999999999998,0.0,1,-0.0029999999999998916,0.0,1
block,dataset_model_seed_scenario,explanation,adult,rf,missing,2.0,shap,local_attribution,top5_instability,nondecreasing_with_severity,5,0.9999999999999999,1.0,0,0.015000000000000013,1.0,1
block,dataset_model_seed_scenario,explanation,adult,rf,missing,3.0,shap,local_attribution,top5_instability,nondecreasing_with_severity,5,0.9999999999999999,1.0,0,0.02399999999999991,1.0,1
block,dataset_model_seed_scenario,explanation,adult,rf,missing,4.0,shap,local_attribution,top5_instability,nondecreasing_with_severity,5,0.9999999999999999,1.0,0,0.009999999999999898,1.0,1
block,dataset_model_seed_scenario,explanation,bank-marketing,hgb,missing,0.0,shap,local_attribution,top5_instability,nondecreasing_with_severity,5,0.9999999999999999,1.0,0,0.02399999999999991,1.0,1
block,dataset_model_seed_scenario,explanation,bank-marketing,hgb,missing,1.0,shap,local_attribution,top5_instability,nondecreasing_with_severity,5,0.9999999999999999,1.0,0,0.02100000000000013,1.0,1
block,dataset_model_seed_scenario,explanation,bank-marketing,hgb,missing,2.0,shap,local_attribution,top5_instability,nondecreasing_with_severity,5,0.9999999999999999,1.0,0,0.028000000000000136,1.0,1
block,dataset_model_seed_scenario,explanation,bank-marketing,hgb,missing,3.0,shap,local_attribution,top5_instability,nondecreasing_with_severity,5,0.9999999999999999,1.0,0,0.019000000000000017,1.0,1
block,dataset_model_seed_scenario,explanation,bank-marketing,hgb,missing,4.0,shap,local_attribution,top5_instability,nondecreasing_with_severity,5,0.9999999999999999,1.0,0,0.014000000000000012,1.0,1
block,dataset_model_seed_scenario,explanation,bank-marketing,logreg,missing,0.0,shap,local_attribution,top5_instability,nondecreasing_with_severity,5,0.8999999999999998,0.0,1,-0.0019999999999997797,0.0,1
block,dataset_model_seed_scenario,explanation,bank-marketing,logreg,missing,1.0,shap,local_attribution,top5_instability,nondecreasing_with_severity,5,0.9999999999999999,1.0,0,0.007000000000000006,1.0,1
block,dataset_model_seed_scenario,explanation,bank-marketing,logreg,missing,2.0,shap,local_attribution,top5_instability,nondecreasing_with_severity,5,0.9999999999999999,1.0,0,0.0050000000000000044,1.0,1
block,dataset_model_seed_scenario,explanation,bank-marketing,logreg,missing,3.0,shap,local_attribution,top5_instability,nondecreasing_with_severity,5,0.9746794344808963,1.0,0,0.0,1.0,1
block,dataset_model_seed_scenario,explanation,bank-marketing,logreg,missing,4.0,shap,local_attribution,top5_instability,nondecreasing_with_severity,5,0.8999999999999998,0.0,1,-0.0030000000000000027,0.0,1
block,dataset_model_seed_scenario,explanation,bank-marketing,rf,missing,0.0,shap,local_attribution,top5_instability,nondecreasing_with_severity,5,0.9999999999999999,1.0,0,0.009000000000000008,1.0,1
block,dataset_model_seed_scenario,explanation,bank-marketing,rf,missing,1.0,shap,local_attribution,top5_instability,nondecreasing_with_severity,5,0.8999999999999998,0.0,1,-0.005999999999999894,0.0,1
block,dataset_model_seed_scenario,explanation,bank-marketing,rf,missing,2.0,shap,local_attribution,top5_instability,nondecreasing_with_severity,5,0.9999999999999999,1.0,0,0.015000000000000013,1.0,1
block,dataset_model_seed_scenario,explanation,bank-marketing,rf,missing,3.0,shap,local_attribution,top5_instability,nondecreasing_with_severity,5,0.9999999999999999,1.0,0,0.016999999999999793,1.0,1
block,dataset_model_seed_scenario,explanation,bank-marketing,rf,missing,4.0,shap,local_attribution,top5_instability,nondecreasing_with_severity,5,0.9999999999999999,1.0,0,0.014000000000000012,1.0,1
block,dataset_model_seed_scenario,explanation,electricity,hgb,missing,0.0,shap,local_attribution,top5_instability,nondecreasing_with_severity,5,0.9999999999999999,1.0,0,0.02100000000000002,1.0,1
block,dataset_model_seed_scenario,explanation,electricity,hgb,missing,1.0,shap,local_attribution,top5_instability,nondecreasing_with_severity,5,0.9999999999999999,1.0,0,0.008999999999999786,1.0,1
block,dataset_model_seed_scenario,explanation,electricity,hgb,missing,2.0,shap,local_attribution,top5_instability,nondecreasing_with_severity,5,0.9999999999999999,1.0,0,0.007000000000000006,1.0,1
block,dataset_model_seed_scenario,explanation,electricity,hgb,missing,3.0,shap,local_attribution,top5_instability,nondecreasing_with_severity,5,0.9999999999999999,1.0,0,0.0030000000000000027,1.0,1
block,dataset_model_seed_scenario,explanation,electricity,hgb,missing,4.0,shap,local_attribution,top5_instability,nondecreasing_with_severity,5,0.9999999999999999,1.0,0,0.018000000000000127,1.0,1
block,dataset_model_seed_scenario,explanation,electricity,logreg,missing,0.0,shap,local_attribution,top5_instability,nondecreasing_with_severity,5,0.9999999999999999,1.0,0,0.007000000000000006,1.0,1
block,dataset_model_seed_scenario,explanation,electricity,logreg,missing,1.0,shap,local_attribution,top5_instability,nondecreasing_with_severity,5,0.9999999999999999,1.0,0,0.008000000000000007,1.0,1
block,dataset_model_seed_scenario,explanation,electricity,logreg,missing,2.0,shap,local_attribution,top5_instability,nondecreasing_with_severity,5,0.9999999999999999,1.0,0,0.0020000000000000018,1.0,1
block,dataset_model_seed_scenario,explanation,electricity,logreg,missing,3.0,shap,local_attribution,top5_instability,nondecreasing_with_severity,5,0.9999999999999999,1.0,0,0.0010000000000000009,1.0,1
block,dataset_model_seed_scenario,explanation,electricity,logreg,missing,4.0,shap,local_attribution,top5_instability,nondecreasing_with_severity,5,0.7999999999999999,0.0,2,-0.0020000000000000018,0.0,1
block,dataset_model_seed_scenario,explanation,electricity,rf,missing,0.0,shap,local_attribution,top5_instability,nondecreasing_with_severity,5,0.9999999999999999,1.0,0,0.010000000000000009,1.0,1
block,dataset_model_seed_scenario,explanation,electricity,rf,missing,1.0,shap,local_attribution,top5_instability,nondecreasing_with_severity,5,0.9999999999999999,1.0,0,0.017000000000000015,1.0,1
block,dataset_model_seed_scenario,explanation,electricity,rf,missing,2.0,shap,local_attribution,top5_instability,nondecreasing_with_severity,5,0.9999999999999999,1.0,0,0.0129999999999999,1.0,1
block,dataset_model_seed_scenario,explanation,electricity,rf,missing,3.0,shap,local_attribution,top5_instability,nondecreasing_with_severity,5,0.9999999999999999,1.0,0,0.02300000000000002,1.0,1
block,dataset_model_seed_scenario,explanation,electricity,rf,missing,4.0,shap,local_attribution,top5_instability,nondecreasing_with_severity,5,0.9999999999999999,1.0,0,0.019000000000000017,1.0,1
block,dataset_model_seed_scenario,explanation,adult,hgb,noise,0.0,shap,local_attribution,top5_instability,nondecreasing_with_severity,5,0.9999999999999999,1.0,0,0.0050000000000001155,1.0,1
block,dataset_model_seed_scenario,explanation,adult,hgb,noise,1.0,shap,local_attribution,top5_instability,nondecreasing_with_severity,5,0.9999999999999999,1.0,0,0.018000000000000127,1.0,1
block,dataset_model_seed_scenario,explanation,adult,hgb,noise,2.0,shap,local_attribution,top5_instability,nondecreasing_with_severity,5,0.9999999999999999,1.0,0,0.0010000000000000009,1.0,1
block,dataset_model_seed_scenario,explanation,adult,hgb,noise,3.0,shap,local_attribution,top5_instability,nondecreasing_with_severity,5,0.9999999999999999,1.0,0,0.014000000000000012,1.0,1
block,dataset_model_seed_scenario,explanation,adult,hgb,noise,4.0,shap,local_attribution,top5_instability,nondecreasing_with_severity,5,0.9999999999999999,1.0,0,0.014000000000000012,1.0,1
block,dataset_model_seed_scenario,explanation,adult,logreg,noise,0.0,shap,local_attribution,top5_instability,nondecreasing_with_severity,5,0.9999999999999999,1.0,0,0.017000000000000015,1.0,1
block,dataset_model_seed_scenario,explanation,adult,logreg,noise,1.0,shap,local_attribution,top5_instability,nondecreasing_with_severity,5,0.9999999999999999,1.0,0,0.03400000000000025,1.0,1
block,dataset_model_seed_scenario,explanation,adult,logreg,noise,2.0,shap,local_attribution,top5_instability,nondecreasing_with_severity,5,0.9999999999999999,1.0,0,0.026000000000000023,1.0,1
block,dataset_model_seed_scenario,explanation,adult,logreg,noise,3.0,shap,local_attribution,top5_instability,nondecreasing_with_severity,5,0.9999999999999999,1.0,0,0.038999999999999924,1.0,1
block,dataset_model_seed_scenario,explanation,adult,logreg,noise,4.0,shap,local_attribution,top5_instability,nondecreasing_with_severity,5,0.9999999999999999,1.0,0,0.039999999999999813,1.0,1
block,dataset_model_seed_scenario,explanation,adult,rf,noise,0.0,shap,local_attribution,top5_instability,nondecreasing_with_severity,5,0.8999999999999998,0.0,1,-0.008000000000000007,0.0,1
block,dataset_model_seed_scenario,explanation,adult,rf,noise,1.0,shap,local_attribution,top5_instability,nondecreasing_with_severity,5,0.9999999999999999,1.0,0,0.025000000000000022,1.0,1
block,dataset_model_seed_scenario,explanation,adult,rf,noise,2.0,shap,local_attribution,top5_instability,nondecreasing_with_severity,5,0.9999999999999999,1.0,0,0.028000000000000025,1.0,1
block,dataset_model_seed_scenario,explanation,adult,rf,noise,3.0,shap,local_attribution,top5_instability,nondecreasing_with_severity,5,0.9999999999999999,1.0,0,0.001000000000000112,1.0,1
block,dataset_model_seed_scenario,explanation,adult,rf,noise,4.0,shap,local_attribution,top5_instability,nondecreasing_with_severity,5,0.9999999999999999,1.0,0,0.02100000000000024,1.0,1
block,dataset_model_seed_scenario,explanation,bank-marketing,hgb,noise,0.0,shap,local_attribution,top5_instability,nondecreasing_with_severity,5,0.9999999999999999,1.0,0,0.01200000000000001,1.0,1
block,dataset_model_seed_scenario,explanation,bank-marketing,hgb,noise,1.0,shap,local_attribution,top5_instability,nondecreasing_with_severity,5,0.9999999999999999,1.0,0,0.02300000000000002,1.0,1
block,dataset_model_seed_scenario,explanation,bank-marketing,hgb,noise,2.0,shap,local_attribution,top5_instability,nondecreasing_with_severity,5,0.9999999999999999,1.0,0,0.019999999999999907,1.0,1
block,dataset_model_seed_scenario,explanation,bank-marketing,hgb,noise,3.0,shap,local_attribution,top5_instability,nondecreasing_with_severity,5,0.9999999999999999,1.0,0,0.0040000000000000036,1.0,1
block,dataset_model_seed_scenario,explanation,bank-marketing,hgb,noise,4.0,shap,local_attribution,top5_instability,nondecreasing_with_severity,5,0.9999999999999999,1.0,0,0.007000000000000006,1.0,1
block,dataset_model_seed_scenario,explanation,bank-marketing,logreg,noise,0.0,shap,local_attribution,top5_instability,nondecreasing_with_severity,5,0.9999999999999999,1.0,0,0.018000000000000127,1.0,1
block,dataset_model_seed_scenario,explanation,bank-marketing,logreg,noise,1.0,shap,local_attribution,top5_instability,nondecreasing_with_severity,5,0.9999999999999999,1.0,0,0.0030000000000000027,1.0,1
block,dataset_model_seed_scenario,explanation,bank-marketing,logreg,noise,2.0,shap,local_attribution,top5_instability,nondecreasing_with_severity,5,0.9999999999999999,1.0,0,0.01000000000000012,1.0,1
block,dataset_model_seed_scenario,explanation,bank-marketing,logreg,noise,3.0,shap,local_attribution,top5_instability,nondecreasing_with_severity,5,0.9999999999999999,1.0,0,0.010000000000000009,1.0,1
block,dataset_model_seed_scenario,explanation,bank-marketing,logreg,noise,4.0,shap,local_attribution,top5_instability,nondecreasing_with_severity,5,0.9999999999999999,1.0,0,0.017000000000000237,1.0,1
block,dataset_model_seed_scenario,explanation,bank-marketing,rf,noise,0.0,shap,local_attribution,top5_instability,nondecreasing_with_severity,5,0.9999999999999999,1.0,0,0.02300000000000013,1.0,1
block,dataset_model_seed_scenario,explanation,bank-marketing,rf,noise,1.0,shap,local_attribution,top5_instability,nondecreasing_with_severity,5,0.9999999999999999,1.0,0,0.027999999999999914,1.0,1
block,dataset_model_seed_scenario,explanation,bank-marketing,rf,noise,2.0,shap,local_attribution,top5_instability,nondecreasing_with_severity,5,0.9999999999999999,1.0,0,0.008000000000000007,1.0,1
block,dataset_model_seed_scenario,explanation,bank-marketing,rf,noise,3.0,shap,local_attribution,top5_instability,nondecreasing_with_severity,5,0.9999999999999999,1.0,0,0.018000000000000016,1.0,1
block,dataset_model_seed_scenario,explanation,bank-marketing,rf,noise,4.0,shap,local_attribution,top5_instability,nondecreasing_with_severity,5,0.9999999999999999,1.0,0,0.0040000000000000036,1.0,1
block,dataset_model_seed_scenario,explanation,electricity,hgb,noise,0.0,shap,local_attribution,top5_instability,nondecreasing_with_severity,5,0.9999999999999999,1.0,0,0.0050000000000000044,1.0,1
block,dataset_model_seed_scenario,explanation,electricity,hgb,noise,1.0,shap,local_attribution,top5_instability,nondecreasing_with_severity,5,0.9999999999999999,1.0,0,0.009000000000000008,1.0,1
block,dataset_model_seed_scenario,explanation,electricity,hgb,noise,2.0,shap,local_attribution,top5_instability,nondecreasing_with_severity,5,0.9999999999999999,1.0,0,0.013000000000000123,1.0,1
block,dataset_model_seed_scenario,explanation,electricity,hgb,noise,3.0,shap,local_attribution,top5_instability,nondecreasing_with_severity,5,0.8999999999999998,0.0,1,-0.006999999999999895,0.0,1
block,dataset_model_seed_scenario,explanation,electricity,hgb,noise,4.0,shap,local_attribution,top5_instability,nondecreasing_with_severity,5,0.9999999999999999,1.0,0,0.01200000000000001,1.0,1
block,dataset_model_seed_scenario,explanation,electricity,logreg,noise,0.0,shap,local_attribution,top5_instability,nondecreasing_with_severity,5,0.9999999999999999,1.0,0,0.007000000000000006,1.0,1
block,dataset_model_seed_scenario,explanation,electricity,logreg,noise,1.0,shap,local_attribution,top5_instability,nondecreasing_with_severity,5,0.9999999999999999,1.0,0,0.01200000000000001,1.0,1
block,dataset_model_seed_scenario,explanation,electricity,logreg,noise,2.0,shap,local_attribution,top5_instability,nondecreasing_with_severity,5,0.9999999999999999,1.0,0,0.018000000000000016,1.0,1
block,dataset_model_seed_scenario,explanation,electricity,logreg,noise,3.0,shap,local_attribution,top5_instability,nondecreasing_with_severity,5,0.8999999999999998,0.0,1,-0.007000000000000006,0.0,1
block,dataset_model_seed_scenario,explanation,electricity,logreg,noise,4.0,shap,local_attribution,top5_instability,nondecreasing_with_severity,5,0.9999999999999999,1.0,0,0.0119999999999999,1.0,1
block,dataset_model_seed_scenario,explanation,electricity,rf,noise,0.0,shap,local_attribution,top5_instability,nondecreasing_with_severity,5,0.9999999999999999,1.0,0,0.0020000000000000018,1.0,1
block,dataset_model_seed_scenario,explanation,electricity,rf,noise,1.0,shap,local_attribution,top5_instability,nondecreasing_with_severity,5,0.9999999999999999,1.0,0,0.008000000000000118,1.0,1
block,dataset_model_seed_scenario,explanation,electricity,rf,noise,2.0,shap,local_attribution,top5_instability,nondecreasing_with_severity,5,0.9999999999999999,1.0,0,0.01100000000000012,1.0,1
block,dataset_model_seed_scenario,explanation,electricity,rf,noise,3.0,shap,local_attribution,top5_instability,nondecreasing_with_severity,5,0.9999999999999999,1.0,0,0.006000000000000005,1.0,1
block,dataset_model_seed_scenario,explanation,electricity,rf,noise,4.0,shap,local_attribution,top5_instability,nondecreasing_with_severity,5,0.9999999999999999,1.0,0,0.01100000000000012,1.0,1
block,dataset_model_seed_scenario,explanation,adult,hgb,quantize,0.0,shap,local_attribution,top5_instability,nondecreasing_with_severity,5,-0.8999999999999998,0.0,3,-0.0950000000000003,0.0,1
block,dataset_model_seed_scenario,explanation,adult,hgb,quantize,1.0,shap,local_attribution,top5_instability,nondecreasing_with_severity,5,-0.9999999999999999,0.0,4,-0.07900000000000018,0.0,1
block,dataset_model_seed_scenario,explanation,adult,hgb,quantize,2.0,shap,local_attribution,top5_instability,nondecreasing_with_severity,5,-0.8999999999999998,0.0,3,-0.09299999999999997,0.0,1
block,dataset_model_seed_scenario,explanation,adult,hgb,quantize,3.0,shap,local_attribution,top5_instability,nondecreasing_with_severity,5,-0.9999999999999999,0.0,4,-0.07300000000000006,0.0,1
block,dataset_model_seed_scenario,explanation,adult,hgb,quantize,4.0,shap,local_attribution,top5_instability,nondecreasing_with_severity,5,-0.7,0.0,3,-0.07600000000000018,0.0,1
block,dataset_model_seed_scenario,explanation,adult,logreg,quantize,0.0,shap,local_attribution,top5_instability,nondecreasing_with_severity,5,-0.8999999999999998,0.0,3,-0.09900000000000009,0.0,1
block,dataset_model_seed_scenario,explanation,adult,logreg,quantize,1.0,shap,local_attribution,top5_instability,nondecreasing_with_severity,5,-0.7,0.0,3,-0.12299999999999989,0.0,1
block,dataset_model_seed_scenario,explanation,adult,logreg,quantize,2.0,shap,local_attribution,top5_instability,nondecreasing_with_severity,5,-0.8999999999999998,0.0,3,-0.10399999999999987,0.0,1
block,dataset_model_seed_scenario,explanation,adult,logreg,quantize,3.0,shap,local_attribution,top5_instability,nondecreasing_with_severity,5,-0.9999999999999999,0.0,4,-0.15000000000000002,0.0,1
block,dataset_model_seed_scenario,explanation,adult,logreg,quantize,4.0,shap,local_attribution,top5_instability,nondecreasing_with_severity,5,-0.9999999999999999,0.0,4,-0.16700000000000004,0.0,1
block,dataset_model_seed_scenario,explanation,adult,rf,quantize,0.0,shap,local_attribution,top5_instability,nondecreasing_with_severity,5,-0.9999999999999999,0.0,4,-0.09100000000000008,0.0,1
block,dataset_model_seed_scenario,explanation,adult,rf,quantize,1.0,shap,local_attribution,top5_instability,nondecreasing_with_severity,5,-0.8999999999999998,0.0,3,-0.10200000000000009,0.0,1
block,dataset_model_seed_scenario,explanation,adult,rf,quantize,2.0,shap,local_attribution,top5_instability,nondecreasing_with_severity,5,-0.9999999999999999,0.0,4,-0.08600000000000008,0.0,1
block,dataset_model_seed_scenario,explanation,adult,rf,quantize,3.0,shap,local_attribution,top5_instability,nondecreasing_with_severity,5,-0.9999999999999999,0.0,4,-0.09200000000000008,0.0,1
block,dataset_model_seed_scenario,explanation,adult,rf,quantize,4.0,shap,local_attribution,top5_instability,nondecreasing_with_severity,5,-0.8999999999999998,0.0,3,-0.08599999999999985,0.0,1
block,dataset_model_seed_scenario,explanation,bank-marketing,hgb,quantize,0.0,shap,local_attribution,top5_instability,nondecreasing_with_severity,5,-0.8999999999999998,0.0,3,-0.07699999999999996,0.0,1
block,dataset_model_seed_scenario,explanation,bank-marketing,hgb,quantize,1.0,shap,local_attribution,top5_instability,nondecreasing_with_severity,5,-0.9999999999999999,0.0,4,-0.1070000000000002,0.0,1
block,dataset_model_seed_scenario,explanation,bank-marketing,hgb,quantize,2.0,shap,local_attribution,top5_instability,nondecreasing_with_severity,5,-0.9999999999999999,0.0,4,-0.09999999999999998,0.0,1
block,dataset_model_seed_scenario,explanation,bank-marketing,hgb,quantize,3.0,shap,local_attribution,top5_instability,nondecreasing_with_severity,5,-0.9999999999999999,0.0,4,-0.08199999999999996,0.0,1
block,dataset_model_seed_scenario,explanation,bank-marketing,hgb,quantize,4.0,shap,local_attribution,top5_instability,nondecreasing_with_severity,5,-0.9999999999999999,0.0,4,-0.10099999999999998,0.0,1
block,dataset_model_seed_scenario,explanation,bank-marketing,logreg,quantize,0.0,shap,local_attribution,top5_instability,nondecreasing_with_severity,5,-0.6,0.0,2,-0.026000000000000023,0.0,1
block,dataset_model_seed_scenario,explanation,bank-marketing,logreg,quantize,1.0,shap,local_attribution,top5_instability,nondecreasing_with_severity,5,-0.9999999999999999,0.0,4,-0.026000000000000023,0.0,1
block,dataset_model_seed_scenario,explanation,bank-marketing,logreg,quantize,2.0,shap,local_attribution,top5_instability,nondecreasing_with_severity,5,-0.8999999999999998,0.0,3,-0.03199999999999992,0.0,1
block,dataset_model_seed_scenario,explanation,bank-marketing,logreg,quantize,3.0,shap,local_attribution,top5_instability,nondecreasing_with_severity,5,-0.7,0.0,3,-0.039999999999999925,0.0,1
block,dataset_model_seed_scenario,explanation,bank-marketing,logreg,quantize,4.0,shap,local_attribution,top5_instability,nondecreasing_with_severity,5,-0.8999999999999998,0.0,3,-0.1639999999999998,0.0,1
block,dataset_model_seed_scenario,explanation,bank-marketing,rf,quantize,0.0,shap,local_attribution,top5_instability,nondecreasing_with_severity,5,-0.9999999999999999,0.0,4,-0.1359999999999999,0.0,1
block,dataset_model_seed_scenario,explanation,bank-marketing,rf,quantize,1.0,shap,local_attribution,top5_instability,nondecreasing_with_severity,5,-0.9999999999999999,0.0,4,-0.16099999999999992,0.0,1
block,dataset_model_seed_scenario,explanation,bank-marketing,rf,quantize,2.0,shap,local_attribution,top5_instability,nondecreasing_with_severity,5,-0.9999999999999999,0.0,4,-0.17500000000000004,0.0,1
block,dataset_model_seed_scenario,explanation,bank-marketing,rf,quantize,3.0,shap,local_attribution,top5_instability,nondecreasing_with_severity,5,-0.9999999999999999,0.0,4,-0.1250000000000001,0.0,1
block,dataset_model_seed_scenario,explanation,bank-marketing,rf,quantize,4.0,shap,local_attribution,top5_instability,nondecreasing_with_severity,5,-0.9999999999999999,0.0,4,-0.14500000000000013,0.0,1
block,dataset_model_seed_scenario,explanation,electricity,hgb,quantize,0.0,shap,local_attribution,top5_instability,nondecreasing_with_severity,5,-0.8999999999999998,0.0,3,-0.08700000000000008,0.0,1
block,dataset_model_seed_scenario,explanation,electricity,hgb,quantize,1.0,shap,local_attribution,top5_instability,nondecreasing_with_severity,5,-0.7,0.0,3,-0.04699999999999993,0.0,1
block,dataset_model_seed_scenario,explanation,electricity,hgb,quantize,2.0,shap,local_attribution,top5_instability,nondecreasing_with_severity,5,-0.9999999999999999,0.0,4,-0.060000000000000164,0.0,1
block,dataset_model_seed_scenario,explanation,electricity,hgb,quantize,3.0,shap,local_attribution,top5_instability,nondecreasing_with_severity,5,-0.9999999999999999,0.0,4,-0.0930000000000002,0.0,1
block,dataset_model_seed_scenario,explanation,electricity,hgb,quantize,4.0,shap,local_attribution,top5_instability,nondecreasing_with_severity,5,-0.8999999999999998,0.0,3,-0.07600000000000007,0.0,1
block,dataset_model_seed_scenario,explanation,electricity,logreg,quantize,0.0,shap,local_attribution,top5_instability,nondecreasing_with_severity,5,-0.8999999999999998,0.0,3,-0.05799999999999994,0.0,1
block,dataset_model_seed_scenario,explanation,electricity,logreg,quantize,1.0,shap,local_attribution,top5_instability,nondecreasing_with_severity,5,-0.9999999999999999,0.0,4,-0.11199999999999999,0.0,1
block,dataset_model_seed_scenario,explanation,electricity,logreg,quantize,2.0,shap,local_attribution,top5_instability,nondecreasing_with_severity,5,-0.9999999999999999,0.0,4,-0.017000000000000015,0.0,1
block,dataset_model_seed_scenario,explanation,electricity,logreg,quantize,3.0,shap,local_attribution,top5_instability,nondecreasing_with_severity,5,-0.8999999999999998,0.0,3,-0.01100000000000001,0.0,1
block,dataset_model_seed_scenario,explanation,electricity,logreg,quantize,4.0,shap,local_attribution,top5_instability,nondecreasing_with_severity,5,-0.9999999999999999,0.0,4,-0.013000000000000012,0.0,1
block,dataset_model_seed_scenario,explanation,electricity,rf,quantize,0.0,shap,local_attribution,top5_instability,nondecreasing_with_severity,5,-0.9999999999999999,0.0,4,-0.08699999999999997,0.0,1
block,dataset_model_seed_scenario,explanation,electricity,rf,quantize,1.0,shap,local_attribution,top5_instability,nondecreasing_with_severity,5,-0.9999999999999999,0.0,4,-0.09799999999999998,0.0,1
block,dataset_model_seed_scenario,explanation,electricity,rf,quantize,2.0,shap,local_attribution,top5_instability,nondecreasing_with_severity,5,-0.9999999999999999,0.0,4,-0.0970000000000002,0.0,1
block,dataset_model_seed_scenario,explanation,electricity,rf,quantize,3.0,shap,local_attribution,top5_instability,nondecreasing_with_severity,5,-0.9999999999999999,0.0,4,-0.09999999999999998,0.0,1
block,dataset_model_seed_scenario,explanation,electricity,rf,quantize,4.0,shap,local_attribution,top5_instability,nondecreasing_with_severity,5,-0.9999999999999999,0.0,4,-0.08699999999999997,0.0,1
block,dataset_model_seed_scenario,predictive,adult,hgb,gradual,0.0,not_applicable,not_applicable_predictive_metric,accuracy_drop,nondecreasing_with_severity,5,0.8999999999999998,0.0,1,-0.11758684228485639,0.0,1
block,dataset_model_seed_scenario,predictive,adult,hgb,gradual,1.0,not_applicable,not_applicable_predictive_metric,accuracy_drop,nondecreasing_with_severity,5,0.9999999999999999,1.0,0,0.0007506995154575868,1.0,1
block,dataset_model_seed_scenario,predictive,adult,hgb,gradual,2.0,not_applicable,not_applicable_predictive_metric,accuracy_drop,nondecreasing_with_severity,5,0.8999999999999998,0.0,1,-0.007097522691599023,0.0,1
block,dataset_model_seed_scenario,predictive,adult,hgb,gradual,3.0,not_applicable,not_applicable_predictive_metric,accuracy_drop,nondecreasing_with_severity,5,0.9999999999999999,1.0,0,0.00020473623148842268,1.0,1
block,dataset_model_seed_scenario,predictive,adult,hgb,gradual,4.0,not_applicable,not_applicable_predictive_metric,accuracy_drop,nondecreasing_with_severity,5,0.8999999999999998,0.0,1,-0.02115607725380464,0.0,1
block,dataset_model_seed_scenario,predictive,adult,logreg,gradual,0.0,not_applicable,not_applicable_predictive_metric,accuracy_drop,nondecreasing_with_severity,5,0.9999999999999999,1.0,0,0.0779362587865966,1.0,1
block,dataset_model_seed_scenario,predictive,adult,logreg,gradual,1.0,not_applicable,not_applicable_predictive_metric,accuracy_drop,nondecreasing_with_severity,5,0.9999999999999999,1.0,0,0.08462430901521878,1.0,1
block,dataset_model_seed_scenario,predictive,adult,logreg,gradual,2.0,not_applicable,not_applicable_predictive_metric,accuracy_drop,nondecreasing_with_severity,5,0.9999999999999999,1.0,0,0.07936941240701567,1.0,1
block,dataset_model_seed_scenario,predictive,adult,logreg,gradual,3.0,not_applicable,not_applicable_predictive_metric,accuracy_drop,nondecreasing_with_severity,5,0.9999999999999999,1.0,0,0.08353238244728045,1.0,1
block,dataset_model_seed_scenario,predictive,adult,logreg,gradual,4.0,not_applicable,not_applicable_predictive_metric,accuracy_drop,nondecreasing_with_severity,5,0.9999999999999999,1.0,0,0.07520644236675089,1.0,1
block,dataset_model_seed_scenario,predictive,adult,rf,gradual,0.0,not_applicable,not_applicable_predictive_metric,accuracy_drop,nondecreasing_with_severity,5,0.9999999999999999,1.0,0,0.008871903364498723,1.0,1
block,dataset_model_seed_scenario,predictive,adult,rf,gradual,1.0,not_applicable,not_applicable_predictive_metric,accuracy_drop,nondecreasing_with_severity,5,0.9999999999999999,1.0,0,0.007506995154575868,1.0,1
block,dataset_model_seed_scenario,predictive,adult,rf,gradual,2.0,not_applicable,not_applicable_predictive_metric,accuracy_drop,nondecreasing_with_severity,5,0.9999999999999999,1.0,0,0.009076639595987146,1.0,1
block,dataset_model_seed_scenario,predictive,adult,rf,gradual,3.0,not_applicable,not_applicable_predictive_metric,accuracy_drop,nondecreasing_with_severity,5,0.9999999999999999,1.0,0,0.003889988398280253,1.0,1
block,dataset_model_seed_scenario,predictive,adult,rf,gradual,4.0,not_applicable,not_applicable_predictive_metric,accuracy_drop,nondecreasing_with_severity,5,0.9999999999999999,1.0,0,0.009417866648467887,1.0,1
block,dataset_model_seed_scenario,predictive,bank-marketing,hgb,gradual,0.0,not_applicable,not_applicable_predictive_metric,accuracy_drop,nondecreasing_with_severity,5,0.9999999999999999,1.0,0,0.034503096431730995,1.0,1
block,dataset_model_seed_scenario,predictive,bank-marketing,hgb,gradual,1.0,not_applicable,not_applicable_predictive_metric,accuracy_drop,nondecreasing_with_severity,5,0.9999999999999999,1.0,0,0.019979357121792995,1.0,1
block,dataset_model_seed_scenario,predictive,bank-marketing,hgb,gradual,2.0,not_applicable,not_applicable_predictive_metric,accuracy_drop,nondecreasing_with_severity,5,0.9999999999999999,1.0,0,0.030890592745502765,1.0,1
block,dataset_model_seed_scenario,predictive,bank-marketing,hgb,gradual,3.0,not_applicable,not_applicable_predictive_metric,accuracy_drop,nondecreasing_with_severity,5,0.9999999999999999,1.0,0,0.02071660277204357,1.0,1
block,dataset_model_seed_scenario,predictive,bank-marketing,hgb,gradual,4.0,not_applicable,not_applicable_predictive_metric,accuracy_drop,nondecreasing_with_severity,5,0.9999999999999999,1.0,0,0.024992627543497514,1.0,1
block,dataset_model_seed_scenario,predictive,bank-marketing,logreg,gradual,0.0,not_applicable,not_applicable_predictive_metric,accuracy_drop,nondecreasing_with_severity,5,0.9999999999999999,1.0,0,0.002432910645827069,1.0,1
block,dataset_model_seed_scenario,predictive,bank-marketing,logreg,gradual,1.0,not_applicable,not_applicable_predictive_metric,accuracy_drop,nondecreasing_with_severity,5,0.9999999999999999,1.0,0,0.0023591860808022114,1.0,1
block,dataset_model_seed_scenario,predictive,bank-marketing,logreg,gradual,2.0,not_applicable,not_applicable_predictive_metric,accuracy_drop,nondecreasing_with_severity,5,0.9999999999999999,1.0,0,0.0014007667354762887,1.0,1
block,dataset_model_seed_scenario,predictive,bank-marketing,logreg,gradual,3.0,not_applicable,not_applicable_predictive_metric,accuracy_drop,nondecreasing_with_severity,5,0.9999999999999999,1.0,0,7.372456502507951e-05,1.0,1
block,dataset_model_seed_scenario,predictive,bank-marketing,logreg,gradual,4.0,not_applicable,not_applicable_predictive_metric,accuracy_drop,nondecreasing_with_severity,5,0.9999999999999999,1.0,0,0.002580359775877339,1.0,1
block,dataset_model_seed_scenario,predictive,bank-marketing,rf,gradual,0.0,not_applicable,not_applicable_predictive_metric,accuracy_drop,nondecreasing_with_severity,5,0.9999999999999999,1.0,0,0.003170156296077864,1.0,1
block,dataset_model_seed_scenario,predictive,bank-marketing,rf,gradual,1.0,not_applicable,not_applicable_predictive_metric,accuracy_drop,nondecreasing_with_severity,5,0.9999999999999999,1.0,0,0.003907401946328548,1.0,1
block,dataset_model_seed_scenario,predictive,bank-marketing,rf,gradual,2.0,not_applicable,not_applicable_predictive_metric,accuracy_drop,nondecreasing_with_severity,5,0.9999999999999999,1.0,0,0.0014007667354762887,1.0,1
block,dataset_model_seed_scenario,predictive,bank-marketing,rf,gradual,3.0,not_applicable,not_applicable_predictive_metric,accuracy_drop,nondecreasing_with_severity,5,0.9999999999999999,1.0,0,0.0013270421704512092,1.0,1
block,dataset_model_seed_scenario,predictive,bank-marketing,rf,gradual,4.0,not_applicable,not_applicable_predictive_metric,accuracy_drop,nondecreasing_with_severity,5,0.9999999999999999,1.0,0,0.002432910645827069,1.0,1
block,dataset_model_seed_scenario,predictive,electricity,hgb,gradual,0.0,not_applicable,not_applicable_predictive_metric,accuracy_drop,nondecreasing_with_severity,5,0.9999999999999999,1.0,0,0.0022804178313962087,1.0,1
block,dataset_model_seed_scenario,predictive,electricity,hgb,gradual,1.0,not_applicable,not_applicable_predictive_metric,accuracy_drop,nondecreasing_with_severity,5,0.9999999999999999,1.0,0,0.01802265705458289,1.0,1
block,dataset_model_seed_scenario,predictive,electricity,hgb,gradual,2.0,not_applicable,not_applicable_predictive_metric,accuracy_drop,nondecreasing_with_severity,5,0.9999999999999999,1.0,0,0.015521553626599904,1.0,1
block,dataset_model_seed_scenario,predictive,electricity,hgb,gradual,3.0,not_applicable,not_applicable_predictive_metric,accuracy_drop,nondecreasing_with_severity,5,0.9999999999999999,1.0,0,0.02148006473444164,1.0,1
block,dataset_model_seed_scenario,predictive,electricity,hgb,gradual,4.0,not_applicable,not_applicable_predictive_metric,accuracy_drop,nondecreasing_with_severity,5,0.8999999999999998,0.0,1,-0.0008091805208179648,0.0,1
block,dataset_model_seed_scenario,predictive,electricity,logreg,gradual,0.0,not_applicable,not_applicable_predictive_metric,accuracy_drop,nondecreasing_with_severity,5,0.9999999999999999,1.0,0,0.01684566720612035,1.0,1
block,dataset_model_seed_scenario,predictive,electricity,logreg,gradual,1.0,not_applicable,not_applicable_predictive_metric,accuracy_drop,nondecreasing_with_severity,5,0.9999999999999999,1.0,0,0.03523613358834782,1.0,1
block,dataset_model_seed_scenario,predictive,electricity,logreg,gradual,2.0,not_applicable,not_applicable_predictive_metric,accuracy_drop,nondecreasing_with_severity,5,0.9999999999999999,1.0,0,0.034500514933058724,1.0,1
block,dataset_model_seed_scenario,predictive,electricity,logreg,gradual,3.0,not_applicable,not_applicable_predictive_metric,accuracy_drop,nondecreasing_with_severity,5,0.9999999999999999,1.0,0,0.04472561424157717,1.0,1
block,dataset_model_seed_scenario,predictive,electricity,logreg,gradual,4.0,not_applicable,not_applicable_predictive_metric,accuracy_drop,nondecreasing_with_severity,5,0.9999999999999999,1.0,0,0.04141533029277622,1.0,1
block,dataset_model_seed_scenario,predictive,electricity,rf,gradual,0.0,not_applicable,not_applicable_predictive_metric,accuracy_drop,nondecreasing_with_severity,5,0.9999999999999999,1.0,0,0.04141533029277622,1.0,1
block,dataset_model_seed_scenario,predictive,electricity,rf,gradual,1.0,not_applicable,not_applicable_predictive_metric,accuracy_drop,nondecreasing_with_severity,5,0.9999999999999999,1.0,0,0.02236280712078864,1.0,1
block,dataset_model_seed_scenario,predictive,electricity,rf,gradual,2.0,not_applicable,not_applicable_predictive_metric,accuracy_drop,nondecreasing_with_severity,5,0.9999999999999999,1.0,0,0.03707518022657047,1.0,1
block,dataset_model_seed_scenario,predictive,electricity,rf,gradual,3.0,not_applicable,not_applicable_predictive_metric,accuracy_drop,nondecreasing_with_severity,5,0.9999999999999999,1.0,0,0.02383404443136683,1.0,1
block,dataset_model_seed_scenario,predictive,electricity,rf,gradual,4.0,not_applicable,not_applicable_predictive_metric,accuracy_drop,nondecreasing_with_severity,5,0.9999999999999999,1.0,0,0.037442989554215045,1.0,1
block,dataset_model_seed_scenario,predictive,adult,hgb,mean_shift,0.0,not_applicable,not_applicable_predictive_metric,accuracy_drop,nondecreasing_with_severity,5,0.9746794344808963,1.0,0,0.0,1.0,1
block,dataset_model_seed_scenario,predictive,adult,hgb,mean_shift,1.0,not_applicable,not_applicable_predictive_metric,accuracy_drop,nondecreasing_with_severity,5,0.9999999999999999,1.0,0,0.00020473623148842268,1.0,1
block,dataset_model_seed_scenario,predictive,adult,hgb,mean_shift,2.0,not_applicable,not_applicable_predictive_metric,accuracy_drop,nondecreasing_with_severity,5,0.9999999999999999,1.0,0,0.0003412270524807415,1.0,1
block,dataset_model_seed_scenario,predictive,adult,hgb,mean_shift,3.0,not_applicable,not_applicable_predictive_metric,accuracy_drop,nondecreasing_with_severity,5,0.9999999999999999,1.0,0,0.0001364908209923188,1.0,1
block,dataset_model_seed_scenario,predictive,adult,hgb,mean_shift,4.0,not_applicable,not_applicable_predictive_metric,accuracy_drop,nondecreasing_with_severity,5,0.9999999999999999,1.0,0,6.824541049610389e-05,1.0,1
block,dataset_model_seed_scenario,predictive,adult,logreg,mean_shift,0.0,not_applicable,not_applicable_predictive_metric,accuracy_drop,nondecreasing_with_severity,5,0.9999999999999999,1.0,0,0.0649696307923292,1.0,1
block,dataset_model_seed_scenario,predictive,adult,logreg,mean_shift,1.0,not_applicable,not_applicable_predictive_metric,accuracy_drop,nondecreasing_with_severity,5,0.9999999999999999,1.0,0,0.06715348392820575,1.0,1
block,dataset_model_seed_scenario,predictive,adult,logreg,mean_shift,2.0,not_applicable,not_applicable_predictive_metric,accuracy_drop,nondecreasing_with_severity,5,0.9999999999999999,1.0,0,0.060670169931072104,1.0,1
block,dataset_model_seed_scenario,predictive,adult,logreg,mean_shift,3.0,not_applicable,not_applicable_predictive_metric,accuracy_drop,nondecreasing_with_severity,5,0.9999999999999999,1.0,0,0.06415068586637551,1.0,1
block,dataset_model_seed_scenario,predictive,adult,logreg,mean_shift,4.0,not_applicable,not_applicable_predictive_metric,accuracy_drop,nondecreasing_with_severity,5,0.9999999999999999,1.0,0,0.05964648877362988,1.0,1
block,dataset_model_seed_scenario,predictive,adult,rf,mean_shift,0.0,not_applicable,not_applicable_predictive_metric,accuracy_drop,nondecreasing_with_severity,5,0.9999999999999999,1.0,0,0.005869105302668376,1.0,1
block,dataset_model_seed_scenario,predictive,adult,rf,mean_shift,1.0,not_applicable,not_applicable_predictive_metric,accuracy_drop,nondecreasing_with_severity,5,0.9999999999999999,1.0,0,0.0042312154507611055,1.0,1
block,dataset_model_seed_scenario,predictive,adult,rf,mean_shift,2.0,not_applicable,not_applicable_predictive_metric,accuracy_drop,nondecreasing_with_severity,5,0.9999999999999999,1.0,0,0.0007506995154575868,1.0,1
block,dataset_model_seed_scenario,predictive,adult,rf,mean_shift,3.0,not_applicable,not_applicable_predictive_metric,accuracy_drop,nondecreasing_with_severity,5,0.9746794344808963,1.0,0,0.0,1.0,1
block,dataset_model_seed_scenario,predictive,adult,rf,mean_shift,4.0,not_applicable,not_applicable_predictive_metric,accuracy_drop,nondecreasing_with_severity,5,0.9999999999999999,1.0,0,0.001979116904388234,1.0,1
block,dataset_model_seed_scenario,predictive,bank-marketing,hgb,mean_shift,0.0,not_applicable,not_applicable_predictive_metric,accuracy_drop,nondecreasing_with_severity,5,0.9999999999999999,1.0,0,0.020200530816868123,1.0,1
block,dataset_model_seed_scenario,predictive,bank-marketing,hgb,mean_shift,1.0,not_applicable,not_applicable_predictive_metric,accuracy_drop,nondecreasing_with_severity,5,0.9999999999999999,1.0,0,0.01813624299616623,1.0,1
block,dataset_model_seed_scenario,predictive,bank-marketing,hgb,mean_shift,2.0,not_applicable,not_applicable_predictive_metric,accuracy_drop,nondecreasing_with_severity,5,0.9999999999999999,1.0,0,0.021306399292244205,1.0,1
block,dataset_model_seed_scenario,predictive,bank-marketing,hgb,mean_shift,3.0,not_applicable,not_applicable_predictive_metric,accuracy_drop,nondecreasing_with_severity,5,0.9999999999999999,1.0,0,0.013270421704511981,1.0,1
block,dataset_model_seed_scenario,predictive,bank-marketing,hgb,mean_shift,4.0,not_applicable,not_applicable_predictive_metric,accuracy_drop,nondecreasing_with_severity,5,0.9999999999999999,1.0,0,0.01570333235033916,1.0,1
block,dataset_model_seed_scenario,predictive,bank-marketing,logreg,mean_shift,0.0,not_applicable,not_applicable_predictive_metric,accuracy_drop,nondecreasing_with_severity,5,0.8999999999999998,0.0,1,-0.000147449130050048,0.0,1
block,dataset_model_seed_scenario,predictive,bank-marketing,logreg,mean_shift,1.0,not_applicable,not_applicable_predictive_metric,accuracy_drop,nondecreasing_with_severity,5,0.8999999999999998,0.0,1,-0.0011795930404010502,0.0,1
block,dataset_model_seed_scenario,predictive,bank-marketing,logreg,mean_shift,2.0,not_applicable,not_applicable_predictive_metric,accuracy_drop,nondecreasing_with_severity,5,0.9999999999999999,1.0,0,0.0009584193453260337,1.0,1
block,dataset_model_seed_scenario,predictive,bank-marketing,logreg,mean_shift,3.0,not_applicable,not_applicable_predictive_metric,accuracy_drop,nondecreasing_with_severity,5,0.8999999999999998,0.0,1,-0.0005897965202005251,0.0,1
block,dataset_model_seed_scenario,predictive,bank-marketing,logreg,mean_shift,4.0,not_applicable,not_applicable_predictive_metric,accuracy_drop,nondecreasing_with_severity,5,0.8999999999999998,0.0,1,-0.0010321439103507801,0.0,1
block,dataset_model_seed_scenario,predictive,bank-marketing,rf,mean_shift,0.0,not_applicable,not_applicable_predictive_metric,accuracy_drop,nondecreasing_with_severity,5,0.9999999999999999,1.0,0,0.002285461515777021,1.0,1
block,dataset_model_seed_scenario,predictive,bank-marketing,rf,mean_shift,1.0,not_applicable,not_applicable_predictive_metric,accuracy_drop,nondecreasing_with_severity,5,0.9999999999999999,1.0,0,0.0018431141256266548,1.0,1
block,dataset_model_seed_scenario,predictive,bank-marketing,rf,mean_shift,2.0,not_applicable,not_applicable_predictive_metric,accuracy_drop,nondecreasing_with_severity,5,0.9999999999999999,1.0,0,0.0010321439103508911,1.0,1
block,dataset_model_seed_scenario,predictive,bank-marketing,rf,mean_shift,3.0,not_applicable,not_applicable_predictive_metric,accuracy_drop,nondecreasing_with_severity,5,0.9999999999999999,1.0,0,0.00044234739015036606,1.0,1
block,dataset_model_seed_scenario,predictive,bank-marketing,rf,mean_shift,4.0,not_applicable,not_applicable_predictive_metric,accuracy_drop,nondecreasing_with_severity,5,0.9999999999999999,1.0,0,0.0010321439103510022,1.0,1
block,dataset_model_seed_scenario,predictive,electricity,hgb,mean_shift,0.0,not_applicable,not_applicable_predictive_metric,accuracy_drop,nondecreasing_with_severity,5,0.9999999999999999,1.0,0,0.006547006032072977,1.0,1
block,dataset_model_seed_scenario,predictive,electricity,hgb,mean_shift,1.0,not_applicable,not_applicable_predictive_metric,accuracy_drop,nondecreasing_with_severity,5,0.9999999999999999,1.0,0,0.011254965425923247,1.0,1
block,dataset_model_seed_scenario,predictive,electricity,hgb,mean_shift,2.0,not_applicable,not_applicable_predictive_metric,accuracy_drop,nondecreasing_with_severity,5,0.9999999999999999,1.0,0,0.004193026335147898,1.0,1
block,dataset_model_seed_scenario,predictive,electricity,hgb,mean_shift,3.0,not_applicable,not_applicable_predictive_metric,accuracy_drop,nondecreasing_with_severity,5,0.9999999999999999,1.0,0,0.011475651022509914,1.0,1
block,dataset_model_seed_scenario,predictive,electricity,hgb,mean_shift,4.0,not_applicable,not_applicable_predictive_metric,accuracy_drop,nondecreasing_with_severity,5,0.9999999999999999,1.0,0,0.010151537442989578,1.0,1
block,dataset_model_seed_scenario,predictive,electricity,logreg,mean_shift,0.0,not_applicable,not_applicable_predictive_metric,accuracy_drop,nondecreasing_with_severity,5,0.9999999999999999,1.0,0,7.356186552892607e-05,1.0,1
block,dataset_model_seed_scenario,predictive,electricity,logreg,mean_shift,1.0,not_applicable,not_applicable_predictive_metric,accuracy_drop,nondecreasing_with_severity,5,0.9999999999999999,1.0,0,0.0019126085037517448,1.0,1
block,dataset_model_seed_scenario,predictive,electricity,logreg,mean_shift,2.0,not_applicable,not_applicable_predictive_metric,accuracy_drop,nondecreasing_with_severity,5,0.9999999999999999,1.0,0,0.0013241135795204473,1.0,1
block,dataset_model_seed_scenario,predictive,electricity,logreg,mean_shift,3.0,not_applicable,not_applicable_predictive_metric,accuracy_drop,nondecreasing_with_severity,5,0.9999999999999999,1.0,0,0.0038252170075033787,1.0,1
block,dataset_model_seed_scenario,predictive,electricity,logreg,mean_shift,4.0,not_applicable,not_applicable_predictive_metric,accuracy_drop,nondecreasing_with_severity,5,0.9999999999999999,1.0,0,0.0027953508900986357,1.0,1
block,dataset_model_seed_scenario,predictive,electricity,rf,mean_shift,0.0,not_applicable,not_applicable_predictive_metric,accuracy_drop,nondecreasing_with_severity,5,0.9999999999999999,1.0,0,0.0010298661174046875,1.0,1
block,dataset_model_seed_scenario,predictive,electricity,rf,mean_shift,1.0,not_applicable,not_applicable_predictive_metric,accuracy_drop,nondecreasing_with_severity,5,0.9999999999999999,1.0,0,0.0047815212593790846,1.0,1
block,dataset_model_seed_scenario,predictive,electricity,rf,mean_shift,2.0,not_applicable,not_applicable_predictive_metric,accuracy_drop,nondecreasing_with_severity,5,0.9999999999999999,1.0,0,0.0010298661174046875,1.0,1
block,dataset_model_seed_scenario,predictive,electricity,rf,mean_shift,3.0,not_applicable,not_applicable_predictive_metric,accuracy_drop,nondecreasing_with_severity,5,0.9999999999999999,1.0,0,0.024643224952184795,1.0,1
block,dataset_model_seed_scenario,predictive,electricity,rf,mean_shift,4.0,not_applicable,not_applicable_predictive_metric,accuracy_drop,nondecreasing_with_severity,5,0.9999999999999999,1.0,0,0.0011034279829336135,1.0,1
block,dataset_model_seed_scenario,predictive,adult,hgb,missing,0.0,not_applicable,not_applicable_predictive_metric,accuracy_drop,nondecreasing_with_severity,5,0.9999999999999999,1.0,0,0.0048454241452262625,1.0,1
block,dataset_model_seed_scenario,predictive,adult,hgb,missing,1.0,not_applicable,not_applicable_predictive_metric,accuracy_drop,nondecreasing_with_severity,5,0.9999999999999999,1.0,0,0.001979116904388123,1.0,1
block,dataset_model_seed_scenario,predictive,adult,hgb,missing,2.0,not_applicable,not_applicable_predictive_metric,accuracy_drop,nondecreasing_with_severity,5,0.9999999999999999,1.0,0,0.004026479219272572,1.0,1
block,dataset_model_seed_scenario,predictive,adult,hgb,missing,3.0,not_applicable,not_applicable_predictive_metric,accuracy_drop,nondecreasing_with_severity,5,0.9999999999999999,1.0,0,0.004094724629768676,1.0,1
block,dataset_model_seed_scenario,predictive,adult,hgb,missing,4.0,not_applicable,not_applicable_predictive_metric,accuracy_drop,nondecreasing_with_severity,5,0.9999999999999999,1.0,0,0.002661571009349606,1.0,1
block,dataset_model_seed_scenario,predictive,adult,logreg,missing,0.0,not_applicable,not_applicable_predictive_metric,accuracy_drop,nondecreasing_with_severity,5,0.9999999999999999,1.0,0,0.0042312154507608835,1.0,1
block,dataset_model_seed_scenario,predictive,adult,logreg,missing,1.0,not_applicable,not_applicable_predictive_metric,accuracy_drop,nondecreasing_with_severity,5,0.9999999999999999,1.0,0,0.0008871903364499056,1.0,1
block,dataset_model_seed_scenario,predictive,adult,logreg,missing,2.0,not_applicable,not_applicable_predictive_metric,accuracy_drop,nondecreasing_with_severity,5,0.9999999999999999,1.0,0,0.0048454241452261515,1.0,1
block,dataset_model_seed_scenario,predictive,adult,logreg,missing,3.0,not_applicable,not_applicable_predictive_metric,accuracy_drop,nondecreasing_with_severity,5,0.9999999999999999,1.0,0,0.005118405787210789,1.0,1
block,dataset_model_seed_scenario,predictive,adult,logreg,missing,4.0,not_applicable,not_applicable_predictive_metric,accuracy_drop,nondecreasing_with_severity,5,0.9999999999999999,1.0,0,0.003275779703814985,1.0,1
block,dataset_model_seed_scenario,predictive,adult,rf,missing,0.0,not_applicable,not_applicable_predictive_metric,accuracy_drop,nondecreasing_with_severity,5,0.9999999999999999,1.0,0,0.00464068791373784,1.0,1
block,dataset_model_seed_scenario,predictive,adult,rf,missing,1.0,not_applicable,not_applicable_predictive_metric,accuracy_drop,nondecreasing_with_severity,5,0.9999999999999999,1.0,0,0.0030027980618303474,1.0,1
block,dataset_model_seed_scenario,predictive,adult,rf,missing,2.0,not_applicable,not_applicable_predictive_metric,accuracy_drop,nondecreasing_with_severity,5,0.9999999999999999,1.0,0,0.0015013990309151737,1.0,1
block,dataset_model_seed_scenario,predictive,adult,rf,missing,3.0,not_applicable,not_applicable_predictive_metric,accuracy_drop,nondecreasing_with_severity,5,0.9999999999999999,1.0,0,0.0017061352624035964,1.0,1
block,dataset_model_seed_scenario,predictive,adult,rf,missing,4.0,not_applicable,not_applicable_predictive_metric,accuracy_drop,nondecreasing_with_severity,5,0.9999999999999999,1.0,0,0.00320753429331877,1.0,1
block,dataset_model_seed_scenario,predictive,bank-marketing,hgb,missing,0.0,not_applicable,not_applicable_predictive_metric,accuracy_drop,nondecreasing_with_severity,5,0.9999999999999999,1.0,0,0.0016219404305511942,1.0,1
block,dataset_model_seed_scenario,predictive,bank-marketing,hgb,missing,1.0,not_applicable,not_applicable_predictive_metric,accuracy_drop,nondecreasing_with_severity,5,0.9999999999999999,1.0,0,0.0008109702152756526,1.0,1
block,dataset_model_seed_scenario,predictive,bank-marketing,hgb,missing,2.0,not_applicable,not_applicable_predictive_metric,accuracy_drop,nondecreasing_with_severity,5,0.9999999999999999,1.0,0,0.0006635210852256046,1.0,1
block,dataset_model_seed_scenario,predictive,bank-marketing,hgb,missing,3.0,not_applicable,not_applicable_predictive_metric,accuracy_drop,nondecreasing_with_severity,5,0.9999999999999999,1.0,0,0.0003686228251255086,1.0,1
block,dataset_model_seed_scenario,predictive,bank-marketing,hgb,missing,4.0,not_applicable,not_applicable_predictive_metric,accuracy_drop,nondecreasing_with_severity,5,0.9999999999999999,1.0,0,0.002727808905927387,1.0,1
block,dataset_model_seed_scenario,predictive,bank-marketing,logreg,missing,0.0,not_applicable,not_applicable_predictive_metric,accuracy_drop,nondecreasing_with_severity,5,0.8999999999999998,0.0,1,-0.00036862282512528655,0.0,1
block,dataset_model_seed_scenario,predictive,bank-marketing,logreg,missing,1.0,not_applicable,not_applicable_predictive_metric,accuracy_drop,nondecreasing_with_severity,5,0.9746794344808963,1.0,0,0.0,1.0,1
block,dataset_model_seed_scenario,predictive,bank-marketing,logreg,missing,2.0,not_applicable,not_applicable_predictive_metric,accuracy_drop,nondecreasing_with_severity,5,0.9999999999999999,1.0,0,0.00036862282512528655,1.0,1
block,dataset_model_seed_scenario,predictive,bank-marketing,logreg,missing,3.0,not_applicable,not_applicable_predictive_metric,accuracy_drop,nondecreasing_with_severity,5,0.9999999999999999,1.0,0,0.0005160719551755566,1.0,1
block,dataset_model_seed_scenario,predictive,bank-marketing,logreg,missing,4.0,not_applicable,not_applicable_predictive_metric,accuracy_drop,nondecreasing_with_severity,5,0.9999999999999999,1.0,0,0.0005160719551755566,1.0,1
block,dataset_model_seed_scenario,predictive,bank-marketing,rf,missing,0.0,not_applicable,not_applicable_predictive_metric,accuracy_drop,nondecreasing_with_severity,5,0.9746794344808963,1.0,0,0.0,1.0,1
block,dataset_model_seed_scenario,predictive,bank-marketing,rf,missing,1.0,not_applicable,not_applicable_predictive_metric,accuracy_drop,nondecreasing_with_severity,5,0.9999999999999999,1.0,0,0.0008109702152756526,1.0,1
block,dataset_model_seed_scenario,predictive,bank-marketing,rf,missing,2.0,not_applicable,not_applicable_predictive_metric,accuracy_drop,nondecreasing_with_severity,5,0.9746794344808963,1.0,0,0.0,1.0,1
block,dataset_model_seed_scenario,predictive,bank-marketing,rf,missing,3.0,not_applicable,not_applicable_predictive_metric,accuracy_drop,nondecreasing_with_severity,5,0.9999999999999999,1.0,0,0.00014744913005015903,1.0,1
block,dataset_model_seed_scenario,predictive,bank-marketing,rf,missing,4.0,not_applicable,not_applicable_predictive_metric,accuracy_drop,nondecreasing_with_severity,5,0.9999999999999999,1.0,0,0.00029489826010031805,1.0,1
block,dataset_model_seed_scenario,predictive,electricity,hgb,missing,0.0,not_applicable,not_applicable_predictive_metric,accuracy_drop,nondecreasing_with_severity,5,0.9999999999999999,1.0,0,0.03729586582315736,1.0,1
block,dataset_model_seed_scenario,predictive,electricity,hgb,missing,1.0,not_applicable,not_applicable_predictive_metric,accuracy_drop,nondecreasing_with_severity,5,0.9999999999999999,1.0,0,0.03575106664705019,1.0,1
block,dataset_model_seed_scenario,predictive,electricity,hgb,missing,2.0,not_applicable,not_applicable_predictive_metric,accuracy_drop,nondecreasing_with_severity,5,0.9999999999999999,1.0,0,0.03582462851257906,1.0,1
block,dataset_model_seed_scenario,predictive,electricity,hgb,missing,3.0,not_applicable,not_applicable_predictive_metric,accuracy_drop,nondecreasing_with_severity,5,0.9999999999999999,1.0,0,0.039429159923495605,1.0,1
block,dataset_model_seed_scenario,predictive,electricity,hgb,missing,4.0,not_applicable,not_applicable_predictive_metric,accuracy_drop,nondecreasing_with_severity,5,0.9999999999999999,1.0,0,0.03920847432690888,1.0,1
block,dataset_model_seed_scenario,predictive,electricity,logreg,missing,0.0,not_applicable,not_applicable_predictive_metric,accuracy_drop,nondecreasing_with_severity,5,0.9999999999999999,1.0,0,0.014638811240253125,1.0,1
block,dataset_model_seed_scenario,predictive,electricity,logreg,missing,1.0,not_applicable,not_applicable_predictive_metric,accuracy_drop,nondecreasing_with_severity,5,0.9999999999999999,1.0,0,0.015227306164484311,1.0,1
block,dataset_model_seed_scenario,predictive,electricity,logreg,missing,2.0,not_applicable,not_applicable_predictive_metric,accuracy_drop,nondecreasing_with_severity,5,0.9999999999999999,1.0,0,0.013682506988377141,1.0,1
block,dataset_model_seed_scenario,predictive,electricity,logreg,missing,3.0,not_applicable,not_applicable_predictive_metric,accuracy_drop,nondecreasing_with_severity,5,0.9999999999999999,1.0,0,0.013829630719435104,1.0,1
block,dataset_model_seed_scenario,predictive,electricity,logreg,missing,4.0,not_applicable,not_applicable_predictive_metric,accuracy_drop,nondecreasing_with_severity,5,0.9999999999999999,1.0,0,0.01191702221568336,1.0,1
block,dataset_model_seed_scenario,predictive,electricity,rf,missing,0.0,not_applicable,not_applicable_predictive_metric,accuracy_drop,nondecreasing_with_severity,5,0.9999999999999999,1.0,0,0.02383404443136672,1.0,1
block,dataset_model_seed_scenario,predictive,electricity,rf,missing,1.0,not_applicable,not_applicable_predictive_metric,accuracy_drop,nondecreasing_with_severity,5,0.9999999999999999,1.0,0,0.020965131675739324,1.0,1
block,dataset_model_seed_scenario,predictive,electricity,rf,missing,2.0,not_applicable,not_applicable_predictive_metric,accuracy_drop,nondecreasing_with_severity,5,0.9999999999999999,1.0,0,0.024201853759011294,1.0,1
block,dataset_model_seed_scenario,predictive,electricity,rf,missing,3.0,not_applicable,not_applicable_predictive_metric,accuracy_drop,nondecreasing_with_severity,5,0.9999999999999999,1.0,0,0.025673091069589482,1.0,1
block,dataset_model_seed_scenario,predictive,electricity,rf,missing,4.0,not_applicable,not_applicable_predictive_metric,accuracy_drop,nondecreasing_with_severity,5,0.9999999999999999,1.0,0,0.023613358834780107,1.0,1
block,dataset_model_seed_scenario,predictive,adult,hgb,noise,0.0,not_applicable,not_applicable_predictive_metric,accuracy_drop,nondecreasing_with_severity,5,0.9999999999999999,1.0,0,0.007779976796560395,1.0,1
block,dataset_model_seed_scenario,predictive,adult,hgb,noise,1.0,not_applicable,not_applicable_predictive_metric,accuracy_drop,nondecreasing_with_severity,5,0.9999999999999999,1.0,0,0.012898382583771295,1.0,1
block,dataset_model_seed_scenario,predictive,adult,hgb,noise,2.0,not_applicable,not_applicable_predictive_metric,accuracy_drop,nondecreasing_with_severity,5,0.9999999999999999,1.0,0,0.011192247321367699,1.0,1
block,dataset_model_seed_scenario,predictive,adult,hgb,noise,3.0,not_applicable,not_applicable_predictive_metric,accuracy_drop,nondecreasing_with_severity,5,0.9999999999999999,1.0,0,0.011669965194840648,1.0,1
block,dataset_model_seed_scenario,predictive,adult,hgb,noise,4.0,not_applicable,not_applicable_predictive_metric,accuracy_drop,nondecreasing_with_severity,5,0.9999999999999999,1.0,0,0.007643485975568187,1.0,1
block,dataset_model_seed_scenario,predictive,adult,logreg,noise,0.0,not_applicable,not_applicable_predictive_metric,accuracy_drop,nondecreasing_with_severity,5,0.9999999999999999,1.0,0,0.010305056984917793,1.0,1
block,dataset_model_seed_scenario,predictive,adult,logreg,noise,1.0,not_applicable,not_applicable_predictive_metric,accuracy_drop,nondecreasing_with_severity,5,0.9999999999999999,1.0,0,0.005254896608203108,1.0,1
block,dataset_model_seed_scenario,predictive,adult,logreg,noise,2.0,not_applicable,not_applicable_predictive_metric,accuracy_drop,nondecreasing_with_severity,5,0.9999999999999999,1.0,0,0.012215928478809812,1.0,1
block,dataset_model_seed_scenario,predictive,adult,logreg,noise,3.0,not_applicable,not_applicable_predictive_metric,accuracy_drop,nondecreasing_with_severity,5,0.9999999999999999,1.0,0,0.009963829932437052,1.0,1
block,dataset_model_seed_scenario,predictive,adult,logreg,noise,4.0,not_applicable,not_applicable_predictive_metric,accuracy_drop,nondecreasing_with_severity,5,0.9999999999999999,1.0,0,0.004299460861257098,1.0,1
block,dataset_model_seed_scenario,predictive,adult,rf,noise,0.0,not_applicable,not_applicable_predictive_metric,accuracy_drop,nondecreasing_with_severity,5,0.9999999999999999,1.0,0,0.006278577765645221,1.0,1
block,dataset_model_seed_scenario,predictive,adult,rf,noise,1.0,not_applicable,not_applicable_predictive_metric,accuracy_drop,nondecreasing_with_severity,5,0.9999999999999999,1.0,0,0.00593735071316448,1.0,1
block,dataset_model_seed_scenario,predictive,adult,rf,noise,2.0,not_applicable,not_applicable_predictive_metric,accuracy_drop,nondecreasing_with_severity,5,0.9999999999999999,1.0,0,0.008052958438545033,1.0,1
block,dataset_model_seed_scenario,predictive,adult,rf,noise,3.0,not_applicable,not_applicable_predictive_metric,accuracy_drop,nondecreasing_with_severity,5,0.9999999999999999,1.0,0,0.009349621237971784,1.0,1
block,dataset_model_seed_scenario,predictive,adult,rf,noise,4.0,not_applicable,not_applicable_predictive_metric,accuracy_drop,nondecreasing_with_severity,5,0.9999999999999999,1.0,0,0.004299460861256987,1.0,1
block,dataset_model_seed_scenario,predictive,bank-marketing,hgb,noise,0.0,not_applicable,not_applicable_predictive_metric,accuracy_drop,nondecreasing_with_severity,5,0.9999999999999999,1.0,0,0.00471837216160409,1.0,1
block,dataset_model_seed_scenario,predictive,bank-marketing,hgb,noise,1.0,not_applicable,not_applicable_predictive_metric,accuracy_drop,nondecreasing_with_severity,5,0.9999999999999999,1.0,0,0.006192863462105569,1.0,1
block,dataset_model_seed_scenario,predictive,bank-marketing,hgb,noise,2.0,not_applicable,not_applicable_predictive_metric,accuracy_drop,nondecreasing_with_severity,5,0.9999999999999999,1.0,0,0.0017693895606015753,1.0,1
block,dataset_model_seed_scenario,predictive,bank-marketing,hgb,noise,3.0,not_applicable,not_applicable_predictive_metric,accuracy_drop,nondecreasing_with_severity,5,0.9999999999999999,1.0,0,0.008183426717782383,1.0,1
block,dataset_model_seed_scenario,predictive,bank-marketing,hgb,noise,4.0,not_applicable,not_applicable_predictive_metric,accuracy_drop,nondecreasing_with_severity,5,0.9999999999999999,1.0,0,0.003465054556178182,1.0,1
block,dataset_model_seed_scenario,predictive,bank-marketing,logreg,noise,0.0,not_applicable,not_applicable_predictive_metric,accuracy_drop,nondecreasing_with_severity,5,0.7,0.0,1,-0.00044234739015036606,0.0,1
block,dataset_model_seed_scenario,predictive,bank-marketing,logreg,noise,1.0,not_applicable,not_applicable_predictive_metric,accuracy_drop,nondecreasing_with_severity,5,0.9999999999999999,1.0,0,0.00014744913004993698,1.0,1
block,dataset_model_seed_scenario,predictive,bank-marketing,logreg,noise,2.0,not_applicable,not_applicable_predictive_metric,accuracy_drop,nondecreasing_with_severity,5,0.8999999999999998,0.0,1,-7.372456502474645e-05,0.0,1
block,dataset_model_seed_scenario,predictive,bank-marketing,logreg,noise,3.0,not_applicable,not_applicable_predictive_metric,accuracy_drop,nondecreasing_with_severity,5,0.9999999999999999,1.0,0,0.0005897965202005251,1.0,1
block,dataset_model_seed_scenario,predictive,bank-marketing,logreg,noise,4.0,not_applicable,not_applicable_predictive_metric,accuracy_drop,nondecreasing_with_severity,5,0.7,0.0,1,-0.0011795930404011612,0.0,1
block,dataset_model_seed_scenario,predictive,bank-marketing,rf,noise,0.0,not_applicable,not_applicable_predictive_metric,accuracy_drop,nondecreasing_with_severity,5,0.9746794344808963,1.0,0,0.0,1.0,1
block,dataset_model_seed_scenario,predictive,bank-marketing,rf,noise,1.0,not_applicable,not_applicable_predictive_metric,accuracy_drop,nondecreasing_with_severity,5,0.9999999999999999,1.0,0,0.0005160719551754456,1.0,1
block,dataset_model_seed_scenario,predictive,bank-marketing,rf,noise,2.0,not_applicable,not_applicable_predictive_metric,accuracy_drop,nondecreasing_with_severity,5,0.9999999999999999,1.0,0,0.00036862282512539757,1.0,1
block,dataset_model_seed_scenario,predictive,bank-marketing,rf,noise,3.0,not_applicable,not_applicable_predictive_metric,accuracy_drop,nondecreasing_with_severity,5,0.9999999999999999,1.0,0,0.0003686228251251755,1.0,1
block,dataset_model_seed_scenario,predictive,bank-marketing,rf,noise,4.0,not_applicable,not_applicable_predictive_metric,accuracy_drop,nondecreasing_with_severity,5,0.8999999999999998,0.0,1,-0.00022117369507523854,0.0,1
block,dataset_model_seed_scenario,predictive,electricity,hgb,noise,0.0,not_applicable,not_applicable_predictive_metric,accuracy_drop,nondecreasing_with_severity,5,0.9999999999999999,1.0,0,0.018022657054582836,1.0,1
block,dataset_model_seed_scenario,predictive,electricity,hgb,noise,1.0,not_applicable,not_applicable_predictive_metric,accuracy_drop,nondecreasing_with_severity,5,0.9999999999999999,1.0,0,0.007209062821833201,1.0,1
block,dataset_model_seed_scenario,predictive,electricity,hgb,noise,2.0,not_applicable,not_applicable_predictive_metric,accuracy_drop,nondecreasing_with_severity,5,0.9999999999999999,1.0,0,0.02456966308665598,1.0,1
block,dataset_model_seed_scenario,predictive,electricity,hgb,noise,3.0,not_applicable,not_applicable_predictive_metric,accuracy_drop,nondecreasing_with_severity,5,0.9999999999999999,1.0,0,0.015300868030013293,1.0,1
block,dataset_model_seed_scenario,predictive,electricity,hgb,noise,4.0,not_applicable,not_applicable_predictive_metric,accuracy_drop,nondecreasing_with_severity,5,0.9999999999999999,1.0,0,0.017139914668235945,1.0,1
block,dataset_model_seed_scenario,predictive,electricity,logreg,noise,0.0,not_applicable,not_applicable_predictive_metric,accuracy_drop,nondecreasing_with_severity,5,0.9999999999999999,1.0,0,0.01684566720612035,1.0,1
block,dataset_model_seed_scenario,predictive,electricity,logreg,noise,1.0,not_applicable,not_applicable_predictive_metric,accuracy_drop,nondecreasing_with_severity,5,0.9999999999999999,1.0,0,0.012946888333088102,1.0,1
block,dataset_model_seed_scenario,predictive,electricity,logreg,noise,2.0,not_applicable,not_applicable_predictive_metric,accuracy_drop,nondecreasing_with_severity,5,0.9999999999999999,1.0,0,0.01978814182727673,1.0,1
block,dataset_model_seed_scenario,predictive,electricity,logreg,noise,3.0,not_applicable,not_applicable_predictive_metric,accuracy_drop,nondecreasing_with_severity,5,0.9999999999999999,1.0,0,0.01662498160953363,1.0,1
block,dataset_model_seed_scenario,predictive,electricity,logreg,noise,4.0,not_applicable,not_applicable_predictive_metric,accuracy_drop,nondecreasing_with_severity,5,0.9999999999999999,1.0,0,0.01588936295424448,1.0,1
block,dataset_model_seed_scenario,predictive,electricity,rf,noise,0.0,not_applicable,not_applicable_predictive_metric,accuracy_drop,nondecreasing_with_severity,5,0.9999999999999999,1.0,0,0.025305281741944907,1.0,1
block,dataset_model_seed_scenario,predictive,electricity,rf,noise,1.0,not_applicable,not_applicable_predictive_metric,accuracy_drop,nondecreasing_with_severity,5,0.9999999999999999,1.0,0,0.013903192584963975,1.0,1
block,dataset_model_seed_scenario,predictive,electricity,rf,noise,2.0,not_applicable,not_applicable_predictive_metric,accuracy_drop,nondecreasing_with_severity,5,0.9999999999999999,1.0,0,0.02302486391054881,1.0,1
block,dataset_model_seed_scenario,predictive,electricity,rf,noise,3.0,not_applicable,not_applicable_predictive_metric,accuracy_drop,nondecreasing_with_severity,5,0.9999999999999999,1.0,0,0.02537884360747389,1.0,1
block,dataset_model_seed_scenario,predictive,electricity,rf,noise,4.0,not_applicable,not_applicable_predictive_metric,accuracy_drop,nondecreasing_with_severity,5,0.9999999999999999,1.0,0,0.02479034868324259,1.0,1
block,dataset_model_seed_scenario,predictive,adult,hgb,quantize,0.0,not_applicable,not_applicable_predictive_metric,accuracy_drop,nondecreasing_with_severity,5,-0.9999999999999999,0.0,4,-0.014945744898655522,0.0,1
block,dataset_model_seed_scenario,predictive,adult,hgb,quantize,1.0,not_applicable,not_applicable_predictive_metric,accuracy_drop,nondecreasing_with_severity,5,-0.9999999999999999,0.0,4,-0.013580836688732667,0.0,1
block,dataset_model_seed_scenario,predictive,adult,hgb,quantize,2.0,not_applicable,not_applicable_predictive_metric,accuracy_drop,nondecreasing_with_severity,5,-0.9999999999999999,0.0,4,-0.014672763256670995,0.0,1
block,dataset_model_seed_scenario,predictive,adult,hgb,quantize,3.0,not_applicable,not_applicable_predictive_metric,accuracy_drop,nondecreasing_with_severity,5,-0.8999999999999998,0.0,3,-0.01555995359312079,0.0,1
block,dataset_model_seed_scenario,predictive,adult,hgb,quantize,4.0,not_applicable,not_applicable_predictive_metric,accuracy_drop,nondecreasing_with_severity,5,-0.9999999999999999,0.0,4,-0.01283013717327508,0.0,1
block,dataset_model_seed_scenario,predictive,adult,logreg,quantize,0.0,not_applicable,not_applicable_predictive_metric,accuracy_drop,nondecreasing_with_severity,5,-0.8999999999999998,0.0,3,-0.034873404763529736,0.0,1
block,dataset_model_seed_scenario,predictive,adult,logreg,quantize,1.0,not_applicable,not_applicable_predictive_metric,accuracy_drop,nondecreasing_with_severity,5,-0.8999999999999998,0.0,3,-0.035009895584521944,0.0,1
block,dataset_model_seed_scenario,predictive,adult,logreg,quantize,2.0,not_applicable,not_applicable_predictive_metric,accuracy_drop,nondecreasing_with_severity,5,-0.8999999999999998,0.0,3,-0.03303077868013371,0.0,1
block,dataset_model_seed_scenario,predictive,adult,logreg,quantize,3.0,not_applicable,not_applicable_predictive_metric,accuracy_drop,nondecreasing_with_severity,5,-0.9999999999999999,0.0,4,-0.030027980618303474,0.0,1
block,dataset_model_seed_scenario,predictive,adult,logreg,quantize,4.0,not_applicable,not_applicable_predictive_metric,accuracy_drop,nondecreasing_with_severity,5,-0.8999999999999998,0.0,3,-0.035487613457995004,0.0,1
block,dataset_model_seed_scenario,predictive,adult,rf,quantize,0.0,not_applicable,not_applicable_predictive_metric,accuracy_drop,nondecreasing_with_severity,5,-0.9999999999999999,0.0,4,-0.01569644441411311,0.0,1
block,dataset_model_seed_scenario,predictive,adult,rf,quantize,1.0,not_applicable,not_applicable_predictive_metric,accuracy_drop,nondecreasing_with_severity,5,-0.9999999999999999,0.0,4,-0.015832935235105428,0.0,1
block,dataset_model_seed_scenario,predictive,adult,rf,quantize,2.0,not_applicable,not_applicable_predictive_metric,accuracy_drop,nondecreasing_with_severity,5,-0.8999999999999998,0.0,3,-0.01508223571964784,0.0,1
block,dataset_model_seed_scenario,predictive,adult,rf,quantize,3.0,not_applicable,not_applicable_predictive_metric,accuracy_drop,nondecreasing_with_severity,5,-0.9999999999999999,0.0,4,-0.013580836688732667,0.0,1
block,dataset_model_seed_scenario,predictive,adult,rf,quantize,4.0,not_applicable,not_applicable_predictive_metric,accuracy_drop,nondecreasing_with_severity,5,-0.9999999999999999,0.0,4,-0.017539070497509024,0.0,1
block,dataset_model_seed_scenario,predictive,bank-marketing,hgb,quantize,0.0,not_applicable,not_applicable_predictive_metric,accuracy_drop,nondecreasing_with_severity,5,-0.9999999999999999,0.0,4,-0.08050722500737251,0.0,1
block,dataset_model_seed_scenario,predictive,bank-marketing,hgb,quantize,1.0,not_applicable,not_applicable_predictive_metric,accuracy_drop,nondecreasing_with_severity,5,-0.8999999999999998,0.0,3,-0.017620171040990784,0.0,1
block,dataset_model_seed_scenario,predictive,bank-marketing,hgb,quantize,2.0,not_applicable,not_applicable_predictive_metric,accuracy_drop,nondecreasing_with_severity,5,-0.8999999999999998,0.0,3,-0.05735771158950154,0.0,1
block,dataset_model_seed_scenario,predictive,bank-marketing,hgb,quantize,3.0,not_applicable,not_applicable_predictive_metric,accuracy_drop,nondecreasing_with_severity,5,-0.9999999999999999,0.0,4,-0.0361987614273076,0.0,1
block,dataset_model_seed_scenario,predictive,bank-marketing,hgb,quantize,4.0,not_applicable,not_applicable_predictive_metric,accuracy_drop,nondecreasing_with_severity,5,-0.9999999999999999,0.0,4,-0.024992627543497514,0.0,1
block,dataset_model_seed_scenario,predictive,bank-marketing,logreg,quantize,0.0,not_applicable,not_applicable_predictive_metric,accuracy_drop,nondecreasing_with_severity,5,-0.7,0.0,3,-0.004349749336478914,0.0,1
block,dataset_model_seed_scenario,predictive,bank-marketing,logreg,quantize,1.0,not_applicable,not_applicable_predictive_metric,accuracy_drop,nondecreasing_with_severity,5,-0.8999999999999998,0.0,3,-0.004202300206428755,0.0,1
block,dataset_model_seed_scenario,predictive,bank-marketing,logreg,quantize,2.0,not_applicable,not_applicable_predictive_metric,accuracy_drop,nondecreasing_with_severity,5,-0.9746794344808963,0.0,3,-0.00243291064582718,0.0,1
block,dataset_model_seed_scenario,predictive,bank-marketing,logreg,quantize,3.0,not_applicable,not_applicable_predictive_metric,accuracy_drop,nondecreasing_with_severity,5,-0.9999999999999999,0.0,4,-0.0030964317310527845,0.0,1
block,dataset_model_seed_scenario,predictive,bank-marketing,logreg,quantize,4.0,not_applicable,not_applicable_predictive_metric,accuracy_drop,nondecreasing_with_severity,5,-0.7,0.0,3,-0.0029489826010026254,0.0,1
block,dataset_model_seed_scenario,predictive,bank-marketing,rf,quantize,0.0,not_applicable,not_applicable_predictive_metric,accuracy_drop,nondecreasing_with_severity,5,-0.49999999999999994,0.0,2,-0.0008846947803008431,0.0,1
block,dataset_model_seed_scenario,predictive,bank-marketing,rf,quantize,1.0,not_applicable,not_applicable_predictive_metric,accuracy_drop,nondecreasing_with_severity,5,-0.9999999999999999,0.0,4,-0.001990563255676814,0.0,1
block,dataset_model_seed_scenario,predictive,bank-marketing,rf,quantize,2.0,not_applicable,not_applicable_predictive_metric,accuracy_drop,nondecreasing_with_severity,5,-0.8999999999999998,0.0,3,-0.0013270421704510982,0.0,1
block,dataset_model_seed_scenario,predictive,bank-marketing,rf,quantize,3.0,not_applicable,not_applicable_predictive_metric,accuracy_drop,nondecreasing_with_severity,5,-0.9999999999999999,0.0,4,-0.001990563255676814,0.0,1
block,dataset_model_seed_scenario,predictive,bank-marketing,rf,quantize,4.0,not_applicable,not_applicable_predictive_metric,accuracy_drop,nondecreasing_with_severity,5,-0.8999999999999998,0.0,3,-0.0014007667354762887,0.0,1
block,dataset_model_seed_scenario,predictive,electricity,hgb,quantize,0.0,not_applicable,not_applicable_predictive_metric,accuracy_drop,nondecreasing_with_severity,5,-0.9999999999999999,0.0,4,-0.14322495218478737,0.0,1
block,dataset_model_seed_scenario,predictive,electricity,hgb,quantize,1.0,not_applicable,not_applicable_predictive_metric,accuracy_drop,nondecreasing_with_severity,5,-0.9999999999999999,0.0,4,-0.12880682654112108,0.0,1
block,dataset_model_seed_scenario,predictive,electricity,hgb,quantize,2.0,not_applicable,not_applicable_predictive_metric,accuracy_drop,nondecreasing_with_severity,5,-0.9999999999999999,0.0,4,-0.13895836398411066,0.0,1
block,dataset_model_seed_scenario,predictive,electricity,hgb,quantize,3.0,not_applicable,not_applicable_predictive_metric,accuracy_drop,nondecreasing_with_severity,5,-0.8999999999999998,0.0,3,-0.12762983669265848,0.0,1
block,dataset_model_seed_scenario,predictive,electricity,hgb,quantize,4.0,not_applicable,not_applicable_predictive_metric,accuracy_drop,nondecreasing_with_severity,5,-0.8999999999999998,0.0,3,-0.09717522436368986,0.0,1
block,dataset_model_seed_scenario,predictive,electricity,logreg,quantize,0.0,not_applicable,not_applicable_predictive_metric,accuracy_drop,nondecreasing_with_severity,5,-0.6,0.0,2,-0.10423716345446521,0.0,1
block,dataset_model_seed_scenario,predictive,electricity,logreg,quantize,1.0,not_applicable,not_applicable_predictive_metric,accuracy_drop,nondecreasing_with_severity,5,-0.6,0.0,2,-0.1091658084449022,0.0,1
block,dataset_model_seed_scenario,predictive,electricity,logreg,quantize,2.0,not_applicable,not_applicable_predictive_metric,accuracy_drop,nondecreasing_with_severity,5,-0.8999999999999998,0.0,3,-0.10644401942033255,0.0,1
block,dataset_model_seed_scenario,predictive,electricity,logreg,quantize,3.0,not_applicable,not_applicable_predictive_metric,accuracy_drop,nondecreasing_with_severity,5,-0.7,0.0,3,-0.11078416948653813,0.0,1
block,dataset_model_seed_scenario,predictive,electricity,logreg,quantize,4.0,not_applicable,not_applicable_predictive_metric,accuracy_drop,nondecreasing_with_severity,5,-0.9999999999999999,0.0,4,-0.10431072531999408,0.0,1
block,dataset_model_seed_scenario,predictive,electricity,rf,quantize,0.0,not_applicable,not_applicable_predictive_metric,accuracy_drop,nondecreasing_with_severity,5,-0.9999999999999999,0.0,4,-0.08246285125790787,0.0,1
block,dataset_model_seed_scenario,predictive,electricity,rf,quantize,1.0,not_applicable,not_applicable_predictive_metric,accuracy_drop,nondecreasing_with_severity,5,-0.9999999999999999,0.0,4,-0.07768132999852884,0.0,1
block,dataset_model_seed_scenario,predictive,electricity,rf,quantize,2.0,not_applicable,not_applicable_predictive_metric,accuracy_drop,nondecreasing_with_severity,5,-0.9999999999999999,0.0,4,-0.0777548918640577,0.0,1
block,dataset_model_seed_scenario,predictive,electricity,rf,quantize,3.0,not_applicable,not_applicable_predictive_metric,accuracy_drop,nondecreasing_with_severity,5,-0.9999999999999999,0.0,4,-0.0714285714285714,0.0,1
block,dataset_model_seed_scenario,predictive,electricity,rf,quantize,4.0,not_applicable,not_applicable_predictive_metric,accuracy_drop,nondecreasing_with_severity,5,-0.9999999999999999,0.0,4,-0.062454023834044414,0.0,1
block,dataset_model_seed_scenario,predictive,adult,hgb,gradual,0.0,not_applicable,not_applicable_predictive_metric,dconf,nondecreasing_with_severity,5,0.7999999999999999,0.0,2,-0.16886443612606883,0.0,1
block,dataset_model_seed_scenario,predictive,adult,hgb,gradual,1.0,not_applicable,not_applicable_predictive_metric,dconf,nondecreasing_with_severity,5,0.9999999999999999,1.0,0,0.0040332972605565676,1.0,1
block,dataset_model_seed_scenario,predictive,adult,hgb,gradual,2.0,not_applicable,not_applicable_predictive_metric,dconf,nondecreasing_with_severity,5,0.7999999999999999,0.0,2,-0.044478055948747985,0.0,1
block,dataset_model_seed_scenario,predictive,adult,hgb,gradual,3.0,not_applicable,not_applicable_predictive_metric,dconf,nondecreasing_with_severity,5,0.9999999999999999,1.0,0,0.0032252669264329903,1.0,1
block,dataset_model_seed_scenario,predictive,adult,hgb,gradual,4.0,not_applicable,not_applicable_predictive_metric,dconf,nondecreasing_with_severity,5,0.7999999999999999,0.0,2,-0.07040181898407472,0.0,1
block,dataset_model_seed_scenario,predictive,adult,logreg,gradual,0.0,not_applicable,not_applicable_predictive_metric,dconf,nondecreasing_with_severity,5,0.9999999999999999,1.0,0,0.09366256765276176,1.0,1
block,dataset_model_seed_scenario,predictive,adult,logreg,gradual,1.0,not_applicable,not_applicable_predictive_metric,dconf,nondecreasing_with_severity,5,0.9999999999999999,1.0,0,0.09275340881740302,1.0,1
block,dataset_model_seed_scenario,predictive,adult,logreg,gradual,2.0,not_applicable,not_applicable_predictive_metric,dconf,nondecreasing_with_severity,5,0.9999999999999999,1.0,0,0.09249253798933871,1.0,1
block,dataset_model_seed_scenario,predictive,adult,logreg,gradual,3.0,not_applicable,not_applicable_predictive_metric,dconf,nondecreasing_with_severity,5,0.9999999999999999,1.0,0,0.09284259425664398,1.0,1
block,dataset_model_seed_scenario,predictive,adult,logreg,gradual,4.0,not_applicable,not_applicable_predictive_metric,dconf,nondecreasing_with_severity,5,0.9999999999999999,1.0,0,0.09287865463232547,1.0,1
block,dataset_model_seed_scenario,predictive,adult,rf,gradual,0.0,not_applicable,not_applicable_predictive_metric,dconf,nondecreasing_with_severity,5,0.9999999999999999,1.0,0,0.0060811202230759975,1.0,1
block,dataset_model_seed_scenario,predictive,adult,rf,gradual,1.0,not_applicable,not_applicable_predictive_metric,dconf,nondecreasing_with_severity,5,0.9999999999999999,1.0,0,0.0029371686807395103,1.0,1
block,dataset_model_seed_scenario,predictive,adult,rf,gradual,2.0,not_applicable,not_applicable_predictive_metric,dconf,nondecreasing_with_severity,5,0.9999999999999999,1.0,0,0.0029870746099759926,1.0,1
block,dataset_model_seed_scenario,predictive,adult,rf,gradual,3.0,not_applicable,not_applicable_predictive_metric,dconf,nondecreasing_with_severity,5,0.9999999999999999,1.0,0,0.006707952478788526,1.0,1
block,dataset_model_seed_scenario,predictive,adult,rf,gradual,4.0,not_applicable,not_applicable_predictive_metric,dconf,nondecreasing_with_severity,5,0.9999999999999999,1.0,0,0.0077778927747482185,1.0,1
block,dataset_model_seed_scenario,predictive,bank-marketing,hgb,gradual,0.0,not_applicable,not_applicable_predictive_metric,dconf,nondecreasing_with_severity,5,0.9999999999999999,1.0,0,0.050577851801332896,1.0,1
block,dataset_model_seed_scenario,predictive,bank-marketing,hgb,gradual,1.0,not_applicable,not_applicable_predictive_metric,dconf,nondecreasing_with_severity,5,0.9999999999999999,1.0,0,0.0338660415087671,1.0,1
block,dataset_model_seed_scenario,predictive,bank-marketing,hgb,gradual,2.0,not_applicable,not_applicable_predictive_metric,dconf,nondecreasing_with_severity,5,0.9999999999999999,1.0,0,0.04177316179229554,1.0,1
block,dataset_model_seed_scenario,predictive,bank-marketing,hgb,gradual,3.0,not_applicable,not_applicable_predictive_metric,dconf,nondecreasing_with_severity,5,0.9999999999999999,1.0,0,0.0384116238892126,1.0,1
block,dataset_model_seed_scenario,predictive,bank-marketing,hgb,gradual,4.0,not_applicable,not_applicable_predictive_metric,dconf,nondecreasing_with_severity,5,0.9999999999999999,1.0,0,0.047171390615720704,1.0,1
block,dataset_model_seed_scenario,predictive,bank-marketing,logreg,gradual,0.0,not_applicable,not_applicable_predictive_metric,dconf,nondecreasing_with_severity,5,0.9999999999999999,1.0,0,0.0310932752105616,1.0,1
block,dataset_model_seed_scenario,predictive,bank-marketing,logreg,gradual,1.0,not_applicable,not_applicable_predictive_metric,dconf,nondecreasing_with_severity,5,0.9999999999999999,1.0,0,0.0318364873809039,1.0,1
block,dataset_model_seed_scenario,predictive,bank-marketing,logreg,gradual,2.0,not_applicable,not_applicable_predictive_metric,dconf,nondecreasing_with_severity,5,0.9999999999999999,1.0,0,0.030620287855313098,1.0,1
block,dataset_model_seed_scenario,predictive,bank-marketing,logreg,gradual,3.0,not_applicable,not_applicable_predictive_metric,dconf,nondecreasing_with_severity,5,0.9999999999999999,1.0,0,0.028238119040638998,1.0,1
block,dataset_model_seed_scenario,predictive,bank-marketing,logreg,gradual,4.0,not_applicable,not_applicable_predictive_metric,dconf,nondecreasing_with_severity,5,0.9999999999999999,1.0,0,0.030154811424053202,1.0,1
block,dataset_model_seed_scenario,predictive,bank-marketing,rf,gradual,0.0,not_applicable,not_applicable_predictive_metric,dconf,nondecreasing_with_severity,5,0.9999999999999999,1.0,0,0.027903919962679102,1.0,1
block,dataset_model_seed_scenario,predictive,bank-marketing,rf,gradual,1.0,not_applicable,not_applicable_predictive_metric,dconf,nondecreasing_with_severity,5,0.9999999999999999,1.0,0,0.029688382089911508,1.0,1
block,dataset_model_seed_scenario,predictive,bank-marketing,rf,gradual,2.0,not_applicable,not_applicable_predictive_metric,dconf,nondecreasing_with_severity,5,0.9999999999999999,1.0,0,0.0320861702512108,1.0,1
block,dataset_model_seed_scenario,predictive,bank-marketing,rf,gradual,3.0,not_applicable,not_applicable_predictive_metric,dconf,nondecreasing_with_severity,5,0.9999999999999999,1.0,0,0.025095830203104713,1.0,1
block,dataset_model_seed_scenario,predictive,bank-marketing,rf,gradual,4.0,not_applicable,not_applicable_predictive_metric,dconf,nondecreasing_with_severity,5,0.9999999999999999,1.0,0,0.030036389322041807,1.0,1
block,dataset_model_seed_scenario,predictive,electricity,hgb,gradual,0.0,not_applicable,not_applicable_predictive_metric,dconf,nondecreasing_with_severity,5,0.8999999999999998,0.0,1,-0.004623541479787996,0.0,1
block,dataset_model_seed_scenario,predictive,electricity,hgb,gradual,1.0,not_applicable,not_applicable_predictive_metric,dconf,nondecreasing_with_severity,5,0.9999999999999999,1.0,0,0.019324586092316798,1.0,1
block,dataset_model_seed_scenario,predictive,electricity,hgb,gradual,2.0,not_applicable,not_applicable_predictive_metric,dconf,nondecreasing_with_severity,5,0.9999999999999999,1.0,0,0.01829408517948289,1.0,1
block,dataset_model_seed_scenario,predictive,electricity,hgb,gradual,3.0,not_applicable,not_applicable_predictive_metric,dconf,nondecreasing_with_severity,5,0.9999999999999999,1.0,0,0.024553134527248832,1.0,1
block,dataset_model_seed_scenario,predictive,electricity,hgb,gradual,4.0,not_applicable,not_applicable_predictive_metric,dconf,nondecreasing_with_severity,5,0.9999999999999999,1.0,0,0.0042672251017929486,1.0,1
block,dataset_model_seed_scenario,predictive,electricity,logreg,gradual,0.0,not_applicable,not_applicable_predictive_metric,dconf,nondecreasing_with_severity,5,0.9999999999999999,1.0,0,0.04591755882729831,1.0,1
block,dataset_model_seed_scenario,predictive,electricity,logreg,gradual,1.0,not_applicable,not_applicable_predictive_metric,dconf,nondecreasing_with_severity,5,0.9999999999999999,1.0,0,0.05960581020444711,1.0,1
block,dataset_model_seed_scenario,predictive,electricity,logreg,gradual,2.0,not_applicable,not_applicable_predictive_metric,dconf,nondecreasing_with_severity,5,0.9999999999999999,1.0,0,0.0583264397967852,1.0,1
block,dataset_model_seed_scenario,predictive,electricity,logreg,gradual,3.0,not_applicable,not_applicable_predictive_metric,dconf,nondecreasing_with_severity,5,0.9999999999999999,1.0,0,0.06122249874502178,1.0,1
block,dataset_model_seed_scenario,predictive,electricity,logreg,gradual,4.0,not_applicable,not_applicable_predictive_metric,dconf,nondecreasing_with_severity,5,0.9999999999999999,1.0,0,0.0600126152164438,1.0,1
block,dataset_model_seed_scenario,predictive,electricity,rf,gradual,0.0,not_applicable,not_applicable_predictive_metric,dconf,nondecreasing_with_severity,5,0.9999999999999999,1.0,0,0.02700591114783557,1.0,1
block,dataset_model_seed_scenario,predictive,electricity,rf,gradual,1.0,not_applicable,not_applicable_predictive_metric,dconf,nondecreasing_with_severity,5,0.9999999999999999,1.0,0,0.028978557076007105,1.0,1
block,dataset_model_seed_scenario,predictive,electricity,rf,gradual,2.0,not_applicable,not_applicable_predictive_metric,dconf,nondecreasing_with_severity,5,0.9999999999999999,1.0,0,0.030378876003376964,1.0,1
block,dataset_model_seed_scenario,predictive,electricity,rf,gradual,3.0,not_applicable,not_applicable_predictive_metric,dconf,nondecreasing_with_severity,5,0.9999999999999999,1.0,0,0.03246456860817232,1.0,1
block,dataset_model_seed_scenario,predictive,electricity,rf,gradual,4.0,not_applicable,not_applicable_predictive_metric,dconf,nondecreasing_with_severity,5,0.9999999999999999,1.0,0,0.03459923409355026,1.0,1
block,dataset_model_seed_scenario,predictive,adult,hgb,mean_shift,0.0,not_applicable,not_applicable_predictive_metric,dconf,nondecreasing_with_severity,5,0.9999999999999999,1.0,0,0.0006056018870893576,1.0,1
block,dataset_model_seed_scenario,predictive,adult,hgb,mean_shift,1.0,not_applicable,not_applicable_predictive_metric,dconf,nondecreasing_with_severity,5,0.9999999999999999,1.0,0,0.0005365281440499192,1.0,1
block,dataset_model_seed_scenario,predictive,adult,hgb,mean_shift,2.0,not_applicable,not_applicable_predictive_metric,dconf,nondecreasing_with_severity,5,0.9999999999999999,1.0,0,0.003908231374817106,1.0,1
block,dataset_model_seed_scenario,predictive,adult,hgb,mean_shift,3.0,not_applicable,not_applicable_predictive_metric,dconf,nondecreasing_with_severity,5,0.9999999999999999,1.0,0,0.003740647901391947,1.0,1
block,dataset_model_seed_scenario,predictive,adult,hgb,mean_shift,4.0,not_applicable,not_applicable_predictive_metric,dconf,nondecreasing_with_severity,5,0.9999999999999999,1.0,0,0.0034850098565024634,1.0,1
block,dataset_model_seed_scenario,predictive,adult,logreg,mean_shift,0.0,not_applicable,not_applicable_predictive_metric,dconf,nondecreasing_with_severity,5,0.9999999999999999,1.0,0,0.10124525642591499,1.0,1
block,dataset_model_seed_scenario,predictive,adult,logreg,mean_shift,1.0,not_applicable,not_applicable_predictive_metric,dconf,nondecreasing_with_severity,5,0.9999999999999999,1.0,0,0.09937624692070819,1.0,1
block,dataset_model_seed_scenario,predictive,adult,logreg,mean_shift,2.0,not_applicable,not_applicable_predictive_metric,dconf,nondecreasing_with_severity,5,0.9999999999999999,1.0,0,0.10130033359718431,1.0,1
block,dataset_model_seed_scenario,predictive,adult,logreg,mean_shift,3.0,not_applicable,not_applicable_predictive_metric,dconf,nondecreasing_with_severity,5,0.9999999999999999,1.0,0,0.1042661408078336,1.0,1
block,dataset_model_seed_scenario,predictive,adult,logreg,mean_shift,4.0,not_applicable,not_applicable_predictive_metric,dconf,nondecreasing_with_severity,5,0.9999999999999999,1.0,0,0.0993070924893137,1.0,1
block,dataset_model_seed_scenario,predictive,adult,rf,mean_shift,0.0,not_applicable,not_applicable_predictive_metric,dconf,nondecreasing_with_severity,5,0.9999999999999999,1.0,0,0.004607234389259085,1.0,1
block,dataset_model_seed_scenario,predictive,adult,rf,mean_shift,1.0,not_applicable,not_applicable_predictive_metric,dconf,nondecreasing_with_severity,5,0.9999999999999999,1.0,0,0.0050283295884056,1.0,1
block,dataset_model_seed_scenario,predictive,adult,rf,mean_shift,2.0,not_applicable,not_applicable_predictive_metric,dconf,nondecreasing_with_severity,5,0.9999999999999999,1.0,0,0.0016481227875966287,1.0,1
block,dataset_model_seed_scenario,predictive,adult,rf,mean_shift,3.0,not_applicable,not_applicable_predictive_metric,dconf,nondecreasing_with_severity,5,0.9999999999999999,1.0,0,0.0011713122894659866,1.0,1
block,dataset_model_seed_scenario,predictive,adult,rf,mean_shift,4.0,not_applicable,not_applicable_predictive_metric,dconf,nondecreasing_with_severity,5,0.9999999999999999,1.0,0,0.004565867903568721,1.0,1
block,dataset_model_seed_scenario,predictive,bank-marketing,hgb,mean_shift,0.0,not_applicable,not_applicable_predictive_metric,dconf,nondecreasing_with_severity,5,0.9999999999999999,1.0,0,0.03969790109182669,1.0,1
block,dataset_model_seed_scenario,predictive,bank-marketing,hgb,mean_shift,1.0,not_applicable,not_applicable_predictive_metric,dconf,nondecreasing_with_severity,5,0.9999999999999999,1.0,0,0.048034680629407994,1.0,1
block,dataset_model_seed_scenario,predictive,bank-marketing,hgb,mean_shift,2.0,not_applicable,not_applicable_predictive_metric,dconf,nondecreasing_with_severity,5,0.9999999999999999,1.0,0,0.0479194477624717,1.0,1
block,dataset_model_seed_scenario,predictive,bank-marketing,hgb,mean_shift,3.0,not_applicable,not_applicable_predictive_metric,dconf,nondecreasing_with_severity,5,0.9999999999999999,1.0,0,0.036282612947413806,1.0,1
block,dataset_model_seed_scenario,predictive,bank-marketing,hgb,mean_shift,4.0,not_applicable,not_applicable_predictive_metric,dconf,nondecreasing_with_severity,5,0.9999999999999999,1.0,0,0.036189723921272204,1.0,1
block,dataset_model_seed_scenario,predictive,bank-marketing,logreg,mean_shift,0.0,not_applicable,not_applicable_predictive_metric,dconf,nondecreasing_with_severity,5,0.9999999999999999,1.0,0,0.0227101678264056,1.0,1
block,dataset_model_seed_scenario,predictive,bank-marketing,logreg,mean_shift,1.0,not_applicable,not_applicable_predictive_metric,dconf,nondecreasing_with_severity,5,0.9999999999999999,1.0,0,0.023312012493227702,1.0,1
block,dataset_model_seed_scenario,predictive,bank-marketing,logreg,mean_shift,2.0,not_applicable,not_applicable_predictive_metric,dconf,nondecreasing_with_severity,5,0.9999999999999999,1.0,0,0.0224167817352178,1.0,1
block,dataset_model_seed_scenario,predictive,bank-marketing,logreg,mean_shift,3.0,not_applicable,not_applicable_predictive_metric,dconf,nondecreasing_with_severity,5,0.9999999999999999,1.0,0,0.0204355990463481,1.0,1
block,dataset_model_seed_scenario,predictive,bank-marketing,logreg,mean_shift,4.0,not_applicable,not_applicable_predictive_metric,dconf,nondecreasing_with_severity,5,0.9999999999999999,1.0,0,0.021954199554974,1.0,1
block,dataset_model_seed_scenario,predictive,bank-marketing,rf,mean_shift,0.0,not_applicable,not_applicable_predictive_metric,dconf,nondecreasing_with_severity,5,0.9999999999999999,1.0,0,0.0429356244551891,1.0,1
block,dataset_model_seed_scenario,predictive,bank-marketing,rf,mean_shift,1.0,not_applicable,not_applicable_predictive_metric,dconf,nondecreasing_with_severity,5,0.9999999999999999,1.0,0,0.0396985112245636,1.0,1
block,dataset_model_seed_scenario,predictive,bank-marketing,rf,mean_shift,2.0,not_applicable,not_applicable_predictive_metric,dconf,nondecreasing_with_severity,5,0.9999999999999999,1.0,0,0.05269528796865269,1.0,1
block,dataset_model_seed_scenario,predictive,bank-marketing,rf,mean_shift,3.0,not_applicable,not_applicable_predictive_metric,dconf,nondecreasing_with_severity,5,0.9999999999999999,1.0,0,0.053604236596112895,1.0,1
block,dataset_model_seed_scenario,predictive,bank-marketing,rf,mean_shift,4.0,not_applicable,not_applicable_predictive_metric,dconf,nondecreasing_with_severity,5,0.9999999999999999,1.0,0,0.051157353391356304,1.0,1
block,dataset_model_seed_scenario,predictive,electricity,hgb,mean_shift,0.0,not_applicable,not_applicable_predictive_metric,dconf,nondecreasing_with_severity,5,0.9999999999999999,1.0,0,0.009441657470191878,1.0,1
block,dataset_model_seed_scenario,predictive,electricity,hgb,mean_shift,1.0,not_applicable,not_applicable_predictive_metric,dconf,nondecreasing_with_severity,5,0.9999999999999999,1.0,0,0.04243173853231863,1.0,1
block,dataset_model_seed_scenario,predictive,electricity,hgb,mean_shift,2.0,not_applicable,not_applicable_predictive_metric,dconf,nondecreasing_with_severity,5,0.9999999999999999,1.0,0,0.02516810641543965,1.0,1
block,dataset_model_seed_scenario,predictive,electricity,hgb,mean_shift,3.0,not_applicable,not_applicable_predictive_metric,dconf,nondecreasing_with_severity,5,0.9999999999999999,1.0,0,0.03427882998271081,1.0,1
block,dataset_model_seed_scenario,predictive,electricity,hgb,mean_shift,4.0,not_applicable,not_applicable_predictive_metric,dconf,nondecreasing_with_severity,5,0.9999999999999999,1.0,0,0.032201207543542165,1.0,1
block,dataset_model_seed_scenario,predictive,electricity,logreg,mean_shift,0.0,not_applicable,not_applicable_predictive_metric,dconf,nondecreasing_with_severity,5,0.9999999999999999,1.0,0,0.021495143333611022,1.0,1
block,dataset_model_seed_scenario,predictive,electricity,logreg,mean_shift,1.0,not_applicable,not_applicable_predictive_metric,dconf,nondecreasing_with_severity,5,0.9999999999999999,1.0,0,0.049930090846875996,1.0,1
block,dataset_model_seed_scenario,predictive,electricity,logreg,mean_shift,2.0,not_applicable,not_applicable_predictive_metric,dconf,nondecreasing_with_severity,5,0.9999999999999999,1.0,0,0.04642165795867914,1.0,1
block,dataset_model_seed_scenario,predictive,electricity,logreg,mean_shift,3.0,not_applicable,not_applicable_predictive_metric,dconf,nondecreasing_with_severity,5,0.9999999999999999,1.0,0,0.057121008187114575,1.0,1
block,dataset_model_seed_scenario,predictive,electricity,logreg,mean_shift,4.0,not_applicable,not_applicable_predictive_metric,dconf,nondecreasing_with_severity,5,0.9999999999999999,1.0,0,0.052892333896394805,1.0,1
block,dataset_model_seed_scenario,predictive,electricity,rf,mean_shift,0.0,not_applicable,not_applicable_predictive_metric,dconf,nondecreasing_with_severity,5,0.9999999999999999,1.0,0,0.009609341895243206,1.0,1
block,dataset_model_seed_scenario,predictive,electricity,rf,mean_shift,1.0,not_applicable,not_applicable_predictive_metric,dconf,nondecreasing_with_severity,5,0.9999999999999999,1.0,0,0.007902472134950378,1.0,1
block,dataset_model_seed_scenario,predictive,electricity,rf,mean_shift,2.0,not_applicable,not_applicable_predictive_metric,dconf,nondecreasing_with_severity,5,0.9999999999999999,1.0,0,0.008854631470835594,1.0,1
block,dataset_model_seed_scenario,predictive,electricity,rf,mean_shift,3.0,not_applicable,not_applicable_predictive_metric,dconf,nondecreasing_with_severity,5,0.9999999999999999,1.0,0,0.0064732032174205645,1.0,1
block,dataset_model_seed_scenario,predictive,electricity,rf,mean_shift,4.0,not_applicable,not_applicable_predictive_metric,dconf,nondecreasing_with_severity,5,0.9999999999999999,1.0,0,0.0036801268135981946,1.0,1
block,dataset_model_seed_scenario,predictive,adult,hgb,missing,0.0,not_applicable,not_applicable_predictive_metric,dconf,nondecreasing_with_severity,5,0.9999999999999999,1.0,0,0.0117082335762363,1.0,1
block,dataset_model_seed_scenario,predictive,adult,hgb,missing,1.0,not_applicable,not_applicable_predictive_metric,dconf,nondecreasing_with_severity,5,0.9999999999999999,1.0,0,0.011800885012111295,1.0,1
block,dataset_model_seed_scenario,predictive,adult,hgb,missing,2.0,not_applicable,not_applicable_predictive_metric,dconf,nondecreasing_with_severity,5,0.9999999999999999,1.0,0,0.013162918306383206,1.0,1
block,dataset_model_seed_scenario,predictive,adult,hgb,missing,3.0,not_applicable,not_applicable_predictive_metric,dconf,nondecreasing_with_severity,5,0.9999999999999999,1.0,0,0.0114908863315092,1.0,1
block,dataset_model_seed_scenario,predictive,adult,hgb,missing,4.0,not_applicable,not_applicable_predictive_metric,dconf,nondecreasing_with_severity,5,0.9999999999999999,1.0,0,0.011701617557133594,1.0,1
block,dataset_model_seed_scenario,predictive,adult,logreg,missing,0.0,not_applicable,not_applicable_predictive_metric,dconf,nondecreasing_with_severity,5,0.9999999999999999,1.0,0,0.009899172011351598,1.0,1
block,dataset_model_seed_scenario,predictive,adult,logreg,missing,1.0,not_applicable,not_applicable_predictive_metric,dconf,nondecreasing_with_severity,5,0.9999999999999999,1.0,0,0.009437566380510298,1.0,1
block,dataset_model_seed_scenario,predictive,adult,logreg,missing,2.0,not_applicable,not_applicable_predictive_metric,dconf,nondecreasing_with_severity,5,0.9999999999999999,1.0,0,0.010930595754573197,1.0,1
block,dataset_model_seed_scenario,predictive,adult,logreg,missing,3.0,not_applicable,not_applicable_predictive_metric,dconf,nondecreasing_with_severity,5,0.9999999999999999,1.0,0,0.0108055045753404,1.0,1
block,dataset_model_seed_scenario,predictive,adult,logreg,missing,4.0,not_applicable,not_applicable_predictive_metric,dconf,nondecreasing_with_severity,5,0.9999999999999999,1.0,0,0.010420783574604998,1.0,1
block,dataset_model_seed_scenario,predictive,adult,rf,missing,0.0,not_applicable,not_applicable_predictive_metric,dconf,nondecreasing_with_severity,5,0.9999999999999999,1.0,0,0.0067261340701113975,1.0,1
block,dataset_model_seed_scenario,predictive,adult,rf,missing,1.0,not_applicable,not_applicable_predictive_metric,dconf,nondecreasing_with_severity,5,0.9999999999999999,1.0,0,0.007156429660544299,1.0,1
block,dataset_model_seed_scenario,predictive,adult,rf,missing,2.0,not_applicable,not_applicable_predictive_metric,dconf,nondecreasing_with_severity,5,0.9999999999999999,1.0,0,0.0072835491950098,1.0,1
block,dataset_model_seed_scenario,predictive,adult,rf,missing,3.0,not_applicable,not_applicable_predictive_metric,dconf,nondecreasing_with_severity,5,0.9999999999999999,1.0,0,0.0075061534947879,1.0,1
block,dataset_model_seed_scenario,predictive,adult,rf,missing,4.0,not_applicable,not_applicable_predictive_metric,dconf,nondecreasing_with_severity,5,0.9999999999999999,1.0,0,0.006532337274468801,1.0,1
block,dataset_model_seed_scenario,predictive,bank-marketing,hgb,missing,0.0,not_applicable,not_applicable_predictive_metric,dconf,nondecreasing_with_severity,5,0.9999999999999999,1.0,0,0.010877632277110909,1.0,1
block,dataset_model_seed_scenario,predictive,bank-marketing,hgb,missing,1.0,not_applicable,not_applicable_predictive_metric,dconf,nondecreasing_with_severity,5,0.9999999999999999,1.0,0,0.0108403951154738,1.0,1
block,dataset_model_seed_scenario,predictive,bank-marketing,hgb,missing,2.0,not_applicable,not_applicable_predictive_metric,dconf,nondecreasing_with_severity,5,0.9999999999999999,1.0,0,0.010094081273918303,1.0,1
block,dataset_model_seed_scenario,predictive,bank-marketing,hgb,missing,3.0,not_applicable,not_applicable_predictive_metric,dconf,nondecreasing_with_severity,5,0.9999999999999999,1.0,0,0.010905070348286,1.0,1
block,dataset_model_seed_scenario,predictive,bank-marketing,hgb,missing,4.0,not_applicable,not_applicable_predictive_metric,dconf,nondecreasing_with_severity,5,0.9999999999999999,1.0,0,0.010640523468766698,1.0,1
block,dataset_model_seed_scenario,predictive,bank-marketing,logreg,missing,0.0,not_applicable,not_applicable_predictive_metric,dconf,nondecreasing_with_severity,5,0.9999999999999999,1.0,0,0.005405687895178004,1.0,1
block,dataset_model_seed_scenario,predictive,bank-marketing,logreg,missing,1.0,not_applicable,not_applicable_predictive_metric,dconf,nondecreasing_with_severity,5,0.9999999999999999,1.0,0,0.005699129511320598,1.0,1
block,dataset_model_seed_scenario,predictive,bank-marketing,logreg,missing,2.0,not_applicable,not_applicable_predictive_metric,dconf,nondecreasing_with_severity,5,0.9999999999999999,1.0,0,0.005248485273558798,1.0,1
block,dataset_model_seed_scenario,predictive,bank-marketing,logreg,missing,3.0,not_applicable,not_applicable_predictive_metric,dconf,nondecreasing_with_severity,5,0.9999999999999999,1.0,0,0.004767332684795001,1.0,1
block,dataset_model_seed_scenario,predictive,bank-marketing,logreg,missing,4.0,not_applicable,not_applicable_predictive_metric,dconf,nondecreasing_with_severity,5,0.9999999999999999,1.0,0,0.005776301679526797,1.0,1
block,dataset_model_seed_scenario,predictive,bank-marketing,rf,missing,0.0,not_applicable,not_applicable_predictive_metric,dconf,nondecreasing_with_severity,5,0.9999999999999999,1.0,0,0.005755301855900098,1.0,1
block,dataset_model_seed_scenario,predictive,bank-marketing,rf,missing,1.0,not_applicable,not_applicable_predictive_metric,dconf,nondecreasing_with_severity,5,0.9999999999999999,1.0,0,0.005765286890615402,1.0,1
block,dataset_model_seed_scenario,predictive,bank-marketing,rf,missing,2.0,not_applicable,not_applicable_predictive_metric,dconf,nondecreasing_with_severity,5,0.9999999999999999,1.0,0,0.004844410215376498,1.0,1
block,dataset_model_seed_scenario,predictive,bank-marketing,rf,missing,3.0,not_applicable,not_applicable_predictive_metric,dconf,nondecreasing_with_severity,5,0.9999999999999999,1.0,0,0.005741549763624197,1.0,1
block,dataset_model_seed_scenario,predictive,bank-marketing,rf,missing,4.0,not_applicable,not_applicable_predictive_metric,dconf,nondecreasing_with_severity,5,0.9999999999999999,1.0,0,0.005809317318419497,1.0,1
block,dataset_model_seed_scenario,predictive,electricity,hgb,missing,0.0,not_applicable,not_applicable_predictive_metric,dconf,nondecreasing_with_severity,5,0.9999999999999999,1.0,0,0.03527764355278307,1.0,1
block,dataset_model_seed_scenario,predictive,electricity,hgb,missing,1.0,not_applicable,not_applicable_predictive_metric,dconf,nondecreasing_with_severity,5,0.9999999999999999,1.0,0,0.0349422788545207,1.0,1
block,dataset_model_seed_scenario,predictive,electricity,hgb,missing,2.0,not_applicable,not_applicable_predictive_metric,dconf,nondecreasing_with_severity,5,0.9999999999999999,1.0,0,0.041288810902407186,1.0,1
block,dataset_model_seed_scenario,predictive,electricity,hgb,missing,3.0,not_applicable,not_applicable_predictive_metric,dconf,nondecreasing_with_severity,5,0.9999999999999999,1.0,0,0.04241077141707231,1.0,1
block,dataset_model_seed_scenario,predictive,electricity,hgb,missing,4.0,not_applicable,not_applicable_predictive_metric,dconf,nondecreasing_with_severity,5,0.9999999999999999,1.0,0,0.038745113096563394,1.0,1
block,dataset_model_seed_scenario,predictive,electricity,logreg,missing,0.0,not_applicable,not_applicable_predictive_metric,dconf,nondecreasing_with_severity,5,0.9999999999999999,1.0,0,0.022027712758042398,1.0,1
block,dataset_model_seed_scenario,predictive,electricity,logreg,missing,1.0,not_applicable,not_applicable_predictive_metric,dconf,nondecreasing_with_severity,5,0.9999999999999999,1.0,0,0.021832789446592588,1.0,1
block,dataset_model_seed_scenario,predictive,electricity,logreg,missing,2.0,not_applicable,not_applicable_predictive_metric,dconf,nondecreasing_with_severity,5,0.9999999999999999,1.0,0,0.023919351419680907,1.0,1
block,dataset_model_seed_scenario,predictive,electricity,logreg,missing,3.0,not_applicable,not_applicable_predictive_metric,dconf,nondecreasing_with_severity,5,0.9999999999999999,1.0,0,0.022860103684003194,1.0,1
block,dataset_model_seed_scenario,predictive,electricity,logreg,missing,4.0,not_applicable,not_applicable_predictive_metric,dconf,nondecreasing_with_severity,5,0.9999999999999999,1.0,0,0.023923449563071894,1.0,1
block,dataset_model_seed_scenario,predictive,electricity,rf,missing,0.0,not_applicable,not_applicable_predictive_metric,dconf,nondecreasing_with_severity,5,0.9999999999999999,1.0,0,0.02607285060515452,1.0,1
block,dataset_model_seed_scenario,predictive,electricity,rf,missing,1.0,not_applicable,not_applicable_predictive_metric,dconf,nondecreasing_with_severity,5,0.9999999999999999,1.0,0,0.023485451326635598,1.0,1
block,dataset_model_seed_scenario,predictive,electricity,rf,missing,2.0,not_applicable,not_applicable_predictive_metric,dconf,nondecreasing_with_severity,5,0.9999999999999999,1.0,0,0.02707769322948779,1.0,1
block,dataset_model_seed_scenario,predictive,electricity,rf,missing,3.0,not_applicable,not_applicable_predictive_metric,dconf,nondecreasing_with_severity,5,0.9999999999999999,1.0,0,0.025352440428508705,1.0,1
block,dataset_model_seed_scenario,predictive,electricity,rf,missing,4.0,not_applicable,not_applicable_predictive_metric,dconf,nondecreasing_with_severity,5,0.9999999999999999,1.0,0,0.026731404744327003,1.0,1
block,dataset_model_seed_scenario,predictive,adult,hgb,noise,0.0,not_applicable,not_applicable_predictive_metric,dconf,nondecreasing_with_severity,5,0.9999999999999999,1.0,0,0.020784440760012096,1.0,1
block,dataset_model_seed_scenario,predictive,adult,hgb,noise,1.0,not_applicable,not_applicable_predictive_metric,dconf,nondecreasing_with_severity,5,0.9999999999999999,1.0,0,0.021421520698240604,1.0,1
block,dataset_model_seed_scenario,predictive,adult,hgb,noise,2.0,not_applicable,not_applicable_predictive_metric,dconf,nondecreasing_with_severity,5,0.9999999999999999,1.0,0,0.0232102189533675,1.0,1
block,dataset_model_seed_scenario,predictive,adult,hgb,noise,3.0,not_applicable,not_applicable_predictive_metric,dconf,nondecreasing_with_severity,5,0.9999999999999999,1.0,0,0.021005911349725792,1.0,1
block,dataset_model_seed_scenario,predictive,adult,hgb,noise,4.0,not_applicable,not_applicable_predictive_metric,dconf,nondecreasing_with_severity,5,0.9999999999999999,1.0,0,0.020354131408343204,1.0,1
block,dataset_model_seed_scenario,predictive,adult,logreg,noise,0.0,not_applicable,not_applicable_predictive_metric,dconf,nondecreasing_with_severity,5,0.9999999999999999,1.0,0,0.029934771897734202,1.0,1
block,dataset_model_seed_scenario,predictive,adult,logreg,noise,1.0,not_applicable,not_applicable_predictive_metric,dconf,nondecreasing_with_severity,5,0.9999999999999999,1.0,0,0.029306907803335298,1.0,1
block,dataset_model_seed_scenario,predictive,adult,logreg,noise,2.0,not_applicable,not_applicable_predictive_metric,dconf,nondecreasing_with_severity,5,0.9999999999999999,1.0,0,0.029862024079367,1.0,1
block,dataset_model_seed_scenario,predictive,adult,logreg,noise,3.0,not_applicable,not_applicable_predictive_metric,dconf,nondecreasing_with_severity,5,0.9999999999999999,1.0,0,0.030582403953555402,1.0,1
block,dataset_model_seed_scenario,predictive,adult,logreg,noise,4.0,not_applicable,not_applicable_predictive_metric,dconf,nondecreasing_with_severity,5,0.9999999999999999,1.0,0,0.028321223150392504,1.0,1
block,dataset_model_seed_scenario,predictive,adult,rf,noise,0.0,not_applicable,not_applicable_predictive_metric,dconf,nondecreasing_with_severity,5,0.9999999999999999,1.0,0,0.014217888432072999,1.0,1
block,dataset_model_seed_scenario,predictive,adult,rf,noise,1.0,not_applicable,not_applicable_predictive_metric,dconf,nondecreasing_with_severity,5,0.9999999999999999,1.0,0,0.014800109839578,1.0,1
block,dataset_model_seed_scenario,predictive,adult,rf,noise,2.0,not_applicable,not_applicable_predictive_metric,dconf,nondecreasing_with_severity,5,0.9999999999999999,1.0,0,0.014856017088618102,1.0,1
block,dataset_model_seed_scenario,predictive,adult,rf,noise,3.0,not_applicable,not_applicable_predictive_metric,dconf,nondecreasing_with_severity,5,0.9999999999999999,1.0,0,0.016147485364764798,1.0,1
block,dataset_model_seed_scenario,predictive,adult,rf,noise,4.0,not_applicable,not_applicable_predictive_metric,dconf,nondecreasing_with_severity,5,0.9999999999999999,1.0,0,0.014380472815417,1.0,1
block,dataset_model_seed_scenario,predictive,bank-marketing,hgb,noise,0.0,not_applicable,not_applicable_predictive_metric,dconf,nondecreasing_with_severity,5,0.9999999999999999,1.0,0,0.018419729088875,1.0,1
block,dataset_model_seed_scenario,predictive,bank-marketing,hgb,noise,1.0,not_applicable,not_applicable_predictive_metric,dconf,nondecreasing_with_severity,5,0.9999999999999999,1.0,0,0.018420168849345702,1.0,1
block,dataset_model_seed_scenario,predictive,bank-marketing,hgb,noise,2.0,not_applicable,not_applicable_predictive_metric,dconf,nondecreasing_with_severity,5,0.9999999999999999,1.0,0,0.0184972749123678,1.0,1
block,dataset_model_seed_scenario,predictive,bank-marketing,hgb,noise,3.0,not_applicable,not_applicable_predictive_metric,dconf,nondecreasing_with_severity,5,0.9999999999999999,1.0,0,0.0176546041090085,1.0,1
block,dataset_model_seed_scenario,predictive,bank-marketing,hgb,noise,4.0,not_applicable,not_applicable_predictive_metric,dconf,nondecreasing_with_severity,5,0.9999999999999999,1.0,0,0.018198068740246397,1.0,1
block,dataset_model_seed_scenario,predictive,bank-marketing,logreg,noise,0.0,not_applicable,not_applicable_predictive_metric,dconf,nondecreasing_with_severity,5,0.9999999999999999,1.0,0,0.0090430234991726,1.0,1
block,dataset_model_seed_scenario,predictive,bank-marketing,logreg,noise,1.0,not_applicable,not_applicable_predictive_metric,dconf,nondecreasing_with_severity,5,0.9999999999999999,1.0,0,0.0093626373525969,1.0,1
block,dataset_model_seed_scenario,predictive,bank-marketing,logreg,noise,2.0,not_applicable,not_applicable_predictive_metric,dconf,nondecreasing_with_severity,5,0.9999999999999999,1.0,0,0.0089810972686639,1.0,1
block,dataset_model_seed_scenario,predictive,bank-marketing,logreg,noise,3.0,not_applicable,not_applicable_predictive_metric,dconf,nondecreasing_with_severity,5,0.9999999999999999,1.0,0,0.009266775538404399,1.0,1
block,dataset_model_seed_scenario,predictive,bank-marketing,logreg,noise,4.0,not_applicable,not_applicable_predictive_metric,dconf,nondecreasing_with_severity,5,0.9999999999999999,1.0,0,0.0093814716354754,1.0,1
block,dataset_model_seed_scenario,predictive,bank-marketing,rf,noise,0.0,not_applicable,not_applicable_predictive_metric,dconf,nondecreasing_with_severity,5,0.9999999999999999,1.0,0,0.017907834522101096,1.0,1
block,dataset_model_seed_scenario,predictive,bank-marketing,rf,noise,1.0,not_applicable,not_applicable_predictive_metric,dconf,nondecreasing_with_severity,5,0.9999999999999999,1.0,0,0.01587967808819289,1.0,1
block,dataset_model_seed_scenario,predictive,bank-marketing,rf,noise,2.0,not_applicable,not_applicable_predictive_metric,dconf,nondecreasing_with_severity,5,0.9999999999999999,1.0,0,0.017913318904767203,1.0,1
block,dataset_model_seed_scenario,predictive,bank-marketing,rf,noise,3.0,not_applicable,not_applicable_predictive_metric,dconf,nondecreasing_with_severity,5,0.9999999999999999,1.0,0,0.0174730111841314,1.0,1
block,dataset_model_seed_scenario,predictive,bank-marketing,rf,noise,4.0,not_applicable,not_applicable_predictive_metric,dconf,nondecreasing_with_severity,5,0.9999999999999999,1.0,0,0.0190226663355745,1.0,1
block,dataset_model_seed_scenario,predictive,electricity,hgb,noise,0.0,not_applicable,not_applicable_predictive_metric,dconf,nondecreasing_with_severity,5,0.9999999999999999,1.0,0,0.023072943773134513,1.0,1
block,dataset_model_seed_scenario,predictive,electricity,hgb,noise,1.0,not_applicable,not_applicable_predictive_metric,dconf,nondecreasing_with_severity,5,0.9999999999999999,1.0,0,0.017183669009230906,1.0,1
block,dataset_model_seed_scenario,predictive,electricity,hgb,noise,2.0,not_applicable,not_applicable_predictive_metric,dconf,nondecreasing_with_severity,5,0.9999999999999999,1.0,0,0.028401424205717785,1.0,1
block,dataset_model_seed_scenario,predictive,electricity,hgb,noise,3.0,not_applicable,not_applicable_predictive_metric,dconf,nondecreasing_with_severity,5,0.9999999999999999,1.0,0,0.025062230916527428,1.0,1
block,dataset_model_seed_scenario,predictive,electricity,hgb,noise,4.0,not_applicable,not_applicable_predictive_metric,dconf,nondecreasing_with_severity,5,0.9999999999999999,1.0,0,0.028683869211473367,1.0,1
block,dataset_model_seed_scenario,predictive,electricity,logreg,noise,0.0,not_applicable,not_applicable_predictive_metric,dconf,nondecreasing_with_severity,5,0.9999999999999999,1.0,0,0.04567332588101347,1.0,1
block,dataset_model_seed_scenario,predictive,electricity,logreg,noise,1.0,not_applicable,not_applicable_predictive_metric,dconf,nondecreasing_with_severity,5,0.9999999999999999,1.0,0,0.0438824606558274,1.0,1
block,dataset_model_seed_scenario,predictive,electricity,logreg,noise,2.0,not_applicable,not_applicable_predictive_metric,dconf,nondecreasing_with_severity,5,0.9999999999999999,1.0,0,0.044305395273092185,1.0,1
block,dataset_model_seed_scenario,predictive,electricity,logreg,noise,3.0,not_applicable,not_applicable_predictive_metric,dconf,nondecreasing_with_severity,5,0.9999999999999999,1.0,0,0.0449556979040167,1.0,1
block,dataset_model_seed_scenario,predictive,electricity,logreg,noise,4.0,not_applicable,not_applicable_predictive_metric,dconf,nondecreasing_with_severity,5,0.9999999999999999,1.0,0,0.0441527110467545,1.0,1
block,dataset_model_seed_scenario,predictive,electricity,rf,noise,0.0,not_applicable,not_applicable_predictive_metric,dconf,nondecreasing_with_severity,5,0.9999999999999999,1.0,0,0.020439732959484896,1.0,1
block,dataset_model_seed_scenario,predictive,electricity,rf,noise,1.0,not_applicable,not_applicable_predictive_metric,dconf,nondecreasing_with_severity,5,0.9999999999999999,1.0,0,0.01594688388001031,1.0,1
block,dataset_model_seed_scenario,predictive,electricity,rf,noise,2.0,not_applicable,not_applicable_predictive_metric,dconf,nondecreasing_with_severity,5,0.9999999999999999,1.0,0,0.018244128850714525,1.0,1
block,dataset_model_seed_scenario,predictive,electricity,rf,noise,3.0,not_applicable,not_applicable_predictive_metric,dconf,nondecreasing_with_severity,5,0.9999999999999999,1.0,0,0.020550573068156414,1.0,1
block,dataset_model_seed_scenario,predictive,electricity,rf,noise,4.0,not_applicable,not_applicable_predictive_metric,dconf,nondecreasing_with_severity,5,0.9999999999999999,1.0,0,0.023315860870258692,1.0,1
block,dataset_model_seed_scenario,predictive,adult,hgb,quantize,0.0,not_applicable,not_applicable_predictive_metric,dconf,nondecreasing_with_severity,5,-0.9999999999999999,0.0,4,-0.011536265938212914,0.0,1
block,dataset_model_seed_scenario,predictive,adult,hgb,quantize,1.0,not_applicable,not_applicable_predictive_metric,dconf,nondecreasing_with_severity,5,-0.9999999999999999,0.0,4,-0.020849300938248605,0.0,1
block,dataset_model_seed_scenario,predictive,adult,hgb,quantize,2.0,not_applicable,not_applicable_predictive_metric,dconf,nondecreasing_with_severity,5,-0.9999999999999999,0.0,4,-0.015546613892060607,0.0,1
block,dataset_model_seed_scenario,predictive,adult,hgb,quantize,3.0,not_applicable,not_applicable_predictive_metric,dconf,nondecreasing_with_severity,5,-0.9999999999999999,0.0,4,-0.019445518933650707,0.0,1
block,dataset_model_seed_scenario,predictive,adult,hgb,quantize,4.0,not_applicable,not_applicable_predictive_metric,dconf,nondecreasing_with_severity,5,-0.9999999999999999,0.0,4,-0.01254343913714781,0.0,1
block,dataset_model_seed_scenario,predictive,adult,logreg,quantize,0.0,not_applicable,not_applicable_predictive_metric,dconf,nondecreasing_with_severity,5,-0.9999999999999999,0.0,4,-0.0673375833773606,0.0,1
block,dataset_model_seed_scenario,predictive,adult,logreg,quantize,1.0,not_applicable,not_applicable_predictive_metric,dconf,nondecreasing_with_severity,5,-0.9999999999999999,0.0,4,-0.06507450974435879,0.0,1
block,dataset_model_seed_scenario,predictive,adult,logreg,quantize,2.0,not_applicable,not_applicable_predictive_metric,dconf,nondecreasing_with_severity,5,-0.9999999999999999,0.0,4,-0.0629224358247397,0.0,1
block,dataset_model_seed_scenario,predictive,adult,logreg,quantize,3.0,not_applicable,not_applicable_predictive_metric,dconf,nondecreasing_with_severity,5,-0.9999999999999999,0.0,4,-0.06439927618385609,0.0,1
block,dataset_model_seed_scenario,predictive,adult,logreg,quantize,4.0,not_applicable,not_applicable_predictive_metric,dconf,nondecreasing_with_severity,5,-0.9999999999999999,0.0,4,-0.0633215787296123,0.0,1
block,dataset_model_seed_scenario,predictive,adult,rf,quantize,0.0,not_applicable,not_applicable_predictive_metric,dconf,nondecreasing_with_severity,5,-0.8999999999999998,0.0,3,-0.0323435296713704,0.0,1
block,dataset_model_seed_scenario,predictive,adult,rf,quantize,1.0,not_applicable,not_applicable_predictive_metric,dconf,nondecreasing_with_severity,5,-0.9999999999999999,0.0,4,-0.032381931563917304,0.0,1
block,dataset_model_seed_scenario,predictive,adult,rf,quantize,2.0,not_applicable,not_applicable_predictive_metric,dconf,nondecreasing_with_severity,5,-0.8999999999999998,0.0,3,-0.031708165703713695,0.0,1
block,dataset_model_seed_scenario,predictive,adult,rf,quantize,3.0,not_applicable,not_applicable_predictive_metric,dconf,nondecreasing_with_severity,5,-0.9999999999999999,0.0,4,-0.02932041364195201,0.0,1
block,dataset_model_seed_scenario,predictive,adult,rf,quantize,4.0,not_applicable,not_applicable_predictive_metric,dconf,nondecreasing_with_severity,5,-0.9999999999999999,0.0,4,-0.029961116654786502,0.0,1
block,dataset_model_seed_scenario,predictive,bank-marketing,hgb,quantize,0.0,not_applicable,not_applicable_predictive_metric,dconf,nondecreasing_with_severity,5,-0.9999999999999999,0.0,4,-0.11136858966035851,0.0,1
block,dataset_model_seed_scenario,predictive,bank-marketing,hgb,quantize,1.0,not_applicable,not_applicable_predictive_metric,dconf,nondecreasing_with_severity,5,-0.9999999999999999,0.0,4,-0.0682425955675413,0.0,1
block,dataset_model_seed_scenario,predictive,bank-marketing,hgb,quantize,2.0,not_applicable,not_applicable_predictive_metric,dconf,nondecreasing_with_severity,5,-0.9999999999999999,0.0,4,-0.1137125474719099,0.0,1
block,dataset_model_seed_scenario,predictive,bank-marketing,hgb,quantize,3.0,not_applicable,not_applicable_predictive_metric,dconf,nondecreasing_with_severity,5,-0.9999999999999999,0.0,4,-0.0824662187339871,0.0,1
block,dataset_model_seed_scenario,predictive,bank-marketing,hgb,quantize,4.0,not_applicable,not_applicable_predictive_metric,dconf,nondecreasing_with_severity,5,-0.9999999999999999,0.0,4,-0.059927784638676596,0.0,1
block,dataset_model_seed_scenario,predictive,bank-marketing,logreg,quantize,0.0,not_applicable,not_applicable_predictive_metric,dconf,nondecreasing_with_severity,5,-0.9999999999999999,0.0,4,-0.023873000450265105,0.0,1
block,dataset_model_seed_scenario,predictive,bank-marketing,logreg,quantize,1.0,not_applicable,not_applicable_predictive_metric,dconf,nondecreasing_with_severity,5,-0.9999999999999999,0.0,4,-0.024457601355573504,0.0,1
block,dataset_model_seed_scenario,predictive,bank-marketing,logreg,quantize,2.0,not_applicable,not_applicable_predictive_metric,dconf,nondecreasing_with_severity,5,-0.9999999999999999,0.0,4,-0.023131690318249295,0.0,1
block,dataset_model_seed_scenario,predictive,bank-marketing,logreg,quantize,3.0,not_applicable,not_applicable_predictive_metric,dconf,nondecreasing_with_severity,5,-0.9999999999999999,0.0,4,-0.022622528469283403,0.0,1
block,dataset_model_seed_scenario,predictive,bank-marketing,logreg,quantize,4.0,not_applicable,not_applicable_predictive_metric,dconf,nondecreasing_with_severity,5,-0.9999999999999999,0.0,4,-0.022998120227995703,0.0,1
block,dataset_model_seed_scenario,predictive,bank-marketing,rf,quantize,0.0,not_applicable,not_applicable_predictive_metric,dconf,nondecreasing_with_severity,5,-0.9999999999999999,0.0,4,-0.0740154536675497,0.0,1
block,dataset_model_seed_scenario,predictive,bank-marketing,rf,quantize,1.0,not_applicable,not_applicable_predictive_metric,dconf,nondecreasing_with_severity,5,-0.9999999999999999,0.0,4,-0.06570460407271761,0.0,1
block,dataset_model_seed_scenario,predictive,bank-marketing,rf,quantize,2.0,not_applicable,not_applicable_predictive_metric,dconf,nondecreasing_with_severity,5,-0.9999999999999999,0.0,4,-0.049309463414162494,0.0,1
block,dataset_model_seed_scenario,predictive,bank-marketing,rf,quantize,3.0,not_applicable,not_applicable_predictive_metric,dconf,nondecreasing_with_severity,5,-0.9999999999999999,0.0,4,-0.06505299023624982,0.0,1
block,dataset_model_seed_scenario,predictive,bank-marketing,rf,quantize,4.0,not_applicable,not_applicable_predictive_metric,dconf,nondecreasing_with_severity,5,-0.9999999999999999,0.0,4,-0.0459271624808828,0.0,1
block,dataset_model_seed_scenario,predictive,electricity,hgb,quantize,0.0,not_applicable,not_applicable_predictive_metric,dconf,nondecreasing_with_severity,5,-0.9999999999999999,0.0,4,-0.11463527719287989,0.0,1
block,dataset_model_seed_scenario,predictive,electricity,hgb,quantize,1.0,not_applicable,not_applicable_predictive_metric,dconf,nondecreasing_with_severity,5,-0.9999999999999999,0.0,4,-0.12025517142666678,0.0,1
block,dataset_model_seed_scenario,predictive,electricity,hgb,quantize,2.0,not_applicable,not_applicable_predictive_metric,dconf,nondecreasing_with_severity,5,-0.9999999999999999,0.0,4,-0.11500703421729802,0.0,1
block,dataset_model_seed_scenario,predictive,electricity,hgb,quantize,3.0,not_applicable,not_applicable_predictive_metric,dconf,nondecreasing_with_severity,5,-0.8999999999999998,0.0,3,-0.10248725316499882,0.0,1
block,dataset_model_seed_scenario,predictive,electricity,hgb,quantize,4.0,not_applicable,not_applicable_predictive_metric,dconf,nondecreasing_with_severity,5,-0.9999999999999999,0.0,4,-0.0947054709759309,0.0,1
block,dataset_model_seed_scenario,predictive,electricity,logreg,quantize,0.0,not_applicable,not_applicable_predictive_metric,dconf,nondecreasing_with_severity,5,-0.9999999999999999,0.0,4,-0.10759510698022769,0.0,1
block,dataset_model_seed_scenario,predictive,electricity,logreg,quantize,1.0,not_applicable,not_applicable_predictive_metric,dconf,nondecreasing_with_severity,5,-0.9999999999999999,0.0,4,-0.1014430573924467,0.0,1
block,dataset_model_seed_scenario,predictive,electricity,logreg,quantize,2.0,not_applicable,not_applicable_predictive_metric,dconf,nondecreasing_with_severity,5,-0.9999999999999999,0.0,4,-0.10787354639652201,0.0,1
block,dataset_model_seed_scenario,predictive,electricity,logreg,quantize,3.0,not_applicable,not_applicable_predictive_metric,dconf,nondecreasing_with_severity,5,-0.9999999999999999,0.0,4,-0.10675029423202119,0.0,1
block,dataset_model_seed_scenario,predictive,electricity,logreg,quantize,4.0,not_applicable,not_applicable_predictive_metric,dconf,nondecreasing_with_severity,5,-0.9999999999999999,0.0,4,-0.09980278142419001,0.0,1
block,dataset_model_seed_scenario,predictive,electricity,rf,quantize,0.0,not_applicable,not_applicable_predictive_metric,dconf,nondecreasing_with_severity,5,-0.9999999999999999,0.0,4,-0.06801324992984739,0.0,1
block,dataset_model_seed_scenario,predictive,electricity,rf,quantize,1.0,not_applicable,not_applicable_predictive_metric,dconf,nondecreasing_with_severity,5,-0.9999999999999999,0.0,4,-0.06522489728384001,0.0,1
block,dataset_model_seed_scenario,predictive,electricity,rf,quantize,2.0,not_applicable,not_applicable_predictive_metric,dconf,nondecreasing_with_severity,5,-0.9999999999999999,0.0,4,-0.07333719458398741,0.0,1
block,dataset_model_seed_scenario,predictive,electricity,rf,quantize,3.0,not_applicable,not_applicable_predictive_metric,dconf,nondecreasing_with_severity,5,-0.9999999999999999,0.0,4,-0.06784503367629321,0.0,1
block,dataset_model_seed_scenario,predictive,electricity,rf,quantize,4.0,not_applicable,not_applicable_predictive_metric,dconf,nondecreasing_with_severity,5,-0.9999999999999999,0.0,4,-0.05989389076509452,0.0,1
block,dataset_model_seed_scenario,predictive,adult,hgb,gradual,0.0,not_applicable,not_applicable_predictive_metric,ece_increase,nondecreasing_with_severity,5,0.7999999999999999,0.0,2,-0.211965106156757,0.0,1
block,dataset_model_seed_scenario,predictive,adult,hgb,gradual,1.0,not_applicable,not_applicable_predictive_metric,ece_increase,nondecreasing_with_severity,5,0.9999999999999999,1.0,0,0.0029577323289838864,1.0,1
block,dataset_model_seed_scenario,predictive,adult,hgb,gradual,2.0,not_applicable,not_applicable_predictive_metric,ece_increase,nondecreasing_with_severity,5,0.7999999999999999,0.0,2,-0.04611964565827664,0.0,1
block,dataset_model_seed_scenario,predictive,adult,hgb,gradual,3.0,not_applicable,not_applicable_predictive_metric,ece_increase,nondecreasing_with_severity,5,0.9999999999999999,1.0,0,0.0022952719852725734,1.0,1
block,dataset_model_seed_scenario,predictive,adult,hgb,gradual,4.0,not_applicable,not_applicable_predictive_metric,ece_increase,nondecreasing_with_severity,5,0.7999999999999999,0.0,2,-0.07441016601788086,0.0,1
block,dataset_model_seed_scenario,predictive,adult,logreg,gradual,0.0,not_applicable,not_applicable_predictive_metric,ece_increase,nondecreasing_with_severity,5,0.9999999999999999,1.0,0,0.09366256765276165,1.0,1
block,dataset_model_seed_scenario,predictive,adult,logreg,gradual,1.0,not_applicable,not_applicable_predictive_metric,ece_increase,nondecreasing_with_severity,5,0.9999999999999999,1.0,0,0.09275340881740296,1.0,1
block,dataset_model_seed_scenario,predictive,adult,logreg,gradual,2.0,not_applicable,not_applicable_predictive_metric,ece_increase,nondecreasing_with_severity,5,0.9999999999999999,1.0,0,0.09249253798933876,1.0,1
block,dataset_model_seed_scenario,predictive,adult,logreg,gradual,3.0,not_applicable,not_applicable_predictive_metric,ece_increase,nondecreasing_with_severity,5,0.9999999999999999,1.0,0,0.09284259425664398,1.0,1
block,dataset_model_seed_scenario,predictive,adult,logreg,gradual,4.0,not_applicable,not_applicable_predictive_metric,ece_increase,nondecreasing_with_severity,5,0.9999999999999999,1.0,0,0.09287865463232575,1.0,1
block,dataset_model_seed_scenario,predictive,adult,rf,gradual,0.0,not_applicable,not_applicable_predictive_metric,ece_increase,nondecreasing_with_severity,5,0.9999999999999999,1.0,0,0.005915381137668263,1.0,1
block,dataset_model_seed_scenario,predictive,adult,rf,gradual,1.0,not_applicable,not_applicable_predictive_metric,ece_increase,nondecreasing_with_severity,5,0.9999999999999999,1.0,0,0.0026859901296125144,1.0,1
block,dataset_model_seed_scenario,predictive,adult,rf,gradual,2.0,not_applicable,not_applicable_predictive_metric,ece_increase,nondecreasing_with_severity,5,0.9999999999999999,1.0,0,0.002716787161789802,1.0,1
block,dataset_model_seed_scenario,predictive,adult,rf,gradual,3.0,not_applicable,not_applicable_predictive_metric,ece_increase,nondecreasing_with_severity,5,0.9999999999999999,1.0,0,0.006494334594614404,1.0,1
block,dataset_model_seed_scenario,predictive,adult,rf,gradual,4.0,not_applicable,not_applicable_predictive_metric,ece_increase,nondecreasing_with_severity,5,0.9999999999999999,1.0,0,0.007645878787118032,1.0,1
block,dataset_model_seed_scenario,predictive,bank-marketing,hgb,gradual,0.0,not_applicable,not_applicable_predictive_metric,ece_increase,nondecreasing_with_severity,5,0.9999999999999999,1.0,0,0.04914308951877461,1.0,1
block,dataset_model_seed_scenario,predictive,bank-marketing,hgb,gradual,1.0,not_applicable,not_applicable_predictive_metric,ece_increase,nondecreasing_with_severity,5,0.9999999999999999,1.0,0,0.03161725340147571,1.0,1
block,dataset_model_seed_scenario,predictive,bank-marketing,hgb,gradual,2.0,not_applicable,not_applicable_predictive_metric,ece_increase,nondecreasing_with_severity,5,0.9999999999999999,1.0,0,0.041363637728973085,1.0,1
block,dataset_model_seed_scenario,predictive,bank-marketing,hgb,gradual,3.0,not_applicable,not_applicable_predictive_metric,ece_increase,nondecreasing_with_severity,5,0.9999999999999999,1.0,0,0.03394790733083529,1.0,1
block,dataset_model_seed_scenario,predictive,bank-marketing,hgb,gradual,4.0,not_applicable,not_applicable_predictive_metric,ece_increase,nondecreasing_with_severity,5,0.9999999999999999,1.0,0,0.04754583891495929,1.0,1
block,dataset_model_seed_scenario,predictive,bank-marketing,logreg,gradual,0.0,not_applicable,not_applicable_predictive_metric,ece_increase,nondecreasing_with_severity,5,0.9999999999999999,1.0,0,0.025647564999080295,1.0,1
block,dataset_model_seed_scenario,predictive,bank-marketing,logreg,gradual,1.0,not_applicable,not_applicable_predictive_metric,ece_increase,nondecreasing_with_severity,5,0.9999999999999999,1.0,0,0.0285252228941733,1.0,1
block,dataset_model_seed_scenario,predictive,bank-marketing,logreg,gradual,2.0,not_applicable,not_applicable_predictive_metric,ece_increase,nondecreasing_with_severity,5,0.9999999999999999,1.0,0,0.024029837437559903,1.0,1
block,dataset_model_seed_scenario,predictive,bank-marketing,logreg,gradual,3.0,not_applicable,not_applicable_predictive_metric,ece_increase,nondecreasing_with_severity,5,0.9999999999999999,1.0,0,0.0242770021671588,1.0,1
block,dataset_model_seed_scenario,predictive,bank-marketing,logreg,gradual,4.0,not_applicable,not_applicable_predictive_metric,ece_increase,nondecreasing_with_severity,5,0.9999999999999999,1.0,0,0.027396699878556204,1.0,1
block,dataset_model_seed_scenario,predictive,bank-marketing,rf,gradual,0.0,not_applicable,not_applicable_predictive_metric,ece_increase,nondecreasing_with_severity,5,0.9999999999999999,1.0,0,0.027748239922250284,1.0,1
block,dataset_model_seed_scenario,predictive,bank-marketing,rf,gradual,1.0,not_applicable,not_applicable_predictive_metric,ece_increase,nondecreasing_with_severity,5,0.9999999999999999,1.0,0,0.029530015931092307,1.0,1
block,dataset_model_seed_scenario,predictive,bank-marketing,rf,gradual,2.0,not_applicable,not_applicable_predictive_metric,ece_increase,nondecreasing_with_severity,5,0.9999999999999999,1.0,0,0.030530752378107096,1.0,1
block,dataset_model_seed_scenario,predictive,bank-marketing,rf,gradual,3.0,not_applicable,not_applicable_predictive_metric,ece_increase,nondecreasing_with_severity,5,0.9999999999999999,1.0,0,0.024805569823699386,1.0,1
block,dataset_model_seed_scenario,predictive,bank-marketing,rf,gradual,4.0,not_applicable,not_applicable_predictive_metric,ece_increase,nondecreasing_with_severity,5,0.9999999999999999,1.0,0,0.02909817287930469,1.0,1
block,dataset_model_seed_scenario,predictive,electricity,hgb,gradual,0.0,not_applicable,not_applicable_predictive_metric,ece_increase,nondecreasing_with_severity,5,0.8999999999999998,0.0,1,-0.01087518373291152,0.0,1
block,dataset_model_seed_scenario,predictive,electricity,hgb,gradual,1.0,not_applicable,not_applicable_predictive_metric,ece_increase,nondecreasing_with_severity,5,0.9999999999999999,1.0,0,0.020459642490182617,1.0,1
block,dataset_model_seed_scenario,predictive,electricity,hgb,gradual,2.0,not_applicable,not_applicable_predictive_metric,ece_increase,nondecreasing_with_severity,5,0.9999999999999999,1.0,0,0.01818701449926763,1.0,1
block,dataset_model_seed_scenario,predictive,electricity,hgb,gradual,3.0,not_applicable,not_applicable_predictive_metric,ece_increase,nondecreasing_with_severity,5,0.9999999999999999,1.0,0,0.028203920315435727,1.0,1
block,dataset_model_seed_scenario,predictive,electricity,hgb,gradual,4.0,not_applicable,not_applicable_predictive_metric,ece_increase,nondecreasing_with_severity,5,0.9999999999999999,1.0,0,0.004048496612444719,1.0,1
block,dataset_model_seed_scenario,predictive,electricity,logreg,gradual,0.0,not_applicable,not_applicable_predictive_metric,ece_increase,nondecreasing_with_severity,5,0.9999999999999999,1.0,0,0.04591755882729848,1.0,1
block,dataset_model_seed_scenario,predictive,electricity,logreg,gradual,1.0,not_applicable,not_applicable_predictive_metric,ece_increase,nondecreasing_with_severity,5,0.9999999999999999,1.0,0,0.05960581020444711,1.0,1
block,dataset_model_seed_scenario,predictive,electricity,logreg,gradual,2.0,not_applicable,not_applicable_predictive_metric,ece_increase,nondecreasing_with_severity,5,0.9999999999999999,1.0,0,0.05832643979678537,1.0,1
block,dataset_model_seed_scenario,predictive,electricity,logreg,gradual,3.0,not_applicable,not_applicable_predictive_metric,ece_increase,nondecreasing_with_severity,5,0.9999999999999999,1.0,0,0.061222493485719676,1.0,1
block,dataset_model_seed_scenario,predictive,electricity,logreg,gradual,4.0,not_applicable,not_applicable_predictive_metric,ece_increase,nondecreasing_with_severity,5,0.9999999999999999,1.0,0,0.06001261521644369,1.0,1
block,dataset_model_seed_scenario,predictive,electricity,rf,gradual,0.0,not_applicable,not_applicable_predictive_metric,ece_increase,nondecreasing_with_severity,5,0.9999999999999999,1.0,0,0.025283662559086373,1.0,1
block,dataset_model_seed_scenario,predictive,electricity,rf,gradual,1.0,not_applicable,not_applicable_predictive_metric,ece_increase,nondecreasing_with_severity,5,0.9999999999999999,1.0,0,0.029227198022681977,1.0,1
block,dataset_model_seed_scenario,predictive,electricity,rf,gradual,2.0,not_applicable,not_applicable_predictive_metric,ece_increase,nondecreasing_with_severity,5,0.9999999999999999,1.0,0,0.030500995080551374,1.0,1
block,dataset_model_seed_scenario,predictive,electricity,rf,gradual,3.0,not_applicable,not_applicable_predictive_metric,ece_increase,nondecreasing_with_severity,5,0.9999999999999999,1.0,0,0.033057947229292284,1.0,1
block,dataset_model_seed_scenario,predictive,electricity,rf,gradual,4.0,not_applicable,not_applicable_predictive_metric,ece_increase,nondecreasing_with_severity,5,0.9999999999999999,1.0,0,0.03494242279433368,1.0,1
block,dataset_model_seed_scenario,predictive,adult,hgb,mean_shift,0.0,not_applicable,not_applicable_predictive_metric,ece_increase,nondecreasing_with_severity,5,0.9999999999999999,1.0,0,4.466603177244455e-05,1.0,1
block,dataset_model_seed_scenario,predictive,adult,hgb,mean_shift,1.0,not_applicable,not_applicable_predictive_metric,ece_increase,nondecreasing_with_severity,5,0.8999999999999998,0.0,1,-0.000877275252168852,0.0,1
block,dataset_model_seed_scenario,predictive,adult,hgb,mean_shift,2.0,not_applicable,not_applicable_predictive_metric,ece_increase,nondecreasing_with_severity,5,0.9999999999999999,1.0,0,0.003395721606589519,1.0,1
block,dataset_model_seed_scenario,predictive,adult,hgb,mean_shift,3.0,not_applicable,not_applicable_predictive_metric,ece_increase,nondecreasing_with_severity,5,0.9999999999999999,1.0,0,0.003362416540698243,1.0,1
block,dataset_model_seed_scenario,predictive,adult,hgb,mean_shift,4.0,not_applicable,not_applicable_predictive_metric,ece_increase,nondecreasing_with_severity,5,0.9999999999999999,1.0,0,0.003025080315077089,1.0,1
block,dataset_model_seed_scenario,predictive,adult,logreg,mean_shift,0.0,not_applicable,not_applicable_predictive_metric,ece_increase,nondecreasing_with_severity,5,0.9999999999999999,1.0,0,0.1012452564259151,1.0,1
block,dataset_model_seed_scenario,predictive,adult,logreg,mean_shift,1.0,not_applicable,not_applicable_predictive_metric,ece_increase,nondecreasing_with_severity,5,0.9999999999999999,1.0,0,0.0993762469207083,1.0,1
block,dataset_model_seed_scenario,predictive,adult,logreg,mean_shift,2.0,not_applicable,not_applicable_predictive_metric,ece_increase,nondecreasing_with_severity,5,0.9999999999999999,1.0,0,0.10130033359718428,1.0,1
block,dataset_model_seed_scenario,predictive,adult,logreg,mean_shift,3.0,not_applicable,not_applicable_predictive_metric,ece_increase,nondecreasing_with_severity,5,0.9999999999999999,1.0,0,0.1042661408078336,1.0,1
block,dataset_model_seed_scenario,predictive,adult,logreg,mean_shift,4.0,not_applicable,not_applicable_predictive_metric,ece_increase,nondecreasing_with_severity,5,0.9999999999999999,1.0,0,0.0993070924893138,1.0,1
block,dataset_model_seed_scenario,predictive,adult,rf,mean_shift,0.0,not_applicable,not_applicable_predictive_metric,ece_increase,nondecreasing_with_severity,5,0.9999999999999999,1.0,0,0.004451343285737042,1.0,1
block,dataset_model_seed_scenario,predictive,adult,rf,mean_shift,1.0,not_applicable,not_applicable_predictive_metric,ece_increase,nondecreasing_with_severity,5,0.9999999999999999,1.0,0,0.00476633074427818,1.0,1
block,dataset_model_seed_scenario,predictive,adult,rf,mean_shift,2.0,not_applicable,not_applicable_predictive_metric,ece_increase,nondecreasing_with_severity,5,0.9999999999999999,1.0,0,0.0013038521944768178,1.0,1
block,dataset_model_seed_scenario,predictive,adult,rf,mean_shift,3.0,not_applicable,not_applicable_predictive_metric,ece_increase,nondecreasing_with_severity,5,0.9999999999999999,1.0,0,0.000952287449587863,1.0,1
block,dataset_model_seed_scenario,predictive,adult,rf,mean_shift,4.0,not_applicable,not_applicable_predictive_metric,ece_increase,nondecreasing_with_severity,5,0.9999999999999999,1.0,0,0.004421031981856394,1.0,1
block,dataset_model_seed_scenario,predictive,bank-marketing,hgb,mean_shift,0.0,not_applicable,not_applicable_predictive_metric,ece_increase,nondecreasing_with_severity,5,0.9999999999999999,1.0,0,0.0396598719541706,1.0,1
block,dataset_model_seed_scenario,predictive,bank-marketing,hgb,mean_shift,1.0,not_applicable,not_applicable_predictive_metric,ece_increase,nondecreasing_with_severity,5,0.9999999999999999,1.0,0,0.04841532146630181,1.0,1
block,dataset_model_seed_scenario,predictive,bank-marketing,hgb,mean_shift,2.0,not_applicable,not_applicable_predictive_metric,ece_increase,nondecreasing_with_severity,5,0.9999999999999999,1.0,0,0.0481393260698363,1.0,1
block,dataset_model_seed_scenario,predictive,bank-marketing,hgb,mean_shift,3.0,not_applicable,not_applicable_predictive_metric,ece_increase,nondecreasing_with_severity,5,0.9999999999999999,1.0,0,0.03644085100179191,1.0,1
block,dataset_model_seed_scenario,predictive,bank-marketing,hgb,mean_shift,4.0,not_applicable,not_applicable_predictive_metric,ece_increase,nondecreasing_with_severity,5,0.9999999999999999,1.0,0,0.03599173294016659,1.0,1
block,dataset_model_seed_scenario,predictive,bank-marketing,logreg,mean_shift,0.0,not_applicable,not_applicable_predictive_metric,ece_increase,nondecreasing_with_severity,5,0.9999999999999999,1.0,0,0.011504812272524603,1.0,1
block,dataset_model_seed_scenario,predictive,bank-marketing,logreg,mean_shift,1.0,not_applicable,not_applicable_predictive_metric,ece_increase,nondecreasing_with_severity,5,0.9999999999999999,1.0,0,0.0121300306783211,1.0,1
block,dataset_model_seed_scenario,predictive,bank-marketing,logreg,mean_shift,2.0,not_applicable,not_applicable_predictive_metric,ece_increase,nondecreasing_with_severity,5,0.9999999999999999,1.0,0,0.0095198709540745,1.0,1
block,dataset_model_seed_scenario,predictive,bank-marketing,logreg,mean_shift,3.0,not_applicable,not_applicable_predictive_metric,ece_increase,nondecreasing_with_severity,5,0.9999999999999999,1.0,0,0.009758858140182403,1.0,1
block,dataset_model_seed_scenario,predictive,bank-marketing,logreg,mean_shift,4.0,not_applicable,not_applicable_predictive_metric,ece_increase,nondecreasing_with_severity,5,0.9999999999999999,1.0,0,0.0129212300941145,1.0,1
block,dataset_model_seed_scenario,predictive,bank-marketing,rf,mean_shift,0.0,not_applicable,not_applicable_predictive_metric,ece_increase,nondecreasing_with_severity,5,0.9999999999999999,1.0,0,0.0315260241789411,1.0,1
block,dataset_model_seed_scenario,predictive,bank-marketing,rf,mean_shift,1.0,not_applicable,not_applicable_predictive_metric,ece_increase,nondecreasing_with_severity,5,0.9999999999999999,1.0,0,0.027991083480019302,1.0,1
block,dataset_model_seed_scenario,predictive,bank-marketing,rf,mean_shift,2.0,not_applicable,not_applicable_predictive_metric,ece_increase,nondecreasing_with_severity,5,0.9999999999999999,1.0,0,0.0455012515284219,1.0,1
block,dataset_model_seed_scenario,predictive,bank-marketing,rf,mean_shift,3.0,not_applicable,not_applicable_predictive_metric,ece_increase,nondecreasing_with_severity,5,0.9999999999999999,1.0,0,0.0453643084110939,1.0,1
block,dataset_model_seed_scenario,predictive,bank-marketing,rf,mean_shift,4.0,not_applicable,not_applicable_predictive_metric,ece_increase,nondecreasing_with_severity,5,0.9999999999999999,1.0,0,0.0410652308697817,1.0,1
block,dataset_model_seed_scenario,predictive,electricity,hgb,mean_shift,0.0,not_applicable,not_applicable_predictive_metric,ece_increase,nondecreasing_with_severity,5,0.9999999999999999,1.0,0,0.002154334633102717,1.0,1
block,dataset_model_seed_scenario,predictive,electricity,hgb,mean_shift,1.0,not_applicable,not_applicable_predictive_metric,ece_increase,nondecreasing_with_severity,5,0.9999999999999999,1.0,0,0.04478897505920676,1.0,1
block,dataset_model_seed_scenario,predictive,electricity,hgb,mean_shift,2.0,not_applicable,not_applicable_predictive_metric,ece_increase,nondecreasing_with_severity,5,0.9999999999999999,1.0,0,0.026820211978373754,1.0,1
block,dataset_model_seed_scenario,predictive,electricity,hgb,mean_shift,3.0,not_applicable,not_applicable_predictive_metric,ece_increase,nondecreasing_with_severity,5,0.9999999999999999,1.0,0,0.03594174450598081,1.0,1
block,dataset_model_seed_scenario,predictive,electricity,hgb,mean_shift,4.0,not_applicable,not_applicable_predictive_metric,ece_increase,nondecreasing_with_severity,5,0.9999999999999999,1.0,0,0.03273814028757033,1.0,1
block,dataset_model_seed_scenario,predictive,electricity,logreg,mean_shift,0.0,not_applicable,not_applicable_predictive_metric,ece_increase,nondecreasing_with_severity,5,0.9999999999999999,1.0,0,0.0214951433336108,1.0,1
block,dataset_model_seed_scenario,predictive,electricity,logreg,mean_shift,1.0,not_applicable,not_applicable_predictive_metric,ece_increase,nondecreasing_with_severity,5,0.9999999999999999,1.0,0,0.049930090846876274,1.0,1
block,dataset_model_seed_scenario,predictive,electricity,logreg,mean_shift,2.0,not_applicable,not_applicable_predictive_metric,ece_increase,nondecreasing_with_severity,5,0.9999999999999999,1.0,0,0.04642165795867914,1.0,1
block,dataset_model_seed_scenario,predictive,electricity,logreg,mean_shift,3.0,not_applicable,not_applicable_predictive_metric,ece_increase,nondecreasing_with_severity,5,0.9999999999999999,1.0,0,0.057121008187114464,1.0,1
block,dataset_model_seed_scenario,predictive,electricity,logreg,mean_shift,4.0,not_applicable,not_applicable_predictive_metric,ece_increase,nondecreasing_with_severity,5,0.9999999999999999,1.0,0,0.052892333896394805,1.0,1
block,dataset_model_seed_scenario,predictive,electricity,rf,mean_shift,0.0,not_applicable,not_applicable_predictive_metric,ece_increase,nondecreasing_with_severity,5,0.9999999999999999,1.0,0,0.008483214177232357,1.0,1
block,dataset_model_seed_scenario,predictive,electricity,rf,mean_shift,1.0,not_applicable,not_applicable_predictive_metric,ece_increase,nondecreasing_with_severity,5,0.9999999999999999,1.0,0,0.007959672315540012,1.0,1
block,dataset_model_seed_scenario,predictive,electricity,rf,mean_shift,2.0,not_applicable,not_applicable_predictive_metric,ece_increase,nondecreasing_with_severity,5,0.9999999999999999,1.0,0,0.008788036496121698,1.0,1
block,dataset_model_seed_scenario,predictive,electricity,rf,mean_shift,3.0,not_applicable,not_applicable_predictive_metric,ece_increase,nondecreasing_with_severity,5,0.9999999999999999,1.0,0,0.006374135598466613,1.0,1
block,dataset_model_seed_scenario,predictive,electricity,rf,mean_shift,4.0,not_applicable,not_applicable_predictive_metric,ece_increase,nondecreasing_with_severity,5,0.9999999999999999,1.0,0,0.0034992034344863976,1.0,1
block,dataset_model_seed_scenario,predictive,adult,hgb,missing,0.0,not_applicable,not_applicable_predictive_metric,ece_increase,nondecreasing_with_severity,5,0.8999999999999998,0.0,1,-0.0006537123270540998,0.0,1
block,dataset_model_seed_scenario,predictive,adult,hgb,missing,1.0,not_applicable,not_applicable_predictive_metric,ece_increase,nondecreasing_with_severity,5,0.8999999999999998,0.0,1,-0.0008781181168917001,0.0,1
block,dataset_model_seed_scenario,predictive,adult,hgb,missing,2.0,not_applicable,not_applicable_predictive_metric,ece_increase,nondecreasing_with_severity,5,0.8999999999999998,0.0,1,-0.0012131736440461997,0.0,1
block,dataset_model_seed_scenario,predictive,adult,hgb,missing,3.0,not_applicable,not_applicable_predictive_metric,ece_increase,nondecreasing_with_severity,5,0.9999999999999999,1.0,0,0.0005211776092625998,1.0,1
block,dataset_model_seed_scenario,predictive,adult,hgb,missing,4.0,not_applicable,not_applicable_predictive_metric,ece_increase,nondecreasing_with_severity,5,0.7,0.0,1,-0.0006249028703947997,0.0,1
block,dataset_model_seed_scenario,predictive,adult,logreg,missing,0.0,not_applicable,not_applicable_predictive_metric,ece_increase,nondecreasing_with_severity,5,0.9999999999999999,1.0,0,0.005831261140621501,1.0,1
block,dataset_model_seed_scenario,predictive,adult,logreg,missing,1.0,not_applicable,not_applicable_predictive_metric,ece_increase,nondecreasing_with_severity,5,0.9999999999999999,1.0,0,0.006248402431330601,1.0,1
block,dataset_model_seed_scenario,predictive,adult,logreg,missing,2.0,not_applicable,not_applicable_predictive_metric,ece_increase,nondecreasing_with_severity,5,0.9999999999999999,1.0,0,0.0050736374488103,1.0,1
block,dataset_model_seed_scenario,predictive,adult,logreg,missing,3.0,not_applicable,not_applicable_predictive_metric,ece_increase,nondecreasing_with_severity,5,0.9999999999999999,1.0,0,0.004679452381269,1.0,1
block,dataset_model_seed_scenario,predictive,adult,logreg,missing,4.0,not_applicable,not_applicable_predictive_metric,ece_increase,nondecreasing_with_severity,5,0.9999999999999999,1.0,0,0.006651956352482901,1.0,1
block,dataset_model_seed_scenario,predictive,adult,rf,missing,0.0,not_applicable,not_applicable_predictive_metric,ece_increase,nondecreasing_with_severity,5,0.9999999999999999,1.0,0,0.000374278029729197,1.0,1
block,dataset_model_seed_scenario,predictive,adult,rf,missing,1.0,not_applicable,not_applicable_predictive_metric,ece_increase,nondecreasing_with_severity,5,0.3,0.0,2,-0.002058365366407598,0.0,1
block,dataset_model_seed_scenario,predictive,adult,rf,missing,2.0,not_applicable,not_applicable_predictive_metric,ece_increase,nondecreasing_with_severity,5,0.8999999999999998,0.0,1,-0.0004344408196400029,0.0,1
block,dataset_model_seed_scenario,predictive,adult,rf,missing,3.0,not_applicable,not_applicable_predictive_metric,ece_increase,nondecreasing_with_severity,5,0.8999999999999998,0.0,1,-0.000843773208641603,0.0,1
block,dataset_model_seed_scenario,predictive,adult,rf,missing,4.0,not_applicable,not_applicable_predictive_metric,ece_increase,nondecreasing_with_severity,5,0.49999999999999994,0.0,2,-0.0011662322845438985,0.0,1
block,dataset_model_seed_scenario,predictive,bank-marketing,hgb,missing,0.0,not_applicable,not_applicable_predictive_metric,ece_increase,nondecreasing_with_severity,5,0.9999999999999999,1.0,0,0.001612578836024496,1.0,1
block,dataset_model_seed_scenario,predictive,bank-marketing,hgb,missing,1.0,not_applicable,not_applicable_predictive_metric,ece_increase,nondecreasing_with_severity,5,0.9999999999999999,1.0,0,0.004026949244246698,1.0,1
block,dataset_model_seed_scenario,predictive,bank-marketing,hgb,missing,2.0,not_applicable,not_applicable_predictive_metric,ece_increase,nondecreasing_with_severity,5,0.9999999999999999,1.0,0,0.0031249257106453,1.0,1
block,dataset_model_seed_scenario,predictive,bank-marketing,hgb,missing,3.0,not_applicable,not_applicable_predictive_metric,ece_increase,nondecreasing_with_severity,5,0.9999999999999999,1.0,0,0.0009438771417908005,1.0,1
block,dataset_model_seed_scenario,predictive,bank-marketing,hgb,missing,4.0,not_applicable,not_applicable_predictive_metric,ece_increase,nondecreasing_with_severity,5,0.9999999999999999,1.0,0,0.002464056411753006,1.0,1
block,dataset_model_seed_scenario,predictive,bank-marketing,logreg,missing,0.0,not_applicable,not_applicable_predictive_metric,ece_increase,nondecreasing_with_severity,5,-0.3,0.0,2,-0.0042345786765365,0.0,1
block,dataset_model_seed_scenario,predictive,bank-marketing,logreg,missing,1.0,not_applicable,not_applicable_predictive_metric,ece_increase,nondecreasing_with_severity,5,0.3,0.0,2,-0.0030481285115360017,0.0,1
block,dataset_model_seed_scenario,predictive,bank-marketing,logreg,missing,2.0,not_applicable,not_applicable_predictive_metric,ece_increase,nondecreasing_with_severity,5,0.3,0.0,2,-0.0029271645365300004,0.0,1
block,dataset_model_seed_scenario,predictive,bank-marketing,logreg,missing,3.0,not_applicable,not_applicable_predictive_metric,ece_increase,nondecreasing_with_severity,5,0.6,0.0,2,-0.0010087948239591027,0.0,1
block,dataset_model_seed_scenario,predictive,bank-marketing,logreg,missing,4.0,not_applicable,not_applicable_predictive_metric,ece_increase,nondecreasing_with_severity,5,0.3,0.0,2,-0.0025655119893068998,0.0,1
block,dataset_model_seed_scenario,predictive,bank-marketing,rf,missing,0.0,not_applicable,not_applicable_predictive_metric,ece_increase,nondecreasing_with_severity,5,-0.9999999999999999,0.0,4,-0.0042548455177145,0.0,1
block,dataset_model_seed_scenario,predictive,bank-marketing,rf,missing,1.0,not_applicable,not_applicable_predictive_metric,ece_increase,nondecreasing_with_severity,5,-0.7,0.0,3,-0.0048561135096852025,0.0,1
block,dataset_model_seed_scenario,predictive,bank-marketing,rf,missing,2.0,not_applicable,not_applicable_predictive_metric,ece_increase,nondecreasing_with_severity,5,-0.39999999999999997,0.0,3,-0.0037480755604347993,0.0,1
block,dataset_model_seed_scenario,predictive,bank-marketing,rf,missing,3.0,not_applicable,not_applicable_predictive_metric,ece_increase,nondecreasing_with_severity,5,-0.7,0.0,3,-0.0019313911223775015,0.0,1
block,dataset_model_seed_scenario,predictive,bank-marketing,rf,missing,4.0,not_applicable,not_applicable_predictive_metric,ece_increase,nondecreasing_with_severity,5,-0.6,0.0,2,-0.0043389815834575,0.0,1
block,dataset_model_seed_scenario,predictive,electricity,hgb,missing,0.0,not_applicable,not_applicable_predictive_metric,ece_increase,nondecreasing_with_severity,5,0.9999999999999999,1.0,0,0.018742294915033403,1.0,1
block,dataset_model_seed_scenario,predictive,electricity,hgb,missing,1.0,not_applicable,not_applicable_predictive_metric,ece_increase,nondecreasing_with_severity,5,0.9999999999999999,1.0,0,0.028433626993296407,1.0,1
block,dataset_model_seed_scenario,predictive,electricity,hgb,missing,2.0,not_applicable,not_applicable_predictive_metric,ece_increase,nondecreasing_with_severity,5,0.9999999999999999,1.0,0,0.026526570328361004,1.0,1
block,dataset_model_seed_scenario,predictive,electricity,hgb,missing,3.0,not_applicable,not_applicable_predictive_metric,ece_increase,nondecreasing_with_severity,5,0.9999999999999999,1.0,0,0.03656890331564039,1.0,1
block,dataset_model_seed_scenario,predictive,electricity,hgb,missing,4.0,not_applicable,not_applicable_predictive_metric,ece_increase,nondecreasing_with_severity,5,0.9999999999999999,1.0,0,0.0263827985819661,1.0,1
block,dataset_model_seed_scenario,predictive,electricity,logreg,missing,0.0,not_applicable,not_applicable_predictive_metric,ece_increase,nondecreasing_with_severity,5,0.9999999999999999,1.0,0,0.0029523249477931973,1.0,1
block,dataset_model_seed_scenario,predictive,electricity,logreg,missing,1.0,not_applicable,not_applicable_predictive_metric,ece_increase,nondecreasing_with_severity,5,0.9999999999999999,1.0,0,0.002044874482363901,1.0,1
block,dataset_model_seed_scenario,predictive,electricity,logreg,missing,2.0,not_applicable,not_applicable_predictive_metric,ece_increase,nondecreasing_with_severity,5,0.9999999999999999,1.0,0,0.006810011617930798,1.0,1
block,dataset_model_seed_scenario,predictive,electricity,logreg,missing,3.0,not_applicable,not_applicable_predictive_metric,ece_increase,nondecreasing_with_severity,5,0.9999999999999999,1.0,0,0.004903856532059703,1.0,1
block,dataset_model_seed_scenario,predictive,electricity,logreg,missing,4.0,not_applicable,not_applicable_predictive_metric,ece_increase,nondecreasing_with_severity,5,0.9999999999999999,1.0,0,0.0017330462297906989,1.0,1
block,dataset_model_seed_scenario,predictive,electricity,rf,missing,0.0,not_applicable,not_applicable_predictive_metric,ece_increase,nondecreasing_with_severity,5,-0.8999999999999998,0.0,3,-0.006860716506380801,0.0,1
block,dataset_model_seed_scenario,predictive,electricity,rf,missing,1.0,not_applicable,not_applicable_predictive_metric,ece_increase,nondecreasing_with_severity,5,-0.3,0.0,2,-0.013643227127976498,0.0,1
block,dataset_model_seed_scenario,predictive,electricity,rf,missing,2.0,not_applicable,not_applicable_predictive_metric,ece_increase,nondecreasing_with_severity,5,-0.9999999999999999,0.0,4,-0.010448138464307505,0.0,1
block,dataset_model_seed_scenario,predictive,electricity,rf,missing,3.0,not_applicable,not_applicable_predictive_metric,ece_increase,nondecreasing_with_severity,5,-0.9999999999999999,0.0,4,-0.007744378791902103,0.0,1
block,dataset_model_seed_scenario,predictive,electricity,rf,missing,4.0,not_applicable,not_applicable_predictive_metric,ece_increase,nondecreasing_with_severity,5,-0.7,0.0,3,-0.0110696727096097,0.0,1
block,dataset_model_seed_scenario,predictive,adult,hgb,noise,0.0,not_applicable,not_applicable_predictive_metric,ece_increase,nondecreasing_with_severity,5,0.9999999999999999,1.0,0,0.010441758724033592,1.0,1
block,dataset_model_seed_scenario,predictive,adult,hgb,noise,1.0,not_applicable,not_applicable_predictive_metric,ece_increase,nondecreasing_with_severity,5,0.9999999999999999,1.0,0,0.014532561347188694,1.0,1
block,dataset_model_seed_scenario,predictive,adult,hgb,noise,2.0,not_applicable,not_applicable_predictive_metric,ece_increase,nondecreasing_with_severity,5,0.9999999999999999,1.0,0,0.014555223123188299,1.0,1
block,dataset_model_seed_scenario,predictive,adult,hgb,noise,3.0,not_applicable,not_applicable_predictive_metric,ece_increase,nondecreasing_with_severity,5,0.9999999999999999,1.0,0,0.0147379482699911,1.0,1
block,dataset_model_seed_scenario,predictive,adult,hgb,noise,4.0,not_applicable,not_applicable_predictive_metric,ece_increase,nondecreasing_with_severity,5,0.9999999999999999,1.0,0,0.009032567467589597,1.0,1
block,dataset_model_seed_scenario,predictive,adult,logreg,noise,0.0,not_applicable,not_applicable_predictive_metric,ece_increase,nondecreasing_with_severity,5,0.9999999999999999,1.0,0,0.012129973704094897,1.0,1
block,dataset_model_seed_scenario,predictive,adult,logreg,noise,1.0,not_applicable,not_applicable_predictive_metric,ece_increase,nondecreasing_with_severity,5,0.9999999999999999,1.0,0,0.008378535215589001,1.0,1
block,dataset_model_seed_scenario,predictive,adult,logreg,noise,2.0,not_applicable,not_applicable_predictive_metric,ece_increase,nondecreasing_with_severity,5,0.9999999999999999,1.0,0,0.011755410987657599,1.0,1
block,dataset_model_seed_scenario,predictive,adult,logreg,noise,3.0,not_applicable,not_applicable_predictive_metric,ece_increase,nondecreasing_with_severity,5,0.9999999999999999,1.0,0,0.010396009849088802,1.0,1
block,dataset_model_seed_scenario,predictive,adult,logreg,noise,4.0,not_applicable,not_applicable_predictive_metric,ece_increase,nondecreasing_with_severity,5,0.9999999999999999,1.0,0,0.0094047254632597,1.0,1
block,dataset_model_seed_scenario,predictive,adult,rf,noise,0.0,not_applicable,not_applicable_predictive_metric,ece_increase,nondecreasing_with_severity,5,0.6,0.0,2,-0.005890701647447202,0.0,1
block,dataset_model_seed_scenario,predictive,adult,rf,noise,1.0,not_applicable,not_applicable_predictive_metric,ece_increase,nondecreasing_with_severity,5,0.9999999999999999,1.0,0,0.0002580037290772011,1.0,1
block,dataset_model_seed_scenario,predictive,adult,rf,noise,2.0,not_applicable,not_applicable_predictive_metric,ece_increase,nondecreasing_with_severity,5,0.6,0.0,2,-0.0020319787622202004,0.0,1
block,dataset_model_seed_scenario,predictive,adult,rf,noise,3.0,not_applicable,not_applicable_predictive_metric,ece_increase,nondecreasing_with_severity,5,0.8999999999999998,0.0,1,-0.0016623152724832002,0.0,1
block,dataset_model_seed_scenario,predictive,adult,rf,noise,4.0,not_applicable,not_applicable_predictive_metric,ece_increase,nondecreasing_with_severity,5,0.7,0.0,1,-0.008546398730367,0.0,1
block,dataset_model_seed_scenario,predictive,bank-marketing,hgb,noise,0.0,not_applicable,not_applicable_predictive_metric,ece_increase,nondecreasing_with_severity,5,0.9999999999999999,1.0,0,0.0054349742424845,1.0,1
block,dataset_model_seed_scenario,predictive,bank-marketing,hgb,noise,1.0,not_applicable,not_applicable_predictive_metric,ece_increase,nondecreasing_with_severity,5,0.9999999999999999,1.0,0,0.0048449413937340004,1.0,1
block,dataset_model_seed_scenario,predictive,bank-marketing,hgb,noise,2.0,not_applicable,not_applicable_predictive_metric,ece_increase,nondecreasing_with_severity,5,0.9999999999999999,1.0,0,0.0034032725740409994,1.0,1
block,dataset_model_seed_scenario,predictive,bank-marketing,hgb,noise,3.0,not_applicable,not_applicable_predictive_metric,ece_increase,nondecreasing_with_severity,5,0.9999999999999999,1.0,0,0.0057202245223628,1.0,1
block,dataset_model_seed_scenario,predictive,bank-marketing,hgb,noise,4.0,not_applicable,not_applicable_predictive_metric,ece_increase,nondecreasing_with_severity,5,0.9999999999999999,1.0,0,0.0032092846192454012,1.0,1
block,dataset_model_seed_scenario,predictive,bank-marketing,logreg,noise,0.0,not_applicable,not_applicable_predictive_metric,ece_increase,nondecreasing_with_severity,5,-0.7,0.0,3,-0.0087316283533331,0.0,1
block,dataset_model_seed_scenario,predictive,bank-marketing,logreg,noise,1.0,not_applicable,not_applicable_predictive_metric,ece_increase,nondecreasing_with_severity,5,-0.8999999999999998,0.0,3,-0.0084065498623795,0.0,1
block,dataset_model_seed_scenario,predictive,bank-marketing,logreg,noise,2.0,not_applicable,not_applicable_predictive_metric,ece_increase,nondecreasing_with_severity,5,-0.7,0.0,3,-0.0093512671290177,0.0,1
block,dataset_model_seed_scenario,predictive,bank-marketing,logreg,noise,3.0,not_applicable,not_applicable_predictive_metric,ece_increase,nondecreasing_with_severity,5,0.0,0.0,3,-0.006369354694199299,0.0,1
block,dataset_model_seed_scenario,predictive,bank-marketing,logreg,noise,4.0,not_applicable,not_applicable_predictive_metric,ece_increase,nondecreasing_with_severity,5,-0.7,0.0,3,-0.008072776270741398,0.0,1
block,dataset_model_seed_scenario,predictive,bank-marketing,rf,noise,0.0,not_applicable,not_applicable_predictive_metric,ece_increase,nondecreasing_with_severity,5,0.9999999999999999,1.0,0,0.006534171938349702,1.0,1
block,dataset_model_seed_scenario,predictive,bank-marketing,rf,noise,1.0,not_applicable,not_applicable_predictive_metric,ece_increase,nondecreasing_with_severity,5,0.9999999999999999,1.0,0,0.005494535670070605,1.0,1
block,dataset_model_seed_scenario,predictive,bank-marketing,rf,noise,2.0,not_applicable,not_applicable_predictive_metric,ece_increase,nondecreasing_with_severity,5,0.9999999999999999,1.0,0,0.006682829384293203,1.0,1
block,dataset_model_seed_scenario,predictive,bank-marketing,rf,noise,3.0,not_applicable,not_applicable_predictive_metric,ece_increase,nondecreasing_with_severity,5,0.9999999999999999,1.0,0,0.0036818858299383986,1.0,1
block,dataset_model_seed_scenario,predictive,bank-marketing,rf,noise,4.0,not_applicable,not_applicable_predictive_metric,ece_increase,nondecreasing_with_severity,5,0.9999999999999999,1.0,0,0.006868770043056999,1.0,1
block,dataset_model_seed_scenario,predictive,electricity,hgb,noise,0.0,not_applicable,not_applicable_predictive_metric,ece_increase,nondecreasing_with_severity,5,0.9999999999999999,1.0,0,0.029474556692718423,1.0,1
block,dataset_model_seed_scenario,predictive,electricity,hgb,noise,1.0,not_applicable,not_applicable_predictive_metric,ece_increase,nondecreasing_with_severity,5,0.9999999999999999,1.0,0,0.01932378199906626,1.0,1
block,dataset_model_seed_scenario,predictive,electricity,hgb,noise,2.0,not_applicable,not_applicable_predictive_metric,ece_increase,nondecreasing_with_severity,5,0.9999999999999999,1.0,0,0.03526888959596497,1.0,1
block,dataset_model_seed_scenario,predictive,electricity,hgb,noise,3.0,not_applicable,not_applicable_predictive_metric,ece_increase,nondecreasing_with_severity,5,0.9999999999999999,1.0,0,0.0272461819463658,1.0,1
block,dataset_model_seed_scenario,predictive,electricity,hgb,noise,4.0,not_applicable,not_applicable_predictive_metric,ece_increase,nondecreasing_with_severity,5,0.9999999999999999,1.0,0,0.02740147351643263,1.0,1
block,dataset_model_seed_scenario,predictive,electricity,logreg,noise,0.0,not_applicable,not_applicable_predictive_metric,ece_increase,nondecreasing_with_severity,5,0.9999999999999999,1.0,0,0.015834998667704502,1.0,1
block,dataset_model_seed_scenario,predictive,electricity,logreg,noise,1.0,not_applicable,not_applicable_predictive_metric,ece_increase,nondecreasing_with_severity,5,0.9999999999999999,1.0,0,0.0186501860016733,1.0,1
block,dataset_model_seed_scenario,predictive,electricity,logreg,noise,2.0,not_applicable,not_applicable_predictive_metric,ece_increase,nondecreasing_with_severity,5,0.9999999999999999,1.0,0,0.0246369601406876,1.0,1
block,dataset_model_seed_scenario,predictive,electricity,logreg,noise,3.0,not_applicable,not_applicable_predictive_metric,ece_increase,nondecreasing_with_severity,5,0.9999999999999999,1.0,0,0.0163484535554857,1.0,1
block,dataset_model_seed_scenario,predictive,electricity,logreg,noise,4.0,not_applicable,not_applicable_predictive_metric,ece_increase,nondecreasing_with_severity,5,0.9999999999999999,1.0,0,0.018128656176890898,1.0,1
block,dataset_model_seed_scenario,predictive,electricity,rf,noise,0.0,not_applicable,not_applicable_predictive_metric,ece_increase,nondecreasing_with_severity,5,0.9999999999999999,1.0,0,0.010884102416814805,1.0,1
block,dataset_model_seed_scenario,predictive,electricity,rf,noise,1.0,not_applicable,not_applicable_predictive_metric,ece_increase,nondecreasing_with_severity,5,0.9999999999999999,1.0,0,0.014297583222401808,1.0,1
block,dataset_model_seed_scenario,predictive,electricity,rf,noise,2.0,not_applicable,not_applicable_predictive_metric,ece_increase,nondecreasing_with_severity,5,0.9999999999999999,1.0,0,0.006271728084801198,1.0,1
block,dataset_model_seed_scenario,predictive,electricity,rf,noise,3.0,not_applicable,not_applicable_predictive_metric,ece_increase,nondecreasing_with_severity,5,0.9999999999999999,1.0,0,0.007677324950532999,1.0,1
block,dataset_model_seed_scenario,predictive,electricity,rf,noise,4.0,not_applicable,not_applicable_predictive_metric,ece_increase,nondecreasing_with_severity,5,0.9999999999999999,1.0,0,0.013163629390218798,1.0,1
block,dataset_model_seed_scenario,predictive,adult,hgb,quantize,0.0,not_applicable,not_applicable_predictive_metric,ece_increase,nondecreasing_with_severity,5,-0.9999999999999999,0.0,4,-0.01918989866308099,0.0,1
block,dataset_model_seed_scenario,predictive,adult,hgb,quantize,1.0,not_applicable,not_applicable_predictive_metric,ece_increase,nondecreasing_with_severity,5,-0.9999999999999999,0.0,4,-0.02362906688227459,0.0,1
block,dataset_model_seed_scenario,predictive,adult,hgb,quantize,2.0,not_applicable,not_applicable_predictive_metric,ece_increase,nondecreasing_with_severity,5,-0.9999999999999999,0.0,4,-0.02430641668788272,0.0,1
block,dataset_model_seed_scenario,predictive,adult,hgb,quantize,3.0,not_applicable,not_applicable_predictive_metric,ece_increase,nondecreasing_with_severity,5,-0.9999999999999999,0.0,4,-0.023878848155726384,0.0,1
block,dataset_model_seed_scenario,predictive,adult,hgb,quantize,4.0,not_applicable,not_applicable_predictive_metric,ece_increase,nondecreasing_with_severity,5,-0.8999999999999998,0.0,3,-0.0196434148434583,0.0,1
block,dataset_model_seed_scenario,predictive,adult,logreg,quantize,0.0,not_applicable,not_applicable_predictive_metric,ece_increase,nondecreasing_with_severity,5,-0.9999999999999999,0.0,4,-0.06245555687500541,0.0,1
block,dataset_model_seed_scenario,predictive,adult,logreg,quantize,1.0,not_applicable,not_applicable_predictive_metric,ece_increase,nondecreasing_with_severity,5,-0.9999999999999999,0.0,4,-0.060245185729464495,0.0,1
block,dataset_model_seed_scenario,predictive,adult,logreg,quantize,2.0,not_applicable,not_applicable_predictive_metric,ece_increase,nondecreasing_with_severity,5,-0.9999999999999999,0.0,4,-0.05679848729724769,0.0,1
block,dataset_model_seed_scenario,predictive,adult,logreg,quantize,3.0,not_applicable,not_applicable_predictive_metric,ece_increase,nondecreasing_with_severity,5,-0.9999999999999999,0.0,4,-0.0587241696473508,0.0,1
block,dataset_model_seed_scenario,predictive,adult,logreg,quantize,4.0,not_applicable,not_applicable_predictive_metric,ece_increase,nondecreasing_with_severity,5,-0.9999999999999999,0.0,4,-0.057634929184358405,0.0,1
block,dataset_model_seed_scenario,predictive,adult,rf,quantize,0.0,not_applicable,not_applicable_predictive_metric,ece_increase,nondecreasing_with_severity,5,-0.7,0.0,3,-0.011793651249251899,0.0,1
block,dataset_model_seed_scenario,predictive,adult,rf,quantize,1.0,not_applicable,not_applicable_predictive_metric,ece_increase,nondecreasing_with_severity,5,-0.09999999999999999,0.0,2,-0.014960754441186698,0.0,1
block,dataset_model_seed_scenario,predictive,adult,rf,quantize,2.0,not_applicable,not_applicable_predictive_metric,ece_increase,nondecreasing_with_severity,5,-0.6,0.0,2,-0.007989832994867205,0.0,1
block,dataset_model_seed_scenario,predictive,adult,rf,quantize,3.0,not_applicable,not_applicable_predictive_metric,ece_increase,nondecreasing_with_severity,5,-0.8999999999999998,0.0,3,-0.012356068702454703,0.0,1
block,dataset_model_seed_scenario,predictive,adult,rf,quantize,4.0,not_applicable,not_applicable_predictive_metric,ece_increase,nondecreasing_with_severity,5,-0.7,0.0,3,-0.006682019906061501,0.0,1
block,dataset_model_seed_scenario,predictive,bank-marketing,hgb,quantize,0.0,not_applicable,not_applicable_predictive_metric,ece_increase,nondecreasing_with_severity,5,-0.6,0.0,2,-0.1317476794223027,0.0,1
block,dataset_model_seed_scenario,predictive,bank-marketing,hgb,quantize,1.0,not_applicable,not_applicable_predictive_metric,ece_increase,nondecreasing_with_severity,5,-0.7,0.0,3,-0.0710501369165002,0.0,1
block,dataset_model_seed_scenario,predictive,bank-marketing,hgb,quantize,2.0,not_applicable,not_applicable_predictive_metric,ece_increase,nondecreasing_with_severity,5,-0.8999999999999998,0.0,3,-0.1317297794438099,0.0,1
block,dataset_model_seed_scenario,predictive,bank-marketing,hgb,quantize,3.0,not_applicable,not_applicable_predictive_metric,ece_increase,nondecreasing_with_severity,5,-0.7,0.0,3,-0.0896857042396998,0.0,1
block,dataset_model_seed_scenario,predictive,bank-marketing,hgb,quantize,4.0,not_applicable,not_applicable_predictive_metric,ece_increase,nondecreasing_with_severity,5,-0.7,0.0,3,-0.07049542799077889,0.0,1
block,dataset_model_seed_scenario,predictive,bank-marketing,logreg,quantize,0.0,not_applicable,not_applicable_predictive_metric,ece_increase,nondecreasing_with_severity,5,0.7999999999999999,0.0,2,-0.002486934014764103,0.0,1
block,dataset_model_seed_scenario,predictive,bank-marketing,logreg,quantize,1.0,not_applicable,not_applicable_predictive_metric,ece_increase,nondecreasing_with_severity,5,0.7999999999999999,0.0,2,-0.002919319674172402,0.0,1
block,dataset_model_seed_scenario,predictive,bank-marketing,logreg,quantize,2.0,not_applicable,not_applicable_predictive_metric,ece_increase,nondecreasing_with_severity,5,-0.09999999999999999,0.0,2,-0.0011863741369392972,0.0,1
block,dataset_model_seed_scenario,predictive,bank-marketing,logreg,quantize,3.0,not_applicable,not_applicable_predictive_metric,ece_increase,nondecreasing_with_severity,5,0.9999999999999999,1.0,0,0.0001254879243378984,1.0,1
block,dataset_model_seed_scenario,predictive,bank-marketing,logreg,quantize,4.0,not_applicable,not_applicable_predictive_metric,ece_increase,nondecreasing_with_severity,5,0.7,0.0,1,-0.0037068493621384008,0.0,1
block,dataset_model_seed_scenario,predictive,bank-marketing,rf,quantize,0.0,not_applicable,not_applicable_predictive_metric,ece_increase,nondecreasing_with_severity,5,-0.9999999999999999,0.0,4,-0.0720454580264831,0.0,1
block,dataset_model_seed_scenario,predictive,bank-marketing,rf,quantize,1.0,not_applicable,not_applicable_predictive_metric,ece_increase,nondecreasing_with_severity,5,-0.9999999999999999,0.0,4,-0.05876709417056739,0.0,1
block,dataset_model_seed_scenario,predictive,bank-marketing,rf,quantize,2.0,not_applicable,not_applicable_predictive_metric,ece_increase,nondecreasing_with_severity,5,-0.9999999999999999,0.0,4,-0.04022757966751249,0.0,1
block,dataset_model_seed_scenario,predictive,bank-marketing,rf,quantize,3.0,not_applicable,not_applicable_predictive_metric,ece_increase,nondecreasing_with_severity,5,-0.9999999999999999,0.0,4,-0.05832705229873709,0.0,1
block,dataset_model_seed_scenario,predictive,bank-marketing,rf,quantize,4.0,not_applicable,not_applicable_predictive_metric,ece_increase,nondecreasing_with_severity,5,-0.9999999999999999,0.0,4,-0.04073614099095001,0.0,1
block,dataset_model_seed_scenario,predictive,electricity,hgb,quantize,0.0,not_applicable,not_applicable_predictive_metric,ece_increase,nondecreasing_with_severity,5,-0.9999999999999999,0.0,4,-0.0970386075076842,0.0,1
block,dataset_model_seed_scenario,predictive,electricity,hgb,quantize,1.0,not_applicable,not_applicable_predictive_metric,ece_increase,nondecreasing_with_severity,5,-0.9999999999999999,0.0,4,-0.1288345054801631,0.0,1
block,dataset_model_seed_scenario,predictive,electricity,hgb,quantize,2.0,not_applicable,not_applicable_predictive_metric,ece_increase,nondecreasing_with_severity,5,-0.9999999999999999,0.0,4,-0.1120020817959422,0.0,1
block,dataset_model_seed_scenario,predictive,electricity,hgb,quantize,3.0,not_applicable,not_applicable_predictive_metric,ece_increase,nondecreasing_with_severity,5,-0.8999999999999998,0.0,3,-0.1010653372866081,0.0,1
block,dataset_model_seed_scenario,predictive,electricity,hgb,quantize,4.0,not_applicable,not_applicable_predictive_metric,ece_increase,nondecreasing_with_severity,5,-0.9999999999999999,0.0,4,-0.07907028371841748,0.0,1
block,dataset_model_seed_scenario,predictive,electricity,logreg,quantize,0.0,not_applicable,not_applicable_predictive_metric,ece_increase,nondecreasing_with_severity,5,-0.7999999999999999,0.0,2,-0.0407440006505662,0.0,1
block,dataset_model_seed_scenario,predictive,electricity,logreg,quantize,1.0,not_applicable,not_applicable_predictive_metric,ece_increase,nondecreasing_with_severity,5,-0.8999999999999998,0.0,3,-0.054575095841495704,0.0,1
block,dataset_model_seed_scenario,predictive,electricity,logreg,quantize,2.0,not_applicable,not_applicable_predictive_metric,ece_increase,nondecreasing_with_severity,5,-0.9999999999999999,0.0,4,-0.0505829349017445,0.0,1
block,dataset_model_seed_scenario,predictive,electricity,logreg,quantize,3.0,not_applicable,not_applicable_predictive_metric,ece_increase,nondecreasing_with_severity,5,-0.9999999999999999,0.0,4,-0.038621551710630794,0.0,1
block,dataset_model_seed_scenario,predictive,electricity,logreg,quantize,4.0,not_applicable,not_applicable_predictive_metric,ece_increase,nondecreasing_with_severity,5,-0.7999999999999999,0.0,2,-0.0425442059489426,0.0,1
block,dataset_model_seed_scenario,predictive,electricity,rf,quantize,0.0,not_applicable,not_applicable_predictive_metric,ece_increase,nondecreasing_with_severity,5,-0.6,0.0,2,-0.03298064938769261,0.0,1
block,dataset_model_seed_scenario,predictive,electricity,rf,quantize,1.0,not_applicable,not_applicable_predictive_metric,ece_increase,nondecreasing_with_severity,5,-0.7,0.0,3,-0.0320128025462501,0.0,1
block,dataset_model_seed_scenario,predictive,electricity,rf,quantize,2.0,not_applicable,not_applicable_predictive_metric,ece_increase,nondecreasing_with_severity,5,-0.6,0.0,2,-0.031241913693683496,0.0,1
block,dataset_model_seed_scenario,predictive,electricity,rf,quantize,3.0,not_applicable,not_applicable_predictive_metric,ece_increase,nondecreasing_with_severity,5,-0.6,0.0,2,-0.025512630991584503,0.0,1
block,dataset_model_seed_scenario,predictive,electricity,rf,quantize,4.0,not_applicable,not_applicable_predictive_metric,ece_increase,nondecreasing_with_severity,5,-0.3,0.0,2,-0.012033252760929695,0.0,1
block,dataset_model_seed_scenario,predictive,adult,hgb,gradual,0.0,not_applicable,not_applicable_predictive_metric,flip,nondecreasing_with_severity,5,0.8999999999999998,0.0,1,-0.16235583157032685,0.0,1
block,dataset_model_seed_scenario,predictive,adult,hgb,gradual,1.0,not_applicable,not_applicable_predictive_metric,flip,nondecreasing_with_severity,5,0.9999999999999999,1.0,0,0.0007506995154575868,1.0,1
block,dataset_model_seed_scenario,predictive,adult,hgb,gradual,2.0,not_applicable,not_applicable_predictive_metric,flip,nondecreasing_with_severity,5,0.8999999999999998,0.0,1,-0.007234013512591342,0.0,1
block,dataset_model_seed_scenario,predictive,adult,hgb,gradual,3.0,not_applicable,not_applicable_predictive_metric,flip,nondecreasing_with_severity,5,0.9999999999999999,1.0,0,0.00020473623148842268,1.0,1
block,dataset_model_seed_scenario,predictive,adult,hgb,gradual,4.0,not_applicable,not_applicable_predictive_metric,flip,nondecreasing_with_severity,5,0.8999999999999998,0.0,1,-0.0285265815873883,0.0,1
block,dataset_model_seed_scenario,predictive,adult,logreg,gradual,0.0,not_applicable,not_applicable_predictive_metric,flip,nondecreasing_with_severity,5,0.9999999999999999,1.0,0,0.10932914761482282,1.0,1
block,dataset_model_seed_scenario,predictive,adult,logreg,gradual,1.0,not_applicable,not_applicable_predictive_metric,flip,nondecreasing_with_severity,5,0.9999999999999999,1.0,0,0.10755476694192312,1.0,1
block,dataset_model_seed_scenario,predictive,adult,logreg,gradual,2.0,not_applicable,not_applicable_predictive_metric,flip,nondecreasing_with_severity,5,0.9999999999999999,1.0,0,0.10578038626902342,1.0,1
block,dataset_model_seed_scenario,predictive,adult,logreg,gradual,3.0,not_applicable,not_applicable_predictive_metric,flip,nondecreasing_with_severity,5,0.9999999999999999,1.0,0,0.10107145294478947,1.0,1
block,dataset_model_seed_scenario,predictive,adult,logreg,gradual,4.0,not_applicable,not_applicable_predictive_metric,flip,nondecreasing_with_severity,5,0.9999999999999999,1.0,0,0.10885142974134987,1.0,1
block,dataset_model_seed_scenario,predictive,adult,rf,gradual,0.0,not_applicable,not_applicable_predictive_metric,flip,nondecreasing_with_severity,5,0.9999999999999999,1.0,0,0.0192452057599126,1.0,1
block,dataset_model_seed_scenario,predictive,adult,rf,gradual,1.0,not_applicable,not_applicable_predictive_metric,flip,nondecreasing_with_severity,5,0.9999999999999999,1.0,0,0.010987511089879165,1.0,1
block,dataset_model_seed_scenario,predictive,adult,rf,gradual,2.0,not_applicable,not_applicable_predictive_metric,flip,nondecreasing_with_severity,5,0.9999999999999999,1.0,0,0.013853818330717194,1.0,1
block,dataset_model_seed_scenario,predictive,adult,rf,gradual,3.0,not_applicable,not_applicable_predictive_metric,flip,nondecreasing_with_severity,5,0.9999999999999999,1.0,0,0.004026479219272572,1.0,1
block,dataset_model_seed_scenario,predictive,adult,rf,gradual,4.0,not_applicable,not_applicable_predictive_metric,flip,nondecreasing_with_severity,5,0.9999999999999999,1.0,0,0.021429058895789298,1.0,1
block,dataset_model_seed_scenario,predictive,bank-marketing,hgb,gradual,0.0,not_applicable,not_applicable_predictive_metric,flip,nondecreasing_with_severity,5,0.9999999999999999,1.0,0,0.05433500442347389,1.0,1
block,dataset_model_seed_scenario,predictive,bank-marketing,hgb,gradual,1.0,not_applicable,not_applicable_predictive_metric,flip,nondecreasing_with_severity,5,0.9999999999999999,1.0,0,0.026319669713948696,1.0,1
block,dataset_model_seed_scenario,predictive,bank-marketing,hgb,gradual,2.0,not_applicable,not_applicable_predictive_metric,flip,nondecreasing_with_severity,5,0.9999999999999999,1.0,0,0.03848422294308468,1.0,1
block,dataset_model_seed_scenario,predictive,bank-marketing,hgb,gradual,3.0,not_applicable,not_applicable_predictive_metric,flip,nondecreasing_with_severity,5,0.9999999999999999,1.0,0,0.0320701857859039,1.0,1
block,dataset_model_seed_scenario,predictive,bank-marketing,hgb,gradual,4.0,not_applicable,not_applicable_predictive_metric,flip,nondecreasing_with_severity,5,0.9999999999999999,1.0,0,0.041359480979062196,1.0,1
block,dataset_model_seed_scenario,predictive,bank-marketing,logreg,gradual,0.0,not_applicable,not_applicable_predictive_metric,flip,nondecreasing_with_severity,5,0.9999999999999999,1.0,0,0.0261722205838986,1.0,1
block,dataset_model_seed_scenario,predictive,bank-marketing,logreg,gradual,1.0,not_applicable,not_applicable_predictive_metric,flip,nondecreasing_with_severity,5,0.9999999999999999,1.0,0,0.0256561486287231,1.0,1
block,dataset_model_seed_scenario,predictive,bank-marketing,logreg,gradual,2.0,not_applicable,not_applicable_predictive_metric,flip,nondecreasing_with_severity,5,0.9999999999999999,1.0,0,0.0226334414626954,1.0,1
block,dataset_model_seed_scenario,predictive,bank-marketing,logreg,gradual,3.0,not_applicable,not_applicable_predictive_metric,flip,nondecreasing_with_severity,5,0.9999999999999999,1.0,0,0.024402831023297,1.0,1
block,dataset_model_seed_scenario,predictive,bank-marketing,logreg,gradual,4.0,not_applicable,not_applicable_predictive_metric,flip,nondecreasing_with_severity,5,0.9999999999999999,1.0,0,0.0252875258035978,1.0,1
block,dataset_model_seed_scenario,predictive,bank-marketing,rf,gradual,0.0,not_applicable,not_applicable_predictive_metric,flip,nondecreasing_with_severity,5,0.9999999999999999,1.0,0,0.020126806251843113,1.0,1
block,dataset_model_seed_scenario,predictive,bank-marketing,rf,gradual,1.0,not_applicable,not_applicable_predictive_metric,flip,nondecreasing_with_severity,5,0.9999999999999999,1.0,0,0.013933942789737502,1.0,1
block,dataset_model_seed_scenario,predictive,bank-marketing,rf,gradual,2.0,not_applicable,not_applicable_predictive_metric,flip,nondecreasing_with_severity,5,0.9999999999999999,1.0,0,0.013639044529637299,1.0,1
block,dataset_model_seed_scenario,predictive,bank-marketing,rf,gradual,3.0,not_applicable,not_applicable_predictive_metric,flip,nondecreasing_with_severity,5,0.9999999999999999,1.0,0,0.01599823061043941,1.0,1
block,dataset_model_seed_scenario,predictive,bank-marketing,rf,gradual,4.0,not_applicable,not_applicable_predictive_metric,flip,nondecreasing_with_severity,5,0.9999999999999999,1.0,0,0.0157770569153642,1.0,1
block,dataset_model_seed_scenario,predictive,electricity,hgb,gradual,0.0,not_applicable,not_applicable_predictive_metric,flip,nondecreasing_with_severity,5,0.9999999999999999,1.0,0,0.0012505517139914657,1.0,1
block,dataset_model_seed_scenario,predictive,electricity,hgb,gradual,1.0,not_applicable,not_applicable_predictive_metric,flip,nondecreasing_with_severity,5,0.9999999999999999,1.0,0,0.021700750331028362,1.0,1
block,dataset_model_seed_scenario,predictive,electricity,hgb,gradual,2.0,not_applicable,not_applicable_predictive_metric,flip,nondecreasing_with_severity,5,0.9999999999999999,1.0,0,0.01743416213035165,1.0,1
block,dataset_model_seed_scenario,predictive,electricity,hgb,gradual,3.0,not_applicable,not_applicable_predictive_metric,flip,nondecreasing_with_severity,5,0.9999999999999999,1.0,0,0.026482271590407558,1.0,1
block,dataset_model_seed_scenario,predictive,electricity,hgb,gradual,4.0,not_applicable,not_applicable_predictive_metric,flip,nondecreasing_with_severity,5,0.9999999999999999,1.0,0,0.001544799176107059,1.0,1
block,dataset_model_seed_scenario,predictive,electricity,logreg,gradual,0.0,not_applicable,not_applicable_predictive_metric,flip,nondecreasing_with_severity,5,0.9999999999999999,1.0,0,0.016992790937178204,1.0,1
block,dataset_model_seed_scenario,predictive,electricity,logreg,gradual,1.0,not_applicable,not_applicable_predictive_metric,flip,nondecreasing_with_severity,5,0.9999999999999999,1.0,0,0.040091216713255884,1.0,1
block,dataset_model_seed_scenario,predictive,electricity,logreg,gradual,2.0,not_applicable,not_applicable_predictive_metric,flip,nondecreasing_with_severity,5,0.9999999999999999,1.0,0,0.03670737089892595,1.0,1
block,dataset_model_seed_scenario,predictive,electricity,logreg,gradual,3.0,not_applicable,not_applicable_predictive_metric,flip,nondecreasing_with_severity,5,0.9999999999999999,1.0,0,0.050463439752832184,1.0,1
block,dataset_model_seed_scenario,predictive,electricity,logreg,gradual,4.0,not_applicable,not_applicable_predictive_metric,flip,nondecreasing_with_severity,5,0.9999999999999999,1.0,0,0.04568191849345293,1.0,1
block,dataset_model_seed_scenario,predictive,electricity,rf,gradual,0.0,not_applicable,not_applicable_predictive_metric,flip,nondecreasing_with_severity,5,0.9999999999999999,1.0,0,0.0717228188906871,1.0,1
block,dataset_model_seed_scenario,predictive,electricity,rf,gradual,1.0,not_applicable,not_applicable_predictive_metric,flip,nondecreasing_with_severity,5,0.9999999999999999,1.0,0,0.02935118434603501,1.0,1
block,dataset_model_seed_scenario,predictive,electricity,rf,gradual,2.0,not_applicable,not_applicable_predictive_metric,flip,nondecreasing_with_severity,5,0.9999999999999999,1.0,0,0.04222451081359424,1.0,1
block,dataset_model_seed_scenario,predictive,electricity,rf,gradual,3.0,not_applicable,not_applicable_predictive_metric,flip,nondecreasing_with_severity,5,0.9999999999999999,1.0,0,0.03030748859791077,1.0,1
block,dataset_model_seed_scenario,predictive,electricity,rf,gradual,4.0,not_applicable,not_applicable_predictive_metric,flip,nondecreasing_with_severity,5,0.9999999999999999,1.0,0,0.04847726938355157,1.0,1
block,dataset_model_seed_scenario,predictive,adult,hgb,mean_shift,0.0,not_applicable,not_applicable_predictive_metric,flip,nondecreasing_with_severity,5,0.9746794344808963,1.0,0,0.0,1.0,1
block,dataset_model_seed_scenario,predictive,adult,hgb,mean_shift,1.0,not_applicable,not_applicable_predictive_metric,flip,nondecreasing_with_severity,5,0.9999999999999999,1.0,0,0.00020473623148842268,1.0,1
block,dataset_model_seed_scenario,predictive,adult,hgb,mean_shift,2.0,not_applicable,not_applicable_predictive_metric,flip,nondecreasing_with_severity,5,0.9999999999999999,1.0,0,0.0003412270524807415,1.0,1
block,dataset_model_seed_scenario,predictive,adult,hgb,mean_shift,3.0,not_applicable,not_applicable_predictive_metric,flip,nondecreasing_with_severity,5,0.9999999999999999,1.0,0,0.0001364908209923188,1.0,1
block,dataset_model_seed_scenario,predictive,adult,hgb,mean_shift,4.0,not_applicable,not_applicable_predictive_metric,flip,nondecreasing_with_severity,5,0.9999999999999999,1.0,0,0.00020473623148842268,1.0,1
block,dataset_model_seed_scenario,predictive,adult,logreg,mean_shift,0.0,not_applicable,not_applicable_predictive_metric,flip,nondecreasing_with_severity,5,0.9999999999999999,1.0,0,0.11478878045451446,1.0,1
block,dataset_model_seed_scenario,predictive,adult,logreg,mean_shift,1.0,not_applicable,not_applicable_predictive_metric,flip,nondecreasing_with_severity,5,0.9999999999999999,1.0,0,0.11888350508428303,1.0,1
block,dataset_model_seed_scenario,predictive,adult,logreg,mean_shift,2.0,not_applicable,not_applicable_predictive_metric,flip,nondecreasing_with_severity,5,0.9999999999999999,1.0,0,0.11130826451921105,1.0,1
block,dataset_model_seed_scenario,predictive,adult,logreg,mean_shift,3.0,not_applicable,not_applicable_predictive_metric,flip,nondecreasing_with_severity,5,0.9999999999999999,1.0,0,0.10612161332150416,1.0,1
block,dataset_model_seed_scenario,predictive,adult,logreg,mean_shift,4.0,not_applicable,not_applicable_predictive_metric,flip,nondecreasing_with_severity,5,0.9999999999999999,1.0,0,0.11833754180031386,1.0,1
block,dataset_model_seed_scenario,predictive,adult,rf,mean_shift,0.0,not_applicable,not_applicable_predictive_metric,flip,nondecreasing_with_severity,5,0.9999999999999999,1.0,0,0.008940148774994938,1.0,1
block,dataset_model_seed_scenario,predictive,adult,rf,mean_shift,1.0,not_applicable,not_applicable_predictive_metric,flip,nondecreasing_with_severity,5,0.9999999999999999,1.0,0,0.0042312154507608835,1.0,1
block,dataset_model_seed_scenario,predictive,adult,rf,mean_shift,2.0,not_applicable,not_applicable_predictive_metric,flip,nondecreasing_with_severity,5,0.9999999999999999,1.0,0,0.0007506995154575868,1.0,1
block,dataset_model_seed_scenario,predictive,adult,rf,mean_shift,3.0,not_applicable,not_applicable_predictive_metric,flip,nondecreasing_with_severity,5,0.9746794344808963,1.0,0,0.0,1.0,1
block,dataset_model_seed_scenario,predictive,adult,rf,mean_shift,4.0,not_applicable,not_applicable_predictive_metric,flip,nondecreasing_with_severity,5,0.9999999999999999,1.0,0,0.001979116904388123,1.0,1
block,dataset_model_seed_scenario,predictive,bank-marketing,hgb,mean_shift,0.0,not_applicable,not_applicable_predictive_metric,flip,nondecreasing_with_severity,5,0.9999999999999999,1.0,0,0.0342081981716308,1.0,1
block,dataset_model_seed_scenario,predictive,bank-marketing,hgb,mean_shift,1.0,not_applicable,not_applicable_predictive_metric,flip,nondecreasing_with_severity,5,0.9999999999999999,1.0,0,0.034650545561781196,1.0,1
block,dataset_model_seed_scenario,predictive,bank-marketing,hgb,mean_shift,2.0,not_applicable,not_applicable_predictive_metric,flip,nondecreasing_with_severity,5,0.9999999999999999,1.0,0,0.0397375405485108,1.0,1
block,dataset_model_seed_scenario,predictive,bank-marketing,hgb,mean_shift,3.0,not_applicable,not_applicable_predictive_metric,flip,nondecreasing_with_severity,5,0.9999999999999999,1.0,0,0.0293423768799764,1.0,1
block,dataset_model_seed_scenario,predictive,bank-marketing,hgb,mean_shift,4.0,not_applicable,not_applicable_predictive_metric,flip,nondecreasing_with_severity,5,0.9999999999999999,1.0,0,0.028383957534650603,1.0,1
block,dataset_model_seed_scenario,predictive,bank-marketing,logreg,mean_shift,0.0,not_applicable,not_applicable_predictive_metric,flip,nondecreasing_with_severity,5,0.9999999999999999,1.0,0,0.016809200825715097,1.0,1
block,dataset_model_seed_scenario,predictive,bank-marketing,logreg,mean_shift,1.0,not_applicable,not_applicable_predictive_metric,flip,nondecreasing_with_severity,5,0.9999999999999999,1.0,0,0.015482158655263898,1.0,1
block,dataset_model_seed_scenario,predictive,bank-marketing,logreg,mean_shift,2.0,not_applicable,not_applicable_predictive_metric,flip,nondecreasing_with_severity,5,0.9999999999999999,1.0,0,0.013639044529637299,1.0,1
block,dataset_model_seed_scenario,predictive,bank-marketing,logreg,mean_shift,3.0,not_applicable,not_applicable_predictive_metric,flip,nondecreasing_with_severity,5,0.9999999999999999,1.0,0,0.0147449130050133,1.0,1
block,dataset_model_seed_scenario,predictive,bank-marketing,logreg,mean_shift,4.0,not_applicable,not_applicable_predictive_metric,flip,nondecreasing_with_severity,5,0.9999999999999999,1.0,0,0.014450014744913002,1.0,1
block,dataset_model_seed_scenario,predictive,bank-marketing,rf,mean_shift,0.0,not_applicable,not_applicable_predictive_metric,flip,nondecreasing_with_severity,5,0.9999999999999999,1.0,0,0.013344146269537002,1.0,1
block,dataset_model_seed_scenario,predictive,bank-marketing,rf,mean_shift,1.0,not_applicable,not_applicable_predictive_metric,flip,nondecreasing_with_severity,5,0.9999999999999999,1.0,0,0.0092155706281333,1.0,1
block,dataset_model_seed_scenario,predictive,bank-marketing,rf,mean_shift,2.0,not_applicable,not_applicable_predictive_metric,flip,nondecreasing_with_severity,5,0.9999999999999999,1.0,0,0.0082571512828075,1.0,1
block,dataset_model_seed_scenario,predictive,bank-marketing,rf,mean_shift,3.0,not_applicable,not_applicable_predictive_metric,flip,nondecreasing_with_severity,5,0.9999999999999999,1.0,0,0.015482158655263898,1.0,1
block,dataset_model_seed_scenario,predictive,bank-marketing,rf,mean_shift,4.0,not_applicable,not_applicable_predictive_metric,flip,nondecreasing_with_severity,5,0.9999999999999999,1.0,0,0.010616337363609599,1.0,1
block,dataset_model_seed_scenario,predictive,electricity,hgb,mean_shift,0.0,not_applicable,not_applicable_predictive_metric,flip,nondecreasing_with_severity,5,0.9999999999999999,1.0,0,0.007723995880535517,1.0,1
block,dataset_model_seed_scenario,predictive,electricity,hgb,mean_shift,1.0,not_applicable,not_applicable_predictive_metric,flip,nondecreasing_with_severity,5,0.9999999999999999,1.0,0,0.012284831543327934,1.0,1
block,dataset_model_seed_scenario,predictive,electricity,hgb,mean_shift,2.0,not_applicable,not_applicable_predictive_metric,flip,nondecreasing_with_severity,5,0.9999999999999999,1.0,0,0.004487273797263547,1.0,1
block,dataset_model_seed_scenario,predictive,electricity,hgb,mean_shift,3.0,not_applicable,not_applicable_predictive_metric,flip,nondecreasing_with_severity,5,0.9999999999999999,1.0,0,0.011622774753567766,1.0,1
block,dataset_model_seed_scenario,predictive,electricity,hgb,mean_shift,4.0,not_applicable,not_applicable_predictive_metric,flip,nondecreasing_with_severity,5,0.9999999999999999,1.0,0,0.010298661174047319,1.0,1
block,dataset_model_seed_scenario,predictive,electricity,logreg,mean_shift,0.0,not_applicable,not_applicable_predictive_metric,flip,nondecreasing_with_severity,5,0.9999999999999999,1.0,0,7.356186552887056e-05,1.0,1
block,dataset_model_seed_scenario,predictive,electricity,logreg,mean_shift,1.0,not_applicable,not_applicable_predictive_metric,flip,nondecreasing_with_severity,5,0.9999999999999999,1.0,0,0.0019126085037516338,1.0,1
block,dataset_model_seed_scenario,predictive,electricity,logreg,mean_shift,2.0,not_applicable,not_applicable_predictive_metric,flip,nondecreasing_with_severity,5,0.9999999999999999,1.0,0,0.0013241135795204473,1.0,1
block,dataset_model_seed_scenario,predictive,electricity,logreg,mean_shift,3.0,not_applicable,not_applicable_predictive_metric,flip,nondecreasing_with_severity,5,0.9999999999999999,1.0,0,0.0038252170075033787,1.0,1
block,dataset_model_seed_scenario,predictive,electricity,logreg,mean_shift,4.0,not_applicable,not_applicable_predictive_metric,flip,nondecreasing_with_severity,5,0.9999999999999999,1.0,0,0.0027953508900985247,1.0,1
block,dataset_model_seed_scenario,predictive,electricity,rf,mean_shift,0.0,not_applicable,not_applicable_predictive_metric,flip,nondecreasing_with_severity,5,0.9999999999999999,1.0,0,0.001029866117404743,1.0,1
block,dataset_model_seed_scenario,predictive,electricity,rf,mean_shift,1.0,not_applicable,not_applicable_predictive_metric,flip,nondecreasing_with_severity,5,0.9999999999999999,1.0,0,0.00478152125937914,1.0,1
block,dataset_model_seed_scenario,predictive,electricity,rf,mean_shift,2.0,not_applicable,not_applicable_predictive_metric,flip,nondecreasing_with_severity,5,0.9999999999999999,1.0,0,0.001029866117404743,1.0,1
block,dataset_model_seed_scenario,predictive,electricity,rf,mean_shift,3.0,not_applicable,not_applicable_predictive_metric,flip,nondecreasing_with_severity,5,0.9999999999999999,1.0,0,0.024937472414300443,1.0,1
block,dataset_model_seed_scenario,predictive,electricity,rf,mean_shift,4.0,not_applicable,not_applicable_predictive_metric,flip,nondecreasing_with_severity,5,0.9999999999999999,1.0,0,0.0011034279829336135,1.0,1
block,dataset_model_seed_scenario,predictive,adult,hgb,missing,0.0,not_applicable,not_applicable_predictive_metric,flip,nondecreasing_with_severity,5,0.9999999999999999,1.0,0,0.013853818330717305,1.0,1
block,dataset_model_seed_scenario,predictive,adult,hgb,missing,1.0,not_applicable,not_applicable_predictive_metric,flip,nondecreasing_with_severity,5,0.9999999999999999,1.0,0,0.010032075342933197,1.0,1
block,dataset_model_seed_scenario,predictive,adult,hgb,missing,2.0,not_applicable,not_applicable_predictive_metric,flip,nondecreasing_with_severity,5,0.9999999999999999,1.0,0,0.012215928478809798,1.0,1
block,dataset_model_seed_scenario,predictive,adult,hgb,missing,3.0,not_applicable,not_applicable_predictive_metric,flip,nondecreasing_with_severity,5,0.9999999999999999,1.0,0,0.011738210605336807,1.0,1
block,dataset_model_seed_scenario,predictive,adult,hgb,missing,4.0,not_applicable,not_applicable_predictive_metric,flip,nondecreasing_with_severity,5,0.9999999999999999,1.0,0,0.012215928478809798,1.0,1
block,dataset_model_seed_scenario,predictive,adult,logreg,missing,0.0,not_applicable,not_applicable_predictive_metric,flip,nondecreasing_with_severity,5,0.9999999999999999,1.0,0,0.012693646352282803,1.0,1
block,dataset_model_seed_scenario,predictive,adult,logreg,missing,1.0,not_applicable,not_applicable_predictive_metric,flip,nondecreasing_with_severity,5,0.9999999999999999,1.0,0,0.012488910120794408,1.0,1
block,dataset_model_seed_scenario,predictive,adult,logreg,missing,2.0,not_applicable,not_applicable_predictive_metric,flip,nondecreasing_with_severity,5,0.9999999999999999,1.0,0,0.0131713642257558,1.0,1
block,dataset_model_seed_scenario,predictive,adult,logreg,missing,3.0,not_applicable,not_applicable_predictive_metric,flip,nondecreasing_with_severity,5,0.9999999999999999,1.0,0,0.015218726540640104,1.0,1
block,dataset_model_seed_scenario,predictive,adult,logreg,missing,4.0,not_applicable,not_applicable_predictive_metric,flip,nondecreasing_with_severity,5,0.9999999999999999,1.0,0,0.0116017197843446,1.0,1
block,dataset_model_seed_scenario,predictive,adult,rf,missing,0.0,not_applicable,not_applicable_predictive_metric,flip,nondecreasing_with_severity,5,0.9999999999999999,1.0,0,0.009144885006483298,1.0,1
block,dataset_model_seed_scenario,predictive,adult,rf,missing,1.0,not_applicable,not_applicable_predictive_metric,flip,nondecreasing_with_severity,5,0.9999999999999999,1.0,0,0.0079164676175527,1.0,1
block,dataset_model_seed_scenario,predictive,adult,rf,missing,2.0,not_applicable,not_applicable_predictive_metric,flip,nondecreasing_with_severity,5,0.9999999999999999,1.0,0,0.007984713028048901,1.0,1
block,dataset_model_seed_scenario,predictive,adult,rf,missing,3.0,not_applicable,not_applicable_predictive_metric,flip,nondecreasing_with_severity,5,0.9999999999999999,1.0,0,0.009213130416979402,1.0,1
block,dataset_model_seed_scenario,predictive,adult,rf,missing,4.0,not_applicable,not_applicable_predictive_metric,flip,nondecreasing_with_severity,5,0.9999999999999999,1.0,0,0.007165768102095099,1.0,1
block,dataset_model_seed_scenario,predictive,bank-marketing,hgb,missing,0.0,not_applicable,not_applicable_predictive_metric,flip,nondecreasing_with_severity,5,0.9999999999999999,1.0,0,0.011279858448835202,1.0,1
block,dataset_model_seed_scenario,predictive,bank-marketing,hgb,missing,1.0,not_applicable,not_applicable_predictive_metric,flip,nondecreasing_with_severity,5,0.9999999999999999,1.0,0,0.007372456502506702,1.0,1
block,dataset_model_seed_scenario,predictive,bank-marketing,hgb,missing,2.0,not_applicable,not_applicable_predictive_metric,flip,nondecreasing_with_severity,5,0.9999999999999999,1.0,0,0.0086994986729578,1.0,1
block,dataset_model_seed_scenario,predictive,bank-marketing,hgb,missing,3.0,not_applicable,not_applicable_predictive_metric,flip,nondecreasing_with_severity,5,0.9999999999999999,1.0,0,0.009952816278383896,1.0,1
block,dataset_model_seed_scenario,predictive,bank-marketing,hgb,missing,4.0,not_applicable,not_applicable_predictive_metric,flip,nondecreasing_with_severity,5,0.9999999999999999,1.0,0,0.009436744323208505,1.0,1
block,dataset_model_seed_scenario,predictive,bank-marketing,logreg,missing,0.0,not_applicable,not_applicable_predictive_metric,flip,nondecreasing_with_severity,5,0.9999999999999999,1.0,0,0.0037599528162783995,1.0,1
block,dataset_model_seed_scenario,predictive,bank-marketing,logreg,missing,1.0,not_applicable,not_applicable_predictive_metric,flip,nondecreasing_with_severity,5,0.9999999999999999,1.0,0,0.004865821291654401,1.0,1
block,dataset_model_seed_scenario,predictive,bank-marketing,logreg,missing,2.0,not_applicable,not_applicable_predictive_metric,flip,nondecreasing_with_severity,5,0.9999999999999999,1.0,0,0.0029489826010025994,1.0,1
block,dataset_model_seed_scenario,predictive,bank-marketing,logreg,missing,3.0,not_applicable,not_applicable_predictive_metric,flip,nondecreasing_with_severity,5,0.9999999999999999,1.0,0,0.0039074019463285,1.0,1
block,dataset_model_seed_scenario,predictive,bank-marketing,logreg,missing,4.0,not_applicable,not_applicable_predictive_metric,flip,nondecreasing_with_severity,5,0.9999999999999999,1.0,0,0.0041285756414037,1.0,1
block,dataset_model_seed_scenario,predictive,bank-marketing,rf,missing,0.0,not_applicable,not_applicable_predictive_metric,flip,nondecreasing_with_severity,5,0.9999999999999999,1.0,0,0.0022117369507520003,1.0,1
block,dataset_model_seed_scenario,predictive,bank-marketing,rf,missing,1.0,not_applicable,not_applicable_predictive_metric,flip,nondecreasing_with_severity,5,0.9999999999999999,1.0,0,0.0028752580359775997,1.0,1
block,dataset_model_seed_scenario,predictive,bank-marketing,rf,missing,2.0,not_applicable,not_applicable_predictive_metric,flip,nondecreasing_with_severity,5,0.9999999999999999,1.0,0,0.0024329106458272007,1.0,1
block,dataset_model_seed_scenario,predictive,bank-marketing,rf,missing,3.0,not_applicable,not_applicable_predictive_metric,flip,nondecreasing_with_severity,5,0.9999999999999999,1.0,0,0.000884694780300798,1.0,1
block,dataset_model_seed_scenario,predictive,bank-marketing,rf,missing,4.0,not_applicable,not_applicable_predictive_metric,flip,nondecreasing_with_severity,5,0.9999999999999999,1.0,0,0.0028015334709524976,1.0,1
block,dataset_model_seed_scenario,predictive,electricity,hgb,missing,0.0,not_applicable,not_applicable_predictive_metric,flip,nondecreasing_with_severity,5,0.9999999999999999,1.0,0,0.04318081506547006,1.0,1
block,dataset_model_seed_scenario,predictive,electricity,hgb,missing,1.0,not_applicable,not_applicable_predictive_metric,flip,nondecreasing_with_severity,5,0.9999999999999999,1.0,0,0.04281300573782548,1.0,1
block,dataset_model_seed_scenario,predictive,electricity,hgb,missing,2.0,not_applicable,not_applicable_predictive_metric,flip,nondecreasing_with_severity,5,0.9999999999999999,1.0,0,0.05024275415624546,1.0,1
block,dataset_model_seed_scenario,predictive,electricity,hgb,missing,3.0,not_applicable,not_applicable_predictive_metric,flip,nondecreasing_with_severity,5,0.9999999999999999,1.0,0,0.04958069736648521,1.0,1
block,dataset_model_seed_scenario,predictive,electricity,hgb,missing,4.0,not_applicable,not_applicable_predictive_metric,flip,nondecreasing_with_severity,5,0.9999999999999999,1.0,0,0.04340150066205678,1.0,1
block,dataset_model_seed_scenario,predictive,electricity,logreg,missing,0.0,not_applicable,not_applicable_predictive_metric,flip,nondecreasing_with_severity,5,0.9999999999999999,1.0,0,0.0306752979255554,1.0,1
block,dataset_model_seed_scenario,predictive,electricity,logreg,missing,1.0,not_applicable,not_applicable_predictive_metric,flip,nondecreasing_with_severity,5,0.9999999999999999,1.0,0,0.027806385169927894,1.0,1
block,dataset_model_seed_scenario,predictive,electricity,logreg,missing,2.0,not_applicable,not_applicable_predictive_metric,flip,nondecreasing_with_severity,5,0.9999999999999999,1.0,0,0.033323525084596184,1.0,1
block,dataset_model_seed_scenario,predictive,electricity,logreg,missing,3.0,not_applicable,not_applicable_predictive_metric,flip,nondecreasing_with_severity,5,0.9999999999999999,1.0,0,0.030086803001324103,1.0,1
block,dataset_model_seed_scenario,predictive,electricity,logreg,missing,4.0,not_applicable,not_applicable_predictive_metric,flip,nondecreasing_with_severity,5,0.9999999999999999,1.0,0,0.03369133441224069,1.0,1
block,dataset_model_seed_scenario,predictive,electricity,rf,missing,0.0,not_applicable,not_applicable_predictive_metric,flip,nondecreasing_with_severity,5,0.9999999999999999,1.0,0,0.035015447991761095,1.0,1
block,dataset_model_seed_scenario,predictive,electricity,rf,missing,1.0,not_applicable,not_applicable_predictive_metric,flip,nondecreasing_with_severity,5,0.9999999999999999,1.0,0,0.03354421068118291,1.0,1
block,dataset_model_seed_scenario,predictive,electricity,rf,missing,2.0,not_applicable,not_applicable_predictive_metric,flip,nondecreasing_with_severity,5,0.9999999999999999,1.0,0,0.034279829336472,1.0,1
block,dataset_model_seed_scenario,predictive,electricity,rf,missing,3.0,not_applicable,not_applicable_predictive_metric,flip,nondecreasing_with_severity,5,0.9999999999999999,1.0,0,0.03567750478152132,1.0,1
block,dataset_model_seed_scenario,predictive,electricity,rf,missing,4.0,not_applicable,not_applicable_predictive_metric,flip,nondecreasing_with_severity,5,0.9999999999999999,1.0,0,0.03611887597469471,1.0,1
block,dataset_model_seed_scenario,predictive,adult,hgb,noise,0.0,not_applicable,not_applicable_predictive_metric,flip,nondecreasing_with_severity,5,0.9999999999999999,1.0,0,0.023612912031665795,1.0,1
block,dataset_model_seed_scenario,predictive,adult,hgb,noise,1.0,not_applicable,not_applicable_predictive_metric,flip,nondecreasing_with_severity,5,0.9999999999999999,1.0,0,0.025319047294069502,1.0,1
block,dataset_model_seed_scenario,predictive,adult,hgb,noise,2.0,not_applicable,not_applicable_predictive_metric,flip,nondecreasing_with_severity,5,0.9999999999999999,1.0,0,0.0245683477786119,1.0,1
block,dataset_model_seed_scenario,predictive,adult,hgb,noise,3.0,not_applicable,not_applicable_predictive_metric,flip,nondecreasing_with_severity,5,0.9999999999999999,1.0,0,0.01849450624445509,1.0,1
block,dataset_model_seed_scenario,predictive,adult,hgb,noise,4.0,not_applicable,not_applicable_predictive_metric,flip,nondecreasing_with_severity,5,0.9999999999999999,1.0,0,0.0245683477786119,1.0,1
block,dataset_model_seed_scenario,predictive,adult,logreg,noise,0.0,not_applicable,not_applicable_predictive_metric,flip,nondecreasing_with_severity,5,0.9999999999999999,1.0,0,0.0380126936463523,1.0,1
block,dataset_model_seed_scenario,predictive,adult,logreg,noise,1.0,not_applicable,not_applicable_predictive_metric,flip,nondecreasing_with_severity,5,0.9999999999999999,1.0,0,0.0343274414795605,1.0,1
block,dataset_model_seed_scenario,predictive,adult,logreg,noise,2.0,not_applicable,not_applicable_predictive_metric,flip,nondecreasing_with_severity,5,0.9999999999999999,1.0,0,0.0333720057326145,1.0,1
block,dataset_model_seed_scenario,predictive,adult,logreg,noise,3.0,not_applicable,not_applicable_predictive_metric,flip,nondecreasing_with_severity,5,0.9999999999999999,1.0,0,0.0350781409950181,1.0,1
block,dataset_model_seed_scenario,predictive,adult,logreg,noise,4.0,not_applicable,not_applicable_predictive_metric,flip,nondecreasing_with_severity,5,0.9999999999999999,1.0,0,0.0332355149116222,1.0,1
block,dataset_model_seed_scenario,predictive,adult,rf,noise,0.0,not_applicable,not_applicable_predictive_metric,flip,nondecreasing_with_severity,5,0.9999999999999999,1.0,0,0.015150481130144002,1.0,1
block,dataset_model_seed_scenario,predictive,adult,rf,noise,1.0,not_applicable,not_applicable_predictive_metric,flip,nondecreasing_with_severity,5,0.9999999999999999,1.0,0,0.017675561318501398,1.0,1
block,dataset_model_seed_scenario,predictive,adult,rf,noise,2.0,not_applicable,not_applicable_predictive_metric,flip,nondecreasing_with_severity,5,0.9999999999999999,1.0,0,0.015423462772128598,1.0,1
block,dataset_model_seed_scenario,predictive,adult,rf,noise,3.0,not_applicable,not_applicable_predictive_metric,flip,nondecreasing_with_severity,5,0.9999999999999999,1.0,0,0.019040469528424198,1.0,1
block,dataset_model_seed_scenario,predictive,adult,rf,noise,4.0,not_applicable,not_applicable_predictive_metric,flip,nondecreasing_with_severity,5,0.9999999999999999,1.0,0,0.0178120521394937,1.0,1
block,dataset_model_seed_scenario,predictive,bank-marketing,hgb,noise,0.0,not_applicable,not_applicable_predictive_metric,flip,nondecreasing_with_severity,5,0.9999999999999999,1.0,0,0.019905632556767895,1.0,1
block,dataset_model_seed_scenario,predictive,bank-marketing,hgb,noise,1.0,not_applicable,not_applicable_predictive_metric,flip,nondecreasing_with_severity,5,0.9999999999999999,1.0,0,0.016514302565614803,1.0,1
block,dataset_model_seed_scenario,predictive,bank-marketing,hgb,noise,2.0,not_applicable,not_applicable_predictive_metric,flip,nondecreasing_with_severity,5,0.9999999999999999,1.0,0,0.015924506045414302,1.0,1
block,dataset_model_seed_scenario,predictive,bank-marketing,hgb,noise,3.0,not_applicable,not_applicable_predictive_metric,flip,nondecreasing_with_severity,5,0.9999999999999999,1.0,0,0.017915069301091102,1.0,1
block,dataset_model_seed_scenario,predictive,bank-marketing,hgb,noise,4.0,not_applicable,not_applicable_predictive_metric,flip,nondecreasing_with_severity,5,0.9999999999999999,1.0,0,0.017030374520790297,1.0,1
block,dataset_model_seed_scenario,predictive,bank-marketing,logreg,noise,0.0,not_applicable,not_applicable_predictive_metric,flip,nondecreasing_with_severity,5,0.9999999999999999,1.0,0,0.0050132704217045,1.0,1
block,dataset_model_seed_scenario,predictive,bank-marketing,logreg,noise,1.0,not_applicable,not_applicable_predictive_metric,flip,nondecreasing_with_severity,5,0.9999999999999999,1.0,0,0.006930109112356199,1.0,1
block,dataset_model_seed_scenario,predictive,bank-marketing,logreg,noise,2.0,not_applicable,not_applicable_predictive_metric,flip,nondecreasing_with_severity,5,0.9999999999999999,1.0,0,0.0037599528162783995,1.0,1
block,dataset_model_seed_scenario,predictive,bank-marketing,logreg,noise,3.0,not_applicable,not_applicable_predictive_metric,flip,nondecreasing_with_severity,5,0.9999999999999999,1.0,0,0.005603066941905099,1.0,1
block,dataset_model_seed_scenario,predictive,bank-marketing,logreg,noise,4.0,not_applicable,not_applicable_predictive_metric,flip,nondecreasing_with_severity,5,0.9999999999999999,1.0,0,0.0061191388970805,1.0,1
block,dataset_model_seed_scenario,predictive,bank-marketing,rf,noise,0.0,not_applicable,not_applicable_predictive_metric,flip,nondecreasing_with_severity,5,0.9999999999999999,1.0,0,0.0039811265113536,1.0,1
block,dataset_model_seed_scenario,predictive,bank-marketing,rf,noise,1.0,not_applicable,not_applicable_predictive_metric,flip,nondecreasing_with_severity,5,0.9999999999999999,1.0,0,0.005824240636980203,1.0,1
block,dataset_model_seed_scenario,predictive,bank-marketing,rf,noise,2.0,not_applicable,not_applicable_predictive_metric,flip,nondecreasing_with_severity,5,0.9999999999999999,1.0,0,0.0043497493364789,1.0,1
block,dataset_model_seed_scenario,predictive,bank-marketing,rf,noise,3.0,not_applicable,not_applicable_predictive_metric,flip,nondecreasing_with_severity,5,0.9999999999999999,1.0,0,0.0070038336773813005,1.0,1
block,dataset_model_seed_scenario,predictive,bank-marketing,rf,noise,4.0,not_applicable,not_applicable_predictive_metric,flip,nondecreasing_with_severity,5,0.9999999999999999,1.0,0,0.0044971984665290975,1.0,1
block,dataset_model_seed_scenario,predictive,electricity,hgb,noise,0.0,not_applicable,not_applicable_predictive_metric,flip,nondecreasing_with_severity,5,0.9999999999999999,1.0,0,0.017728409592467298,1.0,1
block,dataset_model_seed_scenario,predictive,electricity,hgb,noise,1.0,not_applicable,not_applicable_predictive_metric,flip,nondecreasing_with_severity,5,0.9999999999999999,1.0,0,0.005296454318081512,1.0,1
block,dataset_model_seed_scenario,predictive,electricity,hgb,noise,2.0,not_applicable,not_applicable_predictive_metric,flip,nondecreasing_with_severity,5,0.9999999999999999,1.0,0,0.024422539355598072,1.0,1
block,dataset_model_seed_scenario,predictive,electricity,hgb,noise,3.0,not_applicable,not_applicable_predictive_metric,flip,nondecreasing_with_severity,5,0.9999999999999999,1.0,0,0.022951302045019883,1.0,1
block,dataset_model_seed_scenario,predictive,electricity,hgb,noise,4.0,not_applicable,not_applicable_predictive_metric,flip,nondecreasing_with_severity,5,0.9999999999999999,1.0,0,0.02890981315286162,1.0,1
block,dataset_model_seed_scenario,predictive,electricity,logreg,noise,0.0,not_applicable,not_applicable_predictive_metric,flip,nondecreasing_with_severity,5,0.9999999999999999,1.0,0,0.04472561424157723,1.0,1
block,dataset_model_seed_scenario,predictive,electricity,logreg,noise,1.0,not_applicable,not_applicable_predictive_metric,flip,nondecreasing_with_severity,5,0.9999999999999999,1.0,0,0.0503898778873032,1.0,1
block,dataset_model_seed_scenario,predictive,electricity,logreg,noise,2.0,not_applicable,not_applicable_predictive_metric,flip,nondecreasing_with_severity,5,0.9999999999999999,1.0,0,0.044652052376048246,1.0,1
block,dataset_model_seed_scenario,predictive,electricity,logreg,noise,3.0,not_applicable,not_applicable_predictive_metric,flip,nondecreasing_with_severity,5,0.9999999999999999,1.0,0,0.04200382521700752,1.0,1
block,dataset_model_seed_scenario,predictive,electricity,logreg,noise,4.0,not_applicable,not_applicable_predictive_metric,flip,nondecreasing_with_severity,5,0.9999999999999999,1.0,0,0.048477269383551624,1.0,1
block,dataset_model_seed_scenario,predictive,electricity,rf,noise,0.0,not_applicable,not_applicable_predictive_metric,flip,nondecreasing_with_severity,5,0.9999999999999999,1.0,0,0.030160364866853084,1.0,1
block,dataset_model_seed_scenario,predictive,electricity,rf,noise,1.0,not_applicable,not_applicable_predictive_metric,flip,nondecreasing_with_severity,5,0.9999999999999999,1.0,0,0.020082389289392433,1.0,1
block,dataset_model_seed_scenario,predictive,electricity,rf,noise,2.0,not_applicable,not_applicable_predictive_metric,flip,nondecreasing_with_severity,5,0.9999999999999999,1.0,0,0.0249374724143005,1.0,1
block,dataset_model_seed_scenario,predictive,electricity,rf,noise,3.0,not_applicable,not_applicable_predictive_metric,flip,nondecreasing_with_severity,5,0.9999999999999999,1.0,0,0.040973959099602775,1.0,1
block,dataset_model_seed_scenario,predictive,electricity,rf,noise,4.0,not_applicable,not_applicable_predictive_metric,flip,nondecreasing_with_severity,5,0.9999999999999999,1.0,0,0.037148742092099396,1.0,1
block,dataset_model_seed_scenario,predictive,adult,hgb,quantize,0.0,not_applicable,not_applicable_predictive_metric,flip,nondecreasing_with_severity,5,-0.9999999999999999,0.0,4,-0.015082235719647785,0.0,1
block,dataset_model_seed_scenario,predictive,adult,hgb,quantize,1.0,not_applicable,not_applicable_predictive_metric,flip,nondecreasing_with_severity,5,-0.9999999999999999,0.0,4,-0.014263290793694094,0.0,1
block,dataset_model_seed_scenario,predictive,adult,hgb,quantize,2.0,not_applicable,not_applicable_predictive_metric,flip,nondecreasing_with_severity,5,-0.9999999999999999,0.0,4,-0.014809254077663203,0.0,1
block,dataset_model_seed_scenario,predictive,adult,hgb,quantize,3.0,not_applicable,not_applicable_predictive_metric,flip,nondecreasing_with_severity,5,-0.8999999999999998,0.0,3,-0.016105916877089982,0.0,1
block,dataset_model_seed_scenario,predictive,adult,hgb,quantize,4.0,not_applicable,not_applicable_predictive_metric,flip,nondecreasing_with_severity,5,-0.9999999999999999,0.0,4,-0.013785572920221117,0.0,1
block,dataset_model_seed_scenario,predictive,adult,logreg,quantize,0.0,not_applicable,not_applicable_predictive_metric,flip,nondecreasing_with_severity,5,-0.9999999999999999,0.0,4,-0.07131645396847058,0.0,1
block,dataset_model_seed_scenario,predictive,adult,logreg,quantize,1.0,not_applicable,not_applicable_predictive_metric,flip,nondecreasing_with_severity,5,-0.9999999999999999,0.0,4,-0.07254487135740119,0.0,1
block,dataset_model_seed_scenario,predictive,adult,logreg,quantize,2.0,not_applicable,not_applicable_predictive_metric,flip,nondecreasing_with_severity,5,-0.9999999999999999,0.0,4,-0.0659250665392753,0.0,1
block,dataset_model_seed_scenario,predictive,adult,logreg,quantize,3.0,not_applicable,not_applicable_predictive_metric,flip,nondecreasing_with_severity,5,-0.9999999999999999,0.0,4,-0.0715211901999591,0.0,1
block,dataset_model_seed_scenario,predictive,adult,logreg,quantize,4.0,not_applicable,not_applicable_predictive_metric,flip,nondecreasing_with_severity,5,-0.9999999999999999,0.0,4,-0.0690643554220979,0.0,1
block,dataset_model_seed_scenario,predictive,adult,rf,quantize,0.0,not_applicable,not_applicable_predictive_metric,flip,nondecreasing_with_severity,5,-0.8999999999999998,0.0,3,-0.0566436907117997,0.0,1
block,dataset_model_seed_scenario,predictive,adult,rf,quantize,1.0,not_applicable,not_applicable_predictive_metric,flip,nondecreasing_with_severity,5,-0.9999999999999999,0.0,4,-0.04162970040264791,0.0,1
block,dataset_model_seed_scenario,predictive,adult,rf,quantize,2.0,not_applicable,not_applicable_predictive_metric,flip,nondecreasing_with_severity,5,-0.9999999999999999,0.0,4,-0.0395140926772675,0.0,1
block,dataset_model_seed_scenario,predictive,adult,rf,quantize,3.0,not_applicable,not_applicable_predictive_metric,flip,nondecreasing_with_severity,5,-0.9999999999999999,0.0,4,-0.0447007438749744,0.0,1
block,dataset_model_seed_scenario,predictive,adult,rf,quantize,4.0,not_applicable,not_applicable_predictive_metric,flip,nondecreasing_with_severity,5,-0.9999999999999999,0.0,4,-0.0472940694738279,0.0,1
block,dataset_model_seed_scenario,predictive,bank-marketing,hgb,quantize,0.0,not_applicable,not_applicable_predictive_metric,flip,nondecreasing_with_severity,5,-0.9999999999999999,0.0,4,-0.10277204364494251,0.0,1
block,dataset_model_seed_scenario,predictive,bank-marketing,hgb,quantize,1.0,not_applicable,not_applicable_predictive_metric,flip,nondecreasing_with_severity,5,-0.9999999999999999,0.0,4,-0.03487171925685639,0.0,1
block,dataset_model_seed_scenario,predictive,bank-marketing,hgb,quantize,2.0,not_applicable,not_applicable_predictive_metric,flip,nondecreasing_with_severity,5,-0.9999999999999999,0.0,4,-0.0872898849896786,0.0,1
block,dataset_model_seed_scenario,predictive,bank-marketing,hgb,quantize,3.0,not_applicable,not_applicable_predictive_metric,flip,nondecreasing_with_severity,5,-0.9999999999999999,0.0,4,-0.0561043939840755,0.0,1
block,dataset_model_seed_scenario,predictive,bank-marketing,hgb,quantize,4.0,not_applicable,not_applicable_predictive_metric,flip,nondecreasing_with_severity,5,-0.9999999999999999,0.0,4,-0.0471099970510174,0.0,1
block,dataset_model_seed_scenario,predictive,bank-marketing,logreg,quantize,0.0,not_applicable,not_applicable_predictive_metric,flip,nondecreasing_with_severity,5,-0.9999999999999999,0.0,4,-0.019831907991742802,0.0,1
block,dataset_model_seed_scenario,predictive,bank-marketing,logreg,quantize,1.0,not_applicable,not_applicable_predictive_metric,flip,nondecreasing_with_severity,5,-0.9999999999999999,0.0,4,-0.020569153641993496,0.0,1
block,dataset_model_seed_scenario,predictive,bank-marketing,logreg,quantize,2.0,not_applicable,not_applicable_predictive_metric,flip,nondecreasing_with_severity,5,-0.9999999999999999,0.0,4,-0.0148186375700383,0.0,1
block,dataset_model_seed_scenario,predictive,bank-marketing,logreg,quantize,3.0,not_applicable,not_applicable_predictive_metric,flip,nondecreasing_with_severity,5,-0.9999999999999999,0.0,4,-0.016366853435564696,0.0,1
block,dataset_model_seed_scenario,predictive,bank-marketing,logreg,quantize,4.0,not_applicable,not_applicable_predictive_metric,flip,nondecreasing_with_severity,5,-0.9999999999999999,0.0,4,-0.0203479799469183,0.0,1
block,dataset_model_seed_scenario,predictive,bank-marketing,rf,quantize,0.0,not_applicable,not_applicable_predictive_metric,flip,nondecreasing_with_severity,5,-0.9999999999999999,0.0,4,-0.012828074314361499,0.0,1
block,dataset_model_seed_scenario,predictive,bank-marketing,rf,quantize,1.0,not_applicable,not_applicable_predictive_metric,flip,nondecreasing_with_severity,5,-0.9999999999999999,0.0,4,-0.021601297552344398,0.0,1
block,dataset_model_seed_scenario,predictive,bank-marketing,rf,quantize,2.0,not_applicable,not_applicable_predictive_metric,flip,nondecreasing_with_severity,5,-0.9999999999999999,0.0,4,-0.0098790917133589,0.0,1
block,dataset_model_seed_scenario,predictive,bank-marketing,rf,quantize,3.0,not_applicable,not_applicable_predictive_metric,flip,nondecreasing_with_severity,5,-0.9999999999999999,0.0,4,-0.008330875847832502,0.0,1
block,dataset_model_seed_scenario,predictive,bank-marketing,rf,quantize,4.0,not_applicable,not_applicable_predictive_metric,flip,nondecreasing_with_severity,5,-0.9999999999999999,0.0,4,-0.0095841934532587,0.0,1
block,dataset_model_seed_scenario,predictive,electricity,hgb,quantize,0.0,not_applicable,not_applicable_predictive_metric,flip,nondecreasing_with_severity,5,-0.9999999999999999,0.0,4,-0.1675003678093276,0.0,1
block,dataset_model_seed_scenario,predictive,electricity,hgb,quantize,1.0,not_applicable,not_applicable_predictive_metric,flip,nondecreasing_with_severity,5,-0.9999999999999999,0.0,4,-0.1544063557451817,0.0,1
block,dataset_model_seed_scenario,predictive,electricity,hgb,quantize,2.0,not_applicable,not_applicable_predictive_metric,flip,nondecreasing_with_severity,5,-0.9999999999999999,0.0,4,-0.16220391349124608,0.0,1
block,dataset_model_seed_scenario,predictive,electricity,hgb,quantize,3.0,not_applicable,not_applicable_predictive_metric,flip,nondecreasing_with_severity,5,-0.8999999999999998,0.0,3,-0.1469030454612329,0.0,1
block,dataset_model_seed_scenario,predictive,electricity,hgb,quantize,4.0,not_applicable,not_applicable_predictive_metric,flip,nondecreasing_with_severity,5,-0.9999999999999999,0.0,4,-0.12100926879505663,0.0,1
block,dataset_model_seed_scenario,predictive,electricity,logreg,quantize,0.0,not_applicable,not_applicable_predictive_metric,flip,nondecreasing_with_severity,5,-0.9999999999999999,0.0,4,-0.2543033691334412,0.0,1
block,dataset_model_seed_scenario,predictive,electricity,logreg,quantize,1.0,not_applicable,not_applicable_predictive_metric,flip,nondecreasing_with_severity,5,-0.9999999999999999,0.0,4,-0.2440782698249228,0.0,1
block,dataset_model_seed_scenario,predictive,electricity,logreg,quantize,2.0,not_applicable,not_applicable_predictive_metric,flip,nondecreasing_with_severity,5,-0.9999999999999999,0.0,4,-0.2432690893041048,0.0,1
block,dataset_model_seed_scenario,predictive,electricity,logreg,quantize,3.0,not_applicable,not_applicable_predictive_metric,flip,nondecreasing_with_severity,5,-0.9999999999999999,0.0,4,-0.2508459614535825,0.0,1
block,dataset_model_seed_scenario,predictive,electricity,logreg,quantize,4.0,not_applicable,not_applicable_predictive_metric,flip,nondecreasing_with_severity,5,-0.9999999999999999,0.0,4,-0.2150948948065323,0.0,1
block,dataset_model_seed_scenario,predictive,electricity,rf,quantize,0.0,not_applicable,not_applicable_predictive_metric,flip,nondecreasing_with_severity,5,-0.9999999999999999,0.0,4,-0.14396057084007652,0.0,1
block,dataset_model_seed_scenario,predictive,electricity,rf,quantize,1.0,not_applicable,not_applicable_predictive_metric,flip,nondecreasing_with_severity,5,-0.9999999999999999,0.0,4,-0.12682065617184057,0.0,1
block,dataset_model_seed_scenario,predictive,electricity,rf,quantize,2.0,not_applicable,not_applicable_predictive_metric,flip,nondecreasing_with_severity,5,-0.9999999999999999,0.0,4,-0.14499043695748132,0.0,1
block,dataset_model_seed_scenario,predictive,electricity,rf,quantize,3.0,not_applicable,not_applicable_predictive_metric,flip,nondecreasing_with_severity,5,-0.9999999999999999,0.0,4,-0.1229218772988083,0.0,1
block,dataset_model_seed_scenario,predictive,electricity,rf,quantize,4.0,not_applicable,not_applicable_predictive_metric,flip,nondecreasing_with_severity,5,-0.9999999999999999,0.0,4,-0.11291746358687649,0.0,1
summary,fixed_dataset_macro,explanation,all_fixed_strata,all_models_fixed_average,gradual,,lime,local_attribution,cosine_instability,nondecreasing_with_severity,5,0.9933333333333332,,3,-0.012218354733085968,0.9333333333333332,45
summary,per_dataset,explanation,adult,all_models_fixed_average,gradual,,lime,local_attribution,cosine_instability,nondecreasing_with_severity,5,0.98,,3,-0.012218354733085968,0.8,15
summary,per_dataset,explanation,bank-marketing,all_models_fixed_average,gradual,,lime,local_attribution,cosine_instability,nondecreasing_with_severity,5,0.9999999999999999,,0,0.0016406306380757352,1.0,15
summary,per_dataset,explanation,electricity,all_models_fixed_average,gradual,,lime,local_attribution,cosine_instability,nondecreasing_with_severity,5,0.9999999999999999,,0,0.0007374765032004404,1.0,15
summary,fixed_dataset_macro,explanation,all_fixed_strata,all_models_fixed_average,mean_shift,,lime,local_attribution,cosine_instability,nondecreasing_with_severity,5,0.9999999999999999,,0,1.5802900591443958e-05,1.0,45
summary,per_dataset,explanation,adult,all_models_fixed_average,mean_shift,,lime,local_attribution,cosine_instability,nondecreasing_with_severity,5,0.9999999999999999,,0,1.5802900591443958e-05,1.0,15
summary,per_dataset,explanation,bank-marketing,all_models_fixed_average,mean_shift,,lime,local_attribution,cosine_instability,nondecreasing_with_severity,5,0.9999999999999999,,0,0.001065009410432749,1.0,15
summary,per_dataset,explanation,electricity,all_models_fixed_average,mean_shift,,lime,local_attribution,cosine_instability,nondecreasing_with_severity,5,0.9999999999999999,,0,0.0007740789466106346,1.0,15
summary,fixed_dataset_macro,explanation,all_fixed_strata,all_models_fixed_average,missing,,lime,local_attribution,cosine_instability,nondecreasing_with_severity,5,0.7755555555555554,,51,-0.04028410660022419,0.15555555555555556,45
summary,per_dataset,explanation,adult,all_models_fixed_average,missing,,lime,local_attribution,cosine_instability,nondecreasing_with_severity,5,0.7866666666666666,,18,-0.011571278505343341,0.13333333333333333,15
summary,per_dataset,explanation,bank-marketing,all_models_fixed_average,missing,,lime,local_attribution,cosine_instability,nondecreasing_with_severity,5,0.7733333333333333,,16,-0.04028410660022419,0.13333333333333333,15
summary,per_dataset,explanation,electricity,all_models_fixed_average,missing,,lime,local_attribution,cosine_instability,nondecreasing_with_severity,5,0.7666666666666665,,17,-0.007010841813980373,0.2,15
summary,fixed_dataset_macro,explanation,all_fixed_strata,all_models_fixed_average,noise,,lime,local_attribution,cosine_instability,nondecreasing_with_severity,5,0.991111111111111,,4,-0.03162319118074963,0.9111111111111111,45
summary,per_dataset,explanation,adult,all_models_fixed_average,noise,,lime,local_attribution,cosine_instability,nondecreasing_with_severity,5,0.9866666666666666,,2,-0.03162319118074963,0.8666666666666667,15
summary,per_dataset,explanation,bank-marketing,all_models_fixed_average,noise,,lime,local_attribution,cosine_instability,nondecreasing_with_severity,5,0.9933333333333333,,1,-0.0009564894958068448,0.9333333333333333,15
summary,per_dataset,explanation,electricity,all_models_fixed_average,noise,,lime,local_attribution,cosine_instability,nondecreasing_with_severity,5,0.9933333333333333,,1,-0.0012643630500069891,0.9333333333333333,15
summary,fixed_dataset_macro,explanation,all_fixed_strata,all_models_fixed_average,quantize,,lime,local_attribution,cosine_instability,nondecreasing_with_severity,5,-0.9866666666666665,,174,-0.07296432049562374,0.0,45
summary,per_dataset,explanation,adult,all_models_fixed_average,quantize,,lime,local_attribution,cosine_instability,nondecreasing_with_severity,5,-0.98,,57,-0.060497041391520234,0.0,15
summary,per_dataset,explanation,bank-marketing,all_models_fixed_average,quantize,,lime,local_attribution,cosine_instability,nondecreasing_with_severity,5,-0.9933333333333333,,59,-0.07296432049562374,0.0,15
summary,per_dataset,explanation,electricity,all_models_fixed_average,quantize,,lime,local_attribution,cosine_instability,nondecreasing_with_severity,5,-0.9866666666666666,,58,-0.03146067145343556,0.0,15
summary,fixed_dataset_macro,explanation,all_fixed_strata,all_models_fixed_average,gradual,,lime,local_attribution,top5_instability,nondecreasing_with_severity,5,0.8998853536077198,,22,-0.06000000000000005,0.5555555555555555,45
summary,per_dataset,explanation,adult,all_models_fixed_average,gradual,,lime,local_attribution,top5_instability,nondecreasing_with_severity,5,0.9516452956320598,,5,-0.033333333333333326,0.6666666666666666,15
summary,per_dataset,explanation,bank-marketing,all_models_fixed_average,gradual,,lime,local_attribution,top5_instability,nondecreasing_with_severity,5,0.9296999885153887,,8,-0.053333333333333455,0.5333333333333333,15
summary,per_dataset,explanation,electricity,all_models_fixed_average,gradual,,lime,local_attribution,top5_instability,nondecreasing_with_severity,5,0.8183107766757111,,9,-0.06000000000000005,0.4666666666666667,15
summary,fixed_dataset_macro,explanation,all_fixed_strata,all_models_fixed_average,mean_shift,,lime,local_attribution,top5_instability,nondecreasing_with_severity,5,0.9314721066181586,,21,-0.039999999999999925,0.5555555555555556,45
summary,per_dataset,explanation,adult,all_models_fixed_average,mean_shift,,lime,local_attribution,top5_instability,nondecreasing_with_severity,5,0.94,,7,-0.039999999999999925,0.5333333333333333,15
summary,per_dataset,explanation,bank-marketing,all_models_fixed_average,mean_shift,,lime,local_attribution,top5_instability,nondecreasing_with_severity,5,0.9783119622987263,,3,-0.013333333333333641,0.8,15
summary,per_dataset,explanation,electricity,all_models_fixed_average,mean_shift,,lime,local_attribution,top5_instability,nondecreasing_with_severity,5,0.8761043575557499,,11,-0.039999999999999925,0.3333333333333333,15
summary,fixed_dataset_macro,explanation,all_fixed_strata,all_models_fixed_average,missing,,lime,local_attribution,top5_instability,nondecreasing_with_severity,5,0.8059278614207163,,33,-0.04666666666666641,0.3333333333333333,45
summary,per_dataset,explanation,adult,all_models_fixed_average,missing,,lime,local_attribution,top5_instability,nondecreasing_with_severity,5,0.8547363696870593,,9,-0.039999999999999925,0.4,15
summary,per_dataset,explanation,bank-marketing,all_models_fixed_average,missing,,lime,local_attribution,top5_instability,nondecreasing_with_severity,5,0.8065560399560356,,14,-0.04666666666666641,0.2,15
summary,per_dataset,explanation,electricity,all_models_fixed_average,missing,,lime,local_attribution,top5_instability,nondecreasing_with_severity,5,0.7564911746190545,,10,-0.026666666666666727,0.4,15
summary,fixed_dataset_macro,explanation,all_fixed_strata,all_models_fixed_average,noise,,lime,local_attribution,top5_instability,nondecreasing_with_severity,5,0.922381517279339,,24,-0.08666666666666678,0.5333333333333333,45
summary,per_dataset,explanation,adult,all_models_fixed_average,noise,,lime,local_attribution,top5_instability,nondecreasing_with_severity,5,0.9344163198544762,,8,-0.046666666666666745,0.6,15
summary,per_dataset,explanation,bank-marketing,all_models_fixed_average,noise,,lime,local_attribution,top5_instability,nondecreasing_with_severity,5,0.9547626978822783,,6,-0.06000000000000005,0.6666666666666666,15
summary,per_dataset,explanation,electricity,all_models_fixed_average,noise,,lime,local_attribution,top5_instability,nondecreasing_with_severity,5,0.8779655341012628,,10,-0.08666666666666678,0.3333333333333333,15
summary,fixed_dataset_macro,explanation,all_fixed_strata,all_models_fixed_average,quantize,,lime,local_attribution,top5_instability,nondecreasing_with_severity,5,-0.9107267857951425,,141,-0.1333333333333333,0.0,45
summary,per_dataset,explanation,adult,all_models_fixed_average,quantize,,lime,local_attribution,top5_instability,nondecreasing_with_severity,5,-0.9494815433268199,,51,-0.1266666666666666,0.0,15
summary,per_dataset,explanation,bank-marketing,all_models_fixed_average,quantize,,lime,local_attribution,top5_instability,nondecreasing_with_severity,5,-0.8928545039148219,,43,-0.12666666666666648,0.0,15
summary,per_dataset,explanation,electricity,all_models_fixed_average,quantize,,lime,local_attribution,top5_instability,nondecreasing_with_severity,5,-0.8898443101437861,,47,-0.1333333333333333,0.0,15
summary,fixed_dataset_macro,explanation,all_fixed_strata,all_models_fixed_average,gradual,,pi,global_grouped_predictive_importance,cosine_instability,nondecreasing_with_severity,5,0.9777777777777777,,6,-0.06742668986309941,0.888888888888889,45
summary,per_dataset,explanation,adult,all_models_fixed_average,gradual,,pi,global_grouped_predictive_importance,cosine_instability,nondecreasing_with_severity,5,0.9933333333333333,,1,-0.0005637971949600251,0.9333333333333333,15
summary,per_dataset,explanation,bank-marketing,all_models_fixed_average,gradual,,pi,global_grouped_predictive_importance,cosine_instability,nondecreasing_with_severity,5,0.9600000000000001,,4,-0.0169413944817548,0.8,15
summary,per_dataset,explanation,electricity,all_models_fixed_average,gradual,,pi,global_grouped_predictive_importance,cosine_instability,nondecreasing_with_severity,5,0.98,,1,-0.06742668986309941,0.9333333333333333,15
summary,fixed_dataset_macro,explanation,all_fixed_strata,all_models_fixed_average,mean_shift,,pi,global_grouped_predictive_importance,cosine_instability,nondecreasing_with_severity,5,0.9628690737721483,,5,-0.04386578546546005,0.8888888888888888,45
summary,per_dataset,explanation,adult,all_models_fixed_average,mean_shift,,pi,global_grouped_predictive_importance,cosine_instability,nondecreasing_with_severity,5,0.9886072213164451,,1,-0.00013566836528355886,0.9333333333333333,15
summary,per_dataset,explanation,bank-marketing,all_models_fixed_average,mean_shift,,pi,global_grouped_predictive_importance,cosine_instability,nondecreasing_with_severity,5,0.9999999999999998,,0,0.0,1.0,15
summary,per_dataset,explanation,electricity,all_models_fixed_average,mean_shift,,pi,global_grouped_predictive_importance,cosine_instability,nondecreasing_with_severity,5,0.8999999999999998,,4,-0.04386578546546005,0.7333333333333333,15
summary,fixed_dataset_macro,explanation,all_fixed_strata,all_models_fixed_average,missing,,pi,global_grouped_predictive_importance,cosine_instability,nondecreasing_with_severity,5,0.9244444444444443,,27,-0.05805424841692297,0.4444444444444444,45
summary,per_dataset,explanation,adult,all_models_fixed_average,missing,,pi,global_grouped_predictive_importance,cosine_instability,nondecreasing_with_severity,5,0.9533333333333333,,7,-0.03842271437356315,0.5333333333333333,15
summary,per_dataset,explanation,bank-marketing,all_models_fixed_average,missing,,pi,global_grouped_predictive_importance,cosine_instability,nondecreasing_with_severity,5,0.9600000000000001,,6,-0.05805424841692297,0.6666666666666666,15
summary,per_dataset,explanation,electricity,all_models_fixed_average,missing,,pi,global_grouped_predictive_importance,cosine_instability,nondecreasing_with_severity,5,0.8599999999999999,,14,-0.012176879066054247,0.13333333333333333,15
summary,fixed_dataset_macro,explanation,all_fixed_strata,all_models_fixed_average,noise,,pi,global_grouped_predictive_importance,cosine_instability,nondecreasing_with_severity,5,0.8266666666666665,,39,-0.09157751730717678,0.35555555555555557,45
summary,per_dataset,explanation,adult,all_models_fixed_average,noise,,pi,global_grouped_predictive_importance,cosine_instability,nondecreasing_with_severity,5,0.82,,13,-0.09157751730717678,0.3333333333333333,15
summary,per_dataset,explanation,bank-marketing,all_models_fixed_average,noise,,pi,global_grouped_predictive_importance,cosine_instability,nondecreasing_with_severity,5,0.8599999999999998,,13,-0.007490960446831618,0.3333333333333333,15
summary,per_dataset,explanation,electricity,all_models_fixed_average,noise,,pi,global_grouped_predictive_importance,cosine_instability,nondecreasing_with_severity,5,0.8,,13,-0.041564454023240494,0.4,15
summary,fixed_dataset_macro,explanation,all_fixed_strata,all_models_fixed_average,quantize,,pi,global_grouped_predictive_importance,cosine_instability,nondecreasing_with_severity,5,-0.9333333333333332,,161,-0.17027991529255737,0.0,45
summary,per_dataset,explanation,adult,all_models_fixed_average,quantize,,pi,global_grouped_predictive_importance,cosine_instability,nondecreasing_with_severity,5,-0.94,,51,-0.12671147022482265,0.0,15
summary,per_dataset,explanation,bank-marketing,all_models_fixed_average,quantize,,pi,global_grouped_predictive_importance,cosine_instability,nondecreasing_with_severity,5,-0.98,,57,-0.17027991529255737,0.0,15
summary,per_dataset,explanation,electricity,all_models_fixed_average,quantize,,pi,global_grouped_predictive_importance,cosine_instability,nondecreasing_with_severity,5,-0.88,,53,-0.14544076223192803,0.0,15
summary,fixed_dataset_macro,explanation,all_fixed_strata,all_models_fixed_average,gradual,,pi,global_grouped_predictive_importance,top5_instability,nondecreasing_with_severity,5,0.5785931515428197,,11,-0.4,0.8000000000000002,45
summary,per_dataset,explanation,adult,all_models_fixed_average,gradual,,pi,global_grouped_predictive_importance,top5_instability,nondecreasing_with_severity,5,0.7324760544200801,,6,-0.4,0.6666666666666666,15
summary,per_dataset,explanation,bank-marketing,all_models_fixed_average,gradual,,pi,global_grouped_predictive_importance,top5_instability,nondecreasing_with_severity,5,0.5303300858899106,,2,-0.19999999999999996,0.9333333333333333,15
summary,per_dataset,explanation,electricity,all_models_fixed_average,gradual,,pi,global_grouped_predictive_importance,top5_instability,nondecreasing_with_severity,5,0.4729733143184685,,3,-0.20000000000000007,0.8,15
summary,fixed_dataset_macro,explanation,all_fixed_strata,all_models_fixed_average,mean_shift,,pi,global_grouped_predictive_importance,top5_instability,nondecreasing_with_severity,5,0.6395332768537871,,8,-0.20000000000000007,0.8222222222222223,45
summary,per_dataset,explanation,adult,all_models_fixed_average,mean_shift,,pi,global_grouped_predictive_importance,top5_instability,nondecreasing_with_severity,5,0.7821284803083812,,3,-0.19999999999999996,0.8,15
summary,per_dataset,explanation,bank-marketing,all_models_fixed_average,mean_shift,,pi,global_grouped_predictive_importance,top5_instability,nondecreasing_with_severity,5,0.7019230114813173,,1,-0.19999999999999996,0.9333333333333333,15
summary,per_dataset,explanation,electricity,all_models_fixed_average,mean_shift,,pi,global_grouped_predictive_importance,top5_instability,nondecreasing_with_severity,5,0.4345483387716629,,4,-0.20000000000000007,0.7333333333333333,15
summary,fixed_dataset_macro,explanation,all_fixed_strata,all_models_fixed_average,missing,,pi,global_grouped_predictive_importance,top5_instability,nondecreasing_with_severity,5,0.5289188921953701,,13,-0.19999999999999996,0.7333333333333334,45
summary,per_dataset,explanation,adult,all_models_fixed_average,missing,,pi,global_grouped_predictive_importance,top5_instability,nondecreasing_with_severity,5,0.749465829262609,,2,-0.19999999999999996,0.8666666666666667,15
summary,per_dataset,explanation,bank-marketing,all_models_fixed_average,missing,,pi,global_grouped_predictive_importance,top5_instability,nondecreasing_with_severity,5,0.3770634822431313,,7,-0.19999999999999996,0.6,15
summary,per_dataset,explanation,electricity,all_models_fixed_average,missing,,pi,global_grouped_predictive_importance,top5_instability,nondecreasing_with_severity,5,0.4602273650803703,,4,-0.19999999999999996,0.7333333333333333,15
summary,fixed_dataset_macro,explanation,all_fixed_strata,all_models_fixed_average,noise,,pi,global_grouped_predictive_importance,top5_instability,nondecreasing_with_severity,5,0.5626844716749134,,18,-0.20000000000000007,0.6222222222222221,45
summary,per_dataset,explanation,adult,all_models_fixed_average,noise,,pi,global_grouped_predictive_importance,top5_instability,nondecreasing_with_severity,5,0.66678928745407,,3,-0.20000000000000007,0.8,15
summary,per_dataset,explanation,bank-marketing,all_models_fixed_average,noise,,pi,global_grouped_predictive_importance,top5_instability,nondecreasing_with_severity,5,0.5130735187154186,,4,-0.20000000000000007,0.7333333333333333,15
summary,per_dataset,explanation,electricity,all_models_fixed_average,noise,,pi,global_grouped_predictive_importance,top5_instability,nondecreasing_with_severity,5,0.5081906088552519,,11,-0.20000000000000007,0.3333333333333333,15
summary,fixed_dataset_macro,explanation,all_fixed_strata,all_models_fixed_average,quantize,,pi,global_grouped_predictive_importance,top5_instability,nondecreasing_with_severity,5,-0.5796940124304926,,36,-0.4,0.3333333333333333,45
summary,per_dataset,explanation,adult,all_models_fixed_average,quantize,,pi,global_grouped_predictive_importance,top5_instability,nondecreasing_with_severity,5,-0.6726700306497144,,15,-0.20000000000000007,0.26666666666666666,15
summary,per_dataset,explanation,bank-marketing,all_models_fixed_average,quantize,,pi,global_grouped_predictive_importance,top5_instability,nondecreasing_with_severity,5,-0.6287941871024536,,7,-0.19999999999999996,0.5333333333333333,15
summary,per_dataset,explanation,electricity,all_models_fixed_average,quantize,,pi,global_grouped_predictive_importance,top5_instability,nondecreasing_with_severity,5,-0.4376178195393097,,14,-0.4,0.2,15
summary,fixed_dataset_macro,explanation,all_fixed_strata,all_models_fixed_average,gradual,,shap,local_attribution,cosine_instability,nondecreasing_with_severity,5,0.991111111111111,,4,-0.036023067852022694,0.9111111111111111,45
summary,per_dataset,explanation,adult,all_models_fixed_average,gradual,,shap,local_attribution,cosine_instability,nondecreasing_with_severity,5,0.9733333333333332,,4,-0.036023067852022694,0.7333333333333333,15
summary,per_dataset,explanation,bank-marketing,all_models_fixed_average,gradual,,shap,local_attribution,cosine_instability,nondecreasing_with_severity,5,0.9999999999999999,,0,0.07383222934060762,1.0,15
summary,per_dataset,explanation,electricity,all_models_fixed_average,gradual,,shap,local_attribution,cosine_instability,nondecreasing_with_severity,5,0.9999999999999999,,0,0.08117940682133473,1.0,15
summary,fixed_dataset_macro,explanation,all_fixed_strata,all_models_fixed_average,mean_shift,,shap,local_attribution,cosine_instability,nondecreasing_with_severity,5,0.9933333333333332,,3,-0.017896574963177647,0.9333333333333332,45
summary,per_dataset,explanation,adult,all_models_fixed_average,mean_shift,,shap,local_attribution,cosine_instability,nondecreasing_with_severity,5,0.9999999999999999,,0,0.00713462130350373,1.0,15
summary,per_dataset,explanation,bank-marketing,all_models_fixed_average,mean_shift,,shap,local_attribution,cosine_instability,nondecreasing_with_severity,5,0.9999999999999999,,0,0.0463969642458163,1.0,15
summary,per_dataset,explanation,electricity,all_models_fixed_average,mean_shift,,shap,local_attribution,cosine_instability,nondecreasing_with_severity,5,0.98,,3,-0.017896574963177647,0.8,15
summary,fixed_dataset_macro,explanation,all_fixed_strata,all_models_fixed_average,missing,,shap,local_attribution,cosine_instability,nondecreasing_with_severity,5,0.9799999999999999,,9,-0.020641323497512798,0.8000000000000002,45
summary,per_dataset,explanation,adult,all_models_fixed_average,missing,,shap,local_attribution,cosine_instability,nondecreasing_with_severity,5,0.9866666666666666,,2,-0.0034505889864145933,0.8666666666666667,15
summary,per_dataset,explanation,bank-marketing,all_models_fixed_average,missing,,shap,local_attribution,cosine_instability,nondecreasing_with_severity,5,0.9600000000000001,,6,-0.020641323497512798,0.6,15
summary,per_dataset,explanation,electricity,all_models_fixed_average,missing,,shap,local_attribution,cosine_instability,nondecreasing_with_severity,5,0.9933333333333333,,1,-0.018580898785686695,0.9333333333333333,15
summary,fixed_dataset_macro,explanation,all_fixed_strata,all_models_fixed_average,noise,,shap,local_attribution,cosine_instability,nondecreasing_with_severity,5,0.9999999999999999,,0,0.0020117647197271937,1.0,45
summary,per_dataset,explanation,adult,all_models_fixed_average,noise,,shap,local_attribution,cosine_instability,nondecreasing_with_severity,5,0.9999999999999999,,0,0.015989300376602844,1.0,15
summary,per_dataset,explanation,bank-marketing,all_models_fixed_average,noise,,shap,local_attribution,cosine_instability,nondecreasing_with_severity,5,0.9999999999999999,,0,0.003016589444323148,1.0,15
summary,per_dataset,explanation,electricity,all_models_fixed_average,noise,,shap,local_attribution,cosine_instability,nondecreasing_with_severity,5,0.9999999999999999,,0,0.0020117647197271937,1.0,15
summary,fixed_dataset_macro,explanation,all_fixed_strata,all_models_fixed_average,quantize,,shap,local_attribution,cosine_instability,nondecreasing_with_severity,5,-0.9933333333333332,,177,-0.40739621190683273,0.0,45
summary,per_dataset,explanation,adult,all_models_fixed_average,quantize,,shap,local_attribution,cosine_instability,nondecreasing_with_severity,5,-0.98,,57,-0.2078928575703589,0.0,15
summary,per_dataset,explanation,bank-marketing,all_models_fixed_average,quantize,,shap,local_attribution,cosine_instability,nondecreasing_with_severity,5,-0.9999999999999999,,60,-0.38148750730313175,0.0,15
summary,per_dataset,explanation,electricity,all_models_fixed_average,quantize,,shap,local_attribution,cosine_instability,nondecreasing_with_severity,5,-0.9999999999999999,,60,-0.40739621190683273,0.0,15
summary,fixed_dataset_macro,explanation,all_fixed_strata,all_models_fixed_average,gradual,,shap,local_attribution,top5_instability,nondecreasing_with_severity,5,0.7467160154805658,,30,-0.04300000000000015,0.5777777777777778,45
summary,per_dataset,explanation,adult,all_models_fixed_average,gradual,,shap,local_attribution,top5_instability,nondecreasing_with_severity,5,0.8085027508096376,,9,-0.04300000000000015,0.5333333333333333,15
summary,per_dataset,explanation,bank-marketing,all_models_fixed_average,gradual,,shap,local_attribution,top5_instability,nondecreasing_with_severity,5,0.5316452956320598,,15,-0.019999999999999907,0.5333333333333333,15
summary,per_dataset,explanation,electricity,all_models_fixed_average,gradual,,shap,local_attribution,top5_instability,nondecreasing_with_severity,5,0.9,,6,-0.02100000000000002,0.6666666666666666,15
summary,fixed_dataset_macro,explanation,all_fixed_strata,all_models_fixed_average,mean_shift,,shap,local_attribution,top5_instability,nondecreasing_with_severity,5,0.6768687205162179,,36,-0.07500000000000018,0.48888888888888893,45
summary,per_dataset,explanation,adult,all_models_fixed_average,mean_shift,,shap,local_attribution,top5_instability,nondecreasing_with_severity,5,0.7999999999999997,,11,-0.07500000000000018,0.4666666666666667,15
summary,per_dataset,explanation,bank-marketing,all_models_fixed_average,mean_shift,,shap,local_attribution,top5_instability,nondecreasing_with_severity,5,0.47259672483999243,,11,-0.04899999999999993,0.6,15
summary,per_dataset,explanation,electricity,all_models_fixed_average,mean_shift,,shap,local_attribution,top5_instability,nondecreasing_with_severity,5,0.758009436708661,,14,-0.026000000000000134,0.4,15
summary,fixed_dataset_macro,explanation,all_fixed_strata,all_models_fixed_average,missing,,shap,local_attribution,top5_instability,nondecreasing_with_severity,5,0.9861039874329087,,6,-0.005999999999999894,0.888888888888889,45
summary,per_dataset,explanation,adult,all_models_fixed_average,missing,,shap,local_attribution,top5_instability,nondecreasing_with_severity,5,0.9933333333333333,,1,-0.0029999999999998916,0.9333333333333333,15
summary,per_dataset,explanation,bank-marketing,all_models_fixed_average,missing,,shap,local_attribution,top5_instability,nondecreasing_with_severity,5,0.9783119622987263,,3,-0.005999999999999894,0.8,15
summary,per_dataset,explanation,electricity,all_models_fixed_average,missing,,shap,local_attribution,top5_instability,nondecreasing_with_severity,5,0.9866666666666666,,2,-0.0020000000000000018,0.9333333333333333,15
summary,fixed_dataset_macro,explanation,all_fixed_strata,all_models_fixed_average,noise,,shap,local_attribution,top5_instability,nondecreasing_with_severity,5,0.9933333333333332,,3,-0.008000000000000007,0.9333333333333332,45
summary,per_dataset,explanation,adult,all_models_fixed_average,noise,,shap,local_attribution,top5_instability,nondecreasing_with_severity,5,0.9933333333333333,,1,-0.008000000000000007,0.9333333333333333,15
summary,per_dataset,explanation,bank-marketing,all_models_fixed_average,noise,,shap,local_attribution,top5_instability,nondecreasing_with_severity,5,0.9999999999999999,,0,0.0030000000000000027,1.0,15
summary,per_dataset,explanation,electricity,all_models_fixed_average,noise,,shap,local_attribution,top5_instability,nondecreasing_with_severity,5,0.9866666666666666,,2,-0.007000000000000006,0.8666666666666667,15
summary,fixed_dataset_macro,explanation,all_fixed_strata,all_models_fixed_average,quantize,,shap,local_attribution,top5_instability,nondecreasing_with_severity,5,-0.9355555555555554,,161,-0.17500000000000004,0.0,45
summary,per_dataset,explanation,adult,all_models_fixed_average,quantize,,shap,local_attribution,top5_instability,nondecreasing_with_severity,5,-0.9199999999999999,,52,-0.16700000000000004,0.0,15
summary,per_dataset,explanation,bank-marketing,all_models_fixed_average,quantize,,shap,local_attribution,top5_instability,nondecreasing_with_severity,5,-0.9333333333333332,,54,-0.17500000000000004,0.0,15
summary,per_dataset,explanation,electricity,all_models_fixed_average,quantize,,shap,local_attribution,top5_instability,nondecreasing_with_severity,5,-0.9533333333333333,,55,-0.11199999999999999,0.0,15
summary,fixed_dataset_macro,predictive,all_fixed_strata,all_models_fixed_average,gradual,,not_applicable,not_applicable_predictive_metric,accuracy_drop,nondecreasing_with_severity,5,0.991111111111111,,4,-0.11758684228485639,0.9111111111111111,45
summary,per_dataset,predictive,adult,all_models_fixed_average,gradual,,not_applicable,not_applicable_predictive_metric,accuracy_drop,nondecreasing_with_severity,5,0.98,,3,-0.11758684228485639,0.8,15
summary,per_dataset,predictive,bank-marketing,all_models_fixed_average,gradual,,not_applicable,not_applicable_predictive_metric,accuracy_drop,nondecreasing_with_severity,5,0.9999999999999999,,0,7.372456502507951e-05,1.0,15
summary,per_dataset,predictive,electricity,all_models_fixed_average,gradual,,not_applicable,not_applicable_predictive_metric,accuracy_drop,nondecreasing_with_severity,5,0.9933333333333333,,1,-0.0008091805208179648,0.9333333333333333,15
summary,fixed_dataset_macro,predictive,all_fixed_strata,all_models_fixed_average,mean_shift,,not_applicable,not_applicable_predictive_metric,accuracy_drop,nondecreasing_with_severity,5,0.9899857526435953,,4,-0.0011795930404010502,0.9111111111111111,45
summary,per_dataset,predictive,adult,all_models_fixed_average,mean_shift,,not_applicable,not_applicable_predictive_metric,accuracy_drop,nondecreasing_with_severity,5,0.9966239245974527,,0,0.0,1.0,15
summary,per_dataset,predictive,bank-marketing,all_models_fixed_average,mean_shift,,not_applicable,not_applicable_predictive_metric,accuracy_drop,nondecreasing_with_severity,5,0.9733333333333333,,4,-0.0011795930404010502,0.7333333333333333,15
summary,per_dataset,predictive,electricity,all_models_fixed_average,mean_shift,,not_applicable,not_applicable_predictive_metric,accuracy_drop,nondecreasing_with_severity,5,0.9999999999999999,,0,7.356186552892607e-05,1.0,15
summary,fixed_dataset_macro,predictive,all_fixed_strata,all_models_fixed_average,missing,,not_applicable,not_applicable_predictive_metric,accuracy_drop,nondecreasing_with_severity,5,0.9960897400765041,,1,-0.00036862282512528655,0.9777777777777779,45
summary,per_dataset,predictive,adult,all_models_fixed_average,missing,,not_applicable,not_applicable_predictive_metric,accuracy_drop,nondecreasing_with_severity,5,0.9999999999999999,,0,0.0008871903364499056,1.0,15
summary,per_dataset,predictive,bank-marketing,all_models_fixed_average,missing,,not_applicable,not_applicable_predictive_metric,accuracy_drop,nondecreasing_with_severity,5,0.9882692202295125,,1,-0.00036862282512528655,0.9333333333333333,15
summary,per_dataset,predictive,electricity,all_models_fixed_average,missing,,not_applicable,not_applicable_predictive_metric,accuracy_drop,nondecreasing_with_severity,5,0.9999999999999999,,0,0.01191702221568336,1.0,15
summary,fixed_dataset_macro,predictive,all_fixed_strata,all_models_fixed_average,noise,,not_applicable,not_applicable_predictive_metric,accuracy_drop,nondecreasing_with_severity,5,0.9816595429884644,,4,-0.0011795930404011612,0.9111111111111111,45
summary,per_dataset,predictive,adult,all_models_fixed_average,noise,,not_applicable,not_applicable_predictive_metric,accuracy_drop,nondecreasing_with_severity,5,0.9999999999999999,,0,0.004299460861256987,1.0,15
summary,per_dataset,predictive,bank-marketing,all_models_fixed_average,noise,,not_applicable,not_applicable_predictive_metric,accuracy_drop,nondecreasing_with_severity,5,0.944978628965393,,4,-0.0011795930404011612,0.7333333333333333,15
summary,per_dataset,predictive,electricity,all_models_fixed_average,noise,,not_applicable,not_applicable_predictive_metric,accuracy_drop,nondecreasing_with_severity,5,0.9999999999999999,,0,0.007209062821833201,1.0,15
summary,fixed_dataset_macro,predictive,all_fixed_strata,all_models_fixed_average,quantize,,not_applicable,not_applicable_predictive_metric,accuracy_drop,nondecreasing_with_severity,5,-0.919437320766242,,156,-0.14322495218478737,0.0,45
summary,per_dataset,predictive,adult,all_models_fixed_average,quantize,,not_applicable,not_applicable_predictive_metric,accuracy_drop,nondecreasing_with_severity,5,-0.9599999999999999,,54,-0.035487613457995004,0.0,15
summary,per_dataset,predictive,bank-marketing,all_models_fixed_average,quantize,,not_applicable,not_applicable_predictive_metric,accuracy_drop,nondecreasing_with_severity,5,-0.8916452956320596,,50,-0.08050722500737251,0.0,15
summary,per_dataset,predictive,electricity,all_models_fixed_average,quantize,,not_applicable,not_applicable_predictive_metric,accuracy_drop,nondecreasing_with_severity,5,-0.9066666666666665,,52,-0.14322495218478737,0.0,15
summary,fixed_dataset_macro,predictive,all_fixed_strata,all_models_fixed_average,gradual,,not_applicable,not_applicable_predictive_metric,dconf,nondecreasing_with_severity,5,0.9844444444444443,,7,-0.16886443612606883,0.9111111111111111,45
summary,per_dataset,predictive,adult,all_models_fixed_average,gradual,,not_applicable,not_applicable_predictive_metric,dconf,nondecreasing_with_severity,5,0.9599999999999999,,6,-0.16886443612606883,0.8,15
summary,per_dataset,predictive,bank-marketing,all_models_fixed_average,gradual,,not_applicable,not_applicable_predictive_metric,dconf,nondecreasing_with_severity,5,0.9999999999999999,,0,0.025095830203104713,1.0,15
summary,per_dataset,predictive,electricity,all_models_fixed_average,gradual,,not_applicable,not_applicable_predictive_metric,dconf,nondecreasing_with_severity,5,0.9933333333333333,,1,-0.004623541479787996,0.9333333333333333,15
summary,fixed_dataset_macro,predictive,all_fixed_strata,all_models_fixed_average,mean_shift,,not_applicable,not_applicable_predictive_metric,dconf,nondecreasing_with_severity,5,0.9999999999999999,,0,0.0005365281440499192,1.0,45
summary,per_dataset,predictive,adult,all_models_fixed_average,mean_shift,,not_applicable,not_applicable_predictive_metric,dconf,nondecreasing_with_severity,5,0.9999999999999999,,0,0.0005365281440499192,1.0,15
summary,per_dataset,predictive,bank-marketing,all_models_fixed_average,mean_shift,,not_applicable,not_applicable_predictive_metric,dconf,nondecreasing_with_severity,5,0.9999999999999999,,0,0.0204355990463481,1.0,15
summary,per_dataset,predictive,electricity,all_models_fixed_average,mean_shift,,not_applicable,not_applicable_predictive_metric,dconf,nondecreasing_with_severity,5,0.9999999999999999,,0,0.0036801268135981946,1.0,15
summary,fixed_dataset_macro,predictive,all_fixed_strata,all_models_fixed_average,missing,,not_applicable,not_applicable_predictive_metric,dconf,nondecreasing_with_severity,5,0.9999999999999999,,0,0.004767332684795001,1.0,45
summary,per_dataset,predictive,adult,all_models_fixed_average,missing,,not_applicable,not_applicable_predictive_metric,dconf,nondecreasing_with_severity,5,0.9999999999999999,,0,0.006532337274468801,1.0,15
summary,per_dataset,predictive,bank-marketing,all_models_fixed_average,missing,,not_applicable,not_applicable_predictive_metric,dconf,nondecreasing_with_severity,5,0.9999999999999999,,0,0.004767332684795001,1.0,15
summary,per_dataset,predictive,electricity,all_models_fixed_average,missing,,not_applicable,not_applicable_predictive_metric,dconf,nondecreasing_with_severity,5,0.9999999999999999,,0,0.021832789446592588,1.0,15
summary,fixed_dataset_macro,predictive,all_fixed_strata,all_models_fixed_average,noise,,not_applicable,not_applicable_predictive_metric,dconf,nondecreasing_with_severity,5,0.9999999999999999,,0,0.0089810972686639,1.0,45
summary,per_dataset,predictive,adult,all_models_fixed_average,noise,,not_applicable,not_applicable_predictive_metric,dconf,nondecreasing_with_severity,5,0.9999999999999999,,0,0.014217888432072999,1.0,15
summary,per_dataset,predictive,bank-marketing,all_models_fixed_average,noise,,not_applicable,not_applicable_predictive_metric,dconf,nondecreasing_with_severity,5,0.9999999999999999,,0,0.0089810972686639,1.0,15
summary,per_dataset,predictive,electricity,all_models_fixed_average,noise,,not_applicable,not_applicable_predictive_metric,dconf,nondecreasing_with_severity,5,0.9999999999999999,,0,0.01594688388001031,1.0,15
summary,fixed_dataset_macro,predictive,all_fixed_strata,all_models_fixed_average,quantize,,not_applicable,not_applicable_predictive_metric,dconf,nondecreasing_with_severity,5,-0.9933333333333332,,177,-0.12025517142666678,0.0,45
summary,per_dataset,predictive,adult,all_models_fixed_average,quantize,,not_applicable,not_applicable_predictive_metric,dconf,nondecreasing_with_severity,5,-0.9866666666666666,,58,-0.0673375833773606,0.0,15
summary,per_dataset,predictive,bank-marketing,all_models_fixed_average,quantize,,not_applicable,not_applicable_predictive_metric,dconf,nondecreasing_with_severity,5,-0.9999999999999999,,60,-0.1137125474719099,0.0,15
summary,per_dataset,predictive,electricity,all_models_fixed_average,quantize,,not_applicable,not_applicable_predictive_metric,dconf,nondecreasing_with_severity,5,-0.9933333333333333,,59,-0.12025517142666678,0.0,15
summary,fixed_dataset_macro,predictive,all_fixed_strata,all_models_fixed_average,gradual,,not_applicable,not_applicable_predictive_metric,ece_increase,nondecreasing_with_severity,5,0.9844444444444443,,7,-0.211965106156757,0.9111111111111111,45
summary,per_dataset,predictive,adult,all_models_fixed_average,gradual,,not_applicable,not_applicable_predictive_metric,ece_increase,nondecreasing_with_severity,5,0.9599999999999999,,6,-0.211965106156757,0.8,15
summary,per_dataset,predictive,bank-marketing,all_models_fixed_average,gradual,,not_applicable,not_applicable_predictive_metric,ece_increase,nondecreasing_with_severity,5,0.9999999999999999,,0,0.024029837437559903,1.0,15
summary,per_dataset,predictive,electricity,all_models_fixed_average,gradual,,not_applicable,not_applicable_predictive_metric,ece_increase,nondecreasing_with_severity,5,0.9933333333333333,,1,-0.01087518373291152,0.9333333333333333,15
summary,fixed_dataset_macro,predictive,all_fixed_strata,all_models_fixed_average,mean_shift,,not_applicable,not_applicable_predictive_metric,ece_increase,nondecreasing_with_severity,5,0.9977777777777778,,1,-0.000877275252168852,0.9777777777777779,45
summary,per_dataset,predictive,adult,all_models_fixed_average,mean_shift,,not_applicable,not_applicable_predictive_metric,ece_increase,nondecreasing_with_severity,5,0.9933333333333333,,1,-0.000877275252168852,0.9333333333333333,15
summary,per_dataset,predictive,bank-marketing,all_models_fixed_average,mean_shift,,not_applicable,not_applicable_predictive_metric,ece_increase,nondecreasing_with_severity,5,0.9999999999999999,,0,0.0095198709540745,1.0,15
summary,per_dataset,predictive,electricity,all_models_fixed_average,mean_shift,,not_applicable,not_applicable_predictive_metric,ece_increase,nondecreasing_with_severity,5,0.9999999999999999,,0,0.002154334633102717,1.0,15
summary,fixed_dataset_macro,predictive,all_fixed_strata,all_models_fixed_average,missing,,not_applicable,not_applicable_predictive_metric,ece_increase,nondecreasing_with_severity,5,0.4866666666666666,,51,-0.013643227127976498,0.48888888888888893,45
summary,per_dataset,predictive,adult,all_models_fixed_average,missing,,not_applicable,not_applicable_predictive_metric,ece_increase,nondecreasing_with_severity,5,0.8666666666666667,,10,-0.002058365366407598,0.4666666666666667,15
summary,per_dataset,predictive,bank-marketing,all_models_fixed_average,missing,,not_applicable,not_applicable_predictive_metric,ece_increase,nondecreasing_with_severity,5,0.1866666666666665,,25,-0.0048561135096852025,0.3333333333333333,15
summary,per_dataset,predictive,electricity,all_models_fixed_average,missing,,not_applicable,not_applicable_predictive_metric,ece_increase,nondecreasing_with_severity,5,0.40666666666666645,,16,-0.013643227127976498,0.6666666666666666,15
summary,fixed_dataset_macro,predictive,all_fixed_strata,all_models_fixed_average,noise,,not_applicable,not_applicable_predictive_metric,ece_increase,nondecreasing_with_severity,5,0.7955555555555555,,21,-0.0093512671290177,0.7999999999999999,45
summary,per_dataset,predictive,adult,all_models_fixed_average,noise,,not_applicable,not_applicable_predictive_metric,ece_increase,nondecreasing_with_severity,5,0.9199999999999998,,6,-0.008546398730367,0.7333333333333333,15
summary,per_dataset,predictive,bank-marketing,all_models_fixed_average,noise,,not_applicable,not_applicable_predictive_metric,ece_increase,nondecreasing_with_severity,5,0.4666666666666666,,15,-0.0093512671290177,0.6666666666666666,15
summary,per_dataset,predictive,electricity,all_models_fixed_average,noise,,not_applicable,not_applicable_predictive_metric,ece_increase,nondecreasing_with_severity,5,0.9999999999999999,,0,0.006271728084801198,1.0,15
summary,fixed_dataset_macro,predictive,all_fixed_strata,all_models_fixed_average,quantize,,not_applicable,not_applicable_predictive_metric,ece_increase,nondecreasing_with_severity,5,-0.6777777777777777,,138,-0.1317476794223027,0.022222222222222223,45
summary,per_dataset,predictive,adult,all_models_fixed_average,quantize,,not_applicable,not_applicable_predictive_metric,ece_increase,nondecreasing_with_severity,5,-0.8599999999999998,,52,-0.06245555687500541,0.0,15
summary,per_dataset,predictive,bank-marketing,all_models_fixed_average,quantize,,not_applicable,not_applicable_predictive_metric,ece_increase,nondecreasing_with_severity,5,-0.36,,41,-0.1317476794223027,0.06666666666666667,15
summary,per_dataset,predictive,electricity,all_models_fixed_average,quantize,,not_applicable,not_applicable_predictive_metric,ece_increase,nondecreasing_with_severity,5,-0.8133333333333331,,45,-0.1288345054801631,0.0,15
summary,fixed_dataset_macro,predictive,all_fixed_strata,all_models_fixed_average,gradual,,not_applicable,not_applicable_predictive_metric,flip,nondecreasing_with_severity,5,0.9933333333333332,,3,-0.16235583157032685,0.9333333333333332,45
summary,per_dataset,predictive,adult,all_models_fixed_average,gradual,,not_applicable,not_applicable_predictive_metric,flip,nondecreasing_with_severity,5,0.98,,3,-0.16235583157032685,0.8,15
summary,per_dataset,predictive,bank-marketing,all_models_fixed_average,gradual,,not_applicable,not_applicable_predictive_metric,flip,nondecreasing_with_severity,5,0.9999999999999999,,0,0.013639044529637299,1.0,15
summary,per_dataset,predictive,electricity,all_models_fixed_average,gradual,,not_applicable,not_applicable_predictive_metric,flip,nondecreasing_with_severity,5,0.9999999999999999,,0,0.0012505517139914657,1.0,15
summary,fixed_dataset_macro,predictive,all_fixed_strata,all_models_fixed_average,mean_shift,,not_applicable,not_applicable_predictive_metric,flip,nondecreasing_with_severity,5,0.9988746415324842,,0,0.0,1.0,45
summary,per_dataset,predictive,adult,all_models_fixed_average,mean_shift,,not_applicable,not_applicable_predictive_metric,flip,nondecreasing_with_severity,5,0.9966239245974527,,0,0.0,1.0,15
summary,per_dataset,predictive,bank-marketing,all_models_fixed_average,mean_shift,,not_applicable,not_applicable_predictive_metric,flip,nondecreasing_with_severity,5,0.9999999999999999,,0,0.0082571512828075,1.0,15
summary,per_dataset,predictive,electricity,all_models_fixed_average,mean_shift,,not_applicable,not_applicable_predictive_metric,flip,nondecreasing_with_severity,5,0.9999999999999999,,0,7.356186552887056e-05,1.0,15
summary,fixed_dataset_macro,predictive,all_fixed_strata,all_models_fixed_average,missing,,not_applicable,not_applicable_predictive_metric,flip,nondecreasing_with_severity,5,0.9999999999999999,,0,0.000884694780300798,1.0,45
summary,per_dataset,predictive,adult,all_models_fixed_average,missing,,not_applicable,not_applicable_predictive_metric,flip,nondecreasing_with_severity,5,0.9999999999999999,,0,0.007165768102095099,1.0,15
summary,per_dataset,predictive,bank-marketing,all_models_fixed_average,missing,,not_applicable,not_applicable_predictive_metric,flip,nondecreasing_with_severity,5,0.9999999999999999,,0,0.000884694780300798,1.0,15
summary,per_dataset,predictive,electricity,all_models_fixed_average,missing,,not_applicable,not_applicable_predictive_metric,flip,nondecreasing_with_severity,5,0.9999999999999999,,0,0.027806385169927894,1.0,15
summary,fixed_dataset_macro,predictive,all_fixed_strata,all_models_fixed_average,noise,,not_applicable,not_applicable_predictive_metric,flip,nondecreasing_with_severity,5,0.9999999999999999,,0,0.0037599528162783995,1.0,45
summary,per_dataset,predictive,adult,all_models_fixed_average,noise,,not_applicable,not_applicable_predictive_metric,flip,nondecreasing_with_severity,5,0.9999999999999999,,0,0.015150481130144002,1.0,15
summary,per_dataset,predictive,bank-marketing,all_models_fixed_average,noise,,not_applicable,not_applicable_predictive_metric,flip,nondecreasing_with_severity,5,0.9999999999999999,,0,0.0037599528162783995,1.0,15
summary,per_dataset,predictive,electricity,all_models_fixed_average,noise,,not_applicable,not_applicable_predictive_metric,flip,nondecreasing_with_severity,5,0.9999999999999999,,0,0.005296454318081512,1.0,15
summary,fixed_dataset_macro,predictive,all_fixed_strata,all_models_fixed_average,quantize,,not_applicable,not_applicable_predictive_metric,flip,nondecreasing_with_severity,5,-0.9933333333333332,,177,-0.2543033691334412,0.0,45
summary,per_dataset,predictive,adult,all_models_fixed_average,quantize,,not_applicable,not_applicable_predictive_metric,flip,nondecreasing_with_severity,5,-0.9866666666666666,,58,-0.07254487135740119,0.0,15
summary,per_dataset,predictive,bank-marketing,all_models_fixed_average,quantize,,not_applicable,not_applicable_predictive_metric,flip,nondecreasing_with_severity,5,-0.9999999999999999,,60,-0.10277204364494251,0.0,15
summary,per_dataset,predictive,electricity,all_models_fixed_average,quantize,,not_applicable,not_applicable_predictive_metric,flip,nondecreasing_with_severity,5,-0.9933333333333333,,59,-0.2543033691334412,0.0,15
