record_type,scope,dataset,model,seed,method,method_estimand,predictor,explanation_endpoint,rho,correlation_status,estimate,ci_low_95,ci_high_95,n_conditions,n_seed_clusters,bootstrap_replicates,replicate_unit
block,within_dataset_model_seed,adult,hgb,0.0,lime,local_attribution,accuracy_drop,cosine_instability,0.9721100391402382,ok,0.9721100391402382,,,25,1,0,single_seed_block
block,within_dataset_model_seed,adult,hgb,1.0,lime,local_attribution,accuracy_drop,cosine_instability,0.9671090773243209,ok,0.9671090773243209,,,25,1,0,single_seed_block
block,within_dataset_model_seed,adult,hgb,2.0,lime,local_attribution,accuracy_drop,cosine_instability,0.9676923076923077,ok,0.9676923076923077,,,25,1,0,single_seed_block
block,within_dataset_model_seed,adult,hgb,3.0,lime,local_attribution,accuracy_drop,cosine_instability,0.9628774942493139,ok,0.9628774942493139,,,25,1,0,single_seed_block
block,within_dataset_model_seed,adult,hgb,4.0,lime,local_attribution,accuracy_drop,cosine_instability,0.9561538461538461,ok,0.9561538461538461,,,25,1,0,single_seed_block
block,within_dataset_model_seed,adult,logreg,0.0,lime,local_attribution,accuracy_drop,cosine_instability,0.9861538461538462,ok,0.9861538461538462,,,25,1,0,single_seed_block
block,within_dataset_model_seed,adult,logreg,1.0,lime,local_attribution,accuracy_drop,cosine_instability,0.8315384615384616,ok,0.8315384615384616,,,25,1,0,single_seed_block
block,within_dataset_model_seed,adult,logreg,2.0,lime,local_attribution,accuracy_drop,cosine_instability,0.9655703198425002,ok,0.9655703198425002,,,25,1,0,single_seed_block
block,within_dataset_model_seed,adult,logreg,3.0,lime,local_attribution,accuracy_drop,cosine_instability,0.9923076923076923,ok,0.9923076923076923,,,25,1,0,single_seed_block
block,within_dataset_model_seed,adult,logreg,4.0,lime,local_attribution,accuracy_drop,cosine_instability,0.9732641072516037,ok,0.9732641072516037,,,25,1,0,single_seed_block
block,within_dataset_model_seed,adult,rf,0.0,lime,local_attribution,accuracy_drop,cosine_instability,0.8969230769230769,ok,0.8969230769230769,,,25,1,0,single_seed_block
block,within_dataset_model_seed,adult,rf,1.0,lime,local_attribution,accuracy_drop,cosine_instability,0.8530769230769231,ok,0.8530769230769231,,,25,1,0,single_seed_block
block,within_dataset_model_seed,adult,rf,2.0,lime,local_attribution,accuracy_drop,cosine_instability,0.8746153846153846,ok,0.8746153846153846,,,25,1,0,single_seed_block
block,within_dataset_model_seed,adult,rf,3.0,lime,local_attribution,accuracy_drop,cosine_instability,0.8767070752673537,ok,0.8767070752673537,,,25,1,0,single_seed_block
block,within_dataset_model_seed,adult,rf,4.0,lime,local_attribution,accuracy_drop,cosine_instability,0.9117138079787751,ok,0.9117138079787751,,,25,1,0,single_seed_block
block,within_dataset_model_seed,bank-marketing,hgb,0.0,lime,local_attribution,accuracy_drop,cosine_instability,0.9105597398674097,ok,0.9105597398674097,,,25,1,0,single_seed_block
block,within_dataset_model_seed,bank-marketing,hgb,1.0,lime,local_attribution,accuracy_drop,cosine_instability,0.9461538461538461,ok,0.9461538461538461,,,25,1,0,single_seed_block
block,within_dataset_model_seed,bank-marketing,hgb,2.0,lime,local_attribution,accuracy_drop,cosine_instability,0.953076923076923,ok,0.953076923076923,,,25,1,0,single_seed_block
block,within_dataset_model_seed,bank-marketing,hgb,3.0,lime,local_attribution,accuracy_drop,cosine_instability,0.9307692307692308,ok,0.9307692307692308,,,25,1,0,single_seed_block
block,within_dataset_model_seed,bank-marketing,hgb,4.0,lime,local_attribution,accuracy_drop,cosine_instability,0.9561538461538461,ok,0.9561538461538461,,,25,1,0,single_seed_block
block,within_dataset_model_seed,bank-marketing,logreg,0.0,lime,local_attribution,accuracy_drop,cosine_instability,0.7951529287308557,ok,0.7951529287308557,,,25,1,0,single_seed_block
block,within_dataset_model_seed,bank-marketing,logreg,1.0,lime,local_attribution,accuracy_drop,cosine_instability,0.7343720081989373,ok,0.7343720081989373,,,25,1,0,single_seed_block
block,within_dataset_model_seed,bank-marketing,logreg,2.0,lime,local_attribution,accuracy_drop,cosine_instability,0.7946893761995387,ok,0.7946893761995387,,,25,1,0,single_seed_block
block,within_dataset_model_seed,bank-marketing,logreg,3.0,lime,local_attribution,accuracy_drop,cosine_instability,0.873749296625232,ok,0.873749296625232,,,25,1,0,single_seed_block
block,within_dataset_model_seed,bank-marketing,logreg,4.0,lime,local_attribution,accuracy_drop,cosine_instability,0.7537514986564021,ok,0.7537514986564021,,,25,1,0,single_seed_block
block,within_dataset_model_seed,bank-marketing,rf,0.0,lime,local_attribution,accuracy_drop,cosine_instability,0.795227333404286,ok,0.795227333404286,,,25,1,0,single_seed_block
block,within_dataset_model_seed,bank-marketing,rf,1.0,lime,local_attribution,accuracy_drop,cosine_instability,0.9297942083901686,ok,0.9297942083901686,,,25,1,0,single_seed_block
block,within_dataset_model_seed,bank-marketing,rf,2.0,lime,local_attribution,accuracy_drop,cosine_instability,0.7797653539126486,ok,0.7797653539126486,,,25,1,0,single_seed_block
block,within_dataset_model_seed,bank-marketing,rf,3.0,lime,local_attribution,accuracy_drop,cosine_instability,0.9601694884347939,ok,0.9601694884347939,,,25,1,0,single_seed_block
block,within_dataset_model_seed,bank-marketing,rf,4.0,lime,local_attribution,accuracy_drop,cosine_instability,0.8982106557141519,ok,0.8982106557141519,,,25,1,0,single_seed_block
block,within_dataset_model_seed,electricity,hgb,0.0,lime,local_attribution,accuracy_drop,cosine_instability,0.8884615384615385,ok,0.8884615384615385,,,25,1,0,single_seed_block
block,within_dataset_model_seed,electricity,hgb,1.0,lime,local_attribution,accuracy_drop,cosine_instability,0.8799999999999999,ok,0.8799999999999999,,,25,1,0,single_seed_block
block,within_dataset_model_seed,electricity,hgb,2.0,lime,local_attribution,accuracy_drop,cosine_instability,0.9023076923076924,ok,0.9023076923076924,,,25,1,0,single_seed_block
block,within_dataset_model_seed,electricity,hgb,3.0,lime,local_attribution,accuracy_drop,cosine_instability,0.87,ok,0.87,,,25,1,0,single_seed_block
block,within_dataset_model_seed,electricity,hgb,4.0,lime,local_attribution,accuracy_drop,cosine_instability,0.8615384615384615,ok,0.8615384615384615,,,25,1,0,single_seed_block
block,within_dataset_model_seed,electricity,logreg,0.0,lime,local_attribution,accuracy_drop,cosine_instability,0.96,ok,0.96,,,25,1,0,single_seed_block
block,within_dataset_model_seed,electricity,logreg,1.0,lime,local_attribution,accuracy_drop,cosine_instability,0.9700000000000001,ok,0.9700000000000001,,,25,1,0,single_seed_block
block,within_dataset_model_seed,electricity,logreg,2.0,lime,local_attribution,accuracy_drop,cosine_instability,0.9661538461538461,ok,0.9661538461538461,,,25,1,0,single_seed_block
block,within_dataset_model_seed,electricity,logreg,3.0,lime,local_attribution,accuracy_drop,cosine_instability,0.9397961320220032,ok,0.9397961320220032,,,25,1,0,single_seed_block
block,within_dataset_model_seed,electricity,logreg,4.0,lime,local_attribution,accuracy_drop,cosine_instability,0.953076923076923,ok,0.953076923076923,,,25,1,0,single_seed_block
block,within_dataset_model_seed,electricity,rf,0.0,lime,local_attribution,accuracy_drop,cosine_instability,0.9228697997219752,ok,0.9228697997219752,,,25,1,0,single_seed_block
block,within_dataset_model_seed,electricity,rf,1.0,lime,local_attribution,accuracy_drop,cosine_instability,0.9146153846153846,ok,0.9146153846153846,,,25,1,0,single_seed_block
block,within_dataset_model_seed,electricity,rf,2.0,lime,local_attribution,accuracy_drop,cosine_instability,0.9292307692307692,ok,0.9292307692307692,,,25,1,0,single_seed_block
block,within_dataset_model_seed,electricity,rf,3.0,lime,local_attribution,accuracy_drop,cosine_instability,0.9138461538461539,ok,0.9138461538461539,,,25,1,0,single_seed_block
block,within_dataset_model_seed,electricity,rf,4.0,lime,local_attribution,accuracy_drop,cosine_instability,0.9261538461538461,ok,0.9261538461538461,,,25,1,0,single_seed_block
block,within_dataset_model_seed,adult,hgb,0.0,lime,local_attribution,dconf,cosine_instability,0.9315384615384614,ok,0.9315384615384614,,,25,1,0,single_seed_block
block,within_dataset_model_seed,adult,hgb,1.0,lime,local_attribution,dconf,cosine_instability,0.9738461538461539,ok,0.9738461538461539,,,25,1,0,single_seed_block
block,within_dataset_model_seed,adult,hgb,2.0,lime,local_attribution,dconf,cosine_instability,0.9092307692307693,ok,0.9092307692307693,,,25,1,0,single_seed_block
block,within_dataset_model_seed,adult,hgb,3.0,lime,local_attribution,dconf,cosine_instability,0.9484615384615385,ok,0.9484615384615385,,,25,1,0,single_seed_block
block,within_dataset_model_seed,adult,hgb,4.0,lime,local_attribution,dconf,cosine_instability,0.8846153846153847,ok,0.8846153846153847,,,25,1,0,single_seed_block
block,within_dataset_model_seed,adult,logreg,0.0,lime,local_attribution,dconf,cosine_instability,0.9653846153846154,ok,0.9653846153846154,,,25,1,0,single_seed_block
block,within_dataset_model_seed,adult,logreg,1.0,lime,local_attribution,dconf,cosine_instability,0.8876923076923076,ok,0.8876923076923076,,,25,1,0,single_seed_block
block,within_dataset_model_seed,adult,logreg,2.0,lime,local_attribution,dconf,cosine_instability,0.9815384615384616,ok,0.9815384615384616,,,25,1,0,single_seed_block
block,within_dataset_model_seed,adult,logreg,3.0,lime,local_attribution,dconf,cosine_instability,0.9723076923076923,ok,0.9723076923076923,,,25,1,0,single_seed_block
block,within_dataset_model_seed,adult,logreg,4.0,lime,local_attribution,dconf,cosine_instability,0.9715384615384616,ok,0.9715384615384616,,,25,1,0,single_seed_block
block,within_dataset_model_seed,adult,rf,0.0,lime,local_attribution,dconf,cosine_instability,0.9438461538461539,ok,0.9438461538461539,,,25,1,0,single_seed_block
block,within_dataset_model_seed,adult,rf,1.0,lime,local_attribution,dconf,cosine_instability,0.9061538461538461,ok,0.9061538461538461,,,25,1,0,single_seed_block
block,within_dataset_model_seed,adult,rf,2.0,lime,local_attribution,dconf,cosine_instability,0.9307692307692308,ok,0.9307692307692308,,,25,1,0,single_seed_block
block,within_dataset_model_seed,adult,rf,3.0,lime,local_attribution,dconf,cosine_instability,0.94,ok,0.94,,,25,1,0,single_seed_block
block,within_dataset_model_seed,adult,rf,4.0,lime,local_attribution,dconf,cosine_instability,0.9423076923076923,ok,0.9423076923076923,,,25,1,0,single_seed_block
block,within_dataset_model_seed,bank-marketing,hgb,0.0,lime,local_attribution,dconf,cosine_instability,0.9084615384615384,ok,0.9084615384615384,,,25,1,0,single_seed_block
block,within_dataset_model_seed,bank-marketing,hgb,1.0,lime,local_attribution,dconf,cosine_instability,0.9646153846153847,ok,0.9646153846153847,,,25,1,0,single_seed_block
block,within_dataset_model_seed,bank-marketing,hgb,2.0,lime,local_attribution,dconf,cosine_instability,0.9646153846153847,ok,0.9646153846153847,,,25,1,0,single_seed_block
block,within_dataset_model_seed,bank-marketing,hgb,3.0,lime,local_attribution,dconf,cosine_instability,0.9238461538461539,ok,0.9238461538461539,,,25,1,0,single_seed_block
block,within_dataset_model_seed,bank-marketing,hgb,4.0,lime,local_attribution,dconf,cosine_instability,0.9607692307692307,ok,0.9607692307692307,,,25,1,0,single_seed_block
block,within_dataset_model_seed,bank-marketing,logreg,0.0,lime,local_attribution,dconf,cosine_instability,0.8561538461538462,ok,0.8561538461538462,,,25,1,0,single_seed_block
block,within_dataset_model_seed,bank-marketing,logreg,1.0,lime,local_attribution,dconf,cosine_instability,0.9123076923076923,ok,0.9123076923076923,,,25,1,0,single_seed_block
block,within_dataset_model_seed,bank-marketing,logreg,2.0,lime,local_attribution,dconf,cosine_instability,0.98,ok,0.98,,,25,1,0,single_seed_block
block,within_dataset_model_seed,bank-marketing,logreg,3.0,lime,local_attribution,dconf,cosine_instability,0.9484615384615385,ok,0.9484615384615385,,,25,1,0,single_seed_block
block,within_dataset_model_seed,bank-marketing,logreg,4.0,lime,local_attribution,dconf,cosine_instability,0.9376923076923077,ok,0.9376923076923077,,,25,1,0,single_seed_block
block,within_dataset_model_seed,bank-marketing,rf,0.0,lime,local_attribution,dconf,cosine_instability,0.8915384615384616,ok,0.8915384615384616,,,25,1,0,single_seed_block
block,within_dataset_model_seed,bank-marketing,rf,1.0,lime,local_attribution,dconf,cosine_instability,0.9053846153846155,ok,0.9053846153846155,,,25,1,0,single_seed_block
block,within_dataset_model_seed,bank-marketing,rf,2.0,lime,local_attribution,dconf,cosine_instability,0.8630769230769231,ok,0.8630769230769231,,,25,1,0,single_seed_block
block,within_dataset_model_seed,bank-marketing,rf,3.0,lime,local_attribution,dconf,cosine_instability,0.8615384615384615,ok,0.8615384615384615,,,25,1,0,single_seed_block
block,within_dataset_model_seed,bank-marketing,rf,4.0,lime,local_attribution,dconf,cosine_instability,0.8761538461538461,ok,0.8761538461538461,,,25,1,0,single_seed_block
block,within_dataset_model_seed,electricity,hgb,0.0,lime,local_attribution,dconf,cosine_instability,0.8892307692307693,ok,0.8892307692307693,,,25,1,0,single_seed_block
block,within_dataset_model_seed,electricity,hgb,1.0,lime,local_attribution,dconf,cosine_instability,0.8746153846153846,ok,0.8746153846153846,,,25,1,0,single_seed_block
block,within_dataset_model_seed,electricity,hgb,2.0,lime,local_attribution,dconf,cosine_instability,0.9115384615384616,ok,0.9115384615384616,,,25,1,0,single_seed_block
block,within_dataset_model_seed,electricity,hgb,3.0,lime,local_attribution,dconf,cosine_instability,0.8761538461538461,ok,0.8761538461538461,,,25,1,0,single_seed_block
block,within_dataset_model_seed,electricity,hgb,4.0,lime,local_attribution,dconf,cosine_instability,0.8538461538461539,ok,0.8538461538461539,,,25,1,0,single_seed_block
block,within_dataset_model_seed,electricity,logreg,0.0,lime,local_attribution,dconf,cosine_instability,0.9638461538461539,ok,0.9638461538461539,,,25,1,0,single_seed_block
block,within_dataset_model_seed,electricity,logreg,1.0,lime,local_attribution,dconf,cosine_instability,0.9584615384615384,ok,0.9584615384615384,,,25,1,0,single_seed_block
block,within_dataset_model_seed,electricity,logreg,2.0,lime,local_attribution,dconf,cosine_instability,0.9830769230769232,ok,0.9830769230769232,,,25,1,0,single_seed_block
block,within_dataset_model_seed,electricity,logreg,3.0,lime,local_attribution,dconf,cosine_instability,0.9684615384615385,ok,0.9684615384615385,,,25,1,0,single_seed_block
block,within_dataset_model_seed,electricity,logreg,4.0,lime,local_attribution,dconf,cosine_instability,0.9592307692307691,ok,0.9592307692307691,,,25,1,0,single_seed_block
block,within_dataset_model_seed,electricity,rf,0.0,lime,local_attribution,dconf,cosine_instability,0.9238461538461539,ok,0.9238461538461539,,,25,1,0,single_seed_block
block,within_dataset_model_seed,electricity,rf,1.0,lime,local_attribution,dconf,cosine_instability,0.9115384615384616,ok,0.9115384615384616,,,25,1,0,single_seed_block
block,within_dataset_model_seed,electricity,rf,2.0,lime,local_attribution,dconf,cosine_instability,0.9199999999999999,ok,0.9199999999999999,,,25,1,0,single_seed_block
block,within_dataset_model_seed,electricity,rf,3.0,lime,local_attribution,dconf,cosine_instability,0.9107692307692308,ok,0.9107692307692308,,,25,1,0,single_seed_block
block,within_dataset_model_seed,electricity,rf,4.0,lime,local_attribution,dconf,cosine_instability,0.9284615384615384,ok,0.9284615384615384,,,25,1,0,single_seed_block
block,within_dataset_model_seed,adult,hgb,0.0,lime,local_attribution,ece_increase,cosine_instability,0.913076923076923,ok,0.913076923076923,,,25,1,0,single_seed_block
block,within_dataset_model_seed,adult,hgb,1.0,lime,local_attribution,ece_increase,cosine_instability,0.9630769230769232,ok,0.9630769230769232,,,25,1,0,single_seed_block
block,within_dataset_model_seed,adult,hgb,2.0,lime,local_attribution,ece_increase,cosine_instability,0.9061538461538461,ok,0.9061538461538461,,,25,1,0,single_seed_block
block,within_dataset_model_seed,adult,hgb,3.0,lime,local_attribution,ece_increase,cosine_instability,0.943076923076923,ok,0.943076923076923,,,25,1,0,single_seed_block
block,within_dataset_model_seed,adult,hgb,4.0,lime,local_attribution,ece_increase,cosine_instability,0.8561538461538462,ok,0.8561538461538462,,,25,1,0,single_seed_block
block,within_dataset_model_seed,adult,logreg,0.0,lime,local_attribution,ece_increase,cosine_instability,0.9561538461538461,ok,0.9561538461538461,,,25,1,0,single_seed_block
block,within_dataset_model_seed,adult,logreg,1.0,lime,local_attribution,ece_increase,cosine_instability,0.9323076923076923,ok,0.9323076923076923,,,25,1,0,single_seed_block
block,within_dataset_model_seed,adult,logreg,2.0,lime,local_attribution,ece_increase,cosine_instability,0.9615384615384615,ok,0.9615384615384615,,,25,1,0,single_seed_block
block,within_dataset_model_seed,adult,logreg,3.0,lime,local_attribution,ece_increase,cosine_instability,0.9376923076923077,ok,0.9376923076923077,,,25,1,0,single_seed_block
block,within_dataset_model_seed,adult,logreg,4.0,lime,local_attribution,ece_increase,cosine_instability,0.9523076923076922,ok,0.9523076923076922,,,25,1,0,single_seed_block
block,within_dataset_model_seed,adult,rf,0.0,lime,local_attribution,ece_increase,cosine_instability,0.8046153846153845,ok,0.8046153846153845,,,25,1,0,single_seed_block
block,within_dataset_model_seed,adult,rf,1.0,lime,local_attribution,ece_increase,cosine_instability,0.7592307692307693,ok,0.7592307692307693,,,25,1,0,single_seed_block
block,within_dataset_model_seed,adult,rf,2.0,lime,local_attribution,ece_increase,cosine_instability,0.7507692307692307,ok,0.7507692307692307,,,25,1,0,single_seed_block
block,within_dataset_model_seed,adult,rf,3.0,lime,local_attribution,ece_increase,cosine_instability,0.8392307692307692,ok,0.8392307692307692,,,25,1,0,single_seed_block
block,within_dataset_model_seed,adult,rf,4.0,lime,local_attribution,ece_increase,cosine_instability,0.8546153846153846,ok,0.8546153846153846,,,25,1,0,single_seed_block
block,within_dataset_model_seed,bank-marketing,hgb,0.0,lime,local_attribution,ece_increase,cosine_instability,0.8784615384615384,ok,0.8784615384615384,,,25,1,0,single_seed_block
block,within_dataset_model_seed,bank-marketing,hgb,1.0,lime,local_attribution,ece_increase,cosine_instability,0.8876923076923076,ok,0.8876923076923076,,,25,1,0,single_seed_block
block,within_dataset_model_seed,bank-marketing,hgb,2.0,lime,local_attribution,ece_increase,cosine_instability,0.9253846153846155,ok,0.9253846153846155,,,25,1,0,single_seed_block
block,within_dataset_model_seed,bank-marketing,hgb,3.0,lime,local_attribution,ece_increase,cosine_instability,0.8884615384615385,ok,0.8884615384615385,,,25,1,0,single_seed_block
block,within_dataset_model_seed,bank-marketing,hgb,4.0,lime,local_attribution,ece_increase,cosine_instability,0.8846153846153847,ok,0.8846153846153847,,,25,1,0,single_seed_block
block,within_dataset_model_seed,bank-marketing,logreg,0.0,lime,local_attribution,ece_increase,cosine_instability,0.37,ok,0.37,,,25,1,0,single_seed_block
block,within_dataset_model_seed,bank-marketing,logreg,1.0,lime,local_attribution,ece_increase,cosine_instability,0.3715384615384616,ok,0.3715384615384616,,,25,1,0,single_seed_block
block,within_dataset_model_seed,bank-marketing,logreg,2.0,lime,local_attribution,ece_increase,cosine_instability,0.546923076923077,ok,0.546923076923077,,,25,1,0,single_seed_block
block,within_dataset_model_seed,bank-marketing,logreg,3.0,lime,local_attribution,ece_increase,cosine_instability,0.5538461538461539,ok,0.5538461538461539,,,25,1,0,single_seed_block
block,within_dataset_model_seed,bank-marketing,logreg,4.0,lime,local_attribution,ece_increase,cosine_instability,0.3876923076923077,ok,0.3876923076923077,,,25,1,0,single_seed_block
block,within_dataset_model_seed,bank-marketing,rf,0.0,lime,local_attribution,ece_increase,cosine_instability,0.6992307692307692,ok,0.6992307692307692,,,25,1,0,single_seed_block
block,within_dataset_model_seed,bank-marketing,rf,1.0,lime,local_attribution,ece_increase,cosine_instability,0.726153846153846,ok,0.726153846153846,,,25,1,0,single_seed_block
block,within_dataset_model_seed,bank-marketing,rf,2.0,lime,local_attribution,ece_increase,cosine_instability,0.7061538461538461,ok,0.7061538461538461,,,25,1,0,single_seed_block
block,within_dataset_model_seed,bank-marketing,rf,3.0,lime,local_attribution,ece_increase,cosine_instability,0.6953846153846154,ok,0.6953846153846154,,,25,1,0,single_seed_block
block,within_dataset_model_seed,bank-marketing,rf,4.0,lime,local_attribution,ece_increase,cosine_instability,0.6992307692307692,ok,0.6992307692307692,,,25,1,0,single_seed_block
block,within_dataset_model_seed,electricity,hgb,0.0,lime,local_attribution,ece_increase,cosine_instability,0.8461538461538461,ok,0.8461538461538461,,,25,1,0,single_seed_block
block,within_dataset_model_seed,electricity,hgb,1.0,lime,local_attribution,ece_increase,cosine_instability,0.8623076923076922,ok,0.8623076923076922,,,25,1,0,single_seed_block
block,within_dataset_model_seed,electricity,hgb,2.0,lime,local_attribution,ece_increase,cosine_instability,0.8723076923076923,ok,0.8723076923076923,,,25,1,0,single_seed_block
block,within_dataset_model_seed,electricity,hgb,3.0,lime,local_attribution,ece_increase,cosine_instability,0.8561538461538462,ok,0.8561538461538462,,,25,1,0,single_seed_block
block,within_dataset_model_seed,electricity,hgb,4.0,lime,local_attribution,ece_increase,cosine_instability,0.8353846153846154,ok,0.8353846153846154,,,25,1,0,single_seed_block
block,within_dataset_model_seed,electricity,logreg,0.0,lime,local_attribution,ece_increase,cosine_instability,0.9476923076923076,ok,0.9476923076923076,,,25,1,0,single_seed_block
block,within_dataset_model_seed,electricity,logreg,1.0,lime,local_attribution,ece_increase,cosine_instability,0.9061538461538461,ok,0.9061538461538461,,,25,1,0,single_seed_block
block,within_dataset_model_seed,electricity,logreg,2.0,lime,local_attribution,ece_increase,cosine_instability,0.9407692307692307,ok,0.9407692307692307,,,25,1,0,single_seed_block
block,within_dataset_model_seed,electricity,logreg,3.0,lime,local_attribution,ece_increase,cosine_instability,0.9153846153846154,ok,0.9153846153846154,,,25,1,0,single_seed_block
block,within_dataset_model_seed,electricity,logreg,4.0,lime,local_attribution,ece_increase,cosine_instability,0.9138461538461539,ok,0.9138461538461539,,,25,1,0,single_seed_block
block,within_dataset_model_seed,electricity,rf,0.0,lime,local_attribution,ece_increase,cosine_instability,0.7500000000000001,ok,0.7500000000000001,,,25,1,0,single_seed_block
block,within_dataset_model_seed,electricity,rf,1.0,lime,local_attribution,ece_increase,cosine_instability,0.7769230769230768,ok,0.7769230769230768,,,25,1,0,single_seed_block
block,within_dataset_model_seed,electricity,rf,2.0,lime,local_attribution,ece_increase,cosine_instability,0.7938461538461539,ok,0.7938461538461539,,,25,1,0,single_seed_block
block,within_dataset_model_seed,electricity,rf,3.0,lime,local_attribution,ece_increase,cosine_instability,0.7669230769230769,ok,0.7669230769230769,,,25,1,0,single_seed_block
block,within_dataset_model_seed,electricity,rf,4.0,lime,local_attribution,ece_increase,cosine_instability,0.7415384615384616,ok,0.7415384615384616,,,25,1,0,single_seed_block
block,within_dataset_model_seed,adult,hgb,0.0,lime,local_attribution,flip,cosine_instability,0.9721100391402382,ok,0.9721100391402382,,,25,1,0,single_seed_block
block,within_dataset_model_seed,adult,hgb,1.0,lime,local_attribution,flip,cosine_instability,0.9709559710288728,ok,0.9709559710288728,,,25,1,0,single_seed_block
block,within_dataset_model_seed,adult,hgb,2.0,lime,local_attribution,flip,cosine_instability,0.9676923076923077,ok,0.9676923076923077,,,25,1,0,single_seed_block
block,within_dataset_model_seed,adult,hgb,3.0,lime,local_attribution,flip,cosine_instability,0.96,ok,0.96,,,25,1,0,single_seed_block
block,within_dataset_model_seed,adult,hgb,4.0,lime,local_attribution,flip,cosine_instability,0.9592307692307691,ok,0.9592307692307691,,,25,1,0,single_seed_block
block,within_dataset_model_seed,adult,logreg,0.0,lime,local_attribution,flip,cosine_instability,0.9700000000000001,ok,0.9700000000000001,,,25,1,0,single_seed_block
block,within_dataset_model_seed,adult,logreg,1.0,lime,local_attribution,flip,cosine_instability,0.8853846153846154,ok,0.8853846153846154,,,25,1,0,single_seed_block
block,within_dataset_model_seed,adult,logreg,2.0,lime,local_attribution,flip,cosine_instability,0.9784615384615385,ok,0.9784615384615385,,,25,1,0,single_seed_block
block,within_dataset_model_seed,adult,logreg,3.0,lime,local_attribution,flip,cosine_instability,0.9700000000000001,ok,0.9700000000000001,,,25,1,0,single_seed_block
block,within_dataset_model_seed,adult,logreg,4.0,lime,local_attribution,flip,cosine_instability,0.9684615384615385,ok,0.9684615384615385,,,25,1,0,single_seed_block
block,within_dataset_model_seed,adult,rf,0.0,lime,local_attribution,flip,cosine_instability,0.91,ok,0.91,,,25,1,0,single_seed_block
block,within_dataset_model_seed,adult,rf,1.0,lime,local_attribution,flip,cosine_instability,0.8769230769230769,ok,0.8769230769230769,,,25,1,0,single_seed_block
block,within_dataset_model_seed,adult,rf,2.0,lime,local_attribution,flip,cosine_instability,0.9092307692307693,ok,0.9092307692307693,,,25,1,0,single_seed_block
block,within_dataset_model_seed,adult,rf,3.0,lime,local_attribution,flip,cosine_instability,0.9267166934265271,ok,0.9267166934265271,,,25,1,0,single_seed_block
block,within_dataset_model_seed,adult,rf,4.0,lime,local_attribution,flip,cosine_instability,0.9384615384615383,ok,0.9384615384615383,,,25,1,0,single_seed_block
block,within_dataset_model_seed,bank-marketing,hgb,0.0,lime,local_attribution,flip,cosine_instability,0.9246153846153846,ok,0.9246153846153846,,,25,1,0,single_seed_block
block,within_dataset_model_seed,bank-marketing,hgb,1.0,lime,local_attribution,flip,cosine_instability,0.9615384615384615,ok,0.9615384615384615,,,25,1,0,single_seed_block
block,within_dataset_model_seed,bank-marketing,hgb,2.0,lime,local_attribution,flip,cosine_instability,0.9684615384615385,ok,0.9684615384615385,,,25,1,0,single_seed_block
block,within_dataset_model_seed,bank-marketing,hgb,3.0,lime,local_attribution,flip,cosine_instability,0.9292307692307692,ok,0.9292307692307692,,,25,1,0,single_seed_block
block,within_dataset_model_seed,bank-marketing,hgb,4.0,lime,local_attribution,flip,cosine_instability,0.9692307692307693,ok,0.9692307692307693,,,25,1,0,single_seed_block
block,within_dataset_model_seed,bank-marketing,logreg,0.0,lime,local_attribution,flip,cosine_instability,0.8553846153846153,ok,0.8553846153846153,,,25,1,0,single_seed_block
block,within_dataset_model_seed,bank-marketing,logreg,1.0,lime,local_attribution,flip,cosine_instability,0.8915384615384616,ok,0.8915384615384616,,,25,1,0,single_seed_block
block,within_dataset_model_seed,bank-marketing,logreg,2.0,lime,local_attribution,flip,cosine_instability,0.9684615384615385,ok,0.9684615384615385,,,25,1,0,single_seed_block
block,within_dataset_model_seed,bank-marketing,logreg,3.0,lime,local_attribution,flip,cosine_instability,0.9434398543672781,ok,0.9434398543672781,,,25,1,0,single_seed_block
block,within_dataset_model_seed,bank-marketing,logreg,4.0,lime,local_attribution,flip,cosine_instability,0.9176923076923077,ok,0.9176923076923077,,,25,1,0,single_seed_block
block,within_dataset_model_seed,bank-marketing,rf,0.0,lime,local_attribution,flip,cosine_instability,0.9269230769230768,ok,0.9269230769230768,,,25,1,0,single_seed_block
block,within_dataset_model_seed,bank-marketing,rf,1.0,lime,local_attribution,flip,cosine_instability,0.9611389707216399,ok,0.9611389707216399,,,25,1,0,single_seed_block
block,within_dataset_model_seed,bank-marketing,rf,2.0,lime,local_attribution,flip,cosine_instability,0.9638461538461539,ok,0.9638461538461539,,,25,1,0,single_seed_block
block,within_dataset_model_seed,bank-marketing,rf,3.0,lime,local_attribution,flip,cosine_instability,0.9215384615384615,ok,0.9215384615384615,,,25,1,0,single_seed_block
block,within_dataset_model_seed,bank-marketing,rf,4.0,lime,local_attribution,flip,cosine_instability,0.9569230769230769,ok,0.9569230769230769,,,25,1,0,single_seed_block
block,within_dataset_model_seed,electricity,hgb,0.0,lime,local_attribution,flip,cosine_instability,0.8884615384615385,ok,0.8884615384615385,,,25,1,0,single_seed_block
block,within_dataset_model_seed,electricity,hgb,1.0,lime,local_attribution,flip,cosine_instability,0.8753846153846153,ok,0.8753846153846153,,,25,1,0,single_seed_block
block,within_dataset_model_seed,electricity,hgb,2.0,lime,local_attribution,flip,cosine_instability,0.9023076923076924,ok,0.9023076923076924,,,25,1,0,single_seed_block
block,within_dataset_model_seed,electricity,hgb,3.0,lime,local_attribution,flip,cosine_instability,0.8638461538461538,ok,0.8638461538461538,,,25,1,0,single_seed_block
block,within_dataset_model_seed,electricity,hgb,4.0,lime,local_attribution,flip,cosine_instability,0.8592307692307692,ok,0.8592307692307692,,,25,1,0,single_seed_block
block,within_dataset_model_seed,electricity,logreg,0.0,lime,local_attribution,flip,cosine_instability,0.9561538461538461,ok,0.9561538461538461,,,25,1,0,single_seed_block
block,within_dataset_model_seed,electricity,logreg,1.0,lime,local_attribution,flip,cosine_instability,0.9376923076923077,ok,0.9376923076923077,,,25,1,0,single_seed_block
block,within_dataset_model_seed,electricity,logreg,2.0,lime,local_attribution,flip,cosine_instability,0.9653846153846154,ok,0.9653846153846154,,,25,1,0,single_seed_block
block,within_dataset_model_seed,electricity,logreg,3.0,lime,local_attribution,flip,cosine_instability,0.9384615384615383,ok,0.9384615384615383,,,25,1,0,single_seed_block
block,within_dataset_model_seed,electricity,logreg,4.0,lime,local_attribution,flip,cosine_instability,0.9346153846153846,ok,0.9346153846153846,,,25,1,0,single_seed_block
block,within_dataset_model_seed,electricity,rf,0.0,lime,local_attribution,flip,cosine_instability,0.9253846153846155,ok,0.9253846153846155,,,25,1,0,single_seed_block
block,within_dataset_model_seed,electricity,rf,1.0,lime,local_attribution,flip,cosine_instability,0.8946153846153846,ok,0.8946153846153846,,,25,1,0,single_seed_block
block,within_dataset_model_seed,electricity,rf,2.0,lime,local_attribution,flip,cosine_instability,0.916923076923077,ok,0.916923076923077,,,25,1,0,single_seed_block
block,within_dataset_model_seed,electricity,rf,3.0,lime,local_attribution,flip,cosine_instability,0.9023076923076924,ok,0.9023076923076924,,,25,1,0,single_seed_block
block,within_dataset_model_seed,electricity,rf,4.0,lime,local_attribution,flip,cosine_instability,0.9346153846153846,ok,0.9346153846153846,,,25,1,0,single_seed_block
block,within_dataset_model_seed,adult,hgb,0.0,lime,local_attribution,accuracy_drop,top5_instability,0.9330254732740993,ok,0.9330254732740993,,,25,1,0,single_seed_block
block,within_dataset_model_seed,adult,hgb,1.0,lime,local_attribution,accuracy_drop,top5_instability,0.9438245479030396,ok,0.9438245479030396,,,25,1,0,single_seed_block
block,within_dataset_model_seed,adult,hgb,2.0,lime,local_attribution,accuracy_drop,top5_instability,0.9489898524392172,ok,0.9489898524392172,,,25,1,0,single_seed_block
block,within_dataset_model_seed,adult,hgb,3.0,lime,local_attribution,accuracy_drop,top5_instability,0.9245285760483128,ok,0.9245285760483128,,,25,1,0,single_seed_block
block,within_dataset_model_seed,adult,hgb,4.0,lime,local_attribution,accuracy_drop,top5_instability,0.9578765324333968,ok,0.9578765324333968,,,25,1,0,single_seed_block
block,within_dataset_model_seed,adult,logreg,0.0,lime,local_attribution,accuracy_drop,top5_instability,0.9705381434418957,ok,0.9705381434418957,,,25,1,0,single_seed_block
block,within_dataset_model_seed,adult,logreg,1.0,lime,local_attribution,accuracy_drop,top5_instability,0.8687129654883029,ok,0.8687129654883029,,,25,1,0,single_seed_block
block,within_dataset_model_seed,adult,logreg,2.0,lime,local_attribution,accuracy_drop,top5_instability,0.9290422094880555,ok,0.9290422094880555,,,25,1,0,single_seed_block
block,within_dataset_model_seed,adult,logreg,3.0,lime,local_attribution,accuracy_drop,top5_instability,0.957581584165318,ok,0.957581584165318,,,25,1,0,single_seed_block
block,within_dataset_model_seed,adult,logreg,4.0,lime,local_attribution,accuracy_drop,top5_instability,0.9407010875826858,ok,0.9407010875826858,,,25,1,0,single_seed_block
block,within_dataset_model_seed,adult,rf,0.0,lime,local_attribution,accuracy_drop,top5_instability,0.8428544106672979,ok,0.8428544106672979,,,25,1,0,single_seed_block
block,within_dataset_model_seed,adult,rf,1.0,lime,local_attribution,accuracy_drop,top5_instability,0.8731476613923508,ok,0.8731476613923508,,,25,1,0,single_seed_block
block,within_dataset_model_seed,adult,rf,2.0,lime,local_attribution,accuracy_drop,top5_instability,0.8305443508127323,ok,0.8305443508127323,,,25,1,0,single_seed_block
block,within_dataset_model_seed,adult,rf,3.0,lime,local_attribution,accuracy_drop,top5_instability,0.8442734805244541,ok,0.8442734805244541,,,25,1,0,single_seed_block
block,within_dataset_model_seed,adult,rf,4.0,lime,local_attribution,accuracy_drop,top5_instability,0.8618168459821404,ok,0.8618168459821404,,,25,1,0,single_seed_block
block,within_dataset_model_seed,bank-marketing,hgb,0.0,lime,local_attribution,accuracy_drop,top5_instability,0.949971154780856,ok,0.949971154780856,,,25,1,0,single_seed_block
block,within_dataset_model_seed,bank-marketing,hgb,1.0,lime,local_attribution,accuracy_drop,top5_instability,0.9154639551434071,ok,0.9154639551434071,,,25,1,0,single_seed_block
block,within_dataset_model_seed,bank-marketing,hgb,2.0,lime,local_attribution,accuracy_drop,top5_instability,0.9172759432347435,ok,0.9172759432347435,,,25,1,0,single_seed_block
block,within_dataset_model_seed,bank-marketing,hgb,3.0,lime,local_attribution,accuracy_drop,top5_instability,0.9161216530377199,ok,0.9161216530377199,,,25,1,0,single_seed_block
block,within_dataset_model_seed,bank-marketing,hgb,4.0,lime,local_attribution,accuracy_drop,top5_instability,0.9088111484565705,ok,0.9088111484565705,,,25,1,0,single_seed_block
block,within_dataset_model_seed,bank-marketing,logreg,0.0,lime,local_attribution,accuracy_drop,top5_instability,0.6928456282589662,ok,0.6928456282589662,,,25,1,0,single_seed_block
block,within_dataset_model_seed,bank-marketing,logreg,1.0,lime,local_attribution,accuracy_drop,top5_instability,0.6896137077463718,ok,0.6896137077463718,,,25,1,0,single_seed_block
block,within_dataset_model_seed,bank-marketing,logreg,2.0,lime,local_attribution,accuracy_drop,top5_instability,0.6740027845221009,ok,0.6740027845221009,,,25,1,0,single_seed_block
block,within_dataset_model_seed,bank-marketing,logreg,3.0,lime,local_attribution,accuracy_drop,top5_instability,0.7648628332013163,ok,0.7648628332013163,,,25,1,0,single_seed_block
block,within_dataset_model_seed,bank-marketing,logreg,4.0,lime,local_attribution,accuracy_drop,top5_instability,0.5903789264910904,ok,0.5903789264910904,,,25,1,0,single_seed_block
block,within_dataset_model_seed,bank-marketing,rf,0.0,lime,local_attribution,accuracy_drop,top5_instability,0.6886320357165336,ok,0.6886320357165336,,,25,1,0,single_seed_block
block,within_dataset_model_seed,bank-marketing,rf,1.0,lime,local_attribution,accuracy_drop,top5_instability,0.8241530926876591,ok,0.8241530926876591,,,25,1,0,single_seed_block
block,within_dataset_model_seed,bank-marketing,rf,2.0,lime,local_attribution,accuracy_drop,top5_instability,0.6717368183741282,ok,0.6717368183741282,,,25,1,0,single_seed_block
block,within_dataset_model_seed,bank-marketing,rf,3.0,lime,local_attribution,accuracy_drop,top5_instability,0.8996533795365377,ok,0.8996533795365377,,,25,1,0,single_seed_block
block,within_dataset_model_seed,bank-marketing,rf,4.0,lime,local_attribution,accuracy_drop,top5_instability,0.7412398921832883,ok,0.7412398921832883,,,25,1,0,single_seed_block
block,within_dataset_model_seed,electricity,hgb,0.0,lime,local_attribution,accuracy_drop,top5_instability,0.855658452157661,ok,0.855658452157661,,,25,1,0,single_seed_block
block,within_dataset_model_seed,electricity,hgb,1.0,lime,local_attribution,accuracy_drop,top5_instability,0.9042950638101472,ok,0.9042950638101472,,,25,1,0,single_seed_block
block,within_dataset_model_seed,electricity,hgb,2.0,lime,local_attribution,accuracy_drop,top5_instability,0.9344911373435735,ok,0.9344911373435735,,,25,1,0,single_seed_block
block,within_dataset_model_seed,electricity,hgb,3.0,lime,local_attribution,accuracy_drop,top5_instability,0.9307162111188595,ok,0.9307162111188595,,,25,1,0,single_seed_block
block,within_dataset_model_seed,electricity,hgb,4.0,lime,local_attribution,accuracy_drop,top5_instability,0.9414937354825186,ok,0.9414937354825186,,,25,1,0,single_seed_block
block,within_dataset_model_seed,electricity,logreg,0.0,lime,local_attribution,accuracy_drop,top5_instability,0.8192202206307417,ok,0.8192202206307417,,,25,1,0,single_seed_block
block,within_dataset_model_seed,electricity,logreg,1.0,lime,local_attribution,accuracy_drop,top5_instability,0.9489698231903879,ok,0.9489698231903879,,,25,1,0,single_seed_block
block,within_dataset_model_seed,electricity,logreg,2.0,lime,local_attribution,accuracy_drop,top5_instability,0.8783985819051571,ok,0.8783985819051571,,,25,1,0,single_seed_block
block,within_dataset_model_seed,electricity,logreg,3.0,lime,local_attribution,accuracy_drop,top5_instability,0.8149655607703162,ok,0.8149655607703162,,,25,1,0,single_seed_block
block,within_dataset_model_seed,electricity,logreg,4.0,lime,local_attribution,accuracy_drop,top5_instability,0.8379669647295814,ok,0.8379669647295814,,,25,1,0,single_seed_block
block,within_dataset_model_seed,electricity,rf,0.0,lime,local_attribution,accuracy_drop,top5_instability,0.9197460265628962,ok,0.9197460265628962,,,25,1,0,single_seed_block
block,within_dataset_model_seed,electricity,rf,1.0,lime,local_attribution,accuracy_drop,top5_instability,0.9470850144440992,ok,0.9470850144440992,,,25,1,0,single_seed_block
block,within_dataset_model_seed,electricity,rf,2.0,lime,local_attribution,accuracy_drop,top5_instability,0.9251779359447064,ok,0.9251779359447064,,,25,1,0,single_seed_block
block,within_dataset_model_seed,electricity,rf,3.0,lime,local_attribution,accuracy_drop,top5_instability,0.8928319951619283,ok,0.8928319951619283,,,25,1,0,single_seed_block
block,within_dataset_model_seed,electricity,rf,4.0,lime,local_attribution,accuracy_drop,top5_instability,0.9491919671708468,ok,0.9491919671708468,,,25,1,0,single_seed_block
block,within_dataset_model_seed,adult,hgb,0.0,lime,local_attribution,dconf,top5_instability,0.87011752038119,ok,0.87011752038119,,,25,1,0,single_seed_block
block,within_dataset_model_seed,adult,hgb,1.0,lime,local_attribution,dconf,top5_instability,0.945951161949286,ok,0.945951161949286,,,25,1,0,single_seed_block
block,within_dataset_model_seed,adult,hgb,2.0,lime,local_attribution,dconf,top5_instability,0.908181363855624,ok,0.908181363855624,,,25,1,0,single_seed_block
block,within_dataset_model_seed,adult,hgb,3.0,lime,local_attribution,dconf,top5_instability,0.8974017630976938,ok,0.8974017630976938,,,25,1,0,single_seed_block
block,within_dataset_model_seed,adult,hgb,4.0,lime,local_attribution,dconf,top5_instability,0.8997884374946645,ok,0.8997884374946645,,,25,1,0,single_seed_block
block,within_dataset_model_seed,adult,logreg,0.0,lime,local_attribution,dconf,top5_instability,0.978240827120006,ok,0.978240827120006,,,25,1,0,single_seed_block
block,within_dataset_model_seed,adult,logreg,1.0,lime,local_attribution,dconf,top5_instability,0.9014873117228813,ok,0.9014873117228813,,,25,1,0,single_seed_block
block,within_dataset_model_seed,adult,logreg,2.0,lime,local_attribution,dconf,top5_instability,0.9635657792966129,ok,0.9635657792966129,,,25,1,0,single_seed_block
block,within_dataset_model_seed,adult,logreg,3.0,lime,local_attribution,dconf,top5_instability,0.9571959290770516,ok,0.9571959290770516,,,25,1,0,single_seed_block
block,within_dataset_model_seed,adult,logreg,4.0,lime,local_attribution,dconf,top5_instability,0.9720889969204962,ok,0.9720889969204962,,,25,1,0,single_seed_block
block,within_dataset_model_seed,adult,rf,0.0,lime,local_attribution,dconf,top5_instability,0.8917099607151058,ok,0.8917099607151058,,,25,1,0,single_seed_block
block,within_dataset_model_seed,adult,rf,1.0,lime,local_attribution,dconf,top5_instability,0.9235807935098101,ok,0.9235807935098101,,,25,1,0,single_seed_block
block,within_dataset_model_seed,adult,rf,2.0,lime,local_attribution,dconf,top5_instability,0.905174088681037,ok,0.905174088681037,,,25,1,0,single_seed_block
block,within_dataset_model_seed,adult,rf,3.0,lime,local_attribution,dconf,top5_instability,0.9287916531967774,ok,0.9287916531967774,,,25,1,0,single_seed_block
block,within_dataset_model_seed,adult,rf,4.0,lime,local_attribution,dconf,top5_instability,0.9086012674126447,ok,0.9086012674126447,,,25,1,0,single_seed_block
block,within_dataset_model_seed,bank-marketing,hgb,0.0,lime,local_attribution,dconf,top5_instability,0.9565218099335455,ok,0.9565218099335455,,,25,1,0,single_seed_block
block,within_dataset_model_seed,bank-marketing,hgb,1.0,lime,local_attribution,dconf,top5_instability,0.937031469442116,ok,0.937031469442116,,,25,1,0,single_seed_block
block,within_dataset_model_seed,bank-marketing,hgb,2.0,lime,local_attribution,dconf,top5_instability,0.9542132295394983,ok,0.9542132295394983,,,25,1,0,single_seed_block
block,within_dataset_model_seed,bank-marketing,hgb,3.0,lime,local_attribution,dconf,top5_instability,0.9280493184069637,ok,0.9280493184069637,,,25,1,0,single_seed_block
block,within_dataset_model_seed,bank-marketing,hgb,4.0,lime,local_attribution,dconf,top5_instability,0.943824617766286,ok,0.943824617766286,,,25,1,0,single_seed_block
block,within_dataset_model_seed,bank-marketing,logreg,0.0,lime,local_attribution,dconf,top5_instability,0.8150242584172831,ok,0.8150242584172831,,,25,1,0,single_seed_block
block,within_dataset_model_seed,bank-marketing,logreg,1.0,lime,local_attribution,dconf,top5_instability,0.8915096037842292,ok,0.8915096037842292,,,25,1,0,single_seed_block
block,within_dataset_model_seed,bank-marketing,logreg,2.0,lime,local_attribution,dconf,top5_instability,0.8646270039388013,ok,0.8646270039388013,,,25,1,0,single_seed_block
block,within_dataset_model_seed,bank-marketing,logreg,3.0,lime,local_attribution,dconf,top5_instability,0.891911144807193,ok,0.891911144807193,,,25,1,0,single_seed_block
block,within_dataset_model_seed,bank-marketing,logreg,4.0,lime,local_attribution,dconf,top5_instability,0.9441656067949722,ok,0.9441656067949722,,,25,1,0,single_seed_block
block,within_dataset_model_seed,bank-marketing,rf,0.0,lime,local_attribution,dconf,top5_instability,0.944166975750256,ok,0.944166975750256,,,25,1,0,single_seed_block
block,within_dataset_model_seed,bank-marketing,rf,1.0,lime,local_attribution,dconf,top5_instability,0.9077612714652968,ok,0.9077612714652968,,,25,1,0,single_seed_block
block,within_dataset_model_seed,bank-marketing,rf,2.0,lime,local_attribution,dconf,top5_instability,0.9205009075789728,ok,0.9205009075789728,,,25,1,0,single_seed_block
block,within_dataset_model_seed,bank-marketing,rf,3.0,lime,local_attribution,dconf,top5_instability,0.9489898524392172,ok,0.9489898524392172,,,25,1,0,single_seed_block
block,within_dataset_model_seed,bank-marketing,rf,4.0,lime,local_attribution,dconf,top5_instability,0.9378489151565502,ok,0.9378489151565502,,,25,1,0,single_seed_block
block,within_dataset_model_seed,electricity,hgb,0.0,lime,local_attribution,dconf,top5_instability,0.8691303576122351,ok,0.8691303576122351,,,25,1,0,single_seed_block
block,within_dataset_model_seed,electricity,hgb,1.0,lime,local_attribution,dconf,top5_instability,0.9150788209595017,ok,0.9150788209595017,,,25,1,0,single_seed_block
block,within_dataset_model_seed,electricity,hgb,2.0,lime,local_attribution,dconf,top5_instability,0.9375739947038824,ok,0.9375739947038824,,,25,1,0,single_seed_block
block,within_dataset_model_seed,electricity,hgb,3.0,lime,local_attribution,dconf,top5_instability,0.9422635586513515,ok,0.9422635586513515,,,25,1,0,single_seed_block
block,within_dataset_model_seed,electricity,hgb,4.0,lime,local_attribution,dconf,top5_instability,0.9372597080539382,ok,0.9372597080539382,,,25,1,0,single_seed_block
block,within_dataset_model_seed,electricity,logreg,0.0,lime,local_attribution,dconf,top5_instability,0.8834879695082007,ok,0.8834879695082007,,,25,1,0,single_seed_block
block,within_dataset_model_seed,electricity,logreg,1.0,lime,local_attribution,dconf,top5_instability,0.9617310310817012,ok,0.9617310310817012,,,25,1,0,single_seed_block
block,within_dataset_model_seed,electricity,logreg,2.0,lime,local_attribution,dconf,top5_instability,0.930046414276939,ok,0.930046414276939,,,25,1,0,single_seed_block
block,within_dataset_model_seed,electricity,logreg,3.0,lime,local_attribution,dconf,top5_instability,0.8273202813833708,ok,0.8273202813833708,,,25,1,0,single_seed_block
block,within_dataset_model_seed,electricity,logreg,4.0,lime,local_attribution,dconf,top5_instability,0.8743666387982416,ok,0.8743666387982416,,,25,1,0,single_seed_block
block,within_dataset_model_seed,electricity,rf,0.0,lime,local_attribution,dconf,top5_instability,0.9293824908096302,ok,0.9293824908096302,,,25,1,0,single_seed_block
block,within_dataset_model_seed,electricity,rf,1.0,lime,local_attribution,dconf,top5_instability,0.9443911521518976,ok,0.9443911521518976,,,25,1,0,single_seed_block
block,within_dataset_model_seed,electricity,rf,2.0,lime,local_attribution,dconf,top5_instability,0.9174841485356029,ok,0.9174841485356029,,,25,1,0,single_seed_block
block,within_dataset_model_seed,electricity,rf,3.0,lime,local_attribution,dconf,top5_instability,0.8928319951619283,ok,0.8928319951619283,,,25,1,0,single_seed_block
block,within_dataset_model_seed,electricity,rf,4.0,lime,local_attribution,dconf,top5_instability,0.9468824976643483,ok,0.9468824976643483,,,25,1,0,single_seed_block
block,within_dataset_model_seed,adult,hgb,0.0,lime,local_attribution,ece_increase,top5_instability,0.8466424346920026,ok,0.8466424346920026,,,25,1,0,single_seed_block
block,within_dataset_model_seed,adult,hgb,1.0,lime,local_attribution,ece_increase,top5_instability,0.9309482765015341,ok,0.9309482765015341,,,25,1,0,single_seed_block
block,within_dataset_model_seed,adult,hgb,2.0,lime,local_attribution,ece_increase,top5_instability,0.9181909931308451,ok,0.9181909931308451,,,25,1,0,single_seed_block
block,within_dataset_model_seed,adult,hgb,3.0,lime,local_attribution,ece_increase,top5_instability,0.8958618201322751,ok,0.8958618201322751,,,25,1,0,single_seed_block
block,within_dataset_model_seed,adult,hgb,4.0,lime,local_attribution,ece_increase,top5_instability,0.8897865138628299,ok,0.8897865138628299,,,25,1,0,single_seed_block
block,within_dataset_model_seed,adult,logreg,0.0,lime,local_attribution,ece_increase,top5_instability,0.9716935459936124,ok,0.9716935459936124,,,25,1,0,single_seed_block
block,within_dataset_model_seed,adult,logreg,1.0,lime,local_attribution,ece_increase,top5_instability,0.9342616579574601,ok,0.9342616579574601,,,25,1,0,single_seed_block
block,within_dataset_model_seed,adult,logreg,2.0,lime,local_attribution,ece_increase,top5_instability,0.9550830073300159,ok,0.9550830073300159,,,25,1,0,single_seed_block
block,within_dataset_model_seed,adult,logreg,3.0,lime,local_attribution,ece_increase,top5_instability,0.9213300058682821,ok,0.9213300058682821,,,25,1,0,single_seed_block
block,within_dataset_model_seed,adult,logreg,4.0,lime,local_attribution,ece_increase,top5_instability,0.9693940967310136,ok,0.9693940967310136,,,25,1,0,single_seed_block
block,within_dataset_model_seed,adult,rf,0.0,lime,local_attribution,ece_increase,top5_instability,0.735526076310303,ok,0.735526076310303,,,25,1,0,single_seed_block
block,within_dataset_model_seed,adult,rf,1.0,lime,local_attribution,ece_increase,top5_instability,0.7907607127424551,ok,0.7907607127424551,,,25,1,0,single_seed_block
block,within_dataset_model_seed,adult,rf,2.0,lime,local_attribution,ece_increase,top5_instability,0.7459126893125927,ok,0.7459126893125927,,,25,1,0,single_seed_block
block,within_dataset_model_seed,adult,rf,3.0,lime,local_attribution,ece_increase,top5_instability,0.8487300436381658,ok,0.8487300436381658,,,25,1,0,single_seed_block
block,within_dataset_model_seed,adult,rf,4.0,lime,local_attribution,ece_increase,top5_instability,0.8651146332671008,ok,0.8651146332671008,,,25,1,0,single_seed_block
block,within_dataset_model_seed,bank-marketing,hgb,0.0,lime,local_attribution,ece_increase,top5_instability,0.9145825994416884,ok,0.9145825994416884,,,25,1,0,single_seed_block
block,within_dataset_model_seed,bank-marketing,hgb,1.0,lime,local_attribution,ece_increase,top5_instability,0.856153290821958,ok,0.856153290821958,,,25,1,0,single_seed_block
block,within_dataset_model_seed,bank-marketing,hgb,2.0,lime,local_attribution,ece_increase,top5_instability,0.8761062595409023,ok,0.8761062595409023,,,25,1,0,single_seed_block
block,within_dataset_model_seed,bank-marketing,hgb,3.0,lime,local_attribution,ece_increase,top5_instability,0.8584071431865405,ok,0.8584071431865405,,,25,1,0,single_seed_block
block,within_dataset_model_seed,bank-marketing,hgb,4.0,lime,local_attribution,ece_increase,top5_instability,0.8680262281617371,ok,0.8680262281617371,,,25,1,0,single_seed_block
block,within_dataset_model_seed,bank-marketing,logreg,0.0,lime,local_attribution,ece_increase,top5_instability,0.3529571466895237,ok,0.3529571466895237,,,25,1,0,single_seed_block
block,within_dataset_model_seed,bank-marketing,logreg,1.0,lime,local_attribution,ece_increase,top5_instability,0.45221501641229017,ok,0.45221501641229017,,,25,1,0,single_seed_block
block,within_dataset_model_seed,bank-marketing,logreg,2.0,lime,local_attribution,ece_increase,top5_instability,0.5363961936067586,ok,0.5363961936067586,,,25,1,0,single_seed_block
block,within_dataset_model_seed,bank-marketing,logreg,3.0,lime,local_attribution,ece_increase,top5_instability,0.6099496423941646,ok,0.6099496423941646,,,25,1,0,single_seed_block
block,within_dataset_model_seed,bank-marketing,logreg,4.0,lime,local_attribution,ece_increase,top5_instability,0.6191376594701374,ok,0.6191376594701374,,,25,1,0,single_seed_block
block,within_dataset_model_seed,bank-marketing,rf,0.0,lime,local_attribution,ece_increase,top5_instability,0.8525227097516586,ok,0.8525227097516586,,,25,1,0,single_seed_block
block,within_dataset_model_seed,bank-marketing,rf,1.0,lime,local_attribution,ece_increase,top5_instability,0.7787413198569496,ok,0.7787413198569496,,,25,1,0,single_seed_block
block,within_dataset_model_seed,bank-marketing,rf,2.0,lime,local_attribution,ece_increase,top5_instability,0.8138598572237343,ok,0.8138598572237343,,,25,1,0,single_seed_block
block,within_dataset_model_seed,bank-marketing,rf,3.0,lime,local_attribution,ece_increase,top5_instability,0.8223295435335366,ok,0.8223295435335366,,,25,1,0,single_seed_block
block,within_dataset_model_seed,bank-marketing,rf,4.0,lime,local_attribution,ece_increase,top5_instability,0.8343276356419372,ok,0.8343276356419372,,,25,1,0,single_seed_block
block,within_dataset_model_seed,electricity,hgb,0.0,lime,local_attribution,ece_increase,top5_instability,0.8687454460278187,ok,0.8687454460278187,,,25,1,0,single_seed_block
block,within_dataset_model_seed,electricity,hgb,1.0,lime,local_attribution,ece_increase,top5_instability,0.9173896260629347,ok,0.9173896260629347,,,25,1,0,single_seed_block
block,within_dataset_model_seed,electricity,hgb,2.0,lime,local_attribution,ece_increase,top5_instability,0.9344911373435735,ok,0.9344911373435735,,,25,1,0,single_seed_block
block,within_dataset_model_seed,electricity,hgb,3.0,lime,local_attribution,ece_increase,top5_instability,0.9461126744955154,ok,0.9461126744955154,,,25,1,0,single_seed_block
block,within_dataset_model_seed,electricity,hgb,4.0,lime,local_attribution,ece_increase,top5_instability,0.9326407690409413,ok,0.9326407690409413,,,25,1,0,single_seed_block
block,within_dataset_model_seed,electricity,logreg,0.0,lime,local_attribution,ece_increase,top5_instability,0.8656788342770977,ok,0.8656788342770977,,,25,1,0,single_seed_block
block,within_dataset_model_seed,electricity,logreg,1.0,lime,local_attribution,ece_increase,top5_instability,0.9605709212733999,ok,0.9605709212733999,,,25,1,0,single_seed_block
block,within_dataset_model_seed,electricity,logreg,2.0,lime,local_attribution,ece_increase,top5_instability,0.921952350994794,ok,0.921952350994794,,,25,1,0,single_seed_block
block,within_dataset_model_seed,electricity,logreg,3.0,lime,local_attribution,ece_increase,top5_instability,0.787830986288985,ok,0.787830986288985,,,25,1,0,single_seed_block
block,within_dataset_model_seed,electricity,logreg,4.0,lime,local_attribution,ece_increase,top5_instability,0.8747538693734402,ok,0.8747538693734402,,,25,1,0,single_seed_block
block,within_dataset_model_seed,electricity,rf,0.0,lime,local_attribution,ece_increase,top5_instability,0.796998401021426,ok,0.796998401021426,,,25,1,0,single_seed_block
block,within_dataset_model_seed,electricity,rf,1.0,lime,local_attribution,ece_increase,top5_instability,0.8601117461530119,ok,0.8601117461530119,,,25,1,0,single_seed_block
block,within_dataset_model_seed,electricity,rf,2.0,lime,local_attribution,ece_increase,top5_instability,0.8266974571081804,ok,0.8266974571081804,,,25,1,0,single_seed_block
block,within_dataset_model_seed,electricity,rf,3.0,lime,local_attribution,ece_increase,top5_instability,0.7737106279317746,ok,0.7737106279317746,,,25,1,0,single_seed_block
block,within_dataset_model_seed,electricity,rf,4.0,lime,local_attribution,ece_increase,top5_instability,0.8260202601575981,ok,0.8260202601575981,,,25,1,0,single_seed_block
block,within_dataset_model_seed,adult,hgb,0.0,lime,local_attribution,flip,top5_instability,0.9303310927819711,ok,0.9303310927819711,,,25,1,0,single_seed_block
block,within_dataset_model_seed,adult,hgb,1.0,lime,local_attribution,flip,top5_instability,0.9488264717198922,ok,0.9488264717198922,,,25,1,0,single_seed_block
block,within_dataset_model_seed,adult,hgb,2.0,lime,local_attribution,flip,top5_instability,0.9528397098527637,ok,0.9528397098527637,,,25,1,0,single_seed_block
block,within_dataset_model_seed,adult,hgb,3.0,lime,local_attribution,flip,top5_instability,0.9243507649925194,ok,0.9243507649925194,,,25,1,0,single_seed_block
block,within_dataset_model_seed,adult,hgb,4.0,lime,local_attribution,flip,top5_instability,0.9590306005447622,ok,0.9590306005447622,,,25,1,0,single_seed_block
block,within_dataset_model_seed,adult,logreg,0.0,lime,local_attribution,flip,top5_instability,0.9809367664073446,ok,0.9809367664073446,,,25,1,0,single_seed_block
block,within_dataset_model_seed,adult,logreg,1.0,lime,local_attribution,flip,top5_instability,0.90264405335469,ok,0.90264405335469,,,25,1,0,single_seed_block
block,within_dataset_model_seed,adult,logreg,2.0,lime,local_attribution,flip,top5_instability,0.9620234571208679,ok,0.9620234571208679,,,25,1,0,single_seed_block
block,within_dataset_model_seed,adult,logreg,3.0,lime,local_attribution,flip,top5_instability,0.9544963434591872,ok,0.9544963434591872,,,25,1,0,single_seed_block
block,within_dataset_model_seed,adult,logreg,4.0,lime,local_attribution,flip,top5_instability,0.9697790824723683,ok,0.9697790824723683,,,25,1,0,single_seed_block
block,within_dataset_model_seed,adult,rf,0.0,lime,local_attribution,flip,top5_instability,0.8490094405945808,ok,0.8490094405945808,,,25,1,0,single_seed_block
block,within_dataset_model_seed,adult,rf,1.0,lime,local_attribution,flip,top5_instability,0.8935519056841473,ok,0.8935519056841473,,,25,1,0,single_seed_block
block,within_dataset_model_seed,adult,rf,2.0,lime,local_attribution,flip,top5_instability,0.8636276366718776,ok,0.8636276366718776,,,25,1,0,single_seed_block
block,within_dataset_model_seed,adult,rf,3.0,lime,local_attribution,flip,top5_instability,0.9070261377636176,ok,0.9070261377636176,,,25,1,0,single_seed_block
block,within_dataset_model_seed,adult,rf,4.0,lime,local_attribution,flip,top5_instability,0.903213542828241,ok,0.903213542828241,,,25,1,0,single_seed_block
block,within_dataset_model_seed,bank-marketing,hgb,0.0,lime,local_attribution,flip,top5_instability,0.9684494753027892,ok,0.9684494753027892,,,25,1,0,single_seed_block
block,within_dataset_model_seed,bank-marketing,hgb,1.0,lime,local_attribution,flip,top5_instability,0.9366463352582104,ok,0.9366463352582104,,,25,1,0,single_seed_block
block,within_dataset_model_seed,bank-marketing,hgb,2.0,lime,local_attribution,flip,top5_instability,0.952289412544459,ok,0.952289412544459,,,25,1,0,single_seed_block
block,within_dataset_model_seed,bank-marketing,hgb,3.0,lime,local_attribution,flip,top5_instability,0.9238169210178772,ok,0.9238169210178772,,,25,1,0,single_seed_block
block,within_dataset_model_seed,bank-marketing,hgb,4.0,lime,local_attribution,flip,top5_instability,0.9261255014119243,ok,0.9261255014119243,,,25,1,0,single_seed_block
block,within_dataset_model_seed,bank-marketing,logreg,0.0,lime,local_attribution,flip,top5_instability,0.8212369254657236,ok,0.8212369254657236,,,25,1,0,single_seed_block
block,within_dataset_model_seed,bank-marketing,logreg,1.0,lime,local_attribution,flip,top5_instability,0.8864197377986363,ok,0.8864197377986363,,,25,1,0,single_seed_block
block,within_dataset_model_seed,bank-marketing,logreg,2.0,lime,local_attribution,flip,top5_instability,0.8373394068803179,ok,0.8373394068803179,,,25,1,0,single_seed_block
block,within_dataset_model_seed,bank-marketing,logreg,3.0,lime,local_attribution,flip,top5_instability,0.8910936036500647,ok,0.8910936036500647,,,25,1,0,single_seed_block
block,within_dataset_model_seed,bank-marketing,logreg,4.0,lime,local_attribution,flip,top5_instability,0.923682275988532,ok,0.923682275988532,,,25,1,0,single_seed_block
block,within_dataset_model_seed,bank-marketing,rf,0.0,lime,local_attribution,flip,top5_instability,0.9330002374563092,ok,0.9330002374563092,,,25,1,0,single_seed_block
block,within_dataset_model_seed,bank-marketing,rf,1.0,lime,local_attribution,flip,top5_instability,0.9279526554658801,ok,0.9279526554658801,,,25,1,0,single_seed_block
block,within_dataset_model_seed,bank-marketing,rf,2.0,lime,local_attribution,flip,top5_instability,0.9566895672663102,ok,0.9566895672663102,,,25,1,0,single_seed_block
block,within_dataset_model_seed,bank-marketing,rf,3.0,lime,local_attribution,flip,top5_instability,0.9778637830408161,ok,0.9778637830408161,,,25,1,0,single_seed_block
block,within_dataset_model_seed,bank-marketing,rf,4.0,lime,local_attribution,flip,top5_instability,0.9694055877223431,ok,0.9694055877223431,,,25,1,0,single_seed_block
block,within_dataset_model_seed,electricity,hgb,0.0,lime,local_attribution,flip,top5_instability,0.855658452157661,ok,0.855658452157661,,,25,1,0,single_seed_block
block,within_dataset_model_seed,electricity,hgb,1.0,lime,local_attribution,flip,top5_instability,0.9081464056492023,ok,0.9081464056492023,,,25,1,0,single_seed_block
block,within_dataset_model_seed,electricity,hgb,2.0,lime,local_attribution,flip,top5_instability,0.9344911373435735,ok,0.9344911373435735,,,25,1,0,single_seed_block
block,within_dataset_model_seed,electricity,hgb,3.0,lime,local_attribution,flip,top5_instability,0.9326407690409413,ok,0.9326407690409413,,,25,1,0,single_seed_block
block,within_dataset_model_seed,electricity,hgb,4.0,lime,local_attribution,flip,top5_instability,0.9449579397422663,ok,0.9449579397422663,,,25,1,0,single_seed_block
block,within_dataset_model_seed,electricity,logreg,0.0,lime,local_attribution,flip,top5_instability,0.8676146098456958,ok,0.8676146098456958,,,25,1,0,single_seed_block
block,within_dataset_model_seed,electricity,logreg,1.0,lime,local_attribution,flip,top5_instability,0.9458761970349179,ok,0.9458761970349179,,,25,1,0,single_seed_block
block,within_dataset_model_seed,electricity,logreg,2.0,lime,local_attribution,flip,top5_instability,0.9088476771094166,ok,0.9088476771094166,,,25,1,0,single_seed_block
block,within_dataset_model_seed,electricity,logreg,3.0,lime,local_attribution,flip,top5_instability,0.8151998046712327,ok,0.8151998046712327,,,25,1,0,single_seed_block
block,within_dataset_model_seed,electricity,logreg,4.0,lime,local_attribution,flip,top5_instability,0.8681709495950654,ok,0.8681709495950654,,,25,1,0,single_seed_block
block,within_dataset_model_seed,electricity,rf,0.0,lime,local_attribution,flip,top5_instability,0.9289976533393156,ok,0.9289976533393156,,,25,1,0,single_seed_block
block,within_dataset_model_seed,electricity,rf,1.0,lime,local_attribution,flip,top5_instability,0.9359247278049775,ok,0.9359247278049775,,,25,1,0,single_seed_block
block,within_dataset_model_seed,electricity,rf,2.0,lime,local_attribution,flip,top5_instability,0.9128678760901406,ok,0.9128678760901406,,,25,1,0,single_seed_block
block,within_dataset_model_seed,electricity,rf,3.0,lime,local_attribution,flip,top5_instability,0.8866638984768718,ok,0.8866638984768718,,,25,1,0,single_seed_block
block,within_dataset_model_seed,electricity,rf,4.0,lime,local_attribution,flip,top5_instability,0.9499617903396795,ok,0.9499617903396795,,,25,1,0,single_seed_block
block,within_dataset_model_seed,adult,hgb,0.0,pi,global_grouped_predictive_importance,accuracy_drop,cosine_instability,0.7405270381262203,ok,0.7405270381262203,,,25,1,0,single_seed_block
block,within_dataset_model_seed,adult,hgb,1.0,pi,global_grouped_predictive_importance,accuracy_drop,cosine_instability,0.7220619483443717,ok,0.7220619483443717,,,25,1,0,single_seed_block
block,within_dataset_model_seed,adult,hgb,2.0,pi,global_grouped_predictive_importance,accuracy_drop,cosine_instability,0.7761538461538461,ok,0.7761538461538461,,,25,1,0,single_seed_block
block,within_dataset_model_seed,adult,hgb,3.0,pi,global_grouped_predictive_importance,accuracy_drop,cosine_instability,0.7613002641308,ok,0.7613002641308,,,25,1,0,single_seed_block
block,within_dataset_model_seed,adult,hgb,4.0,pi,global_grouped_predictive_importance,accuracy_drop,cosine_instability,0.7753846153846154,ok,0.7753846153846154,,,25,1,0,single_seed_block
block,within_dataset_model_seed,adult,logreg,0.0,pi,global_grouped_predictive_importance,accuracy_drop,cosine_instability,-0.017695711040938252,ok,-0.017695711040938252,,,25,1,0,single_seed_block
block,within_dataset_model_seed,adult,logreg,1.0,pi,global_grouped_predictive_importance,accuracy_drop,cosine_instability,0.043243565567945695,ok,0.043243565567945695,,,25,1,0,single_seed_block
block,within_dataset_model_seed,adult,logreg,2.0,pi,global_grouped_predictive_importance,accuracy_drop,cosine_instability,0.053678677511300954,ok,0.053678677511300954,,,25,1,0,single_seed_block
block,within_dataset_model_seed,adult,logreg,3.0,pi,global_grouped_predictive_importance,accuracy_drop,cosine_instability,-0.08262609849589625,ok,-0.08262609849589625,,,25,1,0,single_seed_block
block,within_dataset_model_seed,adult,logreg,4.0,pi,global_grouped_predictive_importance,accuracy_drop,cosine_instability,0.06178840576840398,ok,0.06178840576840398,,,25,1,0,single_seed_block
block,within_dataset_model_seed,adult,rf,0.0,pi,global_grouped_predictive_importance,accuracy_drop,cosine_instability,0.9607692307692307,ok,0.9607692307692307,,,25,1,0,single_seed_block
block,within_dataset_model_seed,adult,rf,1.0,pi,global_grouped_predictive_importance,accuracy_drop,cosine_instability,0.9284615384615384,ok,0.9284615384615384,,,25,1,0,single_seed_block
block,within_dataset_model_seed,adult,rf,2.0,pi,global_grouped_predictive_importance,accuracy_drop,cosine_instability,0.953076923076923,ok,0.953076923076923,,,25,1,0,single_seed_block
block,within_dataset_model_seed,adult,rf,3.0,pi,global_grouped_predictive_importance,accuracy_drop,cosine_instability,0.9405655107629136,ok,0.9405655107629136,,,25,1,0,single_seed_block
block,within_dataset_model_seed,adult,rf,4.0,pi,global_grouped_predictive_importance,accuracy_drop,cosine_instability,0.8340065551468289,ok,0.8340065551468289,,,25,1,0,single_seed_block
block,within_dataset_model_seed,bank-marketing,hgb,0.0,pi,global_grouped_predictive_importance,accuracy_drop,cosine_instability,0.6951336924125091,ok,0.6951336924125091,,,25,1,0,single_seed_block
block,within_dataset_model_seed,bank-marketing,hgb,1.0,pi,global_grouped_predictive_importance,accuracy_drop,cosine_instability,0.6661538461538461,ok,0.6661538461538461,,,25,1,0,single_seed_block
block,within_dataset_model_seed,bank-marketing,hgb,2.0,pi,global_grouped_predictive_importance,accuracy_drop,cosine_instability,0.8238461538461539,ok,0.8238461538461539,,,25,1,0,single_seed_block
block,within_dataset_model_seed,bank-marketing,hgb,3.0,pi,global_grouped_predictive_importance,accuracy_drop,cosine_instability,0.8530769230769231,ok,0.8530769230769231,,,25,1,0,single_seed_block
block,within_dataset_model_seed,bank-marketing,hgb,4.0,pi,global_grouped_predictive_importance,accuracy_drop,cosine_instability,0.8684615384615384,ok,0.8684615384615384,,,25,1,0,single_seed_block
block,within_dataset_model_seed,bank-marketing,logreg,0.0,pi,global_grouped_predictive_importance,accuracy_drop,cosine_instability,0.3135761592746502,ok,0.3135761592746502,,,25,1,0,single_seed_block
block,within_dataset_model_seed,bank-marketing,logreg,1.0,pi,global_grouped_predictive_importance,accuracy_drop,cosine_instability,0.364165416497531,ok,0.364165416497531,,,25,1,0,single_seed_block
block,within_dataset_model_seed,bank-marketing,logreg,2.0,pi,global_grouped_predictive_importance,accuracy_drop,cosine_instability,0.3337858444327348,ok,0.3337858444327348,,,25,1,0,single_seed_block
block,within_dataset_model_seed,bank-marketing,logreg,3.0,pi,global_grouped_predictive_importance,accuracy_drop,cosine_instability,0.34157813892656347,ok,0.34157813892656347,,,25,1,0,single_seed_block
block,within_dataset_model_seed,bank-marketing,logreg,4.0,pi,global_grouped_predictive_importance,accuracy_drop,cosine_instability,0.3719605324972616,ok,0.3719605324972616,,,25,1,0,single_seed_block
block,within_dataset_model_seed,bank-marketing,rf,0.0,pi,global_grouped_predictive_importance,accuracy_drop,cosine_instability,0.5892996357415111,ok,0.5892996357415111,,,25,1,0,single_seed_block
block,within_dataset_model_seed,bank-marketing,rf,1.0,pi,global_grouped_predictive_importance,accuracy_drop,cosine_instability,0.7520677192398757,ok,0.7520677192398757,,,25,1,0,single_seed_block
block,within_dataset_model_seed,bank-marketing,rf,2.0,pi,global_grouped_predictive_importance,accuracy_drop,cosine_instability,0.7536064767216963,ok,0.7536064767216963,,,25,1,0,single_seed_block
block,within_dataset_model_seed,bank-marketing,rf,3.0,pi,global_grouped_predictive_importance,accuracy_drop,cosine_instability,0.6372908508408892,ok,0.6372908508408892,,,25,1,0,single_seed_block
block,within_dataset_model_seed,bank-marketing,rf,4.0,pi,global_grouped_predictive_importance,accuracy_drop,cosine_instability,0.8593420712123827,ok,0.8593420712123827,,,25,1,0,single_seed_block
block,within_dataset_model_seed,electricity,hgb,0.0,pi,global_grouped_predictive_importance,accuracy_drop,cosine_instability,0.9046153846153847,ok,0.9046153846153847,,,25,1,0,single_seed_block
block,within_dataset_model_seed,electricity,hgb,1.0,pi,global_grouped_predictive_importance,accuracy_drop,cosine_instability,0.9053846153846155,ok,0.9053846153846155,,,25,1,0,single_seed_block
block,within_dataset_model_seed,electricity,hgb,2.0,pi,global_grouped_predictive_importance,accuracy_drop,cosine_instability,0.8346153846153845,ok,0.8346153846153845,,,25,1,0,single_seed_block
block,within_dataset_model_seed,electricity,hgb,3.0,pi,global_grouped_predictive_importance,accuracy_drop,cosine_instability,0.8784615384615384,ok,0.8784615384615384,,,25,1,0,single_seed_block
block,within_dataset_model_seed,electricity,hgb,4.0,pi,global_grouped_predictive_importance,accuracy_drop,cosine_instability,0.78,ok,0.78,,,25,1,0,single_seed_block
block,within_dataset_model_seed,electricity,logreg,0.0,pi,global_grouped_predictive_importance,accuracy_drop,cosine_instability,-0.11583097919985456,ok,-0.11583097919985456,,,25,1,0,single_seed_block
block,within_dataset_model_seed,electricity,logreg,1.0,pi,global_grouped_predictive_importance,accuracy_drop,cosine_instability,0.1660244035197915,ok,0.1660244035197915,,,25,1,0,single_seed_block
block,within_dataset_model_seed,electricity,logreg,2.0,pi,global_grouped_predictive_importance,accuracy_drop,cosine_instability,0.16447999046379347,ok,0.16447999046379347,,,25,1,0,single_seed_block
block,within_dataset_model_seed,electricity,logreg,3.0,pi,global_grouped_predictive_importance,accuracy_drop,cosine_instability,0.13941009051496148,ok,0.13941009051496148,,,25,1,0,single_seed_block
block,within_dataset_model_seed,electricity,logreg,4.0,pi,global_grouped_predictive_importance,accuracy_drop,cosine_instability,0.11428656614385649,ok,0.11428656614385649,,,25,1,0,single_seed_block
block,within_dataset_model_seed,electricity,rf,0.0,pi,global_grouped_predictive_importance,accuracy_drop,cosine_instability,0.9705712816584176,ok,0.9705712816584176,,,25,1,0,single_seed_block
block,within_dataset_model_seed,electricity,rf,1.0,pi,global_grouped_predictive_importance,accuracy_drop,cosine_instability,0.9276923076923077,ok,0.9276923076923077,,,25,1,0,single_seed_block
block,within_dataset_model_seed,electricity,rf,2.0,pi,global_grouped_predictive_importance,accuracy_drop,cosine_instability,0.9761538461538463,ok,0.9761538461538463,,,25,1,0,single_seed_block
block,within_dataset_model_seed,electricity,rf,3.0,pi,global_grouped_predictive_importance,accuracy_drop,cosine_instability,0.9646153846153847,ok,0.9646153846153847,,,25,1,0,single_seed_block
block,within_dataset_model_seed,electricity,rf,4.0,pi,global_grouped_predictive_importance,accuracy_drop,cosine_instability,0.9046153846153847,ok,0.9046153846153847,,,25,1,0,single_seed_block
block,within_dataset_model_seed,adult,hgb,0.0,pi,global_grouped_predictive_importance,dconf,cosine_instability,0.6776923076923077,ok,0.6776923076923077,,,25,1,0,single_seed_block
block,within_dataset_model_seed,adult,hgb,1.0,pi,global_grouped_predictive_importance,dconf,cosine_instability,0.673076923076923,ok,0.673076923076923,,,25,1,0,single_seed_block
block,within_dataset_model_seed,adult,hgb,2.0,pi,global_grouped_predictive_importance,dconf,cosine_instability,0.6569230769230769,ok,0.6569230769230769,,,25,1,0,single_seed_block
block,within_dataset_model_seed,adult,hgb,3.0,pi,global_grouped_predictive_importance,dconf,cosine_instability,0.7230769230769231,ok,0.7230769230769231,,,25,1,0,single_seed_block
block,within_dataset_model_seed,adult,hgb,4.0,pi,global_grouped_predictive_importance,dconf,cosine_instability,0.7353846153846154,ok,0.7353846153846154,,,25,1,0,single_seed_block
block,within_dataset_model_seed,adult,logreg,0.0,pi,global_grouped_predictive_importance,dconf,cosine_instability,-0.07309098038648408,ok,-0.07309098038648408,,,25,1,0,single_seed_block
block,within_dataset_model_seed,adult,logreg,1.0,pi,global_grouped_predictive_importance,dconf,cosine_instability,-0.06023210918392437,ok,-0.06023210918392437,,,25,1,0,single_seed_block
block,within_dataset_model_seed,adult,logreg,2.0,pi,global_grouped_predictive_importance,dconf,cosine_instability,-0.04401577209594473,ok,-0.04401577209594473,,,25,1,0,single_seed_block
block,within_dataset_model_seed,adult,logreg,3.0,pi,global_grouped_predictive_importance,dconf,cosine_instability,-0.14363041420781966,ok,-0.14363041420781966,,,25,1,0,single_seed_block
block,within_dataset_model_seed,adult,logreg,4.0,pi,global_grouped_predictive_importance,dconf,cosine_instability,-0.020077369727974786,ok,-0.020077369727974786,,,25,1,0,single_seed_block
block,within_dataset_model_seed,adult,rf,0.0,pi,global_grouped_predictive_importance,dconf,cosine_instability,0.9223076923076923,ok,0.9223076923076923,,,25,1,0,single_seed_block
block,within_dataset_model_seed,adult,rf,1.0,pi,global_grouped_predictive_importance,dconf,cosine_instability,0.8976923076923078,ok,0.8976923076923078,,,25,1,0,single_seed_block
block,within_dataset_model_seed,adult,rf,2.0,pi,global_grouped_predictive_importance,dconf,cosine_instability,0.9276923076923077,ok,0.9276923076923077,,,25,1,0,single_seed_block
block,within_dataset_model_seed,adult,rf,3.0,pi,global_grouped_predictive_importance,dconf,cosine_instability,0.8584615384615385,ok,0.8584615384615385,,,25,1,0,single_seed_block
block,within_dataset_model_seed,adult,rf,4.0,pi,global_grouped_predictive_importance,dconf,cosine_instability,0.7730769230769231,ok,0.7730769230769231,,,25,1,0,single_seed_block
block,within_dataset_model_seed,bank-marketing,hgb,0.0,pi,global_grouped_predictive_importance,dconf,cosine_instability,0.7369230769230769,ok,0.7369230769230769,,,25,1,0,single_seed_block
block,within_dataset_model_seed,bank-marketing,hgb,1.0,pi,global_grouped_predictive_importance,dconf,cosine_instability,0.7284615384615384,ok,0.7284615384615384,,,25,1,0,single_seed_block
block,within_dataset_model_seed,bank-marketing,hgb,2.0,pi,global_grouped_predictive_importance,dconf,cosine_instability,0.8523076923076923,ok,0.8523076923076923,,,25,1,0,single_seed_block
block,within_dataset_model_seed,bank-marketing,hgb,3.0,pi,global_grouped_predictive_importance,dconf,cosine_instability,0.8446153846153847,ok,0.8446153846153847,,,25,1,0,single_seed_block
block,within_dataset_model_seed,bank-marketing,hgb,4.0,pi,global_grouped_predictive_importance,dconf,cosine_instability,0.8876923076923076,ok,0.8876923076923076,,,25,1,0,single_seed_block
block,within_dataset_model_seed,bank-marketing,logreg,0.0,pi,global_grouped_predictive_importance,dconf,cosine_instability,-0.004633239167994182,ok,-0.004633239167994182,,,25,1,0,single_seed_block
block,within_dataset_model_seed,bank-marketing,logreg,1.0,pi,global_grouped_predictive_importance,dconf,cosine_instability,0.06023210918392437,ok,0.06023210918392437,,,25,1,0,single_seed_block
block,within_dataset_model_seed,bank-marketing,logreg,2.0,pi,global_grouped_predictive_importance,dconf,cosine_instability,-0.018532956671976727,ok,-0.018532956671976727,,,25,1,0,single_seed_block
block,within_dataset_model_seed,bank-marketing,logreg,3.0,pi,global_grouped_predictive_importance,dconf,cosine_instability,0.06872638099191371,ok,0.06872638099191371,,,25,1,0,single_seed_block
block,within_dataset_model_seed,bank-marketing,logreg,4.0,pi,global_grouped_predictive_importance,dconf,cosine_instability,0.09807022905587685,ok,0.09807022905587685,,,25,1,0,single_seed_block
block,within_dataset_model_seed,bank-marketing,rf,0.0,pi,global_grouped_predictive_importance,dconf,cosine_instability,0.5292307692307692,ok,0.5292307692307692,,,25,1,0,single_seed_block
block,within_dataset_model_seed,bank-marketing,rf,1.0,pi,global_grouped_predictive_importance,dconf,cosine_instability,0.6261538461538462,ok,0.6261538461538462,,,25,1,0,single_seed_block
block,within_dataset_model_seed,bank-marketing,rf,2.0,pi,global_grouped_predictive_importance,dconf,cosine_instability,0.4146153846153846,ok,0.4146153846153846,,,25,1,0,single_seed_block
block,within_dataset_model_seed,bank-marketing,rf,3.0,pi,global_grouped_predictive_importance,dconf,cosine_instability,0.4623076923076923,ok,0.4623076923076923,,,25,1,0,single_seed_block
block,within_dataset_model_seed,bank-marketing,rf,4.0,pi,global_grouped_predictive_importance,dconf,cosine_instability,0.5507692307692308,ok,0.5507692307692308,,,25,1,0,single_seed_block
block,within_dataset_model_seed,electricity,hgb,0.0,pi,global_grouped_predictive_importance,dconf,cosine_instability,0.9338461538461538,ok,0.9338461538461538,,,25,1,0,single_seed_block
block,within_dataset_model_seed,electricity,hgb,1.0,pi,global_grouped_predictive_importance,dconf,cosine_instability,0.9253846153846155,ok,0.9253846153846155,,,25,1,0,single_seed_block
block,within_dataset_model_seed,electricity,hgb,2.0,pi,global_grouped_predictive_importance,dconf,cosine_instability,0.86,ok,0.86,,,25,1,0,single_seed_block
block,within_dataset_model_seed,electricity,hgb,3.0,pi,global_grouped_predictive_importance,dconf,cosine_instability,0.91,ok,0.91,,,25,1,0,single_seed_block
block,within_dataset_model_seed,electricity,hgb,4.0,pi,global_grouped_predictive_importance,dconf,cosine_instability,0.8084615384615383,ok,0.8084615384615383,,,25,1,0,single_seed_block
block,within_dataset_model_seed,electricity,logreg,0.0,pi,global_grouped_predictive_importance,dconf,cosine_instability,-0.19691266463975274,ok,-0.19691266463975274,,,25,1,0,single_seed_block
block,within_dataset_model_seed,electricity,logreg,1.0,pi,global_grouped_predictive_importance,dconf,cosine_instability,0.08262609849589625,ok,0.08262609849589625,,,25,1,0,single_seed_block
block,within_dataset_model_seed,electricity,logreg,2.0,pi,global_grouped_predictive_importance,dconf,cosine_instability,0.047876804735939874,ok,0.047876804735939874,,,25,1,0,single_seed_block
block,within_dataset_model_seed,electricity,logreg,3.0,pi,global_grouped_predictive_importance,dconf,cosine_instability,0.015444130559980606,ok,0.015444130559980606,,,25,1,0,single_seed_block
block,within_dataset_model_seed,electricity,logreg,4.0,pi,global_grouped_predictive_importance,dconf,cosine_instability,0.050965630847936004,ok,0.050965630847936004,,,25,1,0,single_seed_block
block,within_dataset_model_seed,electricity,rf,0.0,pi,global_grouped_predictive_importance,dconf,cosine_instability,0.9623076923076924,ok,0.9623076923076924,,,25,1,0,single_seed_block
block,within_dataset_model_seed,electricity,rf,1.0,pi,global_grouped_predictive_importance,dconf,cosine_instability,0.9276923076923077,ok,0.9276923076923077,,,25,1,0,single_seed_block
block,within_dataset_model_seed,electricity,rf,2.0,pi,global_grouped_predictive_importance,dconf,cosine_instability,0.9723076923076923,ok,0.9723076923076923,,,25,1,0,single_seed_block
block,within_dataset_model_seed,electricity,rf,3.0,pi,global_grouped_predictive_importance,dconf,cosine_instability,0.9653846153846154,ok,0.9653846153846154,,,25,1,0,single_seed_block
block,within_dataset_model_seed,electricity,rf,4.0,pi,global_grouped_predictive_importance,dconf,cosine_instability,0.9,ok,0.9,,,25,1,0,single_seed_block
block,within_dataset_model_seed,adult,hgb,0.0,pi,global_grouped_predictive_importance,ece_increase,cosine_instability,0.666923076923077,ok,0.666923076923077,,,25,1,0,single_seed_block
block,within_dataset_model_seed,adult,hgb,1.0,pi,global_grouped_predictive_importance,ece_increase,cosine_instability,0.6792307692307692,ok,0.6792307692307692,,,25,1,0,single_seed_block
block,within_dataset_model_seed,adult,hgb,2.0,pi,global_grouped_predictive_importance,ece_increase,cosine_instability,0.6646153846153847,ok,0.6646153846153847,,,25,1,0,single_seed_block
block,within_dataset_model_seed,adult,hgb,3.0,pi,global_grouped_predictive_importance,ece_increase,cosine_instability,0.7146153846153845,ok,0.7146153846153845,,,25,1,0,single_seed_block
block,within_dataset_model_seed,adult,hgb,4.0,pi,global_grouped_predictive_importance,ece_increase,cosine_instability,0.7169230769230769,ok,0.7169230769230769,,,25,1,0,single_seed_block
block,within_dataset_model_seed,adult,logreg,0.0,pi,global_grouped_predictive_importance,ece_increase,cosine_instability,-0.10578957687517432,ok,-0.10578957687517432,,,25,1,0,single_seed_block
block,within_dataset_model_seed,adult,logreg,1.0,pi,global_grouped_predictive_importance,ece_increase,cosine_instability,-0.11119774003186038,ok,-0.11119774003186038,,,25,1,0,single_seed_block
block,within_dataset_model_seed,adult,logreg,2.0,pi,global_grouped_predictive_importance,ece_increase,cosine_instability,-0.1042478812798691,ok,-0.1042478812798691,,,25,1,0,single_seed_block
block,within_dataset_model_seed,adult,logreg,3.0,pi,global_grouped_predictive_importance,ece_increase,cosine_instability,-0.15521351212780513,ok,-0.15521351212780513,,,25,1,0,single_seed_block
block,within_dataset_model_seed,adult,logreg,4.0,pi,global_grouped_predictive_importance,ece_increase,cosine_instability,-0.06177652223992242,ok,-0.06177652223992242,,,25,1,0,single_seed_block
block,within_dataset_model_seed,adult,rf,0.0,pi,global_grouped_predictive_importance,ece_increase,cosine_instability,0.8492307692307692,ok,0.8492307692307692,,,25,1,0,single_seed_block
block,within_dataset_model_seed,adult,rf,1.0,pi,global_grouped_predictive_importance,ece_increase,cosine_instability,0.7007692307692307,ok,0.7007692307692307,,,25,1,0,single_seed_block
block,within_dataset_model_seed,adult,rf,2.0,pi,global_grouped_predictive_importance,ece_increase,cosine_instability,0.7653846153846153,ok,0.7653846153846153,,,25,1,0,single_seed_block
block,within_dataset_model_seed,adult,rf,3.0,pi,global_grouped_predictive_importance,ece_increase,cosine_instability,0.8115384615384615,ok,0.8115384615384615,,,25,1,0,single_seed_block
block,within_dataset_model_seed,adult,rf,4.0,pi,global_grouped_predictive_importance,ece_increase,cosine_instability,0.57,ok,0.57,,,25,1,0,single_seed_block
block,within_dataset_model_seed,bank-marketing,hgb,0.0,pi,global_grouped_predictive_importance,ece_increase,cosine_instability,0.666923076923077,ok,0.666923076923077,,,25,1,0,single_seed_block
block,within_dataset_model_seed,bank-marketing,hgb,1.0,pi,global_grouped_predictive_importance,ece_increase,cosine_instability,0.6238461538461538,ok,0.6238461538461538,,,25,1,0,single_seed_block
block,within_dataset_model_seed,bank-marketing,hgb,2.0,pi,global_grouped_predictive_importance,ece_increase,cosine_instability,0.7946153846153846,ok,0.7946153846153846,,,25,1,0,single_seed_block
block,within_dataset_model_seed,bank-marketing,hgb,3.0,pi,global_grouped_predictive_importance,ece_increase,cosine_instability,0.8207692307692308,ok,0.8207692307692308,,,25,1,0,single_seed_block
block,within_dataset_model_seed,bank-marketing,hgb,4.0,pi,global_grouped_predictive_importance,ece_increase,cosine_instability,0.8623076923076922,ok,0.8623076923076922,,,25,1,0,single_seed_block
block,within_dataset_model_seed,bank-marketing,logreg,0.0,pi,global_grouped_predictive_importance,ece_increase,cosine_instability,-0.6061821244792388,ok,-0.6061821244792388,,,25,1,0,single_seed_block
block,within_dataset_model_seed,bank-marketing,logreg,1.0,pi,global_grouped_predictive_importance,ece_increase,cosine_instability,-0.431663449151458,ok,-0.431663449151458,,,25,1,0,single_seed_block
block,within_dataset_model_seed,bank-marketing,logreg,2.0,pi,global_grouped_predictive_importance,ece_increase,cosine_instability,-0.5297336782073347,ok,-0.5297336782073347,,,25,1,0,single_seed_block
block,within_dataset_model_seed,bank-marketing,logreg,3.0,pi,global_grouped_predictive_importance,ece_increase,cosine_instability,-0.2386118171517004,ok,-0.2386118171517004,,,25,1,0,single_seed_block
block,within_dataset_model_seed,bank-marketing,logreg,4.0,pi,global_grouped_predictive_importance,ece_increase,cosine_instability,-0.4756792212474027,ok,-0.4756792212474027,,,25,1,0,single_seed_block
block,within_dataset_model_seed,bank-marketing,rf,0.0,pi,global_grouped_predictive_importance,ece_increase,cosine_instability,0.25230769230769234,ok,0.25230769230769234,,,25,1,0,single_seed_block
block,within_dataset_model_seed,bank-marketing,rf,1.0,pi,global_grouped_predictive_importance,ece_increase,cosine_instability,0.3807692307692308,ok,0.3807692307692308,,,25,1,0,single_seed_block
block,within_dataset_model_seed,bank-marketing,rf,2.0,pi,global_grouped_predictive_importance,ece_increase,cosine_instability,0.15384615384615383,ok,0.15384615384615383,,,25,1,0,single_seed_block
block,within_dataset_model_seed,bank-marketing,rf,3.0,pi,global_grouped_predictive_importance,ece_increase,cosine_instability,0.2453846153846154,ok,0.2453846153846154,,,25,1,0,single_seed_block
block,within_dataset_model_seed,bank-marketing,rf,4.0,pi,global_grouped_predictive_importance,ece_increase,cosine_instability,0.2946153846153846,ok,0.2946153846153846,,,25,1,0,single_seed_block
block,within_dataset_model_seed,electricity,hgb,0.0,pi,global_grouped_predictive_importance,ece_increase,cosine_instability,0.9569230769230769,ok,0.9569230769230769,,,25,1,0,single_seed_block
block,within_dataset_model_seed,electricity,hgb,1.0,pi,global_grouped_predictive_importance,ece_increase,cosine_instability,0.9338461538461538,ok,0.9338461538461538,,,25,1,0,single_seed_block
block,within_dataset_model_seed,electricity,hgb,2.0,pi,global_grouped_predictive_importance,ece_increase,cosine_instability,0.883076923076923,ok,0.883076923076923,,,25,1,0,single_seed_block
block,within_dataset_model_seed,electricity,hgb,3.0,pi,global_grouped_predictive_importance,ece_increase,cosine_instability,0.9215384615384615,ok,0.9215384615384615,,,25,1,0,single_seed_block
block,within_dataset_model_seed,electricity,hgb,4.0,pi,global_grouped_predictive_importance,ece_increase,cosine_instability,0.816923076923077,ok,0.816923076923077,,,25,1,0,single_seed_block
block,within_dataset_model_seed,electricity,logreg,0.0,pi,global_grouped_predictive_importance,ece_increase,cosine_instability,-0.2710444913276597,ok,-0.2710444913276597,,,25,1,0,single_seed_block
block,within_dataset_model_seed,electricity,logreg,1.0,pi,global_grouped_predictive_importance,ece_increase,cosine_instability,-0.018532956671976727,ok,-0.018532956671976727,,,25,1,0,single_seed_block
block,within_dataset_model_seed,electricity,logreg,2.0,pi,global_grouped_predictive_importance,ece_increase,cosine_instability,-0.08803154419188947,ok,-0.08803154419188947,,,25,1,0,single_seed_block
block,within_dataset_model_seed,electricity,logreg,3.0,pi,global_grouped_predictive_importance,ece_increase,cosine_instability,-0.10502008780786812,ok,-0.10502008780786812,,,25,1,0,single_seed_block
block,within_dataset_model_seed,electricity,logreg,4.0,pi,global_grouped_predictive_importance,ece_increase,cosine_instability,-0.10193126169587201,ok,-0.10193126169587201,,,25,1,0,single_seed_block
block,within_dataset_model_seed,electricity,rf,0.0,pi,global_grouped_predictive_importance,ece_increase,cosine_instability,0.7323076923076922,ok,0.7323076923076922,,,25,1,0,single_seed_block
block,within_dataset_model_seed,electricity,rf,1.0,pi,global_grouped_predictive_importance,ece_increase,cosine_instability,0.816923076923077,ok,0.816923076923077,,,25,1,0,single_seed_block
block,within_dataset_model_seed,electricity,rf,2.0,pi,global_grouped_predictive_importance,ece_increase,cosine_instability,0.8730769230769231,ok,0.8730769230769231,,,25,1,0,single_seed_block
block,within_dataset_model_seed,electricity,rf,3.0,pi,global_grouped_predictive_importance,ece_increase,cosine_instability,0.846923076923077,ok,0.846923076923077,,,25,1,0,single_seed_block
block,within_dataset_model_seed,electricity,rf,4.0,pi,global_grouped_predictive_importance,ece_increase,cosine_instability,0.8523076923076923,ok,0.8523076923076923,,,25,1,0,single_seed_block
block,within_dataset_model_seed,adult,hgb,0.0,pi,global_grouped_predictive_importance,flip,cosine_instability,0.7420657956080411,ok,0.7420657956080411,,,25,1,0,single_seed_block
block,within_dataset_model_seed,adult,hgb,1.0,pi,global_grouped_predictive_importance,flip,cosine_instability,0.7243700845671027,ok,0.7243700845671027,,,25,1,0,single_seed_block
block,within_dataset_model_seed,adult,hgb,2.0,pi,global_grouped_predictive_importance,flip,cosine_instability,0.7676923076923077,ok,0.7676923076923077,,,25,1,0,single_seed_block
block,within_dataset_model_seed,adult,hgb,3.0,pi,global_grouped_predictive_importance,flip,cosine_instability,0.7453846153846154,ok,0.7453846153846154,,,25,1,0,single_seed_block
block,within_dataset_model_seed,adult,hgb,4.0,pi,global_grouped_predictive_importance,flip,cosine_instability,0.7746153846153846,ok,0.7746153846153846,,,25,1,0,single_seed_block
block,within_dataset_model_seed,adult,logreg,0.0,pi,global_grouped_predictive_importance,flip,cosine_instability,-0.07886132094331177,ok,-0.07886132094331177,,,25,1,0,single_seed_block
block,within_dataset_model_seed,adult,logreg,1.0,pi,global_grouped_predictive_importance,flip,cosine_instability,-0.03938253292795055,ok,-0.03938253292795055,,,25,1,0,single_seed_block
block,within_dataset_model_seed,adult,logreg,2.0,pi,global_grouped_predictive_importance,flip,cosine_instability,-0.04401577209594473,ok,-0.04401577209594473,,,25,1,0,single_seed_block
block,within_dataset_model_seed,adult,logreg,3.0,pi,global_grouped_predictive_importance,flip,cosine_instability,-0.1474914468478148,ok,-0.1474914468478148,,,25,1,0,single_seed_block
block,within_dataset_model_seed,adult,logreg,4.0,pi,global_grouped_predictive_importance,flip,cosine_instability,-0.03397708723195733,ok,-0.03397708723195733,,,25,1,0,single_seed_block
block,within_dataset_model_seed,adult,rf,0.0,pi,global_grouped_predictive_importance,flip,cosine_instability,0.9423076923076923,ok,0.9423076923076923,,,25,1,0,single_seed_block
block,within_dataset_model_seed,adult,rf,1.0,pi,global_grouped_predictive_importance,flip,cosine_instability,0.9146153846153846,ok,0.9146153846153846,,,25,1,0,single_seed_block
block,within_dataset_model_seed,adult,rf,2.0,pi,global_grouped_predictive_importance,flip,cosine_instability,0.9476923076923076,ok,0.9476923076923076,,,25,1,0,single_seed_block
block,within_dataset_model_seed,adult,rf,3.0,pi,global_grouped_predictive_importance,flip,cosine_instability,0.8928640288264713,ok,0.8928640288264713,,,25,1,0,single_seed_block
block,within_dataset_model_seed,adult,rf,4.0,pi,global_grouped_predictive_importance,flip,cosine_instability,0.786923076923077,ok,0.786923076923077,,,25,1,0,single_seed_block
block,within_dataset_model_seed,bank-marketing,hgb,0.0,pi,global_grouped_predictive_importance,flip,cosine_instability,0.7576923076923077,ok,0.7576923076923077,,,25,1,0,single_seed_block
block,within_dataset_model_seed,bank-marketing,hgb,1.0,pi,global_grouped_predictive_importance,flip,cosine_instability,0.7053846153846153,ok,0.7053846153846153,,,25,1,0,single_seed_block
block,within_dataset_model_seed,bank-marketing,hgb,2.0,pi,global_grouped_predictive_importance,flip,cosine_instability,0.8446153846153847,ok,0.8446153846153847,,,25,1,0,single_seed_block
block,within_dataset_model_seed,bank-marketing,hgb,3.0,pi,global_grouped_predictive_importance,flip,cosine_instability,0.8438461538461538,ok,0.8438461538461538,,,25,1,0,single_seed_block
block,within_dataset_model_seed,bank-marketing,hgb,4.0,pi,global_grouped_predictive_importance,flip,cosine_instability,0.8769230769230769,ok,0.8769230769230769,,,25,1,0,single_seed_block
block,within_dataset_model_seed,bank-marketing,logreg,0.0,pi,global_grouped_predictive_importance,flip,cosine_instability,0.02316619583997091,ok,0.02316619583997091,,,25,1,0,single_seed_block
block,within_dataset_model_seed,bank-marketing,logreg,1.0,pi,global_grouped_predictive_importance,flip,cosine_instability,0.0810816854398982,ok,0.0810816854398982,,,25,1,0,single_seed_block
block,within_dataset_model_seed,bank-marketing,logreg,2.0,pi,global_grouped_predictive_importance,flip,cosine_instability,0.03552150028795539,ok,0.03552150028795539,,,25,1,0,single_seed_block
block,within_dataset_model_seed,bank-marketing,logreg,3.0,pi,global_grouped_predictive_importance,flip,cosine_instability,0.08845167387525743,ok,0.08845167387525743,,,25,1,0,single_seed_block
block,within_dataset_model_seed,bank-marketing,logreg,4.0,pi,global_grouped_predictive_importance,flip,cosine_instability,0.11505877267185552,ok,0.11505877267185552,,,25,1,0,single_seed_block
block,within_dataset_model_seed,bank-marketing,rf,0.0,pi,global_grouped_predictive_importance,flip,cosine_instability,0.6215384615384615,ok,0.6215384615384615,,,25,1,0,single_seed_block
block,within_dataset_model_seed,bank-marketing,rf,1.0,pi,global_grouped_predictive_importance,flip,cosine_instability,0.6779531090518531,ok,0.6779531090518531,,,25,1,0,single_seed_block
block,within_dataset_model_seed,bank-marketing,rf,2.0,pi,global_grouped_predictive_importance,flip,cosine_instability,0.5599999999999999,ok,0.5599999999999999,,,25,1,0,single_seed_block
block,within_dataset_model_seed,bank-marketing,rf,3.0,pi,global_grouped_predictive_importance,flip,cosine_instability,0.49538461538461537,ok,0.49538461538461537,,,25,1,0,single_seed_block
block,within_dataset_model_seed,bank-marketing,rf,4.0,pi,global_grouped_predictive_importance,flip,cosine_instability,0.6676923076923077,ok,0.6676923076923077,,,25,1,0,single_seed_block
block,within_dataset_model_seed,electricity,hgb,0.0,pi,global_grouped_predictive_importance,flip,cosine_instability,0.9046153846153847,ok,0.9046153846153847,,,25,1,0,single_seed_block
block,within_dataset_model_seed,electricity,hgb,1.0,pi,global_grouped_predictive_importance,flip,cosine_instability,0.9076923076923077,ok,0.9076923076923077,,,25,1,0,single_seed_block
block,within_dataset_model_seed,electricity,hgb,2.0,pi,global_grouped_predictive_importance,flip,cosine_instability,0.8346153846153845,ok,0.8346153846153845,,,25,1,0,single_seed_block
block,within_dataset_model_seed,electricity,hgb,3.0,pi,global_grouped_predictive_importance,flip,cosine_instability,0.8815384615384615,ok,0.8815384615384615,,,25,1,0,single_seed_block
block,within_dataset_model_seed,electricity,hgb,4.0,pi,global_grouped_predictive_importance,flip,cosine_instability,0.7938461538461539,ok,0.7938461538461539,,,25,1,0,single_seed_block
block,within_dataset_model_seed,electricity,logreg,0.0,pi,global_grouped_predictive_importance,flip,cosine_instability,-0.20695134950374014,ok,-0.20695134950374014,,,25,1,0,single_seed_block
block,within_dataset_model_seed,electricity,logreg,1.0,pi,global_grouped_predictive_importance,flip,cosine_instability,0.07799285932790206,ok,0.07799285932790206,,,25,1,0,single_seed_block
block,within_dataset_model_seed,electricity,logreg,2.0,pi,global_grouped_predictive_importance,flip,cosine_instability,0.057143283071928244,ok,0.057143283071928244,,,25,1,0,single_seed_block
block,within_dataset_model_seed,electricity,logreg,3.0,pi,global_grouped_predictive_importance,flip,cosine_instability,0.03397708723195733,ok,0.03397708723195733,,,25,1,0,single_seed_block
block,within_dataset_model_seed,electricity,logreg,4.0,pi,global_grouped_predictive_importance,flip,cosine_instability,0.0007722065279990303,ok,0.0007722065279990303,,,25,1,0,single_seed_block
block,within_dataset_model_seed,electricity,rf,0.0,pi,global_grouped_predictive_importance,flip,cosine_instability,0.9576923076923078,ok,0.9576923076923078,,,25,1,0,single_seed_block
block,within_dataset_model_seed,electricity,rf,1.0,pi,global_grouped_predictive_importance,flip,cosine_instability,0.9161538461538462,ok,0.9161538461538462,,,25,1,0,single_seed_block
block,within_dataset_model_seed,electricity,rf,2.0,pi,global_grouped_predictive_importance,flip,cosine_instability,0.966923076923077,ok,0.966923076923077,,,25,1,0,single_seed_block
block,within_dataset_model_seed,electricity,rf,3.0,pi,global_grouped_predictive_importance,flip,cosine_instability,0.9676923076923077,ok,0.9676923076923077,,,25,1,0,single_seed_block
block,within_dataset_model_seed,electricity,rf,4.0,pi,global_grouped_predictive_importance,flip,cosine_instability,0.8976923076923078,ok,0.8976923076923078,,,25,1,0,single_seed_block
block,within_dataset_model_seed,adult,hgb,0.0,pi,global_grouped_predictive_importance,accuracy_drop,top5_instability,0.6090520163917809,ok,0.6090520163917809,,,25,1,0,single_seed_block
block,within_dataset_model_seed,adult,hgb,1.0,pi,global_grouped_predictive_importance,accuracy_drop,top5_instability,0.729083316683243,ok,0.729083316683243,,,25,1,0,single_seed_block
block,within_dataset_model_seed,adult,hgb,2.0,pi,global_grouped_predictive_importance,accuracy_drop,top5_instability,0.8078466684415537,ok,0.8078466684415537,,,25,1,0,single_seed_block
block,within_dataset_model_seed,adult,hgb,3.0,pi,global_grouped_predictive_importance,accuracy_drop,top5_instability,0.2569486821373805,ok,0.2569486821373805,,,25,1,0,single_seed_block
block,within_dataset_model_seed,adult,hgb,4.0,pi,global_grouped_predictive_importance,accuracy_drop,top5_instability,0.7315042826392528,ok,0.7315042826392528,,,25,1,0,single_seed_block
block,within_dataset_model_seed,adult,logreg,0.0,pi,global_grouped_predictive_importance,accuracy_drop,top5_instability,-0.07822327734684298,ok,-0.07822327734684298,,,25,1,0,single_seed_block
block,within_dataset_model_seed,adult,logreg,1.0,pi,global_grouped_predictive_importance,accuracy_drop,top5_instability,-0.03878144383051426,ok,-0.03878144383051426,,,25,1,0,single_seed_block
block,within_dataset_model_seed,adult,logreg,2.0,pi,global_grouped_predictive_importance,accuracy_drop,top5_instability,0.3646890719505729,ok,0.3646890719505729,,,25,1,0,single_seed_block
block,within_dataset_model_seed,adult,logreg,3.0,pi,global_grouped_predictive_importance,accuracy_drop,top5_instability,-0.08178608201095305,ok,-0.08178608201095305,,,25,1,0,single_seed_block
block,within_dataset_model_seed,adult,logreg,4.0,pi,global_grouped_predictive_importance,accuracy_drop,top5_instability,-0.0670614211075668,ok,-0.0670614211075668,,,25,1,0,single_seed_block
block,within_dataset_model_seed,adult,rf,0.0,pi,global_grouped_predictive_importance,accuracy_drop,top5_instability,0.8993982495696642,ok,0.8993982495696642,,,25,1,0,single_seed_block
block,within_dataset_model_seed,adult,rf,1.0,pi,global_grouped_predictive_importance,accuracy_drop,top5_instability,0.43301270189221935,ok,0.43301270189221935,,,25,1,0,single_seed_block
block,within_dataset_model_seed,adult,rf,2.0,pi,global_grouped_predictive_importance,accuracy_drop,top5_instability,0.7865478860126129,ok,0.7865478860126129,,,25,1,0,single_seed_block
block,within_dataset_model_seed,adult,rf,3.0,pi,global_grouped_predictive_importance,accuracy_drop,top5_instability,0.8613591234142758,ok,0.8613591234142758,,,25,1,0,single_seed_block
block,within_dataset_model_seed,adult,rf,4.0,pi,global_grouped_predictive_importance,accuracy_drop,top5_instability,0.6395767577594768,ok,0.6395767577594768,,,25,1,0,single_seed_block
block,within_dataset_model_seed,bank-marketing,hgb,0.0,pi,global_grouped_predictive_importance,accuracy_drop,top5_instability,0.4201207583627135,ok,0.4201207583627135,,,25,1,0,single_seed_block
block,within_dataset_model_seed,bank-marketing,hgb,1.0,pi,global_grouped_predictive_importance,accuracy_drop,top5_instability,0.5622907968044116,ok,0.5622907968044116,,,25,1,0,single_seed_block
block,within_dataset_model_seed,bank-marketing,hgb,2.0,pi,global_grouped_predictive_importance,accuracy_drop,top5_instability,0.42378534317979555,ok,0.42378534317979555,,,25,1,0,single_seed_block
block,within_dataset_model_seed,bank-marketing,hgb,3.0,pi,global_grouped_predictive_importance,accuracy_drop,top5_instability,0.49924972627383557,ok,0.49924972627383557,,,25,1,0,single_seed_block
block,within_dataset_model_seed,bank-marketing,hgb,4.0,pi,global_grouped_predictive_importance,accuracy_drop,top5_instability,0.30508510792387605,ok,0.30508510792387605,,,25,1,0,single_seed_block
block,within_dataset_model_seed,bank-marketing,logreg,0.0,pi,global_grouped_predictive_importance,accuracy_drop,top5_instability,0.18780302348911526,ok,0.18780302348911526,,,25,1,0,single_seed_block
block,within_dataset_model_seed,bank-marketing,logreg,1.0,pi,global_grouped_predictive_importance,accuracy_drop,top5_instability,,undefined_constant_endpoint_or_predictor,,,,25,1,0,single_seed_block
block,within_dataset_model_seed,bank-marketing,logreg,2.0,pi,global_grouped_predictive_importance,accuracy_drop,top5_instability,,undefined_constant_endpoint_or_predictor,,,,25,1,0,single_seed_block
block,within_dataset_model_seed,bank-marketing,logreg,3.0,pi,global_grouped_predictive_importance,accuracy_drop,top5_instability,,undefined_constant_endpoint_or_predictor,,,,25,1,0,single_seed_block
block,within_dataset_model_seed,bank-marketing,logreg,4.0,pi,global_grouped_predictive_importance,accuracy_drop,top5_instability,0.28323718349245086,ok,0.28323718349245086,,,25,1,0,single_seed_block
block,within_dataset_model_seed,bank-marketing,rf,0.0,pi,global_grouped_predictive_importance,accuracy_drop,top5_instability,-0.017082864272791563,ok,-0.017082864272791563,,,25,1,0,single_seed_block
block,within_dataset_model_seed,bank-marketing,rf,1.0,pi,global_grouped_predictive_importance,accuracy_drop,top5_instability,0.26896752510786925,ok,0.26896752510786925,,,25,1,0,single_seed_block
block,within_dataset_model_seed,bank-marketing,rf,2.0,pi,global_grouped_predictive_importance,accuracy_drop,top5_instability,0.4703604341917987,ok,0.4703604341917987,,,25,1,0,single_seed_block
block,within_dataset_model_seed,bank-marketing,rf,3.0,pi,global_grouped_predictive_importance,accuracy_drop,top5_instability,0.35687321357316487,ok,0.35687321357316487,,,25,1,0,single_seed_block
block,within_dataset_model_seed,bank-marketing,rf,4.0,pi,global_grouped_predictive_importance,accuracy_drop,top5_instability,0.09393766247226631,ok,0.09393766247226631,,,25,1,0,single_seed_block
block,within_dataset_model_seed,electricity,hgb,0.0,pi,global_grouped_predictive_importance,accuracy_drop,top5_instability,0.5961947706424923,ok,0.5961947706424923,,,25,1,0,single_seed_block
block,within_dataset_model_seed,electricity,hgb,1.0,pi,global_grouped_predictive_importance,accuracy_drop,top5_instability,0.4703811513685209,ok,0.4703811513685209,,,25,1,0,single_seed_block
block,within_dataset_model_seed,electricity,hgb,2.0,pi,global_grouped_predictive_importance,accuracy_drop,top5_instability,0.3165315236360564,ok,0.3165315236360564,,,25,1,0,single_seed_block
block,within_dataset_model_seed,electricity,hgb,3.0,pi,global_grouped_predictive_importance,accuracy_drop,top5_instability,0.3775990875119992,ok,0.3775990875119992,,,25,1,0,single_seed_block
block,within_dataset_model_seed,electricity,hgb,4.0,pi,global_grouped_predictive_importance,accuracy_drop,top5_instability,0.2896335678481445,ok,0.2896335678481445,,,25,1,0,single_seed_block
block,within_dataset_model_seed,electricity,logreg,0.0,pi,global_grouped_predictive_importance,accuracy_drop,top5_instability,-0.04089304100547653,ok,-0.04089304100547653,,,25,1,0,single_seed_block
block,within_dataset_model_seed,electricity,logreg,1.0,pi,global_grouped_predictive_importance,accuracy_drop,top5_instability,-0.006201736729460423,ok,-0.006201736729460423,,,25,1,0,single_seed_block
block,within_dataset_model_seed,electricity,logreg,2.0,pi,global_grouped_predictive_importance,accuracy_drop,top5_instability,-0.07792865001991967,ok,-0.07792865001991967,,,25,1,0,single_seed_block
block,within_dataset_model_seed,electricity,logreg,3.0,pi,global_grouped_predictive_importance,accuracy_drop,top5_instability,0.12863559068478797,ok,0.12863559068478797,,,25,1,0,single_seed_block
block,within_dataset_model_seed,electricity,logreg,4.0,pi,global_grouped_predictive_importance,accuracy_drop,top5_instability,-0.16647802295407294,ok,-0.16647802295407294,,,25,1,0,single_seed_block
block,within_dataset_model_seed,electricity,rf,0.0,pi,global_grouped_predictive_importance,accuracy_drop,top5_instability,0.8624383801029656,ok,0.8624383801029656,,,25,1,0,single_seed_block
block,within_dataset_model_seed,electricity,rf,1.0,pi,global_grouped_predictive_importance,accuracy_drop,top5_instability,0.5200314339611524,ok,0.5200314339611524,,,25,1,0,single_seed_block
block,within_dataset_model_seed,electricity,rf,2.0,pi,global_grouped_predictive_importance,accuracy_drop,top5_instability,0.849493338700237,ok,0.849493338700237,,,25,1,0,single_seed_block
block,within_dataset_model_seed,electricity,rf,3.0,pi,global_grouped_predictive_importance,accuracy_drop,top5_instability,0.6046106825895867,ok,0.6046106825895867,,,25,1,0,single_seed_block
block,within_dataset_model_seed,electricity,rf,4.0,pi,global_grouped_predictive_importance,accuracy_drop,top5_instability,0.7280440075456133,ok,0.7280440075456133,,,25,1,0,single_seed_block
block,within_dataset_model_seed,adult,hgb,0.0,pi,global_grouped_predictive_importance,dconf,top5_instability,0.560742548281094,ok,0.560742548281094,,,25,1,0,single_seed_block
block,within_dataset_model_seed,adult,hgb,1.0,pi,global_grouped_predictive_importance,dconf,top5_instability,0.6534219634185616,ok,0.6534219634185616,,,25,1,0,single_seed_block
block,within_dataset_model_seed,adult,hgb,2.0,pi,global_grouped_predictive_importance,dconf,top5_instability,0.7521331051007568,ok,0.7521331051007568,,,25,1,0,single_seed_block
block,within_dataset_model_seed,adult,hgb,3.0,pi,global_grouped_predictive_importance,dconf,top5_instability,0.20995753816466756,ok,0.20995753816466756,,,25,1,0,single_seed_block
block,within_dataset_model_seed,adult,hgb,4.0,pi,global_grouped_predictive_importance,dconf,top5_instability,0.7240399532245667,ok,0.7240399532245667,,,25,1,0,single_seed_block
block,within_dataset_model_seed,adult,logreg,0.0,pi,global_grouped_predictive_importance,dconf,top5_instability,-0.15644655469368596,ok,-0.15644655469368596,,,25,1,0,single_seed_block
block,within_dataset_model_seed,adult,logreg,1.0,pi,global_grouped_predictive_importance,dconf,top5_instability,-0.17525285376574165,ok,-0.17525285376574165,,,25,1,0,single_seed_block
block,within_dataset_model_seed,adult,logreg,2.0,pi,global_grouped_predictive_importance,dconf,top5_instability,0.3949223828620348,ok,0.3949223828620348,,,25,1,0,single_seed_block
block,within_dataset_model_seed,adult,logreg,3.0,pi,global_grouped_predictive_importance,dconf,top5_instability,-0.1635721640219061,ok,-0.1635721640219061,,,25,1,0,single_seed_block
block,within_dataset_model_seed,adult,logreg,4.0,pi,global_grouped_predictive_importance,dconf,top5_instability,-0.08939803125353483,ok,-0.08939803125353483,,,25,1,0,single_seed_block
block,within_dataset_model_seed,adult,rf,0.0,pi,global_grouped_predictive_importance,dconf,top5_instability,0.8781107170354711,ok,0.8781107170354711,,,25,1,0,single_seed_block
block,within_dataset_model_seed,adult,rf,1.0,pi,global_grouped_predictive_importance,dconf,top5_instability,0.4441155916843275,ok,0.4441155916843275,,,25,1,0,single_seed_block
block,within_dataset_model_seed,adult,rf,2.0,pi,global_grouped_predictive_importance,dconf,top5_instability,0.7527798615869404,ok,0.7527798615869404,,,25,1,0,single_seed_block
block,within_dataset_model_seed,adult,rf,3.0,pi,global_grouped_predictive_importance,dconf,top5_instability,0.7840597904316373,ok,0.7840597904316373,,,25,1,0,single_seed_block
block,within_dataset_model_seed,adult,rf,4.0,pi,global_grouped_predictive_importance,dconf,top5_instability,0.5451081150953975,ok,0.5451081150953975,,,25,1,0,single_seed_block
block,within_dataset_model_seed,bank-marketing,hgb,0.0,pi,global_grouped_predictive_importance,dconf,top5_instability,0.4779765040894149,ok,0.4779765040894149,,,25,1,0,single_seed_block
block,within_dataset_model_seed,bank-marketing,hgb,1.0,pi,global_grouped_predictive_importance,dconf,top5_instability,0.6139719362165819,ok,0.6139719362165819,,,25,1,0,single_seed_block
block,within_dataset_model_seed,bank-marketing,hgb,2.0,pi,global_grouped_predictive_importance,dconf,top5_instability,0.4754664825919657,ok,0.4754664825919657,,,25,1,0,single_seed_block
block,within_dataset_model_seed,bank-marketing,hgb,3.0,pi,global_grouped_predictive_importance,dconf,top5_instability,0.5110314307286753,ok,0.5110314307286753,,,25,1,0,single_seed_block
block,within_dataset_model_seed,bank-marketing,hgb,4.0,pi,global_grouped_predictive_importance,dconf,top5_instability,0.29121760301824534,ok,0.29121760301824534,,,25,1,0,single_seed_block
block,within_dataset_model_seed,bank-marketing,logreg,0.0,pi,global_grouped_predictive_importance,dconf,top5_instability,-0.05120915564991891,ok,-0.05120915564991891,,,25,1,0,single_seed_block
block,within_dataset_model_seed,bank-marketing,logreg,1.0,pi,global_grouped_predictive_importance,dconf,top5_instability,,undefined_constant_endpoint_or_predictor,,,,25,1,0,single_seed_block
block,within_dataset_model_seed,bank-marketing,logreg,2.0,pi,global_grouped_predictive_importance,dconf,top5_instability,,undefined_constant_endpoint_or_predictor,,,,25,1,0,single_seed_block
block,within_dataset_model_seed,bank-marketing,logreg,3.0,pi,global_grouped_predictive_importance,dconf,top5_instability,,undefined_constant_endpoint_or_predictor,,,,25,1,0,single_seed_block
block,within_dataset_model_seed,bank-marketing,logreg,4.0,pi,global_grouped_predictive_importance,dconf,top5_instability,0.1617875572323585,ok,0.1617875572323585,,,25,1,0,single_seed_block
block,within_dataset_model_seed,bank-marketing,rf,0.0,pi,global_grouped_predictive_importance,dconf,top5_instability,0.11948802984981079,ok,0.11948802984981079,,,25,1,0,single_seed_block
block,within_dataset_model_seed,bank-marketing,rf,1.0,pi,global_grouped_predictive_importance,dconf,top5_instability,0.28306925853614895,ok,0.28306925853614895,,,25,1,0,single_seed_block
block,within_dataset_model_seed,bank-marketing,rf,2.0,pi,global_grouped_predictive_importance,dconf,top5_instability,0.4498234510602419,ok,0.4498234510602419,,,25,1,0,single_seed_block
block,within_dataset_model_seed,bank-marketing,rf,3.0,pi,global_grouped_predictive_importance,dconf,top5_instability,0.543492976389406,ok,0.543492976389406,,,25,1,0,single_seed_block
block,within_dataset_model_seed,bank-marketing,rf,4.0,pi,global_grouped_predictive_importance,dconf,top5_instability,0.2219063411496486,ok,0.2219063411496486,,,25,1,0,single_seed_block
block,within_dataset_model_seed,electricity,hgb,0.0,pi,global_grouped_predictive_importance,dconf,top5_instability,0.5746173045138104,ok,0.5746173045138104,,,25,1,0,single_seed_block
block,within_dataset_model_seed,electricity,hgb,1.0,pi,global_grouped_predictive_importance,dconf,top5_instability,0.4693507435889622,ok,0.4693507435889622,,,25,1,0,single_seed_block
block,within_dataset_model_seed,electricity,hgb,2.0,pi,global_grouped_predictive_importance,dconf,top5_instability,0.3165315236360564,ok,0.3165315236360564,,,25,1,0,single_seed_block
block,within_dataset_model_seed,electricity,hgb,3.0,pi,global_grouped_predictive_importance,dconf,top5_instability,0.3775990875119992,ok,0.3775990875119992,,,25,1,0,single_seed_block
block,within_dataset_model_seed,electricity,hgb,4.0,pi,global_grouped_predictive_importance,dconf,top5_instability,0.31319697675782404,ok,0.31319697675782404,,,25,1,0,single_seed_block
block,within_dataset_model_seed,electricity,logreg,0.0,pi,global_grouped_predictive_importance,dconf,top5_instability,-0.04089304100547653,ok,-0.04089304100547653,,,25,1,0,single_seed_block
block,within_dataset_model_seed,electricity,logreg,1.0,pi,global_grouped_predictive_importance,dconf,top5_instability,-0.06821910402406466,ok,-0.06821910402406466,,,25,1,0,single_seed_block
block,within_dataset_model_seed,electricity,logreg,2.0,pi,global_grouped_predictive_importance,dconf,top5_instability,-0.14286919170318604,ok,-0.14286919170318604,,,25,1,0,single_seed_block
block,within_dataset_model_seed,electricity,logreg,3.0,pi,global_grouped_predictive_importance,dconf,top5_instability,0.015130688316720058,ok,0.015130688316720058,,,25,1,0,single_seed_block
block,within_dataset_model_seed,electricity,logreg,4.0,pi,global_grouped_predictive_importance,dconf,top5_instability,-0.11891287353862352,ok,-0.11891287353862352,,,25,1,0,single_seed_block
block,within_dataset_model_seed,electricity,rf,0.0,pi,global_grouped_predictive_importance,dconf,top5_instability,0.8518207226103189,ok,0.8518207226103189,,,25,1,0,single_seed_block
block,within_dataset_model_seed,electricity,rf,1.0,pi,global_grouped_predictive_importance,dconf,top5_instability,0.5200314339611524,ok,0.5200314339611524,,,25,1,0,single_seed_block
block,within_dataset_model_seed,electricity,rf,2.0,pi,global_grouped_predictive_importance,dconf,top5_instability,0.849493338700237,ok,0.849493338700237,,,25,1,0,single_seed_block
block,within_dataset_model_seed,electricity,rf,3.0,pi,global_grouped_predictive_importance,dconf,top5_instability,0.6138313248077285,ok,0.6138313248077285,,,25,1,0,single_seed_block
block,within_dataset_model_seed,electricity,rf,4.0,pi,global_grouped_predictive_importance,dconf,top5_instability,0.7280440075456133,ok,0.7280440075456133,,,25,1,0,single_seed_block
block,within_dataset_model_seed,adult,hgb,0.0,pi,global_grouped_predictive_importance,ece_increase,top5_instability,0.5229093161079117,ok,0.5229093161079117,,,25,1,0,single_seed_block
block,within_dataset_model_seed,adult,hgb,1.0,pi,global_grouped_predictive_importance,ece_increase,top5_instability,0.6642106964829025,ok,0.6642106964829025,,,25,1,0,single_seed_block
block,within_dataset_model_seed,adult,hgb,2.0,pi,global_grouped_predictive_importance,ece_increase,top5_instability,0.7428475112106241,ok,0.7428475112106241,,,25,1,0,single_seed_block
block,within_dataset_model_seed,adult,hgb,3.0,pi,global_grouped_predictive_importance,ece_increase,top5_instability,0.22617377078714185,ok,0.22617377078714185,,,25,1,0,single_seed_block
block,within_dataset_model_seed,adult,hgb,4.0,pi,global_grouped_predictive_importance,ece_increase,top5_instability,0.6998906521770524,ok,0.6998906521770524,,,25,1,0,single_seed_block
block,within_dataset_model_seed,adult,logreg,0.0,pi,global_grouped_predictive_importance,ece_increase,top5_instability,-0.234669832040529,ok,-0.234669832040529,,,25,1,0,single_seed_block
block,within_dataset_model_seed,adult,logreg,1.0,pi,global_grouped_predictive_importance,ece_increase,top5_instability,-0.22581600205109567,ok,-0.22581600205109567,,,25,1,0,single_seed_block
block,within_dataset_model_seed,adult,logreg,2.0,pi,global_grouped_predictive_importance,ece_increase,top5_instability,0.3734167085477656,ok,0.3734167085477656,,,25,1,0,single_seed_block
block,within_dataset_model_seed,adult,logreg,3.0,pi,global_grouped_predictive_importance,ece_increase,top5_instability,-0.1635721640219061,ok,-0.1635721640219061,,,25,1,0,single_seed_block
block,within_dataset_model_seed,adult,logreg,4.0,pi,global_grouped_predictive_importance,ece_increase,top5_instability,-0.08939803125353483,ok,-0.08939803125353483,,,25,1,0,single_seed_block
block,within_dataset_model_seed,adult,rf,0.0,pi,global_grouped_predictive_importance,ece_increase,top5_instability,0.8216168806947274,ok,0.8216168806947274,,,25,1,0,single_seed_block
block,within_dataset_model_seed,adult,rf,1.0,pi,global_grouped_predictive_importance,ece_increase,top5_instability,0.4552184814764357,ok,0.4552184814764357,,,25,1,0,single_seed_block
block,within_dataset_model_seed,adult,rf,2.0,pi,global_grouped_predictive_importance,ece_increase,top5_instability,0.7807826135496932,ok,0.7807826135496932,,,25,1,0,single_seed_block
block,within_dataset_model_seed,adult,rf,3.0,pi,global_grouped_predictive_importance,ece_increase,top5_instability,0.6993717907551978,ok,0.6993717907551978,,,25,1,0,single_seed_block
block,within_dataset_model_seed,adult,rf,4.0,pi,global_grouped_predictive_importance,ece_increase,top5_instability,0.20965696734438366,ok,0.20965696734438366,,,25,1,0,single_seed_block
block,within_dataset_model_seed,bank-marketing,hgb,0.0,pi,global_grouped_predictive_importance,ece_increase,top5_instability,0.43452409462674085,ok,0.43452409462674085,,,25,1,0,single_seed_block
block,within_dataset_model_seed,bank-marketing,hgb,1.0,pi,global_grouped_predictive_importance,ece_increase,top5_instability,0.49200444720386016,ok,0.49200444720386016,,,25,1,0,single_seed_block
block,within_dataset_model_seed,bank-marketing,hgb,2.0,pi,global_grouped_predictive_importance,ece_increase,top5_instability,0.3410955201203233,ok,0.3410955201203233,,,25,1,0,single_seed_block
block,within_dataset_model_seed,bank-marketing,hgb,3.0,pi,global_grouped_predictive_importance,ece_increase,top5_instability,0.3838872034868626,ok,0.3838872034868626,,,25,1,0,single_seed_block
block,within_dataset_model_seed,bank-marketing,hgb,4.0,pi,global_grouped_predictive_importance,ece_increase,top5_instability,0.22188007849009164,ok,0.22188007849009164,,,25,1,0,single_seed_block
block,within_dataset_model_seed,bank-marketing,logreg,0.0,pi,global_grouped_predictive_importance,ece_increase,top5_instability,-0.29018521534954045,ok,-0.29018521534954045,,,25,1,0,single_seed_block
block,within_dataset_model_seed,bank-marketing,logreg,1.0,pi,global_grouped_predictive_importance,ece_increase,top5_instability,,undefined_constant_endpoint_or_predictor,,,,25,1,0,single_seed_block
block,within_dataset_model_seed,bank-marketing,logreg,2.0,pi,global_grouped_predictive_importance,ece_increase,top5_instability,,undefined_constant_endpoint_or_predictor,,,,25,1,0,single_seed_block
block,within_dataset_model_seed,bank-marketing,logreg,3.0,pi,global_grouped_predictive_importance,ece_increase,top5_instability,,undefined_constant_endpoint_or_predictor,,,,25,1,0,single_seed_block
block,within_dataset_model_seed,bank-marketing,logreg,4.0,pi,global_grouped_predictive_importance,ece_increase,top5_instability,-0.5200314339611524,ok,-0.5200314339611524,,,25,1,0,single_seed_block
block,within_dataset_model_seed,bank-marketing,rf,0.0,pi,global_grouped_predictive_importance,ece_increase,top5_instability,0.2219063411496486,ok,0.2219063411496486,,,25,1,0,single_seed_block
block,within_dataset_model_seed,bank-marketing,rf,1.0,pi,global_grouped_predictive_importance,ece_increase,top5_instability,0.16984155512168936,ok,0.16984155512168936,,,25,1,0,single_seed_block
block,within_dataset_model_seed,bank-marketing,rf,2.0,pi,global_grouped_predictive_importance,ece_increase,top5_instability,0.4498234510602419,ok,0.4498234510602419,,,25,1,0,single_seed_block
block,within_dataset_model_seed,bank-marketing,rf,3.0,pi,global_grouped_predictive_importance,ece_increase,top5_instability,0.6001068280966357,ok,0.6001068280966357,,,25,1,0,single_seed_block
block,within_dataset_model_seed,bank-marketing,rf,4.0,pi,global_grouped_predictive_importance,ece_increase,top5_instability,0.20483662259967564,ok,0.20483662259967564,,,25,1,0,single_seed_block
block,within_dataset_model_seed,electricity,hgb,0.0,pi,global_grouped_predictive_importance,ece_increase,top5_instability,0.5370912764639288,ok,0.5370912764639288,,,25,1,0,single_seed_block
block,within_dataset_model_seed,electricity,hgb,1.0,pi,global_grouped_predictive_importance,ece_increase,top5_instability,0.4575010541240379,ok,0.4575010541240379,,,25,1,0,single_seed_block
block,within_dataset_model_seed,electricity,hgb,2.0,pi,global_grouped_predictive_importance,ece_increase,top5_instability,0.27086054665428255,ok,0.27086054665428255,,,25,1,0,single_seed_block
block,within_dataset_model_seed,electricity,hgb,3.0,pi,global_grouped_predictive_importance,ece_increase,top5_instability,0.3775990875119992,ok,0.3775990875119992,,,25,1,0,single_seed_block
block,within_dataset_model_seed,electricity,hgb,4.0,pi,global_grouped_predictive_importance,ece_increase,top5_instability,0.30141527230298426,ok,0.30141527230298426,,,25,1,0,single_seed_block
block,within_dataset_model_seed,electricity,logreg,0.0,pi,global_grouped_predictive_importance,ece_increase,top5_instability,-0.04089304100547653,ok,-0.04089304100547653,,,25,1,0,single_seed_block
block,within_dataset_model_seed,electricity,logreg,1.0,pi,global_grouped_predictive_importance,ece_increase,top5_instability,-0.10853039276555741,ok,-0.10853039276555741,,,25,1,0,single_seed_block
block,within_dataset_model_seed,electricity,logreg,2.0,pi,global_grouped_predictive_importance,ece_increase,top5_instability,-0.23378595005975897,ok,-0.23378595005975897,,,25,1,0,single_seed_block
block,within_dataset_model_seed,electricity,logreg,3.0,pi,global_grouped_predictive_importance,ece_increase,top5_instability,-0.0756534415836003,ok,-0.0756534415836003,,,25,1,0,single_seed_block
block,within_dataset_model_seed,electricity,logreg,4.0,pi,global_grouped_predictive_importance,ece_increase,top5_instability,-0.23782574707724705,ok,-0.23782574707724705,,,25,1,0,single_seed_block
block,within_dataset_model_seed,electricity,rf,0.0,pi,global_grouped_predictive_importance,ece_increase,top5_instability,0.6114295984380818,ok,0.6114295984380818,,,25,1,0,single_seed_block
block,within_dataset_model_seed,electricity,rf,1.0,pi,global_grouped_predictive_importance,ece_increase,top5_instability,0.3929126389928706,ok,0.3929126389928706,,,25,1,0,single_seed_block
block,within_dataset_model_seed,electricity,rf,2.0,pi,global_grouped_predictive_importance,ece_increase,top5_instability,0.7505110765213008,ok,0.7505110765213008,,,25,1,0,single_seed_block
block,within_dataset_model_seed,electricity,rf,3.0,pi,global_grouped_predictive_importance,ece_increase,top5_instability,0.7152583892072889,ok,0.7152583892072889,,,25,1,0,single_seed_block
block,within_dataset_model_seed,electricity,rf,4.0,pi,global_grouped_predictive_importance,ece_increase,top5_instability,0.6355939748414083,ok,0.6355939748414083,,,25,1,0,single_seed_block
block,within_dataset_model_seed,adult,hgb,0.0,pi,global_grouped_predictive_importance,flip,top5_instability,0.5995918889182399,ok,0.5995918889182399,,,25,1,0,single_seed_block
block,within_dataset_model_seed,adult,hgb,1.0,pi,global_grouped_predictive_importance,flip,top5_instability,0.729083316683243,ok,0.729083316683243,,,25,1,0,single_seed_block
block,within_dataset_model_seed,adult,hgb,2.0,pi,global_grouped_predictive_importance,flip,top5_instability,0.7985610745514209,ok,0.7985610745514209,,,25,1,0,single_seed_block
block,within_dataset_model_seed,adult,hgb,3.0,pi,global_grouped_predictive_importance,flip,top5_instability,0.2568992641770932,ok,0.2568992641770932,,,25,1,0,single_seed_block
block,within_dataset_model_seed,adult,hgb,4.0,pi,global_grouped_predictive_importance,flip,top5_instability,0.7231617968228389,ok,0.7231617968228389,,,25,1,0,single_seed_block
block,within_dataset_model_seed,adult,logreg,0.0,pi,global_grouped_predictive_importance,flip,top5_instability,-0.15644655469368596,ok,-0.15644655469368596,,,25,1,0,single_seed_block
block,within_dataset_model_seed,adult,logreg,1.0,pi,global_grouped_predictive_importance,flip,top5_instability,-0.14825311439006716,ok,-0.14825311439006716,,,25,1,0,single_seed_block
block,within_dataset_model_seed,adult,logreg,2.0,pi,global_grouped_predictive_importance,flip,top5_instability,0.38368078037957587,ok,0.38368078037957587,,,25,1,0,single_seed_block
block,within_dataset_model_seed,adult,logreg,3.0,pi,global_grouped_predictive_importance,flip,top5_instability,-0.14312564351916787,ok,-0.14312564351916787,,,25,1,0,single_seed_block
block,within_dataset_model_seed,adult,logreg,4.0,pi,global_grouped_predictive_importance,flip,top5_instability,-0.08939803125353483,ok,-0.08939803125353483,,,25,1,0,single_seed_block
block,within_dataset_model_seed,adult,rf,0.0,pi,global_grouped_predictive_importance,flip,top5_instability,0.8993982495696642,ok,0.8993982495696642,,,25,1,0,single_seed_block
block,within_dataset_model_seed,adult,rf,1.0,pi,global_grouped_predictive_importance,flip,top5_instability,0.43301270189221935,ok,0.43301270189221935,,,25,1,0,single_seed_block
block,within_dataset_model_seed,adult,rf,2.0,pi,global_grouped_predictive_importance,flip,top5_instability,0.7791353928460019,ok,0.7791353928460019,,,25,1,0,single_seed_block
block,within_dataset_model_seed,adult,rf,3.0,pi,global_grouped_predictive_importance,flip,top5_instability,0.8251709053945624,ok,0.8251709053945624,,,25,1,0,single_seed_block
block,within_dataset_model_seed,adult,rf,4.0,pi,global_grouped_predictive_importance,flip,top5_instability,0.5608323876462263,ok,0.5608323876462263,,,25,1,0,single_seed_block
block,within_dataset_model_seed,bank-marketing,hgb,0.0,pi,global_grouped_predictive_importance,flip,top5_instability,0.4779765040894149,ok,0.4779765040894149,,,25,1,0,single_seed_block
block,within_dataset_model_seed,bank-marketing,hgb,1.0,pi,global_grouped_predictive_importance,flip,top5_instability,0.6139719362165819,ok,0.6139719362165819,,,25,1,0,single_seed_block
block,within_dataset_model_seed,bank-marketing,hgb,2.0,pi,global_grouped_predictive_importance,flip,top5_instability,0.4754664825919657,ok,0.4754664825919657,,,25,1,0,single_seed_block
block,within_dataset_model_seed,bank-marketing,hgb,3.0,pi,global_grouped_predictive_importance,flip,top5_instability,0.5463765440931946,ok,0.5463765440931946,,,25,1,0,single_seed_block
block,within_dataset_model_seed,bank-marketing,hgb,4.0,pi,global_grouped_predictive_importance,flip,top5_instability,0.30508510792387605,ok,0.30508510792387605,,,25,1,0,single_seed_block
block,within_dataset_model_seed,bank-marketing,logreg,0.0,pi,global_grouped_predictive_importance,flip,top5_instability,-0.017069718549972968,ok,-0.017069718549972968,,,25,1,0,single_seed_block
block,within_dataset_model_seed,bank-marketing,logreg,1.0,pi,global_grouped_predictive_importance,flip,top5_instability,,undefined_constant_endpoint_or_predictor,,,,25,1,0,single_seed_block
block,within_dataset_model_seed,bank-marketing,logreg,2.0,pi,global_grouped_predictive_importance,flip,top5_instability,,undefined_constant_endpoint_or_predictor,,,,25,1,0,single_seed_block
block,within_dataset_model_seed,bank-marketing,logreg,3.0,pi,global_grouped_predictive_importance,flip,top5_instability,,undefined_constant_endpoint_or_predictor,,,,25,1,0,single_seed_block
block,within_dataset_model_seed,bank-marketing,logreg,4.0,pi,global_grouped_predictive_importance,flip,top5_instability,0.12711879496828168,ok,0.12711879496828168,,,25,1,0,single_seed_block
block,within_dataset_model_seed,bank-marketing,rf,0.0,pi,global_grouped_predictive_importance,flip,top5_instability,0.017069718549972968,ok,0.017069718549972968,,,25,1,0,single_seed_block
block,within_dataset_model_seed,bank-marketing,rf,1.0,pi,global_grouped_predictive_importance,flip,top5_instability,0.2690192844704398,ok,0.2690192844704398,,,25,1,0,single_seed_block
block,within_dataset_model_seed,bank-marketing,rf,2.0,pi,global_grouped_predictive_importance,flip,top5_instability,0.47026997156298017,ok,0.47026997156298017,,,25,1,0,single_seed_block
block,within_dataset_model_seed,bank-marketing,rf,3.0,pi,global_grouped_predictive_importance,flip,top5_instability,0.49820189502362217,ok,0.49820189502362217,,,25,1,0,single_seed_block
block,within_dataset_model_seed,bank-marketing,rf,4.0,pi,global_grouped_predictive_importance,flip,top5_instability,0.1706971854997297,ok,0.1706971854997297,,,25,1,0,single_seed_block
block,within_dataset_model_seed,electricity,hgb,0.0,pi,global_grouped_predictive_importance,flip,top5_instability,0.5961947706424923,ok,0.5961947706424923,,,25,1,0,single_seed_block
block,within_dataset_model_seed,electricity,hgb,1.0,pi,global_grouped_predictive_importance,flip,top5_instability,0.4703811513685209,ok,0.4703811513685209,,,25,1,0,single_seed_block
block,within_dataset_model_seed,electricity,hgb,2.0,pi,global_grouped_predictive_importance,flip,top5_instability,0.3165315236360564,ok,0.3165315236360564,,,25,1,0,single_seed_block
block,within_dataset_model_seed,electricity,hgb,3.0,pi,global_grouped_predictive_importance,flip,top5_instability,0.3775990875119992,ok,0.3775990875119992,,,25,1,0,single_seed_block
block,within_dataset_model_seed,electricity,hgb,4.0,pi,global_grouped_predictive_importance,flip,top5_instability,0.30141527230298426,ok,0.30141527230298426,,,25,1,0,single_seed_block
block,within_dataset_model_seed,electricity,logreg,0.0,pi,global_grouped_predictive_importance,flip,top5_instability,-0.04089304100547653,ok,-0.04089304100547653,,,25,1,0,single_seed_block
block,within_dataset_model_seed,electricity,logreg,1.0,pi,global_grouped_predictive_importance,flip,top5_instability,-0.12713560295393866,ok,-0.12713560295393866,,,25,1,0,single_seed_block
block,within_dataset_model_seed,electricity,logreg,2.0,pi,global_grouped_predictive_importance,flip,top5_instability,-0.1039048666932262,ok,-0.1039048666932262,,,25,1,0,single_seed_block
block,within_dataset_model_seed,electricity,logreg,3.0,pi,global_grouped_predictive_importance,flip,top5_instability,0.06052275326688023,ok,0.06052275326688023,,,25,1,0,single_seed_block
block,within_dataset_model_seed,electricity,logreg,4.0,pi,global_grouped_predictive_importance,flip,top5_instability,-0.1783693103079353,ok,-0.1783693103079353,,,25,1,0,single_seed_block
block,within_dataset_model_seed,electricity,rf,0.0,pi,global_grouped_predictive_importance,flip,top5_instability,0.8413689346028305,ok,0.8413689346028305,,,25,1,0,single_seed_block
block,within_dataset_model_seed,electricity,rf,1.0,pi,global_grouped_predictive_importance,flip,top5_instability,0.5200314339611524,ok,0.5200314339611524,,,25,1,0,single_seed_block
block,within_dataset_model_seed,electricity,rf,2.0,pi,global_grouped_predictive_importance,flip,top5_instability,0.8344580583692593,ok,0.8344580583692593,,,25,1,0,single_seed_block
block,within_dataset_model_seed,electricity,rf,3.0,pi,global_grouped_predictive_importance,flip,top5_instability,0.6138313248077285,ok,0.6138313248077285,,,25,1,0,single_seed_block
block,within_dataset_model_seed,electricity,rf,4.0,pi,global_grouped_predictive_importance,flip,top5_instability,0.7280440075456133,ok,0.7280440075456133,,,25,1,0,single_seed_block
block,within_dataset_model_seed,adult,hgb,0.0,shap,local_attribution,accuracy_drop,cosine_instability,0.9482592981720172,ok,0.9482592981720172,,,25,1,0,single_seed_block
block,within_dataset_model_seed,adult,hgb,1.0,shap,local_attribution,accuracy_drop,cosine_instability,0.9678784560652313,ok,0.9678784560652313,,,25,1,0,single_seed_block
block,within_dataset_model_seed,adult,hgb,2.0,shap,local_attribution,accuracy_drop,cosine_instability,0.9653846153846154,ok,0.9653846153846154,,,25,1,0,single_seed_block
block,within_dataset_model_seed,adult,hgb,3.0,shap,local_attribution,accuracy_drop,cosine_instability,0.9167147697946924,ok,0.9167147697946924,,,25,1,0,single_seed_block
block,within_dataset_model_seed,adult,hgb,4.0,shap,local_attribution,accuracy_drop,cosine_instability,0.9323076923076923,ok,0.9323076923076923,,,25,1,0,single_seed_block
block,within_dataset_model_seed,adult,logreg,0.0,shap,local_attribution,accuracy_drop,cosine_instability,0.9838461538461538,ok,0.9838461538461538,,,25,1,0,single_seed_block
block,within_dataset_model_seed,adult,logreg,1.0,shap,local_attribution,accuracy_drop,cosine_instability,0.9776923076923076,ok,0.9776923076923076,,,25,1,0,single_seed_block
block,within_dataset_model_seed,adult,logreg,2.0,shap,local_attribution,accuracy_drop,cosine_instability,0.9759569328447901,ok,0.9759569328447901,,,25,1,0,single_seed_block
block,within_dataset_model_seed,adult,logreg,3.0,shap,local_attribution,accuracy_drop,cosine_instability,0.9830769230769232,ok,0.9830769230769232,,,25,1,0,single_seed_block
block,within_dataset_model_seed,adult,logreg,4.0,shap,local_attribution,accuracy_drop,cosine_instability,0.9744181753629693,ok,0.9744181753629693,,,25,1,0,single_seed_block
block,within_dataset_model_seed,adult,rf,0.0,shap,local_attribution,accuracy_drop,cosine_instability,0.9930769230769231,ok,0.9930769230769231,,,25,1,0,single_seed_block
block,within_dataset_model_seed,adult,rf,1.0,shap,local_attribution,accuracy_drop,cosine_instability,0.9915384615384615,ok,0.9915384615384615,,,25,1,0,single_seed_block
block,within_dataset_model_seed,adult,rf,2.0,shap,local_attribution,accuracy_drop,cosine_instability,0.9938461538461538,ok,0.9938461538461538,,,25,1,0,single_seed_block
block,within_dataset_model_seed,adult,rf,3.0,shap,local_attribution,accuracy_drop,cosine_instability,0.9967301588493698,ok,0.9967301588493698,,,25,1,0,single_seed_block
block,within_dataset_model_seed,adult,rf,4.0,shap,local_attribution,accuracy_drop,cosine_instability,0.982111962772073,ok,0.982111962772073,,,25,1,0,single_seed_block
block,within_dataset_model_seed,bank-marketing,hgb,0.0,shap,local_attribution,accuracy_drop,cosine_instability,0.9728794178811486,ok,0.9728794178811486,,,25,1,0,single_seed_block
block,within_dataset_model_seed,bank-marketing,hgb,1.0,shap,local_attribution,accuracy_drop,cosine_instability,0.9700000000000001,ok,0.9700000000000001,,,25,1,0,single_seed_block
block,within_dataset_model_seed,bank-marketing,hgb,2.0,shap,local_attribution,accuracy_drop,cosine_instability,0.9661538461538461,ok,0.9661538461538461,,,25,1,0,single_seed_block
block,within_dataset_model_seed,bank-marketing,hgb,3.0,shap,local_attribution,accuracy_drop,cosine_instability,0.9715384615384616,ok,0.9715384615384616,,,25,1,0,single_seed_block
block,within_dataset_model_seed,bank-marketing,hgb,4.0,shap,local_attribution,accuracy_drop,cosine_instability,0.953076923076923,ok,0.953076923076923,,,25,1,0,single_seed_block
block,within_dataset_model_seed,bank-marketing,logreg,0.0,shap,local_attribution,accuracy_drop,cosine_instability,0.7901519669149384,ok,0.7901519669149384,,,25,1,0,single_seed_block
block,within_dataset_model_seed,bank-marketing,logreg,1.0,shap,local_attribution,accuracy_drop,cosine_instability,0.787074451951297,ok,0.787074451951297,,,25,1,0,single_seed_block
block,within_dataset_model_seed,bank-marketing,logreg,2.0,shap,local_attribution,accuracy_drop,cosine_instability,0.8604965836233263,ok,0.8604965836233263,,,25,1,0,single_seed_block
block,within_dataset_model_seed,bank-marketing,logreg,3.0,shap,local_attribution,accuracy_drop,cosine_instability,0.8314090223394278,ok,0.8314090223394278,,,25,1,0,single_seed_block
block,within_dataset_model_seed,bank-marketing,logreg,4.0,shap,local_attribution,accuracy_drop,cosine_instability,0.7999231065373456,ok,0.7999231065373456,,,25,1,0,single_seed_block
block,within_dataset_model_seed,bank-marketing,rf,0.0,shap,local_attribution,accuracy_drop,cosine_instability,0.671670714806621,ok,0.671670714806621,,,25,1,0,single_seed_block
block,within_dataset_model_seed,bank-marketing,rf,1.0,shap,local_attribution,accuracy_drop,cosine_instability,0.8036160948808696,ok,0.8036160948808696,,,25,1,0,single_seed_block
block,within_dataset_model_seed,bank-marketing,rf,2.0,shap,local_attribution,accuracy_drop,cosine_instability,0.6355068399919562,ok,0.6355068399919562,,,25,1,0,single_seed_block
block,within_dataset_model_seed,bank-marketing,rf,3.0,shap,local_attribution,accuracy_drop,cosine_instability,0.8043103129574025,ok,0.8043103129574025,,,25,1,0,single_seed_block
block,within_dataset_model_seed,bank-marketing,rf,4.0,shap,local_attribution,accuracy_drop,cosine_instability,0.6811623224567476,ok,0.6811623224567476,,,25,1,0,single_seed_block
block,within_dataset_model_seed,electricity,hgb,0.0,shap,local_attribution,accuracy_drop,cosine_instability,0.9723076923076923,ok,0.9723076923076923,,,25,1,0,single_seed_block
block,within_dataset_model_seed,electricity,hgb,1.0,shap,local_attribution,accuracy_drop,cosine_instability,0.9684615384615385,ok,0.9684615384615385,,,25,1,0,single_seed_block
block,within_dataset_model_seed,electricity,hgb,2.0,shap,local_attribution,accuracy_drop,cosine_instability,0.9792307692307692,ok,0.9792307692307692,,,25,1,0,single_seed_block
block,within_dataset_model_seed,electricity,hgb,3.0,shap,local_attribution,accuracy_drop,cosine_instability,0.9815384615384616,ok,0.9815384615384616,,,25,1,0,single_seed_block
block,within_dataset_model_seed,electricity,hgb,4.0,shap,local_attribution,accuracy_drop,cosine_instability,0.9784615384615385,ok,0.9784615384615385,,,25,1,0,single_seed_block
block,within_dataset_model_seed,electricity,logreg,0.0,shap,local_attribution,accuracy_drop,cosine_instability,0.9707692307692307,ok,0.9707692307692307,,,25,1,0,single_seed_block
block,within_dataset_model_seed,electricity,logreg,1.0,shap,local_attribution,accuracy_drop,cosine_instability,0.976923076923077,ok,0.976923076923077,,,25,1,0,single_seed_block
block,within_dataset_model_seed,electricity,logreg,2.0,shap,local_attribution,accuracy_drop,cosine_instability,0.9907692307692307,ok,0.9907692307692307,,,25,1,0,single_seed_block
block,within_dataset_model_seed,electricity,logreg,3.0,shap,local_attribution,accuracy_drop,cosine_instability,0.9928832651448178,ok,0.9928832651448178,,,25,1,0,single_seed_block
block,within_dataset_model_seed,electricity,logreg,4.0,shap,local_attribution,accuracy_drop,cosine_instability,0.9869230769230769,ok,0.9869230769230769,,,25,1,0,single_seed_block
block,within_dataset_model_seed,electricity,rf,0.0,shap,local_attribution,accuracy_drop,cosine_instability,0.9874976139584454,ok,0.9874976139584454,,,25,1,0,single_seed_block
block,within_dataset_model_seed,electricity,rf,1.0,shap,local_attribution,accuracy_drop,cosine_instability,0.9838461538461538,ok,0.9838461538461538,,,25,1,0,single_seed_block
block,within_dataset_model_seed,electricity,rf,2.0,shap,local_attribution,accuracy_drop,cosine_instability,0.9892307692307692,ok,0.9892307692307692,,,25,1,0,single_seed_block
block,within_dataset_model_seed,electricity,rf,3.0,shap,local_attribution,accuracy_drop,cosine_instability,0.9900000000000001,ok,0.9900000000000001,,,25,1,0,single_seed_block
block,within_dataset_model_seed,electricity,rf,4.0,shap,local_attribution,accuracy_drop,cosine_instability,0.9900000000000001,ok,0.9900000000000001,,,25,1,0,single_seed_block
block,within_dataset_model_seed,adult,hgb,0.0,shap,local_attribution,dconf,cosine_instability,0.9861538461538462,ok,0.9861538461538462,,,25,1,0,single_seed_block
block,within_dataset_model_seed,adult,hgb,1.0,shap,local_attribution,dconf,cosine_instability,0.9715384615384616,ok,0.9715384615384616,,,25,1,0,single_seed_block
block,within_dataset_model_seed,adult,hgb,2.0,shap,local_attribution,dconf,cosine_instability,0.9607692307692307,ok,0.9607692307692307,,,25,1,0,single_seed_block
block,within_dataset_model_seed,adult,hgb,3.0,shap,local_attribution,dconf,cosine_instability,0.9476923076923076,ok,0.9476923076923076,,,25,1,0,single_seed_block
block,within_dataset_model_seed,adult,hgb,4.0,shap,local_attribution,dconf,cosine_instability,0.98,ok,0.98,,,25,1,0,single_seed_block
block,within_dataset_model_seed,adult,logreg,0.0,shap,local_attribution,dconf,cosine_instability,0.9692307692307693,ok,0.9692307692307693,,,25,1,0,single_seed_block
block,within_dataset_model_seed,adult,logreg,1.0,shap,local_attribution,dconf,cosine_instability,0.9738461538461539,ok,0.9738461538461539,,,25,1,0,single_seed_block
block,within_dataset_model_seed,adult,logreg,2.0,shap,local_attribution,dconf,cosine_instability,0.9861538461538462,ok,0.9861538461538462,,,25,1,0,single_seed_block
block,within_dataset_model_seed,adult,logreg,3.0,shap,local_attribution,dconf,cosine_instability,0.98,ok,0.98,,,25,1,0,single_seed_block
block,within_dataset_model_seed,adult,logreg,4.0,shap,local_attribution,dconf,cosine_instability,0.9707692307692307,ok,0.9707692307692307,,,25,1,0,single_seed_block
block,within_dataset_model_seed,adult,rf,0.0,shap,local_attribution,dconf,cosine_instability,0.9700000000000001,ok,0.9700000000000001,,,25,1,0,single_seed_block
block,within_dataset_model_seed,adult,rf,1.0,shap,local_attribution,dconf,cosine_instability,0.9715384615384616,ok,0.9715384615384616,,,25,1,0,single_seed_block
block,within_dataset_model_seed,adult,rf,2.0,shap,local_attribution,dconf,cosine_instability,0.9730769230769231,ok,0.9730769230769231,,,25,1,0,single_seed_block
block,within_dataset_model_seed,adult,rf,3.0,shap,local_attribution,dconf,cosine_instability,0.9615384615384615,ok,0.9615384615384615,,,25,1,0,single_seed_block
block,within_dataset_model_seed,adult,rf,4.0,shap,local_attribution,dconf,cosine_instability,0.9792307692307692,ok,0.9792307692307692,,,25,1,0,single_seed_block
block,within_dataset_model_seed,bank-marketing,hgb,0.0,shap,local_attribution,dconf,cosine_instability,0.9876923076923078,ok,0.9876923076923078,,,25,1,0,single_seed_block
block,within_dataset_model_seed,bank-marketing,hgb,1.0,shap,local_attribution,dconf,cosine_instability,0.9930769230769231,ok,0.9930769230769231,,,25,1,0,single_seed_block
block,within_dataset_model_seed,bank-marketing,hgb,2.0,shap,local_attribution,dconf,cosine_instability,0.9907692307692307,ok,0.9907692307692307,,,25,1,0,single_seed_block
block,within_dataset_model_seed,bank-marketing,hgb,3.0,shap,local_attribution,dconf,cosine_instability,0.9823076923076923,ok,0.9823076923076923,,,25,1,0,single_seed_block
block,within_dataset_model_seed,bank-marketing,hgb,4.0,shap,local_attribution,dconf,cosine_instability,0.9853846153846154,ok,0.9853846153846154,,,25,1,0,single_seed_block
block,within_dataset_model_seed,bank-marketing,logreg,0.0,shap,local_attribution,dconf,cosine_instability,0.9646153846153847,ok,0.9646153846153847,,,25,1,0,single_seed_block
block,within_dataset_model_seed,bank-marketing,logreg,1.0,shap,local_attribution,dconf,cosine_instability,0.9700000000000001,ok,0.9700000000000001,,,25,1,0,single_seed_block
block,within_dataset_model_seed,bank-marketing,logreg,2.0,shap,local_attribution,dconf,cosine_instability,0.9653846153846154,ok,0.9653846153846154,,,25,1,0,single_seed_block
block,within_dataset_model_seed,bank-marketing,logreg,3.0,shap,local_attribution,dconf,cosine_instability,0.9723076923076923,ok,0.9723076923076923,,,25,1,0,single_seed_block
block,within_dataset_model_seed,bank-marketing,logreg,4.0,shap,local_attribution,dconf,cosine_instability,0.9615384615384615,ok,0.9615384615384615,,,25,1,0,single_seed_block
block,within_dataset_model_seed,bank-marketing,rf,0.0,shap,local_attribution,dconf,cosine_instability,0.9907692307692307,ok,0.9907692307692307,,,25,1,0,single_seed_block
block,within_dataset_model_seed,bank-marketing,rf,1.0,shap,local_attribution,dconf,cosine_instability,0.9961538461538462,ok,0.9961538461538462,,,25,1,0,single_seed_block
block,within_dataset_model_seed,bank-marketing,rf,2.0,shap,local_attribution,dconf,cosine_instability,0.9815384615384616,ok,0.9815384615384616,,,25,1,0,single_seed_block
block,within_dataset_model_seed,bank-marketing,rf,3.0,shap,local_attribution,dconf,cosine_instability,0.9900000000000001,ok,0.9900000000000001,,,25,1,0,single_seed_block
block,within_dataset_model_seed,bank-marketing,rf,4.0,shap,local_attribution,dconf,cosine_instability,0.9923076923076923,ok,0.9923076923076923,,,25,1,0,single_seed_block
block,within_dataset_model_seed,electricity,hgb,0.0,shap,local_attribution,dconf,cosine_instability,0.9684615384615385,ok,0.9684615384615385,,,25,1,0,single_seed_block
block,within_dataset_model_seed,electricity,hgb,1.0,shap,local_attribution,dconf,cosine_instability,0.966923076923077,ok,0.966923076923077,,,25,1,0,single_seed_block
block,within_dataset_model_seed,electricity,hgb,2.0,shap,local_attribution,dconf,cosine_instability,0.9784615384615385,ok,0.9784615384615385,,,25,1,0,single_seed_block
block,within_dataset_model_seed,electricity,hgb,3.0,shap,local_attribution,dconf,cosine_instability,0.9700000000000001,ok,0.9700000000000001,,,25,1,0,single_seed_block
block,within_dataset_model_seed,electricity,hgb,4.0,shap,local_attribution,dconf,cosine_instability,0.976923076923077,ok,0.976923076923077,,,25,1,0,single_seed_block
block,within_dataset_model_seed,electricity,logreg,0.0,shap,local_attribution,dconf,cosine_instability,0.9438461538461539,ok,0.9438461538461539,,,25,1,0,single_seed_block
block,within_dataset_model_seed,electricity,logreg,1.0,shap,local_attribution,dconf,cosine_instability,0.9461538461538461,ok,0.9461538461538461,,,25,1,0,single_seed_block
block,within_dataset_model_seed,electricity,logreg,2.0,shap,local_attribution,dconf,cosine_instability,0.9730769230769231,ok,0.9730769230769231,,,25,1,0,single_seed_block
block,within_dataset_model_seed,electricity,logreg,3.0,shap,local_attribution,dconf,cosine_instability,0.9723076923076923,ok,0.9723076923076923,,,25,1,0,single_seed_block
block,within_dataset_model_seed,electricity,logreg,4.0,shap,local_attribution,dconf,cosine_instability,0.9876923076923078,ok,0.9876923076923078,,,25,1,0,single_seed_block
block,within_dataset_model_seed,electricity,rf,0.0,shap,local_attribution,dconf,cosine_instability,0.9823076923076923,ok,0.9823076923076923,,,25,1,0,single_seed_block
block,within_dataset_model_seed,electricity,rf,1.0,shap,local_attribution,dconf,cosine_instability,0.976923076923077,ok,0.976923076923077,,,25,1,0,single_seed_block
block,within_dataset_model_seed,electricity,rf,2.0,shap,local_attribution,dconf,cosine_instability,0.9853846153846154,ok,0.9853846153846154,,,25,1,0,single_seed_block
block,within_dataset_model_seed,electricity,rf,3.0,shap,local_attribution,dconf,cosine_instability,0.9892307692307692,ok,0.9892307692307692,,,25,1,0,single_seed_block
block,within_dataset_model_seed,electricity,rf,4.0,shap,local_attribution,dconf,cosine_instability,0.9900000000000001,ok,0.9900000000000001,,,25,1,0,single_seed_block
block,within_dataset_model_seed,adult,hgb,0.0,shap,local_attribution,ece_increase,cosine_instability,0.9838461538461538,ok,0.9838461538461538,,,25,1,0,single_seed_block
block,within_dataset_model_seed,adult,hgb,1.0,shap,local_attribution,ece_increase,cosine_instability,0.9692307692307693,ok,0.9692307692307693,,,25,1,0,single_seed_block
block,within_dataset_model_seed,adult,hgb,2.0,shap,local_attribution,ece_increase,cosine_instability,0.9715384615384616,ok,0.9715384615384616,,,25,1,0,single_seed_block
block,within_dataset_model_seed,adult,hgb,3.0,shap,local_attribution,ece_increase,cosine_instability,0.9492307692307692,ok,0.9492307692307692,,,25,1,0,single_seed_block
block,within_dataset_model_seed,adult,hgb,4.0,shap,local_attribution,ece_increase,cosine_instability,0.9746153846153847,ok,0.9746153846153847,,,25,1,0,single_seed_block
block,within_dataset_model_seed,adult,logreg,0.0,shap,local_attribution,ece_increase,cosine_instability,0.9538461538461538,ok,0.9538461538461538,,,25,1,0,single_seed_block
block,within_dataset_model_seed,adult,logreg,1.0,shap,local_attribution,ece_increase,cosine_instability,0.9353846153846154,ok,0.9353846153846154,,,25,1,0,single_seed_block
block,within_dataset_model_seed,adult,logreg,2.0,shap,local_attribution,ece_increase,cosine_instability,0.9638461538461539,ok,0.9638461538461539,,,25,1,0,single_seed_block
block,within_dataset_model_seed,adult,logreg,3.0,shap,local_attribution,ece_increase,cosine_instability,0.9592307692307691,ok,0.9592307692307691,,,25,1,0,single_seed_block
block,within_dataset_model_seed,adult,logreg,4.0,shap,local_attribution,ece_increase,cosine_instability,0.9392307692307692,ok,0.9392307692307692,,,25,1,0,single_seed_block
block,within_dataset_model_seed,adult,rf,0.0,shap,local_attribution,ece_increase,cosine_instability,0.8476923076923076,ok,0.8476923076923076,,,25,1,0,single_seed_block
block,within_dataset_model_seed,adult,rf,1.0,shap,local_attribution,ece_increase,cosine_instability,0.793076923076923,ok,0.793076923076923,,,25,1,0,single_seed_block
block,within_dataset_model_seed,adult,rf,2.0,shap,local_attribution,ece_increase,cosine_instability,0.8061538461538461,ok,0.8061538461538461,,,25,1,0,single_seed_block
block,within_dataset_model_seed,adult,rf,3.0,shap,local_attribution,ece_increase,cosine_instability,0.8861538461538463,ok,0.8861538461538463,,,25,1,0,single_seed_block
block,within_dataset_model_seed,adult,rf,4.0,shap,local_attribution,ece_increase,cosine_instability,0.7692307692307693,ok,0.7692307692307693,,,25,1,0,single_seed_block
block,within_dataset_model_seed,bank-marketing,hgb,0.0,shap,local_attribution,ece_increase,cosine_instability,0.9523076923076922,ok,0.9523076923076922,,,25,1,0,single_seed_block
block,within_dataset_model_seed,bank-marketing,hgb,1.0,shap,local_attribution,ece_increase,cosine_instability,0.9392307692307692,ok,0.9392307692307692,,,25,1,0,single_seed_block
block,within_dataset_model_seed,bank-marketing,hgb,2.0,shap,local_attribution,ece_increase,cosine_instability,0.9569230769230769,ok,0.9569230769230769,,,25,1,0,single_seed_block
block,within_dataset_model_seed,bank-marketing,hgb,3.0,shap,local_attribution,ece_increase,cosine_instability,0.9438461538461539,ok,0.9438461538461539,,,25,1,0,single_seed_block
block,within_dataset_model_seed,bank-marketing,hgb,4.0,shap,local_attribution,ece_increase,cosine_instability,0.9199999999999999,ok,0.9199999999999999,,,25,1,0,single_seed_block
block,within_dataset_model_seed,bank-marketing,logreg,0.0,shap,local_attribution,ece_increase,cosine_instability,0.39615384615384613,ok,0.39615384615384613,,,25,1,0,single_seed_block
block,within_dataset_model_seed,bank-marketing,logreg,1.0,shap,local_attribution,ece_increase,cosine_instability,0.42153846153846153,ok,0.42153846153846153,,,25,1,0,single_seed_block
block,within_dataset_model_seed,bank-marketing,logreg,2.0,shap,local_attribution,ece_increase,cosine_instability,0.5292307692307692,ok,0.5292307692307692,,,25,1,0,single_seed_block
block,within_dataset_model_seed,bank-marketing,logreg,3.0,shap,local_attribution,ece_increase,cosine_instability,0.5376923076923077,ok,0.5376923076923077,,,25,1,0,single_seed_block
block,within_dataset_model_seed,bank-marketing,logreg,4.0,shap,local_attribution,ece_increase,cosine_instability,0.44923076923076927,ok,0.44923076923076927,,,25,1,0,single_seed_block
block,within_dataset_model_seed,bank-marketing,rf,0.0,shap,local_attribution,ece_increase,cosine_instability,0.91,ok,0.91,,,25,1,0,single_seed_block
block,within_dataset_model_seed,bank-marketing,rf,1.0,shap,local_attribution,ece_increase,cosine_instability,0.9107692307692308,ok,0.9107692307692308,,,25,1,0,single_seed_block
block,within_dataset_model_seed,bank-marketing,rf,2.0,shap,local_attribution,ece_increase,cosine_instability,0.8938461538461538,ok,0.8938461538461538,,,25,1,0,single_seed_block
block,within_dataset_model_seed,bank-marketing,rf,3.0,shap,local_attribution,ece_increase,cosine_instability,0.9107692307692308,ok,0.9107692307692308,,,25,1,0,single_seed_block
block,within_dataset_model_seed,bank-marketing,rf,4.0,shap,local_attribution,ece_increase,cosine_instability,0.9223076923076923,ok,0.9223076923076923,,,25,1,0,single_seed_block
block,within_dataset_model_seed,electricity,hgb,0.0,shap,local_attribution,ece_increase,cosine_instability,0.9453846153846153,ok,0.9453846153846153,,,25,1,0,single_seed_block
block,within_dataset_model_seed,electricity,hgb,1.0,shap,local_attribution,ece_increase,cosine_instability,0.9623076923076924,ok,0.9623076923076924,,,25,1,0,single_seed_block
block,within_dataset_model_seed,electricity,hgb,2.0,shap,local_attribution,ece_increase,cosine_instability,0.9630769230769232,ok,0.9630769230769232,,,25,1,0,single_seed_block
block,within_dataset_model_seed,electricity,hgb,3.0,shap,local_attribution,ece_increase,cosine_instability,0.95,ok,0.95,,,25,1,0,single_seed_block
block,within_dataset_model_seed,electricity,hgb,4.0,shap,local_attribution,ece_increase,cosine_instability,0.966923076923077,ok,0.966923076923077,,,25,1,0,single_seed_block
block,within_dataset_model_seed,electricity,logreg,0.0,shap,local_attribution,ece_increase,cosine_instability,0.9092307692307693,ok,0.9092307692307693,,,25,1,0,single_seed_block
block,within_dataset_model_seed,electricity,logreg,1.0,shap,local_attribution,ece_increase,cosine_instability,0.8853846153846154,ok,0.8853846153846154,,,25,1,0,single_seed_block
block,within_dataset_model_seed,electricity,logreg,2.0,shap,local_attribution,ece_increase,cosine_instability,0.9215384615384615,ok,0.9215384615384615,,,25,1,0,single_seed_block
block,within_dataset_model_seed,electricity,logreg,3.0,shap,local_attribution,ece_increase,cosine_instability,0.9146153846153846,ok,0.9146153846153846,,,25,1,0,single_seed_block
block,within_dataset_model_seed,electricity,logreg,4.0,shap,local_attribution,ece_increase,cosine_instability,0.9446153846153846,ok,0.9446153846153846,,,25,1,0,single_seed_block
block,within_dataset_model_seed,electricity,rf,0.0,shap,local_attribution,ece_increase,cosine_instability,0.7699999999999999,ok,0.7699999999999999,,,25,1,0,single_seed_block
block,within_dataset_model_seed,electricity,rf,1.0,shap,local_attribution,ece_increase,cosine_instability,0.87,ok,0.87,,,25,1,0,single_seed_block
block,within_dataset_model_seed,electricity,rf,2.0,shap,local_attribution,ece_increase,cosine_instability,0.8792307692307693,ok,0.8792307692307693,,,25,1,0,single_seed_block
block,within_dataset_model_seed,electricity,rf,3.0,shap,local_attribution,ece_increase,cosine_instability,0.8723076923076923,ok,0.8723076923076923,,,25,1,0,single_seed_block
block,within_dataset_model_seed,electricity,rf,4.0,shap,local_attribution,ece_increase,cosine_instability,0.8476923076923076,ok,0.8476923076923076,,,25,1,0,single_seed_block
block,within_dataset_model_seed,adult,hgb,0.0,shap,local_attribution,flip,cosine_instability,0.9582612218038518,ok,0.9582612218038518,,,25,1,0,single_seed_block
block,within_dataset_model_seed,adult,hgb,1.0,shap,local_attribution,flip,cosine_instability,0.9732641072516037,ok,0.9732641072516037,,,25,1,0,single_seed_block
block,within_dataset_model_seed,adult,hgb,2.0,shap,local_attribution,flip,cosine_instability,0.9753846153846154,ok,0.9753846153846154,,,25,1,0,single_seed_block
block,within_dataset_model_seed,adult,hgb,3.0,shap,local_attribution,flip,cosine_instability,0.9184615384615386,ok,0.9184615384615386,,,25,1,0,single_seed_block
block,within_dataset_model_seed,adult,hgb,4.0,shap,local_attribution,flip,cosine_instability,0.9392307692307692,ok,0.9392307692307692,,,25,1,0,single_seed_block
block,within_dataset_model_seed,adult,logreg,0.0,shap,local_attribution,flip,cosine_instability,0.9700000000000001,ok,0.9700000000000001,,,25,1,0,single_seed_block
block,within_dataset_model_seed,adult,logreg,1.0,shap,local_attribution,flip,cosine_instability,0.9746153846153847,ok,0.9746153846153847,,,25,1,0,single_seed_block
block,within_dataset_model_seed,adult,logreg,2.0,shap,local_attribution,flip,cosine_instability,0.9830769230769232,ok,0.9830769230769232,,,25,1,0,single_seed_block
block,within_dataset_model_seed,adult,logreg,3.0,shap,local_attribution,flip,cosine_instability,0.9784615384615385,ok,0.9784615384615385,,,25,1,0,single_seed_block
block,within_dataset_model_seed,adult,logreg,4.0,shap,local_attribution,flip,cosine_instability,0.9676923076923077,ok,0.9676923076923077,,,25,1,0,single_seed_block
block,within_dataset_model_seed,adult,rf,0.0,shap,local_attribution,flip,cosine_instability,0.9876923076923078,ok,0.9876923076923078,,,25,1,0,single_seed_block
block,within_dataset_model_seed,adult,rf,1.0,shap,local_attribution,flip,cosine_instability,0.9830769230769232,ok,0.9830769230769232,,,25,1,0,single_seed_block
block,within_dataset_model_seed,adult,rf,2.0,shap,local_attribution,flip,cosine_instability,0.9884615384615385,ok,0.9884615384615385,,,25,1,0,single_seed_block
block,within_dataset_model_seed,adult,rf,3.0,shap,local_attribution,flip,cosine_instability,0.9813425840311626,ok,0.9813425840311626,,,25,1,0,single_seed_block
block,within_dataset_model_seed,adult,rf,4.0,shap,local_attribution,flip,cosine_instability,0.9807692307692308,ok,0.9807692307692308,,,25,1,0,single_seed_block
block,within_dataset_model_seed,bank-marketing,hgb,0.0,shap,local_attribution,flip,cosine_instability,0.9892307692307692,ok,0.9892307692307692,,,25,1,0,single_seed_block
block,within_dataset_model_seed,bank-marketing,hgb,1.0,shap,local_attribution,flip,cosine_instability,0.9869230769230769,ok,0.9869230769230769,,,25,1,0,single_seed_block
block,within_dataset_model_seed,bank-marketing,hgb,2.0,shap,local_attribution,flip,cosine_instability,0.9869230769230769,ok,0.9869230769230769,,,25,1,0,single_seed_block
block,within_dataset_model_seed,bank-marketing,hgb,3.0,shap,local_attribution,flip,cosine_instability,0.9700000000000001,ok,0.9700000000000001,,,25,1,0,single_seed_block
block,within_dataset_model_seed,bank-marketing,hgb,4.0,shap,local_attribution,flip,cosine_instability,0.9784615384615385,ok,0.9784615384615385,,,25,1,0,single_seed_block
block,within_dataset_model_seed,bank-marketing,logreg,0.0,shap,local_attribution,flip,cosine_instability,0.9676923076923077,ok,0.9676923076923077,,,25,1,0,single_seed_block
block,within_dataset_model_seed,bank-marketing,logreg,1.0,shap,local_attribution,flip,cosine_instability,0.9638461538461539,ok,0.9638461538461539,,,25,1,0,single_seed_block
block,within_dataset_model_seed,bank-marketing,logreg,2.0,shap,local_attribution,flip,cosine_instability,0.9723076923076923,ok,0.9723076923076923,,,25,1,0,single_seed_block
block,within_dataset_model_seed,bank-marketing,logreg,3.0,shap,local_attribution,flip,cosine_instability,0.9711428190958442,ok,0.9711428190958442,,,25,1,0,single_seed_block
block,within_dataset_model_seed,bank-marketing,logreg,4.0,shap,local_attribution,flip,cosine_instability,0.9546153846153845,ok,0.9546153846153845,,,25,1,0,single_seed_block
block,within_dataset_model_seed,bank-marketing,rf,0.0,shap,local_attribution,flip,cosine_instability,0.9715384615384616,ok,0.9715384615384616,,,25,1,0,single_seed_block
block,within_dataset_model_seed,bank-marketing,rf,1.0,shap,local_attribution,flip,cosine_instability,0.9780685602779857,ok,0.9780685602779857,,,25,1,0,single_seed_block
block,within_dataset_model_seed,bank-marketing,rf,2.0,shap,local_attribution,flip,cosine_instability,0.9623076923076924,ok,0.9623076923076924,,,25,1,0,single_seed_block
block,within_dataset_model_seed,bank-marketing,rf,3.0,shap,local_attribution,flip,cosine_instability,0.9830769230769232,ok,0.9830769230769232,,,25,1,0,single_seed_block
block,within_dataset_model_seed,bank-marketing,rf,4.0,shap,local_attribution,flip,cosine_instability,0.953076923076923,ok,0.953076923076923,,,25,1,0,single_seed_block
block,within_dataset_model_seed,electricity,hgb,0.0,shap,local_attribution,flip,cosine_instability,0.9723076923076923,ok,0.9723076923076923,,,25,1,0,single_seed_block
block,within_dataset_model_seed,electricity,hgb,1.0,shap,local_attribution,flip,cosine_instability,0.9661538461538461,ok,0.9661538461538461,,,25,1,0,single_seed_block
block,within_dataset_model_seed,electricity,hgb,2.0,shap,local_attribution,flip,cosine_instability,0.9792307692307692,ok,0.9792307692307692,,,25,1,0,single_seed_block
block,within_dataset_model_seed,electricity,hgb,3.0,shap,local_attribution,flip,cosine_instability,0.976923076923077,ok,0.976923076923077,,,25,1,0,single_seed_block
block,within_dataset_model_seed,electricity,hgb,4.0,shap,local_attribution,flip,cosine_instability,0.9807692307692308,ok,0.9807692307692308,,,25,1,0,single_seed_block
block,within_dataset_model_seed,electricity,logreg,0.0,shap,local_attribution,flip,cosine_instability,0.9453846153846153,ok,0.9453846153846153,,,25,1,0,single_seed_block
block,within_dataset_model_seed,electricity,logreg,1.0,shap,local_attribution,flip,cosine_instability,0.9569230769230769,ok,0.9569230769230769,,,25,1,0,single_seed_block
block,within_dataset_model_seed,electricity,logreg,2.0,shap,local_attribution,flip,cosine_instability,0.9784615384615385,ok,0.9784615384615385,,,25,1,0,single_seed_block
block,within_dataset_model_seed,electricity,logreg,3.0,shap,local_attribution,flip,cosine_instability,0.9784615384615385,ok,0.9784615384615385,,,25,1,0,single_seed_block
block,within_dataset_model_seed,electricity,logreg,4.0,shap,local_attribution,flip,cosine_instability,0.98,ok,0.98,,,25,1,0,single_seed_block
block,within_dataset_model_seed,electricity,rf,0.0,shap,local_attribution,flip,cosine_instability,0.9807692307692308,ok,0.9807692307692308,,,25,1,0,single_seed_block
block,within_dataset_model_seed,electricity,rf,1.0,shap,local_attribution,flip,cosine_instability,0.9761538461538463,ok,0.9761538461538463,,,25,1,0,single_seed_block
block,within_dataset_model_seed,electricity,rf,2.0,shap,local_attribution,flip,cosine_instability,0.9853846153846154,ok,0.9853846153846154,,,25,1,0,single_seed_block
block,within_dataset_model_seed,electricity,rf,3.0,shap,local_attribution,flip,cosine_instability,0.9861538461538462,ok,0.9861538461538462,,,25,1,0,single_seed_block
block,within_dataset_model_seed,electricity,rf,4.0,shap,local_attribution,flip,cosine_instability,0.9923076923076923,ok,0.9923076923076923,,,25,1,0,single_seed_block
block,within_dataset_model_seed,adult,hgb,0.0,shap,local_attribution,accuracy_drop,top5_instability,0.8955367449018852,ok,0.8955367449018852,,,25,1,0,single_seed_block
block,within_dataset_model_seed,adult,hgb,1.0,shap,local_attribution,accuracy_drop,top5_instability,0.8533769640374917,ok,0.8533769640374917,,,25,1,0,single_seed_block
block,within_dataset_model_seed,adult,hgb,2.0,shap,local_attribution,accuracy_drop,top5_instability,0.7676923076923077,ok,0.7676923076923077,,,25,1,0,single_seed_block
block,within_dataset_model_seed,adult,hgb,3.0,shap,local_attribution,accuracy_drop,top5_instability,0.828780300115429,ok,0.828780300115429,,,25,1,0,single_seed_block
block,within_dataset_model_seed,adult,hgb,4.0,shap,local_attribution,accuracy_drop,top5_instability,0.8636276366718776,ok,0.8636276366718776,,,25,1,0,single_seed_block
block,within_dataset_model_seed,adult,logreg,0.0,shap,local_attribution,accuracy_drop,top5_instability,0.6879569574260577,ok,0.6879569574260577,,,25,1,0,single_seed_block
block,within_dataset_model_seed,adult,logreg,1.0,shap,local_attribution,accuracy_drop,top5_instability,0.933076923076923,ok,0.933076923076923,,,25,1,0,single_seed_block
block,within_dataset_model_seed,adult,logreg,2.0,shap,local_attribution,accuracy_drop,top5_instability,0.4308254842119378,ok,0.4308254842119378,,,25,1,0,single_seed_block
block,within_dataset_model_seed,adult,logreg,3.0,shap,local_attribution,accuracy_drop,top5_instability,0.91,ok,0.91,,,25,1,0,single_seed_block
block,within_dataset_model_seed,adult,logreg,4.0,shap,local_attribution,accuracy_drop,top5_instability,0.8841862254713351,ok,0.8841862254713351,,,25,1,0,single_seed_block
block,within_dataset_model_seed,adult,rf,0.0,shap,local_attribution,accuracy_drop,top5_instability,0.9615384615384615,ok,0.9615384615384615,,,25,1,0,single_seed_block
block,within_dataset_model_seed,adult,rf,1.0,shap,local_attribution,accuracy_drop,top5_instability,0.9544143280993,ok,0.9544143280993,,,25,1,0,single_seed_block
block,within_dataset_model_seed,adult,rf,2.0,shap,local_attribution,accuracy_drop,top5_instability,0.913076923076923,ok,0.913076923076923,,,25,1,0,single_seed_block
block,within_dataset_model_seed,adult,rf,3.0,shap,local_attribution,accuracy_drop,top5_instability,0.8928022216416145,ok,0.8928022216416145,,,25,1,0,single_seed_block
block,within_dataset_model_seed,adult,rf,4.0,shap,local_attribution,accuracy_drop,top5_instability,0.9302779709468085,ok,0.9302779709468085,,,25,1,0,single_seed_block
block,within_dataset_model_seed,bank-marketing,hgb,0.0,shap,local_attribution,accuracy_drop,top5_instability,0.7446112945745648,ok,0.7446112945745648,,,25,1,0,single_seed_block
block,within_dataset_model_seed,bank-marketing,hgb,1.0,shap,local_attribution,accuracy_drop,top5_instability,0.8429563698719198,ok,0.8429563698719198,,,25,1,0,single_seed_block
block,within_dataset_model_seed,bank-marketing,hgb,2.0,shap,local_attribution,accuracy_drop,top5_instability,0.7646153846153846,ok,0.7646153846153846,,,25,1,0,single_seed_block
block,within_dataset_model_seed,bank-marketing,hgb,3.0,shap,local_attribution,accuracy_drop,top5_instability,0.7961538461538461,ok,0.7961538461538461,,,25,1,0,single_seed_block
block,within_dataset_model_seed,bank-marketing,hgb,4.0,shap,local_attribution,accuracy_drop,top5_instability,0.7143681609352681,ok,0.7143681609352681,,,25,1,0,single_seed_block
block,within_dataset_model_seed,bank-marketing,logreg,0.0,shap,local_attribution,accuracy_drop,top5_instability,-0.25341543667133637,ok,-0.25341543667133637,,,25,1,0,single_seed_block
block,within_dataset_model_seed,bank-marketing,logreg,1.0,shap,local_attribution,accuracy_drop,top5_instability,0.05599384363808571,ok,0.05599384363808571,,,25,1,0,single_seed_block
block,within_dataset_model_seed,bank-marketing,logreg,2.0,shap,local_attribution,accuracy_drop,top5_instability,-0.17192914901809778,ok,-0.17192914901809778,,,25,1,0,single_seed_block
block,within_dataset_model_seed,bank-marketing,logreg,3.0,shap,local_attribution,accuracy_drop,top5_instability,0.2545807527362713,ok,0.2545807527362713,,,25,1,0,single_seed_block
block,within_dataset_model_seed,bank-marketing,logreg,4.0,shap,local_attribution,accuracy_drop,top5_instability,-0.035789879438776435,ok,-0.035789879438776435,,,25,1,0,single_seed_block
block,within_dataset_model_seed,bank-marketing,rf,0.0,shap,local_attribution,accuracy_drop,top5_instability,0.48614333111791536,ok,0.48614333111791536,,,25,1,0,single_seed_block
block,within_dataset_model_seed,bank-marketing,rf,1.0,shap,local_attribution,accuracy_drop,top5_instability,0.5862666005736934,ok,0.5862666005736934,,,25,1,0,single_seed_block
block,within_dataset_model_seed,bank-marketing,rf,2.0,shap,local_attribution,accuracy_drop,top5_instability,0.4470090484689184,ok,0.4470090484689184,,,25,1,0,single_seed_block
block,within_dataset_model_seed,bank-marketing,rf,3.0,shap,local_attribution,accuracy_drop,top5_instability,0.6003849966862154,ok,0.6003849966862154,,,25,1,0,single_seed_block
block,within_dataset_model_seed,bank-marketing,rf,4.0,shap,local_attribution,accuracy_drop,top5_instability,0.5564749820748345,ok,0.5564749820748345,,,25,1,0,single_seed_block
block,within_dataset_model_seed,electricity,hgb,0.0,shap,local_attribution,accuracy_drop,top5_instability,0.7615384615384616,ok,0.7615384615384616,,,25,1,0,single_seed_block
block,within_dataset_model_seed,electricity,hgb,1.0,shap,local_attribution,accuracy_drop,top5_instability,0.7651471578353518,ok,0.7651471578353518,,,25,1,0,single_seed_block
block,within_dataset_model_seed,electricity,hgb,2.0,shap,local_attribution,accuracy_drop,top5_instability,0.8799999999999999,ok,0.8799999999999999,,,25,1,0,single_seed_block
block,within_dataset_model_seed,electricity,hgb,3.0,shap,local_attribution,accuracy_drop,top5_instability,0.8669230769230768,ok,0.8669230769230768,,,25,1,0,single_seed_block
block,within_dataset_model_seed,electricity,hgb,4.0,shap,local_attribution,accuracy_drop,top5_instability,0.8053846153846154,ok,0.8053846153846154,,,25,1,0,single_seed_block
block,within_dataset_model_seed,electricity,logreg,0.0,shap,local_attribution,accuracy_drop,top5_instability,0.37613106930349494,ok,0.37613106930349494,,,25,1,0,single_seed_block
block,within_dataset_model_seed,electricity,logreg,1.0,shap,local_attribution,accuracy_drop,top5_instability,0.9090209823855888,ok,0.9090209823855888,,,25,1,0,single_seed_block
block,within_dataset_model_seed,electricity,logreg,2.0,shap,local_attribution,accuracy_drop,top5_instability,0.8430769230769231,ok,0.8430769230769231,,,25,1,0,single_seed_block
block,within_dataset_model_seed,electricity,logreg,3.0,shap,local_attribution,accuracy_drop,top5_instability,0.8533487930068805,ok,0.8533487930068805,,,25,1,0,single_seed_block
block,within_dataset_model_seed,electricity,logreg,4.0,shap,local_attribution,accuracy_drop,top5_instability,0.8493362969842044,ok,0.8493362969842044,,,25,1,0,single_seed_block
block,within_dataset_model_seed,electricity,rf,0.0,shap,local_attribution,accuracy_drop,top5_instability,0.6395997809381337,ok,0.6395997809381337,,,25,1,0,single_seed_block
block,within_dataset_model_seed,electricity,rf,1.0,shap,local_attribution,accuracy_drop,top5_instability,0.5579069285614002,ok,0.5579069285614002,,,25,1,0,single_seed_block
block,within_dataset_model_seed,electricity,rf,2.0,shap,local_attribution,accuracy_drop,top5_instability,0.635122150621501,ok,0.635122150621501,,,25,1,0,single_seed_block
block,within_dataset_model_seed,electricity,rf,3.0,shap,local_attribution,accuracy_drop,top5_instability,0.45171223043523023,ok,0.45171223043523023,,,25,1,0,single_seed_block
block,within_dataset_model_seed,electricity,rf,4.0,shap,local_attribution,accuracy_drop,top5_instability,0.6115067403298147,ok,0.6115067403298147,,,25,1,0,single_seed_block
block,within_dataset_model_seed,adult,hgb,0.0,shap,local_attribution,dconf,top5_instability,0.8474706831127601,ok,0.8474706831127601,,,25,1,0,single_seed_block
block,within_dataset_model_seed,adult,hgb,1.0,shap,local_attribution,dconf,top5_instability,0.8314737052559902,ok,0.8314737052559902,,,25,1,0,single_seed_block
block,within_dataset_model_seed,adult,hgb,2.0,shap,local_attribution,dconf,top5_instability,0.7369230769230769,ok,0.7369230769230769,,,25,1,0,single_seed_block
block,within_dataset_model_seed,adult,hgb,3.0,shap,local_attribution,dconf,top5_instability,0.8124639504013389,ok,0.8124639504013389,,,25,1,0,single_seed_block
block,within_dataset_model_seed,adult,hgb,4.0,shap,local_attribution,dconf,top5_instability,0.7932294818785798,ok,0.7932294818785798,,,25,1,0,single_seed_block
block,within_dataset_model_seed,adult,logreg,0.0,shap,local_attribution,dconf,top5_instability,0.7341285653070011,ok,0.7341285653070011,,,25,1,0,single_seed_block
block,within_dataset_model_seed,adult,logreg,1.0,shap,local_attribution,dconf,top5_instability,0.9307692307692308,ok,0.9307692307692308,,,25,1,0,single_seed_block
block,within_dataset_model_seed,adult,logreg,2.0,shap,local_attribution,dconf,top5_instability,0.5359754148179521,ok,0.5359754148179521,,,25,1,0,single_seed_block
block,within_dataset_model_seed,adult,logreg,3.0,shap,local_attribution,dconf,top5_instability,0.9115384615384616,ok,0.9115384615384616,,,25,1,0,single_seed_block
block,within_dataset_model_seed,adult,logreg,4.0,shap,local_attribution,dconf,top5_instability,0.9009425056060301,ok,0.9009425056060301,,,25,1,0,single_seed_block
block,within_dataset_model_seed,adult,rf,0.0,shap,local_attribution,dconf,top5_instability,0.9746153846153847,ok,0.9746153846153847,,,25,1,0,single_seed_block
block,within_dataset_model_seed,adult,rf,1.0,shap,local_attribution,dconf,top5_instability,0.9732641072516037,ok,0.9732641072516037,,,25,1,0,single_seed_block
block,within_dataset_model_seed,adult,rf,2.0,shap,local_attribution,dconf,top5_instability,0.9546153846153845,ok,0.9546153846153845,,,25,1,0,single_seed_block
block,within_dataset_model_seed,adult,rf,3.0,shap,local_attribution,dconf,top5_instability,0.9274583034580574,ok,0.9274583034580574,,,25,1,0,single_seed_block
block,within_dataset_model_seed,adult,rf,4.0,shap,local_attribution,dconf,top5_instability,0.949740897510998,ok,0.949740897510998,,,25,1,0,single_seed_block
block,within_dataset_model_seed,bank-marketing,hgb,0.0,shap,local_attribution,dconf,top5_instability,0.8073890127199189,ok,0.8073890127199189,,,25,1,0,single_seed_block
block,within_dataset_model_seed,bank-marketing,hgb,1.0,shap,local_attribution,dconf,top5_instability,0.8899155831707208,ok,0.8899155831707208,,,25,1,0,single_seed_block
block,within_dataset_model_seed,bank-marketing,hgb,2.0,shap,local_attribution,dconf,top5_instability,0.8484615384615384,ok,0.8484615384615384,,,25,1,0,single_seed_block
block,within_dataset_model_seed,bank-marketing,hgb,3.0,shap,local_attribution,dconf,top5_instability,0.8369230769230769,ok,0.8369230769230769,,,25,1,0,single_seed_block
block,within_dataset_model_seed,bank-marketing,hgb,4.0,shap,local_attribution,dconf,top5_instability,0.808617056696787,ok,0.808617056696787,,,25,1,0,single_seed_block
block,within_dataset_model_seed,bank-marketing,logreg,0.0,shap,local_attribution,dconf,top5_instability,0.3055021388122426,ok,0.3055021388122426,,,25,1,0,single_seed_block
block,within_dataset_model_seed,bank-marketing,logreg,1.0,shap,local_attribution,dconf,top5_instability,0.3609080682693747,ok,0.3609080682693747,,,25,1,0,single_seed_block
block,within_dataset_model_seed,bank-marketing,logreg,2.0,shap,local_attribution,dconf,top5_instability,0.034250534857994654,ok,0.034250534857994654,,,25,1,0,single_seed_block
block,within_dataset_model_seed,bank-marketing,logreg,3.0,shap,local_attribution,dconf,top5_instability,0.2196960033725053,ok,0.2196960033725053,,,25,1,0,single_seed_block
block,within_dataset_model_seed,bank-marketing,logreg,4.0,shap,local_attribution,dconf,top5_instability,0.4593191083234842,ok,0.4593191083234842,,,25,1,0,single_seed_block
block,within_dataset_model_seed,bank-marketing,rf,0.0,shap,local_attribution,dconf,top5_instability,0.9415384615384615,ok,0.9415384615384615,,,25,1,0,single_seed_block
block,within_dataset_model_seed,bank-marketing,rf,1.0,shap,local_attribution,dconf,top5_instability,0.9015384615384615,ok,0.9015384615384615,,,25,1,0,single_seed_block
block,within_dataset_model_seed,bank-marketing,rf,2.0,shap,local_attribution,dconf,top5_instability,0.9515384615384614,ok,0.9515384615384614,,,25,1,0,single_seed_block
block,within_dataset_model_seed,bank-marketing,rf,3.0,shap,local_attribution,dconf,top5_instability,0.9153521262397042,ok,0.9153521262397042,,,25,1,0,single_seed_block
block,within_dataset_model_seed,bank-marketing,rf,4.0,shap,local_attribution,dconf,top5_instability,0.9007692307692308,ok,0.9007692307692308,,,25,1,0,single_seed_block
block,within_dataset_model_seed,electricity,hgb,0.0,shap,local_attribution,dconf,top5_instability,0.7815384615384615,ok,0.7815384615384615,,,25,1,0,single_seed_block
block,within_dataset_model_seed,electricity,hgb,1.0,shap,local_attribution,dconf,top5_instability,0.8001538905467731,ok,0.8001538905467731,,,25,1,0,single_seed_block
block,within_dataset_model_seed,electricity,hgb,2.0,shap,local_attribution,dconf,top5_instability,0.8692307692307691,ok,0.8692307692307691,,,25,1,0,single_seed_block
block,within_dataset_model_seed,electricity,hgb,3.0,shap,local_attribution,dconf,top5_instability,0.8846153846153847,ok,0.8846153846153847,,,25,1,0,single_seed_block
block,within_dataset_model_seed,electricity,hgb,4.0,shap,local_attribution,dconf,top5_instability,0.823076923076923,ok,0.823076923076923,,,25,1,0,single_seed_block
block,within_dataset_model_seed,electricity,logreg,0.0,shap,local_attribution,dconf,top5_instability,0.3391724381334484,ok,0.3391724381334484,,,25,1,0,single_seed_block
block,within_dataset_model_seed,electricity,logreg,1.0,shap,local_attribution,dconf,top5_instability,0.9440277150970102,ok,0.9440277150970102,,,25,1,0,single_seed_block
block,within_dataset_model_seed,electricity,logreg,2.0,shap,local_attribution,dconf,top5_instability,0.936923076923077,ok,0.936923076923077,,,25,1,0,single_seed_block
block,within_dataset_model_seed,electricity,logreg,3.0,shap,local_attribution,dconf,top5_instability,0.9324611905721465,ok,0.9324611905721465,,,25,1,0,single_seed_block
block,within_dataset_model_seed,electricity,logreg,4.0,shap,local_attribution,dconf,top5_instability,0.9216857414033391,ok,0.9216857414033391,,,25,1,0,single_seed_block
block,within_dataset_model_seed,electricity,rf,0.0,shap,local_attribution,dconf,top5_instability,0.6356291351609883,ok,0.6356291351609883,,,25,1,0,single_seed_block
block,within_dataset_model_seed,electricity,rf,1.0,shap,local_attribution,dconf,top5_instability,0.5586764553594159,ok,0.5586764553594159,,,25,1,0,single_seed_block
block,within_dataset_model_seed,electricity,rf,2.0,shap,local_attribution,dconf,top5_instability,0.6251202269896665,ok,0.6251202269896665,,,25,1,0,single_seed_block
block,within_dataset_model_seed,electricity,rf,3.0,shap,local_attribution,dconf,top5_instability,0.45325128403126164,ok,0.45325128403126164,,,25,1,0,single_seed_block
block,within_dataset_model_seed,electricity,rf,4.0,shap,local_attribution,dconf,top5_instability,0.6095825529782419,ok,0.6095825529782419,,,25,1,0,single_seed_block
block,within_dataset_model_seed,adult,hgb,0.0,shap,local_attribution,ece_increase,top5_instability,0.8297749720718219,ok,0.8297749720718219,,,25,1,0,single_seed_block
block,within_dataset_model_seed,adult,hgb,1.0,shap,local_attribution,ece_increase,top5_instability,0.8272413078669038,ok,0.8272413078669038,,,25,1,0,single_seed_block
block,within_dataset_model_seed,adult,hgb,2.0,shap,local_attribution,ece_increase,top5_instability,0.713076923076923,ok,0.713076923076923,,,25,1,0,single_seed_block
block,within_dataset_model_seed,adult,hgb,3.0,shap,local_attribution,ece_increase,top5_instability,0.8047701629922351,ok,0.8047701629922351,,,25,1,0,single_seed_block
block,within_dataset_model_seed,adult,hgb,4.0,shap,local_attribution,ece_increase,top5_instability,0.7362954550512134,ok,0.7362954550512134,,,25,1,0,single_seed_block
block,within_dataset_model_seed,adult,logreg,0.0,shap,local_attribution,ece_increase,top5_instability,0.7295114045189068,ok,0.7295114045189068,,,25,1,0,single_seed_block
block,within_dataset_model_seed,adult,logreg,1.0,shap,local_attribution,ece_increase,top5_instability,0.8984615384615385,ok,0.8984615384615385,,,25,1,0,single_seed_block
block,within_dataset_model_seed,adult,logreg,2.0,shap,local_attribution,ece_increase,top5_instability,0.5748365181177463,ok,0.5748365181177463,,,25,1,0,single_seed_block
block,within_dataset_model_seed,adult,logreg,3.0,shap,local_attribution,ece_increase,top5_instability,0.89,ok,0.89,,,25,1,0,single_seed_block
block,within_dataset_model_seed,adult,logreg,4.0,shap,local_attribution,ece_increase,top5_instability,0.8678592197468846,ok,0.8678592197468846,,,25,1,0,single_seed_block
block,within_dataset_model_seed,adult,rf,0.0,shap,local_attribution,ece_increase,top5_instability,0.816923076923077,ok,0.816923076923077,,,25,1,0,single_seed_block
block,within_dataset_model_seed,adult,rf,1.0,shap,local_attribution,ece_increase,top5_instability,0.8036160948808696,ok,0.8036160948808696,,,25,1,0,single_seed_block
block,within_dataset_model_seed,adult,rf,2.0,shap,local_attribution,ece_increase,top5_instability,0.7976923076923076,ok,0.7976923076923076,,,25,1,0,single_seed_block
block,within_dataset_model_seed,adult,rf,3.0,shap,local_attribution,ece_increase,top5_instability,0.849721134454519,ok,0.849721134454519,,,25,1,0,single_seed_block
block,within_dataset_model_seed,adult,rf,4.0,shap,local_attribution,ece_increase,top5_instability,0.8145587989601625,ok,0.8145587989601625,,,25,1,0,single_seed_block
block,within_dataset_model_seed,bank-marketing,hgb,0.0,shap,local_attribution,ece_increase,top5_instability,0.6873197219817803,ok,0.6873197219817803,,,25,1,0,single_seed_block
block,within_dataset_model_seed,bank-marketing,hgb,1.0,shap,local_attribution,ece_increase,top5_instability,0.7767515773522986,ok,0.7767515773522986,,,25,1,0,single_seed_block
block,within_dataset_model_seed,bank-marketing,hgb,2.0,shap,local_attribution,ece_increase,top5_instability,0.7276923076923076,ok,0.7276923076923076,,,25,1,0,single_seed_block
block,within_dataset_model_seed,bank-marketing,hgb,3.0,shap,local_attribution,ece_increase,top5_instability,0.7084615384615385,ok,0.7084615384615385,,,25,1,0,single_seed_block
block,within_dataset_model_seed,bank-marketing,hgb,4.0,shap,local_attribution,ece_increase,top5_instability,0.6566647553669912,ok,0.6566647553669912,,,25,1,0,single_seed_block
block,within_dataset_model_seed,bank-marketing,logreg,0.0,shap,local_attribution,ece_increase,top5_instability,-0.07618315300355671,ok,-0.07618315300355671,,,25,1,0,single_seed_block
block,within_dataset_model_seed,bank-marketing,logreg,1.0,shap,local_attribution,ece_increase,top5_instability,-0.21200463285333207,ok,-0.21200463285333207,,,25,1,0,single_seed_block
block,within_dataset_model_seed,bank-marketing,logreg,2.0,shap,local_attribution,ece_increase,top5_instability,-0.3151818881876137,ok,-0.3151818881876137,,,25,1,0,single_seed_block
block,within_dataset_model_seed,bank-marketing,logreg,3.0,shap,local_attribution,ece_increase,top5_instability,-0.2146853927692727,ok,-0.2146853927692727,,,25,1,0,single_seed_block
block,within_dataset_model_seed,bank-marketing,logreg,4.0,shap,local_attribution,ece_increase,top5_instability,0.03846893704551793,ok,0.03846893704551793,,,25,1,0,single_seed_block
block,within_dataset_model_seed,bank-marketing,rf,0.0,shap,local_attribution,ece_increase,top5_instability,0.9084615384615384,ok,0.9084615384615384,,,25,1,0,single_seed_block
block,within_dataset_model_seed,bank-marketing,rf,1.0,shap,local_attribution,ece_increase,top5_instability,0.8761538461538461,ok,0.8761538461538461,,,25,1,0,single_seed_block
block,within_dataset_model_seed,bank-marketing,rf,2.0,shap,local_attribution,ece_increase,top5_instability,0.9338461538461538,ok,0.9338461538461538,,,25,1,0,single_seed_block
block,within_dataset_model_seed,bank-marketing,rf,3.0,shap,local_attribution,ece_increase,top5_instability,0.896113956289311,ok,0.896113956289311,,,25,1,0,single_seed_block
block,within_dataset_model_seed,bank-marketing,rf,4.0,shap,local_attribution,ece_increase,top5_instability,0.8730769230769231,ok,0.8730769230769231,,,25,1,0,single_seed_block
block,within_dataset_model_seed,electricity,hgb,0.0,shap,local_attribution,ece_increase,top5_instability,0.7430769230769232,ok,0.7430769230769232,,,25,1,0,single_seed_block
block,within_dataset_model_seed,electricity,hgb,1.0,shap,local_attribution,ece_increase,top5_instability,0.8001538905467731,ok,0.8001538905467731,,,25,1,0,single_seed_block
block,within_dataset_model_seed,electricity,hgb,2.0,shap,local_attribution,ece_increase,top5_instability,0.8746153846153846,ok,0.8746153846153846,,,25,1,0,single_seed_block
block,within_dataset_model_seed,electricity,hgb,3.0,shap,local_attribution,ece_increase,top5_instability,0.8953846153846154,ok,0.8953846153846154,,,25,1,0,single_seed_block
block,within_dataset_model_seed,electricity,hgb,4.0,shap,local_attribution,ece_increase,top5_instability,0.8246153846153846,ok,0.8246153846153846,,,25,1,0,single_seed_block
block,within_dataset_model_seed,electricity,logreg,0.0,shap,local_attribution,ece_increase,top5_instability,0.2579404467076168,ok,0.2579404467076168,,,25,1,0,single_seed_block
block,within_dataset_model_seed,electricity,logreg,1.0,shap,local_attribution,ece_increase,top5_instability,0.9228697997219754,ok,0.9228697997219754,,,25,1,0,single_seed_block
block,within_dataset_model_seed,electricity,logreg,2.0,shap,local_attribution,ece_increase,top5_instability,0.966923076923077,ok,0.966923076923077,,,25,1,0,single_seed_block
block,within_dataset_model_seed,electricity,logreg,3.0,shap,local_attribution,ece_increase,top5_instability,0.9463153395034702,ok,0.9463153395034702,,,25,1,0,single_seed_block
block,within_dataset_model_seed,electricity,logreg,4.0,shap,local_attribution,ece_increase,top5_instability,0.9505485516769302,ok,0.9505485516769302,,,25,1,0,single_seed_block
block,within_dataset_model_seed,electricity,rf,0.0,shap,local_attribution,ece_increase,top5_instability,0.2766448838866529,ok,0.2766448838866529,,,25,1,0,single_seed_block
block,within_dataset_model_seed,electricity,rf,1.0,shap,local_attribution,ece_increase,top5_instability,0.4474798330461437,ok,0.4474798330461437,,,25,1,0,single_seed_block
block,within_dataset_model_seed,electricity,rf,2.0,shap,local_attribution,ece_increase,top5_instability,0.46201193391667045,ok,0.46201193391667045,,,25,1,0,single_seed_block
block,within_dataset_model_seed,electricity,rf,3.0,shap,local_attribution,ece_increase,top5_instability,0.25509813354221267,ok,0.25509813354221267,,,25,1,0,single_seed_block
block,within_dataset_model_seed,electricity,rf,4.0,shap,local_attribution,ece_increase,top5_instability,0.42216670493505765,ok,0.42216670493505765,,,25,1,0,single_seed_block
block,within_dataset_model_seed,adult,hgb,0.0,shap,local_attribution,flip,top5_instability,0.8924586379376683,ok,0.8924586379376683,,,25,1,0,single_seed_block
block,within_dataset_model_seed,adult,hgb,1.0,shap,local_attribution,flip,top5_instability,0.8595343626506147,ok,0.8595343626506147,,,25,1,0,single_seed_block
block,within_dataset_model_seed,adult,hgb,2.0,shap,local_attribution,flip,top5_instability,0.7676923076923077,ok,0.7676923076923077,,,25,1,0,single_seed_block
block,within_dataset_model_seed,adult,hgb,3.0,shap,local_attribution,flip,top5_instability,0.8282362145900011,ok,0.8282362145900011,,,25,1,0,single_seed_block
block,within_dataset_model_seed,adult,hgb,4.0,shap,local_attribution,flip,top5_instability,0.859780742967326,ok,0.859780742967326,,,25,1,0,single_seed_block
block,within_dataset_model_seed,adult,logreg,0.0,shap,local_attribution,flip,top5_instability,0.7206618463417258,ok,0.7206618463417258,,,25,1,0,single_seed_block
block,within_dataset_model_seed,adult,logreg,1.0,shap,local_attribution,flip,top5_instability,0.933076923076923,ok,0.933076923076923,,,25,1,0,single_seed_block
block,within_dataset_model_seed,adult,logreg,2.0,shap,local_attribution,flip,top5_instability,0.5328973076258892,ok,0.5328973076258892,,,25,1,0,single_seed_block
block,within_dataset_model_seed,adult,logreg,3.0,shap,local_attribution,flip,top5_instability,0.9123076923076923,ok,0.9123076923076923,,,25,1,0,single_seed_block
block,within_dataset_model_seed,adult,logreg,4.0,shap,local_attribution,flip,top5_instability,0.898634369383299,ok,0.898634369383299,,,25,1,0,single_seed_block
block,within_dataset_model_seed,adult,rf,0.0,shap,local_attribution,flip,top5_instability,0.9646153846153847,ok,0.9646153846153847,,,25,1,0,single_seed_block
block,within_dataset_model_seed,adult,rf,1.0,shap,local_attribution,flip,top5_instability,0.9628774942493139,ok,0.9628774942493139,,,25,1,0,single_seed_block
block,within_dataset_model_seed,adult,rf,2.0,shap,local_attribution,flip,top5_instability,0.94,ok,0.94,,,25,1,0,single_seed_block
block,within_dataset_model_seed,adult,rf,3.0,shap,local_attribution,flip,top5_instability,0.9239800530505262,ok,0.9239800530505262,,,25,1,0,single_seed_block
block,within_dataset_model_seed,adult,rf,4.0,shap,local_attribution,flip,top5_instability,0.9505111658788089,ok,0.9505111658788089,,,25,1,0,single_seed_block
block,within_dataset_model_seed,bank-marketing,hgb,0.0,shap,local_attribution,flip,top5_instability,0.8197038117699844,ok,0.8197038117699844,,,25,1,0,single_seed_block
block,within_dataset_model_seed,bank-marketing,hgb,1.0,shap,local_attribution,flip,top5_instability,0.8826022630668091,ok,0.8826022630668091,,,25,1,0,single_seed_block
block,within_dataset_model_seed,bank-marketing,hgb,2.0,shap,local_attribution,flip,top5_instability,0.8330769230769232,ok,0.8330769230769232,,,25,1,0,single_seed_block
block,within_dataset_model_seed,bank-marketing,hgb,3.0,shap,local_attribution,flip,top5_instability,0.8392307692307692,ok,0.8392307692307692,,,25,1,0,single_seed_block
block,within_dataset_model_seed,bank-marketing,hgb,4.0,shap,local_attribution,flip,top5_instability,0.7836122476172004,ok,0.7836122476172004,,,25,1,0,single_seed_block
block,within_dataset_model_seed,bank-marketing,logreg,0.0,shap,local_attribution,flip,top5_instability,0.2893420760539124,ok,0.2893420760539124,,,25,1,0,single_seed_block
block,within_dataset_model_seed,bank-marketing,logreg,1.0,shap,local_attribution,flip,top5_instability,0.32974223294973787,ok,0.32974223294973787,,,25,1,0,single_seed_block
block,within_dataset_model_seed,bank-marketing,logreg,2.0,shap,local_attribution,flip,top5_instability,-0.0076967494062909324,ok,-0.0076967494062909324,,,25,1,0,single_seed_block
block,within_dataset_model_seed,bank-marketing,logreg,3.0,shap,local_attribution,flip,top5_instability,0.20088713486103943,ok,0.20088713486103943,,,25,1,0,single_seed_block
block,within_dataset_model_seed,bank-marketing,logreg,4.0,shap,local_attribution,flip,top5_instability,0.43623774609617344,ok,0.43623774609617344,,,25,1,0,single_seed_block
block,within_dataset_model_seed,bank-marketing,rf,0.0,shap,local_attribution,flip,top5_instability,0.883846153846154,ok,0.883846153846154,,,25,1,0,single_seed_block
block,within_dataset_model_seed,bank-marketing,rf,1.0,shap,local_attribution,flip,top5_instability,0.8330127588520218,ok,0.8330127588520218,,,25,1,0,single_seed_block
block,within_dataset_model_seed,bank-marketing,rf,2.0,shap,local_attribution,flip,top5_instability,0.85,ok,0.85,,,25,1,0,single_seed_block
block,within_dataset_model_seed,bank-marketing,rf,3.0,shap,local_attribution,flip,top5_instability,0.871489098752808,ok,0.871489098752808,,,25,1,0,single_seed_block
block,within_dataset_model_seed,bank-marketing,rf,4.0,shap,local_attribution,flip,top5_instability,0.7853846153846153,ok,0.7853846153846153,,,25,1,0,single_seed_block
block,within_dataset_model_seed,electricity,hgb,0.0,shap,local_attribution,flip,top5_instability,0.7615384615384616,ok,0.7615384615384616,,,25,1,0,single_seed_block
block,within_dataset_model_seed,electricity,hgb,1.0,shap,local_attribution,flip,top5_instability,0.7697634302808138,ok,0.7697634302808138,,,25,1,0,single_seed_block
block,within_dataset_model_seed,electricity,hgb,2.0,shap,local_attribution,flip,top5_instability,0.8799999999999999,ok,0.8799999999999999,,,25,1,0,single_seed_block
block,within_dataset_model_seed,electricity,hgb,3.0,shap,local_attribution,flip,top5_instability,0.8723076923076923,ok,0.8723076923076923,,,25,1,0,single_seed_block
block,within_dataset_model_seed,electricity,hgb,4.0,shap,local_attribution,flip,top5_instability,0.816923076923077,ok,0.816923076923077,,,25,1,0,single_seed_block
block,within_dataset_model_seed,electricity,logreg,0.0,shap,local_attribution,flip,top5_instability,0.3068336358596576,ok,0.3068336358596576,,,25,1,0,single_seed_block
block,within_dataset_model_seed,electricity,logreg,1.0,shap,local_attribution,flip,top5_instability,0.9509521237652034,ok,0.9509521237652034,,,25,1,0,single_seed_block
block,within_dataset_model_seed,electricity,logreg,2.0,shap,local_attribution,flip,top5_instability,0.9061538461538461,ok,0.9061538461538461,,,25,1,0,single_seed_block
block,within_dataset_model_seed,electricity,logreg,3.0,shap,local_attribution,flip,top5_instability,0.9039832177688701,ok,0.9039832177688701,,,25,1,0,single_seed_block
block,within_dataset_model_seed,electricity,logreg,4.0,shap,local_attribution,flip,top5_instability,0.910910292234532,ok,0.910910292234532,,,25,1,0,single_seed_block
block,within_dataset_model_seed,electricity,rf,0.0,shap,local_attribution,flip,top5_instability,0.6244709965897604,ok,0.6244709965897604,,,25,1,0,single_seed_block
block,within_dataset_model_seed,electricity,rf,1.0,shap,local_attribution,flip,top5_instability,0.5378992318129914,ok,0.5378992318129914,,,25,1,0,single_seed_block
block,within_dataset_model_seed,electricity,rf,2.0,shap,local_attribution,flip,top5_instability,0.6097326521714592,ok,0.6097326521714592,,,25,1,0,single_seed_block
block,within_dataset_model_seed,electricity,rf,3.0,shap,local_attribution,flip,top5_instability,0.4390150382679708,ok,0.4390150382679708,,,25,1,0,single_seed_block
block,within_dataset_model_seed,electricity,rf,4.0,shap,local_attribution,flip,top5_instability,0.6057341782750965,ok,0.6057341782750965,,,25,1,0,single_seed_block
summary,fixed_dataset_macro,all_fixed_strata,all_models_fixed_average,,lime,local_attribution,accuracy_drop,cosine_instability,0.9066102164651668,cluster_mean_of_defined_block_correlations,0.9066102164651668,0.8949511286144403,0.9183755469058285,25,15,10000,seed_cluster_within_fixed_dataset_stratum
summary,per_dataset,adult,all_models_fixed_average,,lime,local_attribution,accuracy_drop,cosine_instability,0.9325208973010429,cluster_mean_of_defined_block_correlations,0.9325208973010429,0.9078825573457647,0.9483019806018088,25,5,10000,seed_cluster
summary,per_dataset,bank-marketing,all_models_fixed_average,,lime,local_attribution,accuracy_drop,cosine_instability,0.867439715619218,cluster_mean_of_defined_block_correlations,0.867439715619218,0.8443372873938483,0.8954610508946554,25,5,10000,seed_cluster
summary,per_dataset,electricity,all_models_fixed_average,,lime,local_attribution,accuracy_drop,cosine_instability,0.9198700364752396,cluster_mean_of_defined_block_correlations,0.9198700364752396,0.9128174300776625,0.9270118328019779,25,5,10000,seed_cluster
summary,fixed_dataset_macro,all_fixed_strata,all_models_fixed_average,,lime,local_attribution,dconf,cosine_instability,0.9261538461538462,cluster_mean_of_defined_block_correlations,0.9261538461538462,0.9194354700854699,0.9325982905982905,25,15,10000,seed_cluster_within_fixed_dataset_stratum
summary,per_dataset,adult,all_models_fixed_average,,lime,local_attribution,dconf,cosine_instability,0.9392820512820512,cluster_mean_of_defined_block_correlations,0.9392820512820512,0.9297435897435896,0.9483076923076922,25,5,10000,seed_cluster
summary,per_dataset,bank-marketing,all_models_fixed_average,,lime,local_attribution,dconf,cosine_instability,0.916974358974359,cluster_mean_of_defined_block_correlations,0.916974358974359,0.9006666666666666,0.9303076923076923,25,5,10000,seed_cluster
summary,per_dataset,electricity,all_models_fixed_average,,lime,local_attribution,dconf,cosine_instability,0.9222051282051282,cluster_mean_of_defined_block_correlations,0.9222051282051282,0.9151794871794872,0.9308205128205127,25,5,10000,seed_cluster
summary,fixed_dataset_macro,all_fixed_strata,all_models_fixed_average,,lime,local_attribution,ece_increase,cosine_instability,0.8061367521367521,cluster_mean_of_defined_block_correlations,0.8061367521367521,0.7961709401709403,0.8170598290598289,25,15,10000,seed_cluster_within_fixed_dataset_stratum
summary,per_dataset,adult,all_models_fixed_average,,lime,local_attribution,ece_increase,cosine_instability,0.8886666666666667,cluster_mean_of_defined_block_correlations,0.8886666666666667,0.8794730769230771,0.899076923076923,25,5,10000,seed_cluster
summary,per_dataset,bank-marketing,all_models_fixed_average,,lime,local_attribution,ece_increase,cosine_instability,0.6813846153846154,cluster_mean_of_defined_block_correlations,0.6813846153846154,0.6549230769230769,0.7096410256410256,25,5,10000,seed_cluster
summary,per_dataset,electricity,all_models_fixed_average,,lime,local_attribution,ece_increase,cosine_instability,0.8483589743589743,cluster_mean_of_defined_block_correlations,0.8483589743589743,0.8374358974358973,0.8602051282051282,25,5,10000,seed_cluster
summary,fixed_dataset_macro,all_fixed_strata,all_models_fixed_average,,lime,local_attribution,flip,cosine_instability,0.9315328202955543,cluster_mean_of_defined_block_correlations,0.9315328202955543,0.9227196982036582,0.939734333504929,25,15,10000,seed_cluster_within_fixed_dataset_stratum
summary,per_dataset,adult,all_models_fixed_average,,lime,local_attribution,flip,cosine_instability,0.9442419238294528,cluster_mean_of_defined_block_correlations,0.9442419238294528,0.9274594865880559,0.9537304128657595,25,5,10000,seed_cluster
summary,per_dataset,bank-marketing,all_models_fixed_average,,lime,local_attribution,flip,cosine_instability,0.9373308960315688,cluster_mean_of_defined_block_correlations,0.9373308960315688,0.9172549646501261,0.9553826319936546,25,5,10000,seed_cluster
summary,per_dataset,electricity,all_models_fixed_average,,lime,local_attribution,flip,cosine_instability,0.913025641025641,cluster_mean_of_defined_block_correlations,0.913025641025641,0.9035384615384615,0.9225128205128204,25,5,10000,seed_cluster
summary,fixed_dataset_macro,all_fixed_strata,all_models_fixed_average,,lime,local_attribution,accuracy_drop,top5_instability,0.8660539858986224,cluster_mean_of_defined_block_correlations,0.8660539858986224,0.8525116823813732,0.8812151198598954,25,15,10000,seed_cluster_within_fixed_dataset_stratum
summary,per_dataset,adult,all_models_fixed_average,,lime,local_attribution,accuracy_drop,top5_instability,0.9084971814428865,cluster_mean_of_defined_block_correlations,0.9084971814428865,0.9008033309649586,0.916000575166741,25,5,10000,seed_cluster
summary,per_dataset,bank-marketing,all_models_fixed_average,,lime,local_attribution,accuracy_drop,top5_instability,0.789650863558086,cluster_mean_of_defined_block_correlations,0.789650863558086,0.7558893230186801,0.8289439932690088,25,5,10000,seed_cluster
summary,per_dataset,electricity,all_models_fixed_average,,lime,local_attribution,accuracy_drop,top5_instability,0.9000139126948946,cluster_mean_of_defined_block_correlations,0.9000139126948946,0.8773637013532293,0.9203658520439392,25,5,10000,seed_cluster
summary,fixed_dataset_macro,all_fixed_strata,all_models_fixed_average,,lime,local_attribution,dconf,top5_instability,0.9188278644223296,cluster_mean_of_defined_block_correlations,0.9188278644223296,0.9117597722394184,0.9258931559914487,25,15,10000,seed_cluster_within_fixed_dataset_stratum
summary,per_dataset,adult,all_models_fixed_average,,lime,local_attribution,dconf,top5_instability,0.9234584569620587,cluster_mean_of_defined_block_correlations,0.9234584569620587,0.9181135262439126,0.9269771550821287,25,5,10000,seed_cluster
summary,per_dataset,bank-marketing,all_models_fixed_average,,lime,local_attribution,dconf,top5_instability,0.9190763990147455,cluster_mean_of_defined_block_correlations,0.9190763990147455,0.9095581279095152,0.9321846719665627,25,5,10000,seed_cluster
summary,per_dataset,electricity,all_models_fixed_average,,lime,local_attribution,dconf,top5_instability,0.9139487372901847,cluster_mean_of_defined_block_correlations,0.9139487372901847,0.8964894767179976,0.9314079978623718,25,5,10000,seed_cluster
summary,fixed_dataset_macro,all_fixed_strata,all_models_fixed_average,,lime,local_attribution,ece_increase,top5_instability,0.8301923080167666,cluster_mean_of_defined_block_correlations,0.8301923080167666,0.8166077463453051,0.843658686305562,25,15,10000,seed_cluster_within_fixed_dataset_stratum
summary,per_dataset,adult,all_models_fixed_average,,lime,local_attribution,ece_increase,top5_instability,0.8812824338313657,cluster_mean_of_defined_block_correlations,0.8812824338313657,0.8643522788874798,0.8967362021626464,25,5,10000,seed_cluster
summary,per_dataset,bank-marketing,all_models_fixed_average,,lime,local_attribution,ece_increase,top5_instability,0.7363808163822345,cluster_mean_of_defined_block_correlations,0.7363808163822345,0.7093804317546354,0.7633812010098335,25,5,10000,seed_cluster
summary,per_dataset,electricity,all_models_fixed_average,,lime,local_attribution,ece_increase,top5_instability,0.8729136738366995,cluster_mean_of_defined_block_correlations,0.8729136738366995,0.8474379225771477,0.8983894250962512,25,5,10000,seed_cluster
summary,fixed_dataset_macro,all_fixed_strata,all_models_fixed_average,,lime,local_attribution,flip,top5_instability,0.9184381849057774,cluster_mean_of_defined_block_correlations,0.9184381849057774,0.9108393931177692,0.925860251253452,25,15,10000,seed_cluster_within_fixed_dataset_stratum
summary,per_dataset,adult,all_models_fixed_average,,lime,local_attribution,flip,top5_instability,0.926779133749922,cluster_mean_of_defined_block_correlations,0.926779133749922,0.9190672523402561,0.9356558520643679,25,5,10000,seed_cluster
summary,per_dataset,bank-marketing,all_models_fixed_average,,lime,local_attribution,flip,top5_instability,0.9221340950846797,cluster_mean_of_defined_block_correlations,0.9221340950846797,0.9126019185569696,0.9331155193178828,25,5,10000,seed_cluster
summary,per_dataset,electricity,all_models_fixed_average,,lime,local_attribution,flip,top5_instability,0.9064013258827306,cluster_mean_of_defined_block_correlations,0.9064013258827306,0.8879249874391213,0.9241521807250231,25,5,10000,seed_cluster
summary,fixed_dataset_macro,all_fixed_strata,all_models_fixed_average,,pi,global_grouped_predictive_importance,accuracy_drop,cosine_instability,0.6042030335168662,cluster_mean_of_defined_block_correlations,0.6042030335168662,0.5850296320094845,0.6235898353987123,25,15,10000,seed_cluster_within_fixed_dataset_stratum
summary,per_dataset,adult,all_models_fixed_average,,pi,global_grouped_predictive_importance,accuracy_drop,cosine_instability,0.5633797539778735,cluster_mean_of_defined_block_correlations,0.5633797539778735,0.5490057759614547,0.5809116645933277,25,5,10000,seed_cluster
summary,per_dataset,bank-marketing,all_models_fixed_average,,pi,global_grouped_predictive_importance,accuracy_drop,cosine_instability,0.6148896666224044,cluster_mean_of_defined_block_correlations,0.6148896666224044,0.5661201394590576,0.6642122834801534,25,5,10000,seed_cluster
summary,per_dataset,electricity,all_models_fixed_average,,pi,global_grouped_predictive_importance,accuracy_drop,cosine_instability,0.6343396799503207,cluster_mean_of_defined_block_correlations,0.6343396799503207,0.6039637350381979,0.6625617267740147,25,5,10000,seed_cluster
summary,fixed_dataset_macro,all_fixed_strata,all_models_fixed_average,,pi,global_grouped_predictive_importance,dconf,cosine_instability,0.5223702673696833,cluster_mean_of_defined_block_correlations,0.5223702673696833,0.5088628993810842,0.5364879310242485,25,15,10000,seed_cluster_within_fixed_dataset_stratum
summary,per_dataset,adult,all_models_fixed_average,,pi,global_grouped_predictive_importance,dconf,cosine_instability,0.5002891979854979,cluster_mean_of_defined_block_correlations,0.5002891979854979,0.4889865590108359,0.5097036257234147,25,5,10000,seed_cluster
summary,per_dataset,bank-marketing,all_models_fixed_average,,pi,global_grouped_predictive_importance,dconf,cosine_instability,0.4557959630979111,cluster_mean_of_defined_block_correlations,0.4557959630979111,0.42720563654955596,0.4878404010955171,25,5,10000,seed_cluster
summary,per_dataset,electricity,all_models_fixed_average,,pi,global_grouped_predictive_importance,dconf,cosine_instability,0.611025641025641,cluster_mean_of_defined_block_correlations,0.611025641025641,0.5831986306530901,0.6355498688052309,25,5,10000,seed_cluster
summary,fixed_dataset_macro,all_fixed_strata,all_models_fixed_average,,pi,global_grouped_predictive_importance,ece_increase,cosine_instability,0.3880845705327669,cluster_mean_of_defined_block_correlations,0.3880845705327669,0.36649662607243955,0.4100974673161254,25,15,10000,seed_cluster_within_fixed_dataset_stratum
summary,per_dataset,adult,all_models_fixed_average,,pi,global_grouped_predictive_importance,ece_increase,cosine_instability,0.4400670357784092,cluster_mean_of_defined_block_correlations,0.4400670357784092,0.42090998320151457,0.4592240883553038,25,5,10000,seed_cluster
summary,per_dataset,bank-marketing,all_models_fixed_average,,pi,global_grouped_predictive_importance,ece_increase,cosine_instability,0.18756762167649874,cluster_mean_of_defined_block_correlations,0.18756762167649874,0.13576699636502634,0.23936824698797113,25,5,10000,seed_cluster
summary,per_dataset,electricity,all_models_fixed_average,,pi,global_grouped_predictive_importance,ece_increase,cosine_instability,0.5366190541433926,cluster_mean_of_defined_block_correlations,0.5366190541433926,0.5036063076894319,0.5642772401848062,25,5,10000,seed_cluster
summary,fixed_dataset_macro,all_fixed_strata,all_models_fixed_average,,pi,global_grouped_predictive_importance,flip,cosine_instability,0.5395668445232601,cluster_mean_of_defined_block_correlations,0.5395668445232601,0.5252891312960027,0.5547781542408261,25,15,10000,seed_cluster_within_fixed_dataset_stratum
summary,per_dataset,adult,all_models_fixed_average,,pi,global_grouped_predictive_importance,flip,cosine_instability,0.526320167879027,cluster_mean_of_defined_block_correlations,0.526320167879027,0.5089598421827839,0.5435576637851147,25,5,10000,seed_cluster
summary,per_dataset,bank-marketing,all_models_fixed_average,,pi,global_grouped_predictive_importance,flip,cosine_instability,0.49295399068291423,cluster_mean_of_defined_block_correlations,0.49295399068291423,0.4732861832129743,0.5239727962498526,25,5,10000,seed_cluster
summary,per_dataset,electricity,all_models_fixed_average,,pi,global_grouped_predictive_importance,flip,cosine_instability,0.599426375007839,cluster_mean_of_defined_block_correlations,0.599426375007839,0.5694391701960695,0.6285850322589303,25,5,10000,seed_cluster
summary,fixed_dataset_macro,all_fixed_strata,all_models_fixed_average,,pi,global_grouped_predictive_importance,accuracy_drop,top5_instability,0.3877922232587272,cluster_mean_of_defined_block_correlations,0.3877922232587272,0.34039532899931496,0.437307064388297,25,15,10000,seed_cluster_within_fixed_dataset_stratum
summary,per_dataset,adult,all_models_fixed_average,,pi,global_grouped_predictive_importance,accuracy_drop,top5_instability,0.45687776883974374,cluster_mean_of_defined_block_correlations,0.45687776883974374,0.374912814390831,0.5562666394246348,25,5,10000,seed_cluster
summary,per_dataset,bank-marketing,all_models_fixed_average,,pi,global_grouped_predictive_importance,accuracy_drop,top5_instability,0.3430260953442629,cluster_mean_of_defined_block_correlations,0.3430260953442629,0.2492644744264137,0.43317957563494697,25,5,10000,seed_cluster
summary,per_dataset,electricity,all_models_fixed_average,,pi,global_grouped_predictive_importance,accuracy_drop,top5_instability,0.3634728055921751,cluster_mean_of_defined_block_correlations,0.3634728055921751,0.3153194054634535,0.421701826009102,25,5,10000,seed_cluster
summary,fixed_dataset_macro,all_fixed_strata,all_models_fixed_average,,pi,global_grouped_predictive_importance,dconf,top5_instability,0.3757761130623054,cluster_mean_of_defined_block_correlations,0.3757761130623054,0.32007076951265184,0.4335366393359254,25,15,10000,seed_cluster_within_fixed_dataset_stratum
summary,per_dataset,adult,all_models_fixed_average,,pi,global_grouped_predictive_importance,dconf,top5_instability,0.40764813087670576,cluster_mean_of_defined_block_correlations,0.40764813087670576,0.3123473179259681,0.5208238615897649,25,5,10000,seed_cluster
summary,per_dataset,bank-marketing,all_models_fixed_average,,pi,global_grouped_predictive_importance,dconf,top5_instability,0.36909667886493924,cluster_mean_of_defined_block_correlations,0.36909667886493924,0.2467741691164323,0.4856669876293308,25,5,10000,seed_cluster
summary,per_dataset,electricity,all_models_fixed_average,,pi,global_grouped_predictive_importance,dconf,top5_instability,0.3505835294452714,cluster_mean_of_defined_block_correlations,0.3505835294452714,0.31290289794787834,0.406730246834341,25,5,10000,seed_cluster
summary,fixed_dataset_macro,all_fixed_strata,all_models_fixed_average,,pi,global_grouped_predictive_importance,ece_increase,top5_instability,0.3058709488338488,cluster_mean_of_defined_block_correlations,0.3058709488338488,0.2369898394008165,0.3763613800060939,25,15,10000,seed_cluster_within_fixed_dataset_stratum
summary,per_dataset,adult,all_models_fixed_average,,pi,global_grouped_predictive_importance,ece_increase,top5_instability,0.36550929065111804,cluster_mean_of_defined_block_correlations,0.36550929065111804,0.2705239431656608,0.5041980174804529,25,5,10000,seed_cluster
summary,per_dataset,bank-marketing,all_models_fixed_average,,pi,global_grouped_predictive_importance,ece_increase,top5_instability,0.2618712663459922,cluster_mean_of_defined_block_correlations,0.2618712663459922,0.08484529857223608,0.4211672007853677,25,5,10000,seed_cluster
summary,per_dataset,electricity,all_models_fixed_average,,pi,global_grouped_predictive_importance,ece_increase,top5_instability,0.29023228950443614,cluster_mean_of_defined_block_correlations,0.29023228950443614,0.24464795159685454,0.3387980558117761,25,5,10000,seed_cluster
summary,fixed_dataset_macro,all_fixed_strata,all_models_fixed_average,,pi,global_grouped_predictive_importance,flip,top5_instability,0.37893814834442335,cluster_mean_of_defined_block_correlations,0.37893814834442335,0.32067807892802996,0.4384648596958402,25,15,10000,seed_cluster_within_fixed_dataset_stratum
summary,per_dataset,adult,all_models_fixed_average,,pi,global_grouped_predictive_importance,flip,top5_instability,0.430086961001642,cluster_mean_of_defined_block_correlations,0.430086961001642,0.34001140091275306,0.5443746568785135,25,5,10000,seed_cluster
summary,per_dataset,bank-marketing,all_models_fixed_average,,pi,global_grouped_predictive_importance,flip,top5_instability,0.35938911756129854,cluster_mean_of_defined_block_correlations,0.35938911756129854,0.2303623521261701,0.4863621007230547,25,5,10000,seed_cluster
summary,per_dataset,electricity,all_models_fixed_average,,pi,global_grouped_predictive_importance,flip,top5_instability,0.34733836647032934,cluster_mean_of_defined_block_correlations,0.34733836647032934,0.29790000377228865,0.4066915793604908,25,5,10000,seed_cluster
summary,fixed_dataset_macro,all_fixed_strata,all_models_fixed_average,,shap,local_attribution,accuracy_drop,cosine_instability,0.9293478103845664,cluster_mean_of_defined_block_correlations,0.9293478103845664,0.9225722086897437,0.9370382937713817,25,15,10000,seed_cluster_within_fixed_dataset_stratum
summary,per_dataset,adult,all_models_fixed_average,,shap,local_attribution,accuracy_drop,cosine_instability,0.9721892656420248,cluster_mean_of_defined_block_correlations,0.9721892656420248,0.9663934492948355,0.9779850819892142,25,5,10000,seed_cluster
summary,per_dataset,bank-marketing,all_models_fixed_average,,shap,local_attribution,accuracy_drop,cosine_instability,0.833264671007354,cluster_mean_of_defined_block_correlations,0.833264671007354,0.8133257448744384,0.85447773579605,25,5,10000,seed_cluster
summary,per_dataset,electricity,all_models_fixed_average,,shap,local_attribution,accuracy_drop,cosine_instability,0.9825894945043201,cluster_mean_of_defined_block_correlations,0.9825894945043201,0.9783330151944595,0.9868459738141808,25,5,10000,seed_cluster
summary,fixed_dataset_macro,all_fixed_strata,all_models_fixed_average,,shap,local_attribution,dconf,cosine_instability,0.9758461538461539,cluster_mean_of_defined_block_correlations,0.9758461538461539,0.9729230769230769,0.9786329059829061,25,15,10000,seed_cluster_within_fixed_dataset_stratum
summary,per_dataset,adult,all_models_fixed_average,,shap,local_attribution,dconf,cosine_instability,0.972102564102564,cluster_mean_of_defined_block_correlations,0.972102564102564,0.9673333333333334,0.9754358974358975,25,5,10000,seed_cluster
summary,per_dataset,bank-marketing,all_models_fixed_average,,shap,local_attribution,dconf,cosine_instability,0.9815897435897437,cluster_mean_of_defined_block_correlations,0.9815897435897437,0.9797948717948717,0.9841025641025641,25,5,10000,seed_cluster
summary,per_dataset,electricity,all_models_fixed_average,,shap,local_attribution,dconf,cosine_instability,0.9738461538461539,cluster_mean_of_defined_block_correlations,0.9738461538461539,0.9667179487179487,0.980974358974359,25,5,10000,seed_cluster
summary,fixed_dataset_macro,all_fixed_strata,all_models_fixed_average,,shap,local_attribution,ece_increase,cosine_instability,0.8644102564102564,cluster_mean_of_defined_block_correlations,0.8644102564102564,0.8559829059829059,0.8728893162393163,25,15,10000,seed_cluster_within_fixed_dataset_stratum
summary,per_dataset,adult,all_models_fixed_average,,shap,local_attribution,ece_increase,cosine_instability,0.9134871794871795,cluster_mean_of_defined_block_correlations,0.9134871794871795,0.9002051282051282,0.9267692307692308,25,5,10000,seed_cluster
summary,per_dataset,bank-marketing,all_models_fixed_average,,shap,local_attribution,ece_increase,cosine_instability,0.7729230769230769,cluster_mean_of_defined_block_correlations,0.7729230769230769,0.7567692307692307,0.7890769230769231,25,5,10000,seed_cluster
summary,per_dataset,electricity,all_models_fixed_average,,shap,local_attribution,ece_increase,cosine_instability,0.9068205128205127,cluster_mean_of_defined_block_correlations,0.9068205128205127,0.8903589743589743,0.9188717948717949,25,5,10000,seed_cluster
summary,fixed_dataset_macro,all_fixed_strata,all_models_fixed_average,,shap,local_attribution,flip,cosine_instability,0.972986377439292,cluster_mean_of_defined_block_correlations,0.972986377439292,0.9691658399397475,0.9766100309709089,25,15,10000,seed_cluster_within_fixed_dataset_stratum
summary,per_dataset,adult,all_models_fixed_average,,shap,local_attribution,flip,cosine_instability,0.9706527326673131,cluster_mean_of_defined_block_correlations,0.9706527326673131,0.9631912977859504,0.9781141675486758,25,5,10000,seed_cluster
summary,per_dataset,bank-marketing,all_models_fixed_average,,shap,local_attribution,flip,cosine_instability,0.9726140919582553,cluster_mean_of_defined_block_correlations,0.9726140919582553,0.9672307692307692,0.9759212267460186,25,5,10000,seed_cluster
summary,per_dataset,electricity,all_models_fixed_average,,shap,local_attribution,flip,cosine_instability,0.9756923076923076,cluster_mean_of_defined_block_correlations,0.9756923076923076,0.9691282051282052,0.9822564102564103,25,5,10000,seed_cluster
summary,fixed_dataset_macro,all_fixed_strata,all_models_fixed_average,,shap,local_attribution,accuracy_drop,top5_instability,0.6644744178344829,cluster_mean_of_defined_block_correlations,0.6644744178344829,0.6258431614539556,0.7021712076370749,25,15,10000,seed_cluster_within_fixed_dataset_stratum
summary,per_dataset,adult,all_models_fixed_average,,shap,local_attribution,accuracy_drop,top5_instability,0.8471446299272234,cluster_mean_of_defined_block_correlations,0.8471446299272234,0.7731966125638395,0.8979668412243009,25,5,10000,seed_cluster
summary,per_dataset,bank-marketing,all_models_fixed_average,,shap,local_attribution,accuracy_drop,top5_instability,0.4258949430879138,cluster_mean_of_defined_block_correlations,0.4258949430879138,0.35127481398306826,0.5005150721927593,25,5,10000,seed_cluster
summary,per_dataset,electricity,all_models_fixed_average,,shap,local_attribution,accuracy_drop,top5_instability,0.7203836804883118,cluster_mean_of_defined_block_correlations,0.7203836804883118,0.6553407104547497,0.767520598277273,25,5,10000,seed_cluster
summary,fixed_dataset_macro,all_fixed_strata,all_models_fixed_average,,shap,local_attribution,dconf,top5_instability,0.7580327391544603,cluster_mean_of_defined_block_correlations,0.7580327391544603,0.724766298243913,0.7866891825732131,25,15,10000,seed_cluster_within_fixed_dataset_stratum
summary,per_dataset,adult,all_models_fixed_average,,shap,local_attribution,dconf,top5_instability,0.8543072768707901,cluster_mean_of_defined_block_correlations,0.8543072768707901,0.7982842203587474,0.8945232268229983,25,5,10000,seed_cluster
summary,per_dataset,bank-marketing,all_models_fixed_average,,shap,local_attribution,dconf,top5_instability,0.6787812575487975,cluster_mean_of_defined_block_correlations,0.6787812575487975,0.6418056616058551,0.713104308707116,25,5,10000,seed_cluster
summary,per_dataset,electricity,all_models_fixed_average,,shap,local_attribution,dconf,top5_instability,0.7410096830437938,cluster_mean_of_defined_block_correlations,0.7410096830437938,0.6617482255306932,0.7933025560957958,25,5,10000,seed_cluster
summary,fixed_dataset_macro,all_fixed_strata,all_models_fixed_average,,shap,local_attribution,ece_increase,top5_instability,0.6503364445739651,cluster_mean_of_defined_block_correlations,0.6503364445739651,0.6064034510186626,0.6844496188201185,25,15,10000,seed_cluster_within_fixed_dataset_stratum
summary,per_dataset,adult,all_models_fixed_average,,shap,local_attribution,ece_increase,top5_instability,0.7969559276543406,cluster_mean_of_defined_block_correlations,0.7969559276543406,0.7451678665080994,0.8377555967380262,25,5,10000,seed_cluster
summary,per_dataset,bank-marketing,all_models_fixed_average,,shap,local_attribution,ece_increase,top5_instability,0.4843304125942954,cluster_mean_of_defined_block_correlations,0.4843304125942954,0.46089294275451076,0.5077678824340801,25,5,10000,seed_cluster
summary,per_dataset,electricity,all_models_fixed_average,,shap,local_attribution,ece_increase,top5_instability,0.6697229934732591,cluster_mean_of_defined_block_correlations,0.6697229934732591,0.5467213950370562,0.7466061809728254,25,5,10000,seed_cluster
summary,fixed_dataset_macro,all_fixed_strata,all_models_fixed_average,,shap,local_attribution,flip,top5_instability,0.7438656324104173,cluster_mean_of_defined_block_correlations,0.7438656324104173,0.7089311876958135,0.7739993166461279,25,15,10000,seed_cluster_within_fixed_dataset_stratum
summary,per_dataset,adult,all_models_fixed_average,,shap,local_attribution,flip,top5_instability,0.8631509668244988,cluster_mean_of_defined_block_correlations,0.8631509668244988,0.8033877843900686,0.9062236050907193,25,5,10000,seed_cluster
summary,per_dataset,bank-marketing,all_models_fixed_average,,shap,local_attribution,flip,top5_instability,0.6420314054767905,cluster_mean_of_defined_block_correlations,0.6420314054767905,0.5988736519150055,0.6729383846402112,25,5,10000,seed_cluster
summary,per_dataset,electricity,all_models_fixed_average,,shap,local_attribution,flip,top5_instability,0.7264145249299621,cluster_mean_of_defined_block_correlations,0.7264145249299621,0.6447141076836902,0.7820104458704085,25,5,10000,seed_cluster
