budget,dimension,margin,margin_name,rho,signal,unit_id,seed,replications,truth_theta,truth_topk_changed,theory_independent_vector_mse,theory_paired_vector_mse,theory_mse_difference,empirical_independent_vector_mse,empirical_paired_vector_mse,empirical_mse_difference,difference_mcse,difference_ci95_low,difference_ci95_high,empirical_relative_reduction,identity_relative_error,zero_normalized_identity_error,expected_sign,empirical_sign,sign_match,paired_plugin_bias,independent_plugin_bias,paired_split_bias,independent_split_bias,paired_split_mse,independent_split_mse,paired_topk_disagreement,independent_topk_disagreement,paired_topk_condition_error,independent_topk_condition_error,paired_margin_bound_violation,independent_margin_bound_violation
16,8,0.05,near_tie,-0.75,null,p08_b016_rhom0d75_null_near_tie,3933586967,8000,0.0,False,1.0,1.75,-0.75,1.008761300081601,1.7567347700677334,-0.7479734699861325,0.011288261336363561,-0.770098462205405,-0.7258484777668599,-0.741477166030881,0.0027020400184900595,,-1,-1,True,1.7567347700677334,1.008761300081601,-0.002545812019366388,-0.0008360132938530053,1.5052430377957327,0.4953472805233698,0.771,0.523125,0.834625,0.713,0.0,0.0
16,8,0.5,separated,-0.75,null,p08_b016_rhom0d75_null_separated,1553662934,8000,0.0,False,1.0,1.75,-0.75,0.9820223964183326,1.7540583742378846,-0.772035977819552,0.01120649644148901,-0.7940007108448704,-0.7500712447942336,-0.7861694200003477,0.029381303759402694,,-1,-1,True,1.7540583742378844,0.9820223964183326,0.0077408169627438085,0.00374191817998812,1.5108408168624703,0.5061731336374042,0.185375,0.15975,0.185375,0.164875,0.0,0.0
16,8,0.05,near_tie,-0.75,weak,p08_b016_rhom0d75_weak_near_tie,3075166674,8000,0.009999999999999995,True,1.0,1.75,-0.75,0.9990154073688402,1.7400617022973532,-0.741046294928513,0.011308530451746781,-0.7632110146139367,-0.7188815752430894,-0.7417766427449262,0.011938273428649282,,-1,-1,True,1.7421719560122182,1.000016284369997,-0.005976612510782913,-0.004615853531247078,1.4832048872303998,0.5011825427283289,0.7965,0.546375,0.577375,0.70475,0.0,0.0
16,8,0.5,separated,-0.75,weak,p08_b016_rhom0d75_weak_separated,2702001516,8000,0.30250000000000005,True,1.0,1.75,-0.75,0.9990069106928978,1.7427256199162269,-0.743718709223329,0.011226886261452523,-0.765723406295776,-0.7217140121508822,-0.7444580225250852,0.008375054368894594,,-1,-1,True,1.7414491894337518,0.9852620609257556,0.024903269111815396,0.014999482961762456,1.7908405441498563,0.67269575915965,0.69,0.60125,0.50475,0.557,0.0,0.0
16,8,0.05,near_tie,-0.75,moderate,p08_b016_rhom0d75_moderate_near_tie,2628799120,8000,0.30249999999999994,True,1.0,1.75,-0.75,1.0005129037310863,1.7488275117596555,-0.7483146080285692,0.011211602784519813,-0.7702893494862281,-0.7263398665709103,-0.7479309914324683,0.0022471892952410735,,-1,-1,True,1.7443588552636788,1.0038391960272592,-0.00707129221220143,0.0050453520403248575,1.783069386502121,0.6630821131370969,0.678875,0.590125,0.477375,0.532125,0.0,0.0
16,8,0.5,separated,-0.75,moderate,p08_b016_rhom0d75_moderate_separated,1204124243,8000,1.0,True,1.0,1.75,-0.75,1.0002001553138222,1.741568662155744,-0.7413685068419218,0.01127624016838951,-0.7634699375719652,-0.7192670761118783,-0.7412201476906495,0.011508657544104276,,-1,-1,True,1.7398933326642063,0.9921068727692861,-0.003822740711636907,-0.01785668714609967,2.466625875714437,1.0182382988345338,0.955,0.896875,0.282375,0.32425,0.0,0.0
16,8,0.05,near_tie,-0.25,null,p08_b016_rhom0d25_null_near_tie,2244808823,8000,0.0,False,1.0,1.25,-0.25,0.9934552177192197,1.246813552650494,-0.25335833493127424,0.008844709574072764,-0.2706939656964569,-0.2360227041660916,-0.25502743396218275,0.013433339725096971,,-1,-1,True,1.246813552650494,0.9934552177192197,-0.0064782596222994595,0.0009275928270694689,0.7729908331172601,0.49748909285040593,0.5915,0.53175,0.746875,0.7195,0.0,0.0
16,8,0.5,separated,-0.25,null,p08_b016_rhom0d25_null_separated,693693549,8000,0.0,False,1.0,1.25,-0.25,1.0050588507020126,1.2630577209248697,-0.25799887022285706,0.009080878630324146,-0.27579739233829237,-0.24020034810742175,-0.2567002619226231,0.03199548089142823,,-1,-1,True,1.2630577209248697,1.0050588507020128,0.0025914358536511433,0.007409101707280083,0.7906642644690604,0.49591968143838355,0.17675,0.168625,0.17875,0.174,0.0,0.0
16,8,0.05,near_tie,-0.25,weak,p08_b016_rhom0d25_weak_near_tie,2496059208,8000,0.009999999999999995,True,1.0,1.25,-0.25,0.991463122572481,1.2552928677910586,-0.2638297452185776,0.00893428896344402,-0.2813409515869279,-0.24631853885022734,-0.26610142042806073,0.05531898087431042,,-1,-1,True,1.2539540946707055,0.9908022586063661,0.0034727430217775367,-0.01107441318222633,0.7625561485785282,0.5009161456959967,0.614875,0.531625,0.67675,0.710875,0.0,0.0
16,8,0.5,separated,-0.25,weak,p08_b016_rhom0d25_weak_separated,1286828145,8000,0.30250000000000005,True,1.0,1.25,-0.25,0.9973838319462932,1.2524995783026875,-0.25511574635639434,0.008752945383715958,-0.2722715193084776,-0.23795997340431105,-0.25578492269978126,0.02046298542557734,,-1,-1,True,1.2464062680684114,1.0003544203214754,-0.008099080353310306,0.00534945498499978,0.9494691568997088,0.6507099889047236,0.63775,0.605,0.537,0.55,0.0,0.0
16,8,0.05,near_tie,-0.25,moderate,p08_b016_rhom0d25_moderate_near_tie,2411579721,8000,0.30249999999999994,True,1.0,1.25,-0.25,0.9975218900912639,1.250707165960796,-0.2531852758695321,0.00908714215386903,-0.2709960744911154,-0.2353744772479488,-0.253814255491043,0.012741103478128402,,-1,-1,True,1.2488823425972637,0.993328814520587,-0.0004990118258966225,0.00435237596076371,0.9766733167122418,0.6712614051662895,0.62275,0.598625,0.517125,0.525625,0.0,0.0
16,8,0.5,separated,-0.25,moderate,p08_b016_rhom0d25_moderate_separated,4142225596,8000,1.0,True,1.0,1.25,-0.25,1.0059030571291778,1.2551476734484632,-0.2492446163192854,0.009082156219485124,-0.26704564250947627,-0.23144359012909457,-0.24778194534036246,0.0030215347228583767,,-1,-1,True,1.2466973759121842,1.0028551577589182,0.00549521980201817,-0.0014638519119175575,1.4368189268814484,0.985705294260438,0.91325,0.891,0.32125,0.337375,0.0,0.0
16,8,0.05,near_tie,0.0,null,p08_b016_rhop0d00_null_near_tie,4078495796,8000,0.0,False,1.0,1.0,0.0,0.995161634112439,0.9944273848114863,0.0007342493009526718,0.00787659574395715,-0.014703878357203342,0.016172376959108684,0.000737819139910445,,0.0007342493009526718,0,1,False,0.9944273848114863,0.995161634112439,-0.004621293700338734,0.01635164570962789,0.5057023014899772,0.506059175528191,0.517875,0.518,0.70425,0.703375,0.0,0.0
16,8,0.5,separated,0.0,null,p08_b016_rhop0d00_null_separated,1040975760,8000,0.0,False,1.0,1.0,0.0,0.995185799626492,0.9965214854115638,-0.0013356857850718162,0.00788719995044295,-0.016794597687939998,0.014123226117796364,-0.0013421471503844984,,0.0013356857850718162,0,-1,False,0.9965214854115638,0.995185799626492,-0.009402983650982164,0.0015347343950223272,0.50433509705837,0.49375308122713707,0.168375,0.1615,0.174125,0.166375,0.0,0.0
16,8,0.05,near_tie,0.0,weak,p08_b016_rhop0d00_weak_near_tie,1391227882,8000,0.009999999999999995,True,1.0,1.0,0.0,0.9906075517059558,0.9960912357298387,-0.005483684023882884,0.007842182782866053,-0.02085436227830035,0.009886994230534579,-0.005535677589413979,,0.005483684023882884,0,-1,False,0.9958699448000989,0.9919300514035547,-0.010800115171929808,0.008573930256369315,0.5146116965665423,0.4957977625143491,0.54675,0.534375,0.698,0.704125,0.0,0.0
16,8,0.5,separated,0.0,weak,p08_b016_rhop0d00_weak_separated,517716662,8000,0.30250000000000005,True,1.0,1.0,0.0,1.0000687114563342,0.9994854853149379,0.0005832261413963868,0.007836453806131611,-0.014776223318621572,0.015942675601414345,0.0005831860698322089,,0.0005832261413963868,0,1,False,0.9909765904094048,0.9954398910716928,0.016506295031134155,0.012332808192294209,0.6376800556783627,0.6606914295844067,0.598375,0.6035,0.55275,0.54525,0.0,0.0
16,8,0.05,near_tie,0.0,moderate,p08_b016_rhop0d00_moderate_near_tie,1487626812,8000,0.30249999999999994,True,1.0,1.0,0.0,1.0020721941387631,1.0042508283466907,-0.002178634207927521,0.00788847326414973,-0.01764004180566099,0.013282773389805949,-0.0021741289905763406,,0.002178634207927521,0,-1,False,1.0126141923306282,1.0040010208535244,-0.01378670916662561,-0.008825036885430404,0.6386472050405938,0.6333994446440211,0.59775,0.596125,0.52425,0.5325,0.0,0.0
16,8,0.5,separated,0.0,moderate,p08_b016_rhop0d00_moderate_separated,2294441813,8000,1.0,True,1.0,1.0,0.0,1.003126834083244,0.991981495100691,0.011145338982552988,0.007850759556188528,-0.004242149747576527,0.026532827712682505,0.011110597986084825,,0.011145338982552988,0,1,False,0.9941624435413192,0.9930430549567177,0.003554029001114678,0.003616072899590428,0.9876313309120394,0.998725458088048,0.89625,0.896,0.32175,0.329125,0.0,0.0
16,8,0.05,near_tie,0.25,null,p08_b016_rhop0d25_null_near_tie,3310314155,8000,0.0,False,1.0,0.75,0.25,1.007798813790549,0.7541373754901721,0.2536614383003768,0.007040746386658857,0.23986157538252545,0.26746130121822814,0.2516984886559862,0.014645753201507183,,1,1,True,0.7541373754901721,1.007798813790549,0.011533944000719954,-0.0032390177757956893,0.2893397546134047,0.5012296555167919,0.444625,0.521125,0.67,0.709875,0.0,0.0
16,8,0.5,separated,0.25,null,p08_b016_rhop0d25_null_separated,827298782,8000,0.0,False,1.0,0.75,0.25,0.9933750844421647,0.7483025553103959,0.2450725291317688,0.006956216371887769,0.23143834504286878,0.25870671322066885,0.24670694178865038,0.019709883472924794,,1,1,True,0.7483025553103958,0.9933750844421647,0.001424840849815176,-0.006868588402137804,0.2769195065154914,0.5095698571565219,0.1525,0.165125,0.16475,0.169875,0.0,0.0
16,8,0.05,near_tie,0.25,weak,p08_b016_rhop0d25_weak_near_tie,1439110694,8000,0.009999999999999995,True,1.0,0.75,0.25,1.0045492975076773,0.7567547193683415,0.2477945781393358,0.0070550590077931505,0.23396666248406123,0.2616224937946104,0.24667239204101088,0.008821687442656767,,1,1,True,0.7565729358518842,1.0047243429554489,0.0066242123628331324,-0.007831209745194813,0.285708060479965,0.5103076635948054,0.46725,0.535,0.741625,0.7095,0.0,0.0
16,8,0.5,separated,0.25,weak,p08_b016_rhop0d25_weak_separated,2301422381,8000,0.30250000000000005,True,1.0,0.75,0.25,1.0126770327092074,0.7483713558562397,0.2643056768529677,0.007016056795516179,0.25055420553375596,0.2780571481721794,0.2609970092299543,0.057222707411870743,,1,1,True,0.7478831649705808,1.0162469646105536,5.579988640747047e-05,-0.012985880074996403,0.3946425311905957,0.6464803209733154,0.5725,0.60125,0.568,0.551125,0.0,0.0
16,8,0.05,near_tie,0.25,moderate,p08_b016_rhop0d25_moderate_near_tie,3713839148,8000,0.30249999999999994,True,1.0,0.75,0.25,0.990320714623216,0.7492294091438774,0.24109130547933866,0.006976349030725981,0.22741766137911573,0.2547649495795616,0.2434477052931947,0.03563477808264537,,1,1,True,0.7473737627711434,0.9826807564839952,0.0018642387535714455,-0.0031871745805899243,0.4070300020308176,0.6561983101788444,0.566875,0.59075,0.537375,0.530125,0.0,0.0
16,8,0.5,separated,0.25,moderate,p08_b016_rhop0d25_moderate_separated,182464505,8000,1.0,True,1.0,0.75,0.25,1.008341975038968,0.7471509580818099,0.2611910169571581,0.00699053184471169,0.24748957454152315,0.274892459372793,0.25903019354823964,0.04476406782863229,,1,1,True,0.74161380093636,1.0091408565403133,-0.010439098291286752,-0.01275343418228747,0.6452274179363516,0.9828584421769209,0.885875,0.9015,0.3355,0.327375,0.0,0.0
16,8,0.05,near_tie,0.75,null,p08_b016_rhop0d75_null_near_tie,1460038587,8000,0.0,False,1.0,0.25,0.75,1.0045511508921534,0.25160446582708684,0.7529466850650666,0.0058458198405468296,0.7414888781775948,0.7644044919525383,0.7495354361959229,0.003928913420088757,,1,1,True,0.25160446582708684,1.0045511508921534,-0.0011715590273157432,0.013247013249018164,0.03135102937137219,0.5021443123207648,0.256625,0.5175,0.57925,0.703875,0.0,0.0
16,8,0.5,separated,0.75,null,p08_b016_rhop0d75_null_separated,65358010,8000,0.0,False,1.0,0.25,0.75,0.9970945227272665,0.249690071797547,0.7474044509297195,0.005823523120457676,0.7359903456136225,0.7588185562458165,0.7495823453983166,0.0034607320937073047,,1,1,True,0.249690071797547,0.9970945227272665,-0.0005602617236151826,-0.009035633775897174,0.030712958507411087,0.5072730146013452,0.09825,0.164625,0.137875,0.16875,0.0,0.0
16,8,0.05,near_tie,0.75,weak,p08_b016_rhop0d75_weak_near_tie,2434702119,8000,0.009999999999999995,True,1.0,0.25,0.75,0.9999531209295651,0.24974240438130121,0.7502107165482639,0.005739424098569392,0.7389614453150679,0.7614599877814598,0.7502458873780617,0.00028095539768517125,,1,1,True,0.2500300850344761,1.000954456364154,-0.0018164575601263729,-0.008476241853538517,0.03212044773403089,0.5120944920871575,0.274625,0.52925,0.829875,0.712,0.0,0.0
16,8,0.5,separated,0.75,weak,p08_b016_rhop0d75_weak_separated,2081167934,8000,0.30250000000000005,True,1.0,0.25,0.75,1.0069912534656889,0.24731784195313913,0.7596734115125497,0.005751694312605306,0.7484000906598434,0.7709467323652561,0.754399215383487,0.012897882016732995,,1,1,True,0.24698077948464287,1.0011361891483723,-0.001712084112950596,-0.0038833056526105247,0.06958878527441506,0.677803762931716,0.53375,0.6045,0.580625,0.548125,0.0,0.0
16,8,0.05,near_tie,0.75,moderate,p08_b016_rhop0d75_moderate_near_tie,950597103,8000,0.30249999999999994,True,1.0,0.25,0.75,1.0047364620170272,0.25177103635390197,0.7529654256631252,0.005777140791598582,0.741642229711592,0.7642886216146584,0.7494158459737124,0.0039539008841669165,,1,1,True,0.25310291057056505,1.0011417500851139,0.0001192429633462555,-0.005305185293651926,0.06836750530299125,0.6597581321398963,0.512875,0.58625,0.564,0.540375,0.0,0.0
16,8,0.5,separated,0.75,moderate,p08_b016_rhop0d75_moderate_separated,1018606291,8000,1.0,True,1.0,0.25,0.75,0.9950967405730631,0.2512015211042451,0.743895219468818,0.0058173989729225,0.7324931174818898,0.7552973214557461,0.7475607035356366,0.008139707374909358,,1,1,True,0.25813419240359514,1.0032979094353203,-0.004186442551117997,-0.004651876444115355,0.15259499530368545,1.0185749138280125,0.878,0.901,0.338,0.32475,0.0,0.0
32,8,0.05,near_tie,-0.75,null,p08_b032_rhom0d75_null_near_tie,2328092213,8000,0.0,False,0.5,0.875,-0.375,0.501142657739566,0.8688845525755152,-0.3677418948359492,0.005614680529047794,-0.37874666867288287,-0.35673712099901556,-0.7338068096112014,0.019354947104135434,,-1,-1,True,0.8688845525755152,0.501142657739566,0.0002757904270894072,-0.0049215776846930175,0.3774065826219857,0.12206040729503798,0.743375,0.483,0.792875,0.661875,0.0,0.0
32,8,0.5,separated,-0.75,null,p08_b032_rhom0d75_null_separated,1699660852,8000,0.0,False,0.5,0.875,-0.375,0.501242385935721,0.8732065535242288,-0.3719641675885078,0.0056046885980111216,-0.38294935724060963,-0.360978977936406,-0.7420844246723546,0.008095553097312505,,-1,-1,True,0.8732065535242288,0.501242385935721,-0.007303768553161023,-0.0010021303467974562,0.3781853210393815,0.12377772515359226,0.047625,0.0455,0.047625,0.04625,0.0,0.0
32,8,0.05,near_tie,-0.75,weak,p08_b032_rhom0d75_weak_near_tie,3450218236,8000,0.009999999999999995,True,0.5,0.875,-0.375,0.5020940123651959,0.8739339771190318,-0.37183996475383585,0.005627665075629184,-0.38287018830206904,-0.36080974120560266,-0.7405783689835752,0.008426760656437734,,-1,-1,True,0.873933274607329,0.5016650838223167,0.00677296989762205,0.0017429769806890025,0.3861287907709312,0.12495001719099526,0.77575,0.516375,0.539375,0.666625,0.0,0.0
32,8,0.5,separated,-0.75,weak,p08_b032_rhom0d75_weak_separated,4171529081,8000,0.30250000000000005,True,0.5,0.875,-0.375,0.4999960448503626,0.8749176500034843,-0.37492160515312173,0.005625859078788859,-0.3859482889475479,-0.36389492135869556,-0.7498491418373663,0.00020905292500872363,,-1,-1,True,0.8757120403323064,0.4949977034232533,0.018525946202341215,0.00642048784425725,0.5223347211466381,0.20420100242616926,0.626625,0.598875,0.45075,0.462125,0.0,0.0
32,8,0.05,near_tie,-0.75,moderate,p08_b032_rhom0d75_moderate_near_tie,2644097092,8000,0.30249999999999994,True,0.5,0.875,-0.375,0.5048222190658831,0.8761550611739057,-0.37133284210802264,0.005645166859694598,-0.3823973691530241,-0.3602683150630212,-0.7355715102935296,0.009779087711939619,,-1,-1,True,0.8775581050459405,0.5004197849545466,-0.0016528305558156653,0.004424594131398563,0.5207157568280619,0.20058742510557265,0.617625,0.58,0.42125,0.453,0.0,0.0
32,8,0.5,separated,-0.75,moderate,p08_b032_rhom0d75_moderate_separated,2923004736,8000,1.0,True,0.5,0.875,-0.375,0.49709482557917034,0.8801209717858172,-0.3830261462066468,0.005635919164265212,-0.3940725477686066,-0.371979744644687,-0.7705293366519739,0.021403056551058192,,-1,-1,True,0.8627212796452721,0.49802962334067113,0.01214501666434864,0.0071898714855131995,0.8168312614953102,0.3770520983469528,0.9805,0.96475,0.140375,0.154125,0.0,0.0
32,8,0.05,near_tie,-0.25,null,p08_b032_rhom0d25_null_near_tie,2795832128,8000,0.0,False,0.5,0.625,-0.125,0.5053704814056883,0.6257472173474349,-0.12037673594174658,0.004532226189751375,-0.12925989927365927,-0.11149357260983389,-0.2381950279464653,0.03698611246602734,,-1,-1,True,0.625747217347435,0.5053704814056883,0.00023481793601334066,-0.0004501066583701172,0.19811248533453843,0.13105266323392664,0.569375,0.485375,0.702,0.667125,0.0,0.0
32,8,0.5,separated,-0.25,null,p08_b032_rhom0d25_null_separated,306209216,8000,0.0,False,0.5,0.625,-0.125,0.4999256428652836,0.6221667851811448,-0.12224114231586114,0.004477603259853768,-0.13101724470517453,-0.11346503992654776,-0.24451864804382883,0.02207086147311088,,-1,-1,True,0.6221667851811448,0.4999256428652836,-0.003303072158864022,-0.0008538709553140344,0.19659879212913978,0.12367725902602417,0.043,0.0475,0.043,0.048375,0.0,0.0
32,8,0.05,near_tie,-0.25,weak,p08_b032_rhom0d25_weak_near_tie,1470622666,8000,0.009999999999999995,True,0.5,0.625,-0.125,0.49767020686700686,0.6254467655380741,-0.12777655867106724,0.004546701985772532,-0.1366880945631814,-0.11886502277895308,-0.25674946361660167,0.022212469368537935,,-1,-1,True,0.6250873882690862,0.4977743033089088,0.00024287039197261676,-0.010823338431671953,0.201842740399211,0.12463574214920618,0.586375,0.507,0.629625,0.675625,0.0,0.0
32,8,0.5,separated,-0.25,weak,p08_b032_rhom0d25_weak_separated,2043254953,8000,0.30250000000000005,True,0.5,0.625,-0.125,0.4985656585281138,0.6232806370104604,-0.12471497848234664,0.004414467054458842,-0.13336733390908598,-0.11606262305560731,-0.2501475509776092,0.0022801721412268883,,-1,-1,True,0.624361792808173,0.49412713902851374,0.0012492216489773944,-0.00898131241114819,0.2946250902253746,0.20074769935991663,0.5985,0.60075,0.461,0.463875,0.0,0.0
32,8,0.05,near_tie,-0.25,moderate,p08_b032_rhom0d25_moderate_near_tie,903620853,8000,0.30249999999999994,True,0.5,0.625,-0.125,0.5015648725235751,0.6210029363288146,-0.11943806380523958,0.004459104612616458,-0.12817790884596783,-0.11069821876451133,-0.2381308387971799,0.044495489558083356,,-1,-1,True,0.6198095719983505,0.5066536762743643,0.002065946519314188,-0.002896421089257306,0.2888804425096551,0.20388420546345445,0.598,0.58325,0.434125,0.442625,0.0,0.0
32,8,0.5,separated,-0.25,moderate,p08_b032_rhom0d25_moderate_separated,618679814,8000,1.0,True,0.5,0.625,-0.125,0.5010639306143376,0.6235048838206607,-0.12244095320632309,0.00448616764977341,-0.13123384179987896,-0.1136480646127672,-0.2443619381187594,0.02047237434941529,,-1,-1,True,0.623219213670996,0.5061848401843336,-0.006561698313587105,0.007265730600098941,0.5109810249331425,0.3651275208113404,0.967,0.966875,0.15225,0.15675,0.0,0.0
32,8,0.05,near_tie,0.0,null,p08_b032_rhop0d00_null_near_tie,1324943317,8000,0.0,False,0.5,0.5,0.0,0.4961306904806756,0.5008922855400105,-0.004761595059334933,0.003968123929574948,-0.012539117961301832,0.003015927842631965,-0.009597461214748915,,0.009523190118669866,0,-1,False,0.5008922855400105,0.4961306904806756,0.0008244064213072852,-0.005810732605485945,0.1244175286129124,0.12460140272585807,0.49275,0.486875,0.66475,0.66425,0.0,0.0
32,8,0.5,separated,0.0,null,p08_b032_rhop0d00_null_separated,2354628880,8000,0.0,False,0.5,0.5,0.0,0.4962528160119233,0.5000746061361657,-0.0038217901242424412,0.003933655404372663,-0.01153175471681286,0.0038881744683279783,-0.007701296599091911,,0.0076435802484848825,0,-1,False,0.5000746061361657,0.4962528160119233,-2.3375708280870546e-06,0.0013764242253943753,0.1222558114331141,0.1242963692363303,0.0455,0.04625,0.04625,0.046875,0.0,0.0
32,8,0.05,near_tie,0.0,weak,p08_b032_rhop0d00_weak_near_tie,3740605515,8000,0.009999999999999995,True,0.5,0.5,0.0,0.49672455744758237,0.5013559998654248,-0.004631442417842413,0.003940077224433241,-0.012353993777731566,0.0030911089420467396,-0.009323965059511163,,0.009262884835684826,0,-1,False,0.5008042582217224,0.49684878596790083,-0.0002773432149365696,0.0004369281722466818,0.12473590546242659,0.12792847509928992,0.522875,0.5075,0.667125,0.669,0.0,0.0
32,8,0.5,separated,0.0,weak,p08_b032_rhop0d00_weak_separated,3607149037,8000,0.30250000000000005,True,0.5,0.5,0.0,0.49529935778148304,0.5027659624650646,-0.0074666046835815125,0.003973794268313173,-0.015255241449475331,0.00032203208231230615,-0.015074933101115962,,0.014933209367163025,0,-1,False,0.5051761770184593,0.4934285736351745,-0.004167494050372644,0.003746264997536275,0.19601896981046235,0.20282428810994685,0.59525,0.59875,0.46825,0.46,0.0,0.0
32,8,0.05,near_tie,0.0,moderate,p08_b032_rhop0d00_moderate_near_tie,2860981461,8000,0.30249999999999994,True,0.5,0.5,0.0,0.49808664351213294,0.5025695968550572,-0.004482953342924256,0.003988756726611313,-0.01230091652708243,0.0033350098412339175,-0.00900034843599462,,0.008965906685848513,0,-1,False,0.504087598080746,0.49844857195233255,-0.0031593926352824764,-8.052688053478141e-05,0.1979889885124822,0.18898205417320038,0.594625,0.587125,0.4335,0.438625,0.0,0.0
32,8,0.5,separated,0.0,moderate,p08_b032_rhop0d00_moderate_separated,36739447,8000,1.0,True,0.5,0.5,0.0,0.501952799901259,0.49612576420432264,0.005827035696936322,0.003931558409215452,-0.0018788187851259642,0.01353289017899861,0.011608732331172544,,0.011654071393872645,0,1,False,0.4889755298199161,0.502976894872432,0.0007637942890585947,0.00023595235342455112,0.3898858363643302,0.38895824239281124,0.963375,0.964625,0.147375,0.15525,0.0,0.0
32,8,0.05,near_tie,0.25,null,p08_b032_rhop0d25_null_near_tie,616777024,8000,0.0,False,0.5,0.375,0.125,0.5025325977606213,0.37633413844677965,0.12619845931384166,0.0034699495774184043,0.11939735814210159,0.13299956048558173,0.2511249217985171,0.00958767451073328,,1,1,True,0.37633413844677965,0.5025325977606213,0.0012139667623023377,0.0048971664173200905,0.06964122052384328,0.1283367400346953,0.417875,0.489375,0.637125,0.666125,0.0,0.0
32,8,0.5,separated,0.25,null,p08_b032_rhop0d25_null_separated,1895670346,8000,0.0,False,0.5,0.375,0.125,0.4976121598149351,0.3730650494933002,0.1245471103216349,0.0034423723416332824,0.11780006053203367,0.13129416011123612,0.250289523407054,0.0036231174269207855,,1,1,True,0.37306504949330016,0.4976121598149351,-0.0017250396628976851,-0.0008881220567858568,0.06924055388147433,0.12559555909322911,0.04,0.046,0.042625,0.046375,0.0,0.0
32,8,0.05,near_tie,0.25,weak,p08_b032_rhop0d25_weak_near_tie,2503940336,8000,0.009999999999999995,True,0.5,0.375,0.125,0.4978089072127115,0.37524629541487275,0.12256261179783873,0.003477954549007004,0.115745820881785,0.12937940271389245,0.2462041358080166,0.01949910561729018,,1,1,True,0.37496501885675365,0.49800080149315173,-0.00289311099045109,0.0008378635799707271,0.07109145045758314,0.13085240567578932,0.436875,0.524125,0.70525,0.66625,0.0,0.0
32,8,0.5,separated,0.25,weak,p08_b032_rhop0d25_weak_separated,339636765,8000,0.30250000000000005,True,0.5,0.375,0.125,0.49807943591343495,0.37150812496828745,0.1265713109451475,0.003485422691034605,0.11973988247071968,0.13340273941957534,0.2541187244822236,0.012570487561180066,,1,1,True,0.3740712307066631,0.49898739334542047,-0.00010748377598224224,0.0036513221794177153,0.1288710190421679,0.20135309615930108,0.587625,0.599125,0.4645,0.457625,0.0,0.0
32,8,0.05,near_tie,0.25,moderate,p08_b032_rhop0d25_moderate_near_tie,2509357584,8000,0.30249999999999994,True,0.5,0.375,0.125,0.4987811962027072,0.37599209655071825,0.12278909965198898,0.0034860281076562563,0.11595648456098272,0.12962171474299525,0.24617828536199837,0.017687202784088196,,1,1,True,0.3758240438077261,0.4976011188994122,-0.007426669951385911,0.008817918682860748,0.12279833811206782,0.19489192883644815,0.575375,0.58525,0.446375,0.445375,0.0,0.0
32,8,0.5,separated,0.25,moderate,p08_b032_rhop0d25_moderate_separated,3451229034,8000,1.0,True,0.5,0.375,0.125,0.49762422568687303,0.3766588931088489,0.12096533257802411,0.003434425201030613,0.11423385918400411,0.1276968059720441,0.24308569867364294,0.032277339375807124,,1,1,True,0.3754644226225472,0.4964712250194345,0.0030966284144438028,-0.004873720040705409,0.2657750659063385,0.37596025501303143,0.964125,0.967125,0.156375,0.1475,0.0,0.0
32,8,0.05,near_tie,0.75,null,p08_b032_rhop0d75_null_near_tie,2593498440,8000,0.0,False,0.5,0.125,0.375,0.5004571621057325,0.12601014556290452,0.374447016542828,0.0029004796233478743,0.3687620764810662,0.38013195660458987,0.7482099266344756,0.001474622552458597,,1,1,True,0.1260101455629045,0.5004571621057325,-0.0005156633707256547,-0.00041080355158948123,0.007769735402390686,0.12219311078898415,0.23225,0.482875,0.5325,0.665375,0.0,0.0
32,8,0.5,separated,0.75,null,p08_b032_rhop0d75_null_separated,3998984192,8000,0.0,False,0.5,0.125,0.375,0.4949710924204394,0.12528917661314315,0.36968191580729626,0.002843269706567788,0.3641091071824234,0.3752547244321691,0.7468757700566486,0.01418155784720998,,1,1,True,0.12528917661314315,0.4949710924204394,0.0009243363634868875,-0.002909190909232092,0.008062386865893422,0.12572167990430583,0.0295,0.043125,0.039875,0.04375,0.0,0.0
32,8,0.05,near_tie,0.75,weak,p08_b032_rhop0d75_weak_near_tie,1530978549,8000,0.009999999999999995,True,0.5,0.125,0.375,0.49986431380817653,0.12482179431480586,0.37504251949337064,0.002844695170906383,0.3694669169583941,0.38061812202834716,0.7502886466051938,0.00011338531565504202,,1,1,True,0.12498247540446046,0.5002356286355194,0.00036875034349571727,-0.0023252239463694337,0.008541893547145062,0.12982547856797833,0.2675,0.51925,0.7885,0.66625,0.0,0.0
32,8,0.5,separated,0.75,weak,p08_b032_rhop0d75_weak_separated,1864334435,8000,0.30250000000000005,True,0.5,0.125,0.375,0.499736404434061,0.1248728823343659,0.3748635220996951,0.002927458937264188,0.36912570258265726,0.3806013416167329,0.7501225021303355,0.0003639410674797598,,1,1,True,0.124858257103803,0.5028750337865011,0.0011518056453126424,-0.0027542296182431203,0.02682219754177159,0.19917819902770248,0.58375,0.589625,0.46525,0.471625,0.0,0.0
32,8,0.05,near_tie,0.75,moderate,p08_b032_rhop0d75_moderate_near_tie,2143324994,8000,0.30249999999999994,True,0.5,0.125,0.375,0.5018739879081239,0.12533135673616544,0.3765426311719584,0.0028660479937004843,0.37092517710430545,0.38216008523961137,0.7502732563236384,0.004113683125222423,,1,1,True,0.12372471605570073,0.49704263963798195,-0.0021919816760747057,0.009479625323600027,0.02687566040832666,0.20118544173175498,0.560125,0.5705,0.458875,0.456375,0.0,0.0
32,8,0.5,separated,0.75,moderate,p08_b032_rhop0d75_moderate_separated,3168272531,8000,1.0,True,0.5,0.125,0.375,0.4987418115991123,0.12517990837440873,0.37356190322470356,0.0028411448204950273,0.3679932593765333,0.3791305470728738,0.7490085943004352,0.0038349247341238346,,1,1,True,0.1284873924472636,0.49733257763255456,-0.0012945909458218496,-0.0032856807087955353,0.07187216941885446,0.3750012653745402,0.964875,0.962875,0.156875,0.15575,0.0,0.0
64,8,0.05,near_tie,-0.75,null,p08_b064_rhom0d75_null_near_tie,267698433,8000,0.0,False,0.25,0.4375,-0.1875,0.2500071439945678,0.4351852841187356,-0.18517814012416778,0.002810661886218651,-0.19068703742115634,-0.17966924282717922,-0.7406913945154758,0.012383252671105183,,-1,-1,True,0.4351852841187356,0.2500071439945678,-6.614765540531809e-05,-0.005747272639258335,0.09945966263687009,0.03112774045920056,0.703,0.475375,0.73775,0.621625,0.0,0.0
64,8,0.5,separated,-0.75,null,p08_b064_rhom0d75_null_separated,2009803932,8000,0.0,False,0.25,0.4375,-0.1875,0.24799999270307888,0.4410503294696895,-0.1930503367666106,0.002857660445241562,-0.19865135123928407,-0.18744932229393713,-0.7784288001884845,0.029601796088589854,,-1,-1,True,0.4410503294696894,0.24799999270307888,0.005908752975581474,-0.0003957328633924771,0.09395753831145158,0.03084064092747071,0.004875,0.004125,0.004875,0.004125,0.0,0.0
64,8,0.05,near_tie,-0.75,weak,p08_b064_rhom0d75_weak_near_tie,3554599208,8000,0.009999999999999995,True,0.25,0.4375,-0.1875,0.2506585306900409,0.4400647009386178,-0.18940617024857692,0.002824513347791736,-0.19494221641024873,-0.18387012408690512,-0.7556342476242814,0.010166241325743583,,-1,-1,True,0.439617302635385,0.2507330399508085,0.002012972867874987,7.654213038294465e-05,0.10062409078383443,0.03248643678050368,0.783125,0.52225,0.4985,0.6305,0.0,0.0
64,8,0.5,separated,-0.75,weak,p08_b064_rhom0d75_weak_separated,3977352878,8000,0.30250000000000005,True,0.25,0.4375,-0.1875,0.251809234685186,0.4386606149547616,-0.1868513802695756,0.002833477541455097,-0.19240499625082758,-0.18129776428832362,-0.7420354559402031,0.0034593052289301576,,-1,-1,True,0.4453036736188038,0.25037359755082106,-0.0010544935534297362,0.0011520582987618044,0.16462740910392729,0.06917893341531083,0.62125,0.6155,0.3965,0.400125,0.0,0.0
64,8,0.05,near_tie,-0.75,moderate,p08_b064_rhom0d75_moderate_near_tie,3725242991,8000,0.30249999999999994,True,0.25,0.4375,-0.1875,0.2518062902903653,0.43718891453133124,-0.18538262424096597,0.0027986740854922198,-0.1908680254485307,-0.17989722303340122,-0.7362112520191444,0.011292670714848185,,-1,-1,True,0.43729610279449066,0.24984559154621827,-0.0032769364948754265,-0.00441759473396236,0.1641730366872874,0.06822802338028935,0.613625,0.6155,0.39025,0.386875,0.0,0.0
64,8,0.5,separated,-0.75,moderate,p08_b064_rhom0d75_moderate_separated,2621480632,8000,1.0,True,0.25,0.4375,-0.1875,0.2485400126774405,0.43828438464964165,-0.18974437197220115,0.0028183354133152656,-0.19526830938229905,-0.18422043456210324,-0.7634359149182737,0.011969983851739455,,-1,-1,True,0.4414692762726731,0.24498686656502122,-0.009152209497462094,-0.002364006312325584,0.3108313781239269,0.1533320762273019,0.9965,0.996625,0.047875,0.044,0.0,0.0
64,8,0.05,near_tie,-0.25,null,p08_b064_rhom0d25_null_near_tie,3197961620,8000,0.0,False,0.25,0.3125,-0.0625,0.24793451233459732,0.30972064004216826,-0.06178612770757094,0.002212691096974707,-0.06612300225764137,-0.05744925315750052,-0.2492034171676274,0.01142195667886492,,-1,-1,True,0.30972064004216826,0.2479345123345973,0.0011170322993343381,0.001987080854228307,0.04809466016176751,0.030799969282412826,0.5455,0.471625,0.660625,0.618625,0.0,0.0
64,8,0.5,separated,-0.25,null,p08_b064_rhom0d25_null_separated,642186062,8000,0.0,False,0.25,0.3125,-0.0625,0.25128485789385124,0.31548836797689045,-0.0642035100830392,0.0022592484677544647,-0.06863163707983795,-0.059775383086240454,-0.2555009108832189,0.027256161328627293,,-1,-1,True,0.31548836797689045,0.2512848578938513,-0.0014749224234424942,0.00020456066232331572,0.0501366720147336,0.029974687969176957,0.00375,0.00575,0.00375,0.00575,0.0,0.0
64,8,0.05,near_tie,-0.25,weak,p08_b064_rhom0d25_weak_near_tie,3092072403,8000,0.009999999999999995,True,0.25,0.3125,-0.0625,0.2485486171862869,0.3129074371113338,-0.06435881992504688,0.002236732154610109,-0.0687428149480827,-0.05997482490201107,-0.2589385555776802,0.029741118800750144,,-1,-1,True,0.3129815752174433,0.24901522513285407,-0.0019545611804724656,-0.00035426514990559953,0.051122837145459885,0.03215584580732491,0.604875,0.529125,0.583625,0.625,0.0,0.0
64,8,0.5,separated,-0.25,weak,p08_b064_rhom0d25_weak_separated,3117073005,8000,0.30250000000000005,True,0.25,0.3125,-0.0625,0.25164761231877264,0.31337174180797345,-0.06172412948920081,0.0022403880396917467,-0.06611529004699664,-0.057332968931404986,-0.2452800124763841,0.012413928172787081,,-1,-1,True,0.31414630417305983,0.25086784282552693,-0.001968057354655217,-0.0008779970132110626,0.09377559301051697,0.06879281270728833,0.6205,0.6075,0.3995,0.407375,0.0,0.0
64,8,0.05,near_tie,-0.25,moderate,p08_b064_rhom0d25_moderate_near_tie,750764153,8000,0.30249999999999994,True,0.25,0.3125,-0.0625,0.2495907657457472,0.3112562273288307,-0.061665461583083475,0.0022190912538950698,-0.06601488044071781,-0.057316042725449136,-0.2470662782688875,0.013352614670664398,,-1,-1,True,0.30594626979210665,0.24866640279452695,0.002993095113244637,-0.002208158454971465,0.09761498432315219,0.06937906374333269,0.61,0.61475,0.393875,0.386625,0.0,0.0
64,8,0.5,separated,-0.25,moderate,p08_b064_rhom0d25_moderate_separated,174794117,8000,1.0,True,0.25,0.3125,-0.0625,0.249056489691227,0.31194982533686116,-0.06289333564563415,0.0022242420449356463,-0.06725285005370801,-0.058533821237560284,-0.2525263875822208,0.0062933703301464305,,-1,-1,True,0.3035835793544637,0.25772192685175055,-0.0036462896999012173,0.010820999673904375,0.2017349045591565,0.162244969072498,0.99625,0.995625,0.049,0.049875,0.0,0.0
64,8,0.05,near_tie,0.0,null,p08_b064_rhop0d00_null_near_tie,533751263,8000,0.0,False,0.25,0.25,0.0,0.2508060488902025,0.24808826669205802,0.0027177821981445027,0.0019850180743510755,-0.0011728532275836053,0.006608417623872611,0.010836190794322853,,0.010871128792578011,0,1,False,0.24808826669205802,0.2508060488902025,-0.0022518715221464336,0.0003495972186960361,0.031748133766715654,0.03159527970500374,0.4745,0.468875,0.634,0.622,0.0,0.0
64,8,0.5,separated,0.0,null,p08_b064_rhop0d00_null_separated,3898058273,8000,0.0,False,0.25,0.25,0.0,0.24918995428448637,0.24847962164885717,0.0007103326356291961,0.001947147096703933,-0.0031060756739105127,0.0045267409451689045,0.0028505669005350898,,0.0028413305425167845,0,1,False,0.24847962164885717,0.24918995428448634,2.8217084453210807e-05,-0.0005938907039190222,0.03154359760421894,0.03077210623607357,0.004,0.00425,0.004,0.00425,0.0,0.0
64,8,0.05,near_tie,0.0,weak,p08_b064_rhop0d00_weak_near_tie,570409628,8000,0.009999999999999995,True,0.25,0.25,0.0,0.247325228238682,0.2500497217274992,-0.0027244934888171757,0.001968734725067993,-0.006583213549950442,0.0011342265723160903,-0.011015833314779844,,0.010897973955268703,0,-1,False,0.2502817811984076,0.24767100522329166,-0.0009509021261838863,0.0020947137359703296,0.03153899191511936,0.033101098290640125,0.52325,0.52725,0.62925,0.62275,0.0,0.0
64,8,0.5,separated,0.0,weak,p08_b064_rhop0d00_weak_separated,3191928922,8000,0.30250000000000005,True,0.25,0.25,0.0,0.25092813840578226,0.2503358134608874,0.000592324944894862,0.001985391679342464,-0.003299042746616368,0.004483692636406092,0.0023605361624968735,,0.002369299779579448,0,1,False,0.251007037367405,0.2530530884550027,0.0006836393168836996,-0.002249682033404532,0.06985871863509527,0.06785956596380817,0.624375,0.62425,0.392625,0.392875,0.0,0.0
64,8,0.05,near_tie,0.0,moderate,p08_b064_rhop0d00_moderate_near_tie,97427761,8000,0.30249999999999994,True,0.25,0.25,0.0,0.2480836384692127,0.25004912113853883,-0.0019654826693261407,0.001954032044752468,-0.005795385477040978,0.0018644201383886962,-0.007922661411506438,,0.007861930677304563,0,-1,False,0.2511741328293236,0.24861760664238525,-0.00010352946102049065,-0.0044033837240547435,0.06743241056491085,0.06770635274476715,0.60925,0.61425,0.39375,0.387625,0.0,0.0
64,8,0.5,separated,0.0,moderate,p08_b064_rhop0d00_moderate_separated,3559297753,8000,1.0,True,0.25,0.25,0.0,0.2495688871384071,0.24998610795073858,-0.0004172208123314758,0.0019794968230416403,-0.004297034585493091,0.0034625929608301394,-0.0016717661288447871,,0.0016688832493259032,0,-1,False,0.25343706009117306,0.24248822652237823,0.0004783750315653368,-0.002987853681939545,0.15959344338357284,0.15536758624928812,0.997375,0.995,0.049625,0.05475,0.0,0.0
64,8,0.05,near_tie,0.25,null,p08_b064_rhop0d25_null_near_tie,2450801009,8000,0.0,False,0.25,0.1875,0.0625,0.2513281100762653,0.18863447233006078,0.06269363774620454,0.0017596587986329875,0.059244706500883884,0.0661425689915252,0.24944936611817992,0.0030982039392726257,,1,1,True,0.18863447233006078,0.2513281100762653,0.0024952787298182714,-0.0011934582449592555,0.018413317611678335,0.03175277290930961,0.407,0.4765,0.595875,0.6255,0.0,0.0
64,8,0.5,separated,0.25,null,p08_b064_rhop0d25_null_separated,1051584157,8000,0.0,False,0.25,0.1875,0.0625,0.24824903882889962,0.18771999809415385,0.06052904073474577,0.0017396466390654248,0.057119333322177536,0.063938748147314,0.2438238674368609,0.031535348244067674,,1,1,True,0.18771999809415388,0.24824903882889962,0.00014089220364737963,-0.0016632058096699952,0.017953835469756856,0.03216408205597663,0.00325,0.004625,0.00325,0.004625,0.0,0.0
64,8,0.05,near_tie,0.25,weak,p08_b064_rhop0d25_weak_near_tie,3888826059,8000,0.009999999999999995,True,0.25,0.1875,0.0625,0.24950399241457125,0.1869835537755642,0.06252043863900705,0.0017514593446184194,0.05908757832355495,0.06595329895445916,0.2505789107178864,0.00032701822411285164,,1,1,True,0.1863979078154484,0.24971706623763246,-0.001263754489663137,0.002005780065327284,0.018670784913982323,0.03154098249141172,0.44925,0.5245,0.6725,0.622125,0.0,0.0
64,8,0.5,separated,0.25,weak,p08_b064_rhop0d25_weak_separated,3593966836,8000,0.30250000000000005,True,0.25,0.1875,0.0625,0.24926237642706128,0.18817055156252896,0.061091824864532324,0.0017387635489644123,0.057683848308562075,0.06449980142050257,0.24509043739462588,0.022530802167482822,,1,1,True,0.1884580372268227,0.2502056142708156,-0.0008002008479102152,0.00465454309329888,0.04480434864517515,0.07078627538538902,0.617,0.621375,0.40025,0.396875,0.0,0.0
64,8,0.05,near_tie,0.25,moderate,p08_b064_rhop0d25_moderate_near_tie,1295861668,8000,0.30249999999999994,True,0.25,0.1875,0.0625,0.2492049235202229,0.1844674456004094,0.06473747791981349,0.0017370304445912333,0.061332898248414675,0.06814205759121231,0.2597760790811987,0.035799646717015854,,1,1,True,0.18373986353105554,0.24812977792403773,-5.310569271632648e-05,-0.0036328856021649036,0.04464931566687598,0.06757825325387558,0.615625,0.607125,0.38625,0.395,0.0,0.0
64,8,0.5,separated,0.25,moderate,p08_b064_rhop0d25_moderate_separated,3303186913,8000,1.0,True,0.25,0.1875,0.0625,0.2504294683961848,0.1883238551794417,0.0621056132167431,0.0017389160525555735,0.058697337753734175,0.06551388867975202,0.2479964263570239,0.006310188532110406,,1,1,True,0.18903890026381265,0.2522161795159279,0.0008253560108699709,0.00045429650277717393,0.11328677672666385,0.15217035632330939,0.99625,0.996875,0.050875,0.047375,0.0,0.0
64,8,0.05,near_tie,0.75,null,p08_b064_rhop0d75_null_near_tie,2393855991,8000,0.0,False,0.25,0.0625,0.1875,0.25031802238871503,0.06255481743592944,0.1877632049527856,0.0014417380057728506,0.1849373984614708,0.19058901144410037,0.7500986271823887,0.0014037597481898108,,1,1,True,0.06255481743592944,0.25031802238871503,-4.187836849904381e-05,-0.0034236108205952425,0.0019947907991954817,0.03104910379897997,0.211625,0.468375,0.49,0.62125,0.0,0.0
64,8,0.5,separated,0.75,null,p08_b064_rhop0d75_null_separated,2348630808,8000,0.0,False,0.25,0.0625,0.1875,0.2498252188179509,0.06313419839030537,0.18669102042764552,0.0014440732151521079,0.1838606369259474,0.18952140392934363,0.7472865282014958,0.0043145577192239175,,1,1,True,0.06313419839030537,0.2498252188179509,0.00017459574488780228,-0.0024356521763758115,0.0018818638776312633,0.03064975066553116,0.004125,0.004875,0.004375,0.004875,0.0,0.0
64,8,0.05,near_tie,0.75,weak,p08_b064_rhop0d75_weak_near_tie,198533003,8000,0.009999999999999995,True,0.25,0.0625,0.1875,0.2504517036860502,0.06174960571627285,0.18870209796977733,0.0014564439645268431,0.18584746779930472,0.19155672814024993,0.7534470526354331,0.006411189172145744,,1,1,True,0.061770296745667266,0.25085414990062915,0.0005923038849763723,-0.0016666178480550138,0.0022460625898104453,0.032961257437041355,0.290875,0.52775,0.743125,0.627,0.0,0.0
64,8,0.5,separated,0.75,weak,p08_b064_rhop0d75_weak_separated,694218884,8000,0.30250000000000005,True,0.25,0.0625,0.1875,0.2476623036657218,0.0627173727961393,0.18494493086958252,0.0014525372215792656,0.18209795791528716,0.1877919038238779,0.7467625396847191,0.013627035362226536,,1,1,True,0.06383224973296803,0.24710135160933538,-0.00048323708205205707,0.0005149982670311637,0.011220107072427023,0.06942888400876429,0.608125,0.607375,0.409125,0.408,0.0,0.0
64,8,0.05,near_tie,0.75,moderate,p08_b064_rhop0d75_moderate_near_tie,1800492739,8000,0.30249999999999994,True,0.25,0.0625,0.1875,0.2476769051920952,0.06306016049683773,0.18461674469525746,0.0014342541280376441,0.18180560660430367,0.18742788278621125,0.7453934574645584,0.015377361625293537,,1,1,True,0.06428431042171345,0.24619650953438582,-0.0007960166659928825,0.0016477378175158708,0.011249062300190968,0.06951141396226541,0.609625,0.601375,0.392375,0.401625,0.0,0.0
64,8,0.5,separated,0.75,moderate,p08_b064_rhop0d75_moderate_separated,3721653489,8000,1.0,True,0.25,0.0625,0.1875,0.25112832910077604,0.0626206862665119,0.18850764283426413,0.0014514207489932966,0.18566285816623726,0.191352427502291,0.7506426834011918,0.0053740951160753765,,1,1,True,0.0591264464825243,0.2513699136003962,0.0025129619257249214,-0.0050058500203555845,0.03271927319555778,0.155246739100703,0.99625,0.995625,0.0455,0.048875,0.0,0.0
128,8,0.05,near_tie,-0.75,null,p08_b128_rhom0d75_null_near_tie,3321657189,8000,0.0,False,0.125,0.21875,-0.09375,0.12574520035676937,0.21781422877579795,-0.09206902841902859,0.0013986270420147902,-0.09481033742137758,-0.0893277194166796,-0.7321872179439581,0.017930363530361742,,-1,-1,True,0.21781422877579795,0.12574520035676937,-0.0021093656040011015,0.0029563141260850346,0.023218729209476627,0.007905883732560286,0.64925,0.445125,0.66975,0.57075,0.0,0.0
128,8,0.5,separated,-0.75,null,p08_b128_rhom0d75_null_separated,618405758,8000,0.0,False,0.125,0.21875,-0.09375,0.12428379783538153,0.21793588412773277,-0.09365208629235124,0.0014013191030390313,-0.09639867173430773,-0.09090550085039474,-0.7535341526688528,0.0010444128815868166,,-1,-1,True,0.21793588412773277,0.12428379783538153,0.0007221614154697517,0.00014059263215210444,0.024232659877729212,0.007723862692728405,0.0,0.000125,0.0,0.000125,0.0,0.0
128,8,0.05,near_tie,-0.75,weak,p08_b128_rhom0d75_weak_near_tie,1177440631,8000,0.009999999999999995,True,0.125,0.21875,-0.09375,0.12477975990265087,0.2190643724536589,-0.09428461255100802,0.001397855201125002,-0.09702440874521302,-0.09154481635680302,-0.7556082222354477,0.005702533877418888,,-1,-1,True,0.21910412364820292,0.12492004301801275,-0.00022528853047910045,-0.0007549738987355347,0.02521131307003916,0.008576648711544892,0.792875,0.55575,0.449875,0.5655,0.0,0.0
128,8,0.5,separated,-0.75,weak,p08_b128_rhom0d75_weak_separated,1012011362,8000,0.30250000000000005,True,0.125,0.21875,-0.09375,0.12426333213823958,0.21762053054164485,-0.09335719840340527,0.001389579726390099,-0.09608077466712986,-0.09063362213968068,-0.7512851683354824,0.004189883697010455,,-1,-1,True,0.22035409982153736,0.12253175306768815,0.003962351212626114,0.001402045660418183,0.05752985411265284,0.02694219308921124,0.662875,0.66475,0.339,0.33725,0.0,0.0
128,8,0.05,near_tie,-0.75,moderate,p08_b128_rhom0d75_moderate_near_tie,1456689315,8000,0.30249999999999994,True,0.125,0.21875,-0.09375,0.12431306065083324,0.21838949597262172,-0.09407643532178848,0.0014016385775833624,-0.09682364693385187,-0.0913292237097251,-0.7567703250910018,0.0034819767657438363,,-1,-1,True,0.22309176961091842,0.12684727874053126,0.0023494580085862693,-0.0015765913286226452,0.05812771839206948,0.025958712986363784,0.66775,0.66075,0.33225,0.33925,0.0,0.0
128,8,0.5,separated,-0.75,moderate,p08_b128_rhom0d75_moderate_separated,3259779682,8000,1.0,True,0.125,0.21875,-0.09375,0.12488959170391378,0.2176956254939826,-0.09280603379006883,0.0013822664147883394,-0.09551527596305397,-0.09009679161708369,-0.7431046296483366,0.010068972905932524,,-1,-1,True,0.21957637586542034,0.1261378273755449,0.012113492543272653,0.005817908954516282,0.13342305193005738,0.07038231686405422,1.0,0.999875,0.007,0.008125,0.0,0.0
128,8,0.05,near_tie,-0.25,null,p08_b128_rhom0d25_null_near_tie,3408799183,8000,0.0,False,0.125,0.15625,-0.03125,0.12427971101019912,0.15563489182184603,-0.03135518081164691,0.0011126877897630868,-0.033536048879582565,-0.029174312743711264,-0.25229525042163736,0.0033657859727012074,,-1,-1,True,0.15563489182184603,0.12427971101019912,-0.0004984870040574573,-0.0009021150010187832,0.012206024238974864,0.007842639589308977,0.512875,0.453375,0.600875,0.568375,0.0,0.0
128,8,0.5,separated,-0.25,null,p08_b128_rhom0d25_null_separated,1220243853,8000,0.0,False,0.125,0.15625,-0.03125,0.12467887298743119,0.15595993613878698,-0.03128106315135579,0.0011196795760865046,-0.033475635120485334,-0.029086491182226237,-0.2508930535048164,0.0009940208433851794,,-1,-1,True,0.15595993613878698,0.12467887298743119,0.001595455031562004,0.00013675910676922543,0.012441660534492744,0.00775497418594415,0.0,0.000125,0.0,0.000125,0.0,0.0
128,8,0.05,near_tie,-0.25,weak,p08_b128_rhom0d25_weak_near_tie,3306080123,8000,0.009999999999999995,True,0.125,0.15625,-0.03125,0.1258476912434467,0.15603203371149596,-0.03018434246804927,0.0011076558333168263,-0.03235534790135025,-0.02801333703474829,-0.2398482019797965,0.034101041022423395,,-1,-1,True,0.15627738545176456,0.125588071410753,5.080847429754509e-05,0.0011500503832967603,0.012996557220440576,0.008111855922414486,0.611,0.544,0.54125,0.57325,0.0,0.0
128,8,0.5,separated,-0.25,weak,p08_b128_rhom0d25_weak_separated,1817166453,8000,0.30250000000000005,True,0.125,0.15625,-0.03125,0.1244508748176442,0.15645576864189797,-0.03200489382425377,0.0011215505052759992,-0.03420313281459473,-0.02980665483391281,-0.2571688939201915,0.024156602376120606,,-1,-1,True,0.1561924991960113,0.12415711217330488,-0.0024341735007058496,-0.00033743799177049505,0.0359811121431199,0.026846985640489172,0.654375,0.665375,0.348375,0.3365,0.0,0.0
128,8,0.05,near_tie,-0.25,moderate,p08_b128_rhom0d25_moderate_near_tie,235773648,8000,0.30249999999999994,True,0.125,0.15625,-0.03125,0.12305277900641412,0.1558558712565275,-0.03280309225011338,0.0011197846346678634,-0.034997870134062393,-0.030608314366164367,-0.26657741917720945,0.04969895200362817,,-1,-1,True,0.15788842216807386,0.12048316686920835,0.0018915685071610455,0.0035513960125354016,0.03582611095683552,0.02736834425548565,0.668375,0.65375,0.331625,0.34625,0.0,0.0
128,8,0.5,separated,-0.25,moderate,p08_b128_rhom0d25_moderate_separated,3972789263,8000,1.0,True,0.125,0.15625,-0.03125,0.1255541661766912,0.15529135451027815,-0.029737188333586934,0.0011132647646446734,-0.03191918727229049,-0.027555189394883373,-0.23684748375245523,0.048409973325218125,,-1,-1,True,0.14881577842020488,0.12368237772718338,-0.0040991245348792615,-0.0009522321776442855,0.08932119333158554,0.06905022868866578,0.99975,1.0,0.009125,0.008875,0.0,0.0
128,8,0.05,near_tie,0.0,null,p08_b128_rhop0d00_null_near_tie,1320096801,8000,0.0,False,0.125,0.125,0.0,0.12334756167831921,0.1243557099050613,-0.0010081482267420838,0.0009878926857961033,-0.002944417890902446,0.0009281214374182785,-0.008173231906855705,,0.00806518581393667,0,-1,False,0.1243557099050613,0.12334756167831923,-0.001987007227021787,-0.0019113240880274187,0.007799475749866119,0.007847733523377629,0.459,0.46,0.583125,0.575875,0.0,0.0
128,8,0.5,separated,0.0,null,p08_b128_rhop0d00_null_separated,1922178070,8000,0.0,False,0.125,0.125,0.0,0.1262422011136906,0.12474862803003611,0.001493573083654498,0.000991329029552529,-0.0004494318142684588,0.003436577981577455,0.011831012692098297,,0.011948584669235984,0,1,False,0.12474862803003611,0.12624220111369058,0.00023683955657187713,0.0003328294306464831,0.007688544260669701,0.00781700852180606,0.0,0.0,0.0,0.0,0.0,0.0
128,8,0.05,near_tie,0.0,weak,p08_b128_rhop0d00_weak_near_tie,2908897290,8000,0.009999999999999995,True,0.125,0.125,0.0,0.1253045443225796,0.12380662538466845,0.0014979189379111385,0.00099608662650458,-0.0004544108500378382,0.0034502487258601154,0.011954226768144616,,0.011983351503289108,0,1,False,0.12376208292061565,0.12521429423184566,0.0005445752267837847,0.00047560597715581333,0.00869627984682659,0.008365020162687526,0.552625,0.54825,0.568875,0.577125,0.0,0.0
128,8,0.5,separated,0.0,weak,p08_b128_rhop0d00_weak_separated,829933035,8000,0.30250000000000005,True,0.125,0.125,0.0,0.12457046182792038,0.12469723059749839,-0.00012676876957801175,0.0009839462193619976,-0.002055303359527527,0.0018017658203715035,-0.0010176471028351397,,0.001014150156624094,0,-1,False,0.12500402081200018,0.12613432935242092,0.00054683855258153,-0.001791054064711417,0.02678703923662383,0.026327780255443755,0.6605,0.660375,0.341375,0.341625,0.0,0.0
128,8,0.05,near_tie,0.0,moderate,p08_b128_rhop0d00_moderate_near_tie,1703608550,8000,0.30249999999999994,True,0.125,0.125,0.0,0.12502967020290348,0.12450616584852801,0.0005235043543754675,0.000985218109699826,-0.0014075231406361914,0.0024545318493871264,0.004187040992157276,,0.00418803483500374,0,1,False,0.12218552748864642,0.12167491614610332,-0.00015341589983314252,0.0013409484775467329,0.02764882205180205,0.026865279437105306,0.66025,0.649375,0.33975,0.350625,0.0,0.0
128,8,0.5,separated,0.0,moderate,p08_b128_rhop0d00_moderate_separated,2989939929,8000,1.0,True,0.125,0.125,0.0,0.12445395756817129,0.12444459261118439,9.364956986904205e-06,0.0009928264228614722,-0.0019365748318215814,0.0019553047457953896,7.524836630268261e-05,,7.491965589523364e-05,0,1,False,0.1257609105386197,0.12475244154143827,0.0028766298376110555,-0.0012555038983569355,0.07039288502852209,0.0695496829128777,0.999875,1.0,0.00775,0.007375,0.0,0.0
128,8,0.05,near_tie,0.25,null,p08_b128_rhop0d25_null_near_tie,1638123238,8000,0.0,False,0.125,0.09375,0.03125,0.12442155489460924,0.09383494666683226,0.03058660822777698,0.0008715316664817238,0.0288784061614728,0.032294810294081155,0.24583046123869168,0.02122853671113667,,1,1,True,0.09383494666683226,0.12442155489460924,-0.0006710486505717305,-0.00011363529216876312,0.004390085644403083,0.007763094392591526,0.3885,0.46275,0.542375,0.581625,0.0,0.0
128,8,0.5,separated,0.25,null,p08_b128_rhop0d25_null_separated,3341177551,8000,0.0,False,0.125,0.09375,0.03125,0.1245028262163074,0.09289016374581455,0.03161266247049285,0.0008717698128460232,0.029903993637314646,0.033321331303671056,0.2539112037149259,0.011605199055771287,,1,1,True,0.09289016374581455,0.1245028262163074,-0.00017192121987486371,-0.00025309342722217324,0.004439816194924938,0.007738843576537352,0.0,0.0,0.0,0.0,0.0,0.0
128,8,0.05,near_tie,0.25,weak,p08_b128_rhop0d25_weak_near_tie,451156437,8000,0.009999999999999995,True,0.125,0.09375,0.03125,0.12395411817687799,0.09412156258808103,0.029832555588796952,0.0008795613654581712,0.028108615312498936,0.031556495865094965,0.24067417870075913,0.045358221158497525,,1,1,True,0.09416546502645756,0.12361390796467818,-0.0004734348702851946,0.00035941068084927377,0.00492571165682336,0.008140074246092794,0.488375,0.553,0.60075,0.568,0.0,0.0
128,8,0.5,separated,0.25,weak,p08_b128_rhop0d25_weak_separated,3309250726,8000,0.30250000000000005,True,0.125,0.09375,0.03125,0.1249054828762089,0.09472771396705372,0.030177768909155175,0.0008762788546606738,0.028460262354020254,0.03189527546429009,0.24160483762801432,0.03431139490703439,,1,1,True,0.09256155468690946,0.1230568574224068,-0.0014719962127580088,-0.0006399100164174443,0.018142353653197107,0.026566720068411185,0.6465,0.66325,0.3555,0.338625,0.0,0.0
128,8,0.05,near_tie,0.25,moderate,p08_b128_rhop0d25_moderate_near_tie,2536750744,8000,0.30249999999999994,True,0.125,0.09375,0.03125,0.12555237202605915,0.09267920091925952,0.03287317110679963,0.000877820813519843,0.03115264231230074,0.03459369990129852,0.26182835558038364,0.0519414754175882,,1,1,True,0.09273619263413724,0.12698014182401263,-0.0003710546564884565,0.001936504723257071,0.018519264971302577,0.026055413636421637,0.653125,0.65175,0.346875,0.34825,0.0,0.0
128,8,0.5,separated,0.25,moderate,p08_b128_rhop0d25_moderate_separated,1783638878,8000,1.0,True,0.125,0.09375,0.03125,0.12514206411272472,0.0938674785320957,0.03127458558062901,0.0008639589624107517,0.02958122601430394,0.032967945146954086,0.24991265568752064,0.0007867385801283433,,1,1,True,0.09609191100013437,0.12402302193005621,-0.0018225683005789195,-0.0015759147519526229,0.051835135671700554,0.07046580698153525,1.0,1.0,0.007875,0.0075,0.0,0.0
128,8,0.05,near_tie,0.75,null,p08_b128_rhop0d75_null_near_tie,2158651160,8000,0.0,False,0.125,0.03125,0.09375,0.12392583841392549,0.031165240582667276,0.09276059783125822,0.0007073709878390805,0.09137415069509362,0.09414704496742281,0.7485170083855148,0.010553623133245704,,1,1,True,0.031165240582667276,0.1239258384139255,2.724467486880097e-05,0.0015764659463065403,0.000501176078047294,0.007710185461073122,0.201,0.45375,0.438375,0.571625,0.0,0.0
128,8,0.5,separated,0.75,null,p08_b128_rhop0d75_null_separated,513515894,8000,0.0,False,0.125,0.03125,0.09375,0.12478483069492677,0.03110596909449903,0.09367886160042774,0.0007197260564759658,0.09226819852973485,0.09508952467112063,0.7507231534372417,0.0007588095954374671,,1,1,True,0.031105969094499034,0.12478483069492677,-0.0002220295799143609,-0.0001566644126887319,0.0005039789147638729,0.007738314997044528,0.00025,0.0,0.00025,0.0,0.0,0.0
128,8,0.05,near_tie,0.75,weak,p08_b128_rhop0d75_weak_near_tie,2353160629,8000,0.009999999999999995,True,0.125,0.03125,0.09375,0.12529996610899363,0.03128172470820984,0.0940182414007838,0.0007227692095948853,0.09260161374997783,0.09543486905158977,0.7503453059117424,0.002861241608360506,,1,1,True,0.03079531548485699,0.1254487703666936,-0.0001900010083797695,0.0014168972133568603,0.0006526792945066415,0.008237421294818689,0.339375,0.54425,0.6825,0.57175,0.0,0.0
128,8,0.5,separated,0.75,weak,p08_b128_rhop0d75_weak_separated,4014026189,8000,0.30250000000000005,True,0.125,0.03125,0.09375,0.12440932218597266,0.031115483934879888,0.09329383825109278,0.00071767144423879,0.09188720222038475,0.0947004742818008,0.7498942732895284,0.004865725321677061,,1,1,True,0.03171190696004689,0.12478884488358716,0.0007293187787941191,0.001338772207495731,0.005388130004805282,0.02728031937386371,0.657625,0.656875,0.3445,0.345375,0.0,0.0
128,8,0.05,near_tie,0.75,moderate,p08_b128_rhop0d75_moderate_near_tie,1143448739,8000,0.30249999999999994,True,0.125,0.03125,0.09375,0.1261463767486292,0.03135287447700645,0.09479350227162274,0.0007292441902726414,0.09336418365868836,0.09622282088455712,0.7514564010071961,0.011130690897309226,,1,1,True,0.030704509866219476,0.12456552213512107,0.0007805221910867077,0.0023676408137702776,0.005267465465479878,0.02681561963937954,0.64875,0.647,0.35125,0.353,0.0,0.0
128,8,0.5,separated,0.75,moderate,p08_b128_rhop0d75_moderate_separated,391146617,8000,1.0,True,0.125,0.03125,0.09375,0.12372441553263655,0.031297168441184645,0.0924272470914519,0.00071066108438103,0.09103435136606508,0.09382014281683873,0.7470412908685033,0.01410936435784634,,1,1,True,0.03213620124274663,0.12476638591182643,-0.001625503722418764,0.00030130103009406994,0.016227719949757278,0.07030833602675628,0.999875,1.0,0.007625,0.009125,0.0,0.0
16,32,0.05,near_tie,-0.75,null,p32_b016_rhom0d75_null_near_tie,3448967524,8000,0.0,False,4.0,7.0,-3.0,3.9999789908968375,7.001779071446267,-3.001800080549429,0.02247047336283817,-3.045842208340592,-2.9577579527582665,-0.7504539617285324,0.0006000268498097169,,-1,-1,True,7.001779071446267,3.9999789908968375,0.010661050317690308,0.022782859158309927,5.93779494398785,1.963279420230699,0.891375,0.69925,0.917375,0.813125,0.0,0.0
16,32,0.5,separated,-0.75,null,p32_b016_rhom0d75_null_separated,1412769592,8000,0.0,False,4.0,7.0,-3.0,4.013887092588809,6.988218684147281,-2.974331591558472,0.02226268080338483,-3.017966445933106,-2.9306967371838377,-0.7410102783036026,0.00855613614717606,,-1,-1,True,6.988218684147281,4.013887092588809,0.016606112533698626,0.03504373371109245,6.073013313002919,2.0036934658811445,0.391125,0.364,0.391125,0.3685,0.0,0.0
16,32,0.05,near_tie,-0.75,weak,p32_b016_rhom0d75_weak_near_tie,2482125014,8000,0.009999999999999995,True,4.0,7.0,-3.0,4.005610381545404,7.007802270071215,-3.002191888525811,0.022575900724436257,-3.046440653945706,-2.957943123105916,-0.7494967314738024,0.0007306295086036604,,-1,-1,True,7.01000798980794,4.007209421907227,-0.0283636030850736,-0.009765515561786077,6.1529805589835975,1.9735132769805777,0.886875,0.697,0.7165,0.808,0.0,0.0
16,32,0.5,separated,-0.75,weak,p32_b016_rhom0d75_weak_separated,1556933416,8000,0.30250000000000005,True,4.0,7.0,-3.0,3.9995882324942933,6.985846316393503,-2.9862580838992097,0.022354881199587458,-3.030073651050401,-2.9424425167480184,-0.7466413816396462,0.004580638700263447,,-1,-1,True,6.991558378415445,3.9990309809388336,0.01252179565341166,0.00713832218103011,6.378628664203256,2.2214112705438755,0.759,0.675,0.5555,0.62125,0.0,0.0
16,32,0.05,near_tie,-0.75,moderate,p32_b016_rhom0d75_moderate_near_tie,1454425389,8000,0.30249999999999994,True,4.0,7.0,-3.0,3.987724246189853,6.998488947280688,-3.0107647010908347,0.022559403756793557,-3.05498113245415,-2.9665482697275194,-0.7550082491204169,0.0035882336969449056,,-1,-1,True,7.007521865361024,3.984722270504411,-0.019910003558497424,0.013744716201791407,6.484001994021249,2.1790221607645117,0.769375,0.6815,0.595,0.6425,0.0,0.0
16,32,0.5,separated,-0.75,moderate,p32_b016_rhom0d75_moderate_separated,213360141,8000,1.0,True,4.0,7.0,-3.0,3.9980186784628846,7.01638610239025,-3.0183674239273652,0.02268552528621242,-3.0628310534883414,-2.973903794366389,-0.7549658134883539,0.006122474642455078,,-1,-1,True,7.00993899428145,4.002907945681389,-0.04401026674409092,-0.0028324540265153297,6.894869441027118,2.470234434206027,0.963125,0.92625,0.35475,0.41325,0.0,0.0
16,32,0.05,near_tie,-0.25,null,p32_b016_rhom0d25_null_near_tie,3119108775,8000,0.0,False,4.0,5.0,-1.0,4.011181224856307,5.013001774814626,-1.0018205499583193,0.017937533655548555,-1.0369781159231943,-0.9666629839934441,-0.24975699022280096,0.001820549958319262,,-1,-1,True,5.013001774814626,4.011181224856307,-0.007024146861795087,0.010040890554242215,3.0734909861379385,1.9832012762945788,0.764125,0.701,0.847625,0.8195,0.0,0.0
16,32,0.5,separated,-0.25,null,p32_b016_rhom0d25_null_separated,2036863196,8000,0.0,False,4.0,5.0,-1.0,3.998664519080221,4.996946695588016,-0.9982821765077952,0.017940582947478724,-1.0334457190848534,-0.9631186339307368,-0.24965389613065647,0.0017178234922048397,,-1,-1,True,4.996946695588016,3.998664519080221,-0.013031587840462681,0.000916132558537317,3.092861188274197,1.9958041938401037,0.36775,0.3645,0.368875,0.369625,0.0,0.0
16,32,0.05,near_tie,-0.25,weak,p32_b016_rhom0d25_weak_near_tie,817825276,8000,0.009999999999999995,True,4.0,5.0,-1.0,3.9844778031953827,4.983625235459934,-0.9991474322645515,0.017985855139501312,-1.0343997083379741,-0.9638951561911289,-0.25075994436793647,0.0008525677354485062,,-1,-1,True,4.984031592994576,3.9846300930333864,-0.010823185796387946,0.026530257183648535,3.104606574931023,2.00609398598006,0.75625,0.69775,0.7865,0.80725,0.0,0.0
16,32,0.5,separated,-0.25,weak,p32_b016_rhom0d25_weak_separated,2847062082,8000,0.30250000000000005,True,4.0,5.0,-1.0,4.0026966289147285,4.999998025907986,-0.9973013969932571,0.01774568556430251,-1.03208294069929,-0.9625198532872242,-0.24915737800085558,0.00269860300674285,,-1,-1,True,5.001364247998329,4.006810890510509,0.005768718481814095,0.010558333288085031,3.262394402667682,2.13171918857276,0.70375,0.672,0.601375,0.62375,0.0,0.0
16,32,0.05,near_tie,-0.25,moderate,p32_b016_rhom0d25_moderate_near_tie,1703759245,8000,0.30249999999999994,True,4.0,5.0,-1.0,4.002169813296166,5.03936046961639,-1.0371906563202238,0.0178211182403792,-1.072120048071367,-1.0022612645690805,-0.25915708345868493,0.03719065632022378,,-1,-1,True,5.037726200724841,3.997272860512441,-0.02818106151775962,-0.007817113704753686,3.270279175286694,2.1986473001126168,0.719875,0.690375,0.619875,0.643125,0.0,0.0
16,32,0.5,separated,-0.25,moderate,p32_b016_rhom0d25_moderate_separated,822865691,8000,1.0,True,4.0,5.0,-1.0,3.979555158425845,5.006989186445923,-1.0274340280200778,0.01778630528582811,-1.062295186380301,-0.9925728696598547,-0.25817810964240784,0.027434028020077772,,-1,-1,True,5.009503989467536,3.9801582870038166,0.01159677978236684,-0.004607893388953843,3.8153524622336152,2.5253734630075124,0.928,0.921875,0.410125,0.4105,0.0,0.0
16,32,0.05,near_tie,0.0,null,p32_b016_rhop0d00_null_near_tie,4104822173,8000,0.0,False,4.0,4.0,0.0,4.00959788312014,3.995408089116495,0.014189794003645062,0.01567949689361812,-0.016542019907846456,0.04492160791513658,0.003538956877292443,,0.0035474485009112655,0,1,False,3.995408089116495,4.00959788312014,0.013494469042496335,-0.007854942209088374,2.0183841039496517,1.9971186270244765,0.71075,0.69425,0.8235,0.81175,0.0,0.0
16,32,0.5,separated,0.0,null,p32_b016_rhop0d00_null_separated,1218094590,8000,0.0,False,4.0,4.0,0.0,3.9936948540998967,4.013294344829237,-0.01959949072934064,0.015901491801795925,-0.050766414660860654,0.011567433202179372,-0.004907608479205683,,0.00489987268233516,0,-1,False,4.013294344829237,3.9936948540998967,0.015713490529635363,-0.010168981611301683,1.9846439032046383,1.9387310546755565,0.362125,0.36825,0.367375,0.3735,0.0,0.0
16,32,0.05,near_tie,0.0,weak,p32_b016_rhop0d00_weak_near_tie,4130172607,8000,0.009999999999999995,True,4.0,4.0,0.0,3.9919620076696893,3.9785904137568378,0.013371593912851587,0.015738420523409367,-0.017475710313030773,0.04421889813873395,0.0033496295523757214,,0.0033428984782128968,0,1,False,3.9786032155389655,3.9921068659638417,-0.004938200522676065,-0.0020818144428612698,2.055097123966091,2.003628588166473,0.699375,0.69225,0.8025,0.810125,0.0,0.0
16,32,0.5,separated,0.0,weak,p32_b016_rhop0d00_weak_separated,2105808544,8000,0.30250000000000005,True,4.0,4.0,0.0,3.9819200523068274,3.9931281048353497,-0.011208052528522305,0.01584468381731735,-0.042263632810464316,0.019847527753419702,-0.0028147357006902407,,0.0028020131321305763,0,-1,False,3.9909607071161455,3.9805916948070488,-0.014139691416079458,-0.013599037744890463,2.1286451842041068,2.1849937457412736,0.674875,0.67175,0.620625,0.614625,0.0,0.0
16,32,0.05,near_tie,0.0,moderate,p32_b016_rhop0d00_moderate_near_tie,2345534198,8000,0.30249999999999994,True,4.0,4.0,0.0,4.014341212780057,4.009572171061506,0.004769041718550859,0.015776797333535566,-0.02615348105517885,0.03569156449228057,0.0011880010855500611,,0.0011922604296377148,0,1,False,4.003229981543855,4.0200082036763085,0.004935321533244996,0.03323315262326554,2.06864444409568,2.1059330768962816,0.68425,0.692375,0.64625,0.638625,0.0,0.0
16,32,0.5,separated,0.0,moderate,p32_b016_rhop0d00_moderate_separated,3075008387,8000,1.0,True,4.0,4.0,0.0,3.997425668111487,4.004099455576457,-0.006673787464969827,0.015716226239201134,-0.03747759089380405,0.024130015963864396,-0.0016695213417496912,,0.0016684468662424567,0,-1,False,3.9996341603695322,3.9993453055966732,0.008762110553397484,-0.009313395544403913,2.513554779400604,2.426668964510121,0.915625,0.9195,0.42125,0.416125,0.0,0.0
16,32,0.05,near_tie,0.25,null,p32_b016_rhop0d25_null_near_tie,1356954581,8000,0.0,False,4.0,3.0,1.0,4.0055618167771625,2.986025264680467,1.0195365520966955,0.013931127240481901,0.992231542705351,1.04684156148804,0.2545302254046862,0.01953655209669547,,1,1,True,2.9860252646804666,4.0055618167771625,-0.01795527771279722,-0.0036196047305025896,1.1093857483254816,1.9694092843793611,0.63575,0.7065,0.786375,0.822,0.0,0.0
16,32,0.5,separated,0.25,null,p32_b016_rhop0d25_null_separated,2337494705,8000,0.0,False,4.0,3.0,1.0,3.9983110677991425,3.0119823349091286,0.9863287328900139,0.01397015400108721,0.9589472310478829,1.0137102347321447,0.24668634234927989,0.013671267109986118,,1,1,True,3.0119823349091286,3.9983110677991425,-0.007595982149569,0.0111779274635884,1.1055836569722197,1.9682214590806046,0.33875,0.35725,0.350875,0.36225,0.0,0.0
16,32,0.05,near_tie,0.25,weak,p32_b016_rhop0d25_weak_near_tie,1984452563,8000,0.009999999999999995,True,4.0,3.0,1.0,3.997637735845197,3.0069081557995676,0.9907295800456293,0.014048912599425038,0.9631937113507562,1.0182654487405023,0.24782875425708506,0.009270419954370723,,1,1,True,3.005378212543541,3.9972363091889243,0.01105596067452079,-0.011618183356168649,1.1264626125808908,2.0300634524915764,0.624375,0.694875,0.84175,0.812625,0.0,0.0
16,32,0.5,separated,0.25,weak,p32_b016_rhop0d25_weak_separated,1240913296,8000,0.30250000000000005,True,4.0,3.0,1.0,4.005861716296445,2.99265863372117,1.013203082575275,0.013903553647786629,0.9859521174256132,1.0404540477249367,0.25293011949299526,0.013203082575274916,,1,1,True,2.9881011076159845,4.002888003323016,0.00971569932513966,0.025653575218751223,1.2449361852340204,2.1685828826196487,0.64425,0.682625,0.64075,0.614625,0.0,0.0
16,32,0.05,near_tie,0.25,moderate,p32_b016_rhop0d25_moderate_near_tie,1198186566,8000,0.30249999999999994,True,4.0,3.0,1.0,3.9907275643470257,3.004346173345239,0.9863813910017867,0.013870303958802717,0.9591955952425334,1.01356718676104,0.24716831081481783,0.013618608998213322,,1,1,True,3.000676214366313,3.9924002639505507,-0.005600087004872967,-0.02390271060888055,1.2268414269861991,2.098884674512262,0.674125,0.694125,0.646875,0.63175,0.0,0.0
16,32,0.5,separated,0.25,moderate,p32_b016_rhop0d25_moderate_separated,1825758186,8000,1.0,True,4.0,3.0,1.0,4.007219883770228,2.9891752439653283,1.0180446398048995,0.014033297940222879,0.9905393758420626,1.0455499037677363,0.2540526023860371,0.018044639804899454,,1,1,True,2.973925577698797,4.016104126262483,0.01448964740460501,-0.014708790529158189,1.4988011176276945,2.574621480642855,0.91125,0.924,0.424,0.411125,0.0,0.0
16,32,0.05,near_tie,0.75,null,p32_b016_rhop0d75_null_near_tie,3226271209,8000,0.0,False,4.0,1.0,3.0,3.991754549964562,1.0007828252091775,2.9909717247553846,0.011391445580216654,2.96864449141816,3.0132989580926095,0.7492874843173756,0.0030094250815384527,,1,1,True,1.0007828252091775,3.991754549964562,-0.0068320772879741695,-0.011035515819056641,0.12402773853491733,2.0309530626995955,0.419,0.702125,0.702125,0.821625,0.0,0.0
16,32,0.5,separated,0.75,null,p32_b016_rhop0d75_null_separated,1620372197,8000,0.0,False,4.0,1.0,3.0,4.00674662645211,1.0011116985377126,3.0056349279143975,0.011416939423915919,2.9832577266435223,3.0280121291852726,0.7501434974878419,0.0018783093047991528,,1,1,True,1.0011116985377126,4.00674662645211,0.00029089091897294096,0.019616222144429592,0.12487965525736357,2.0026166868893274,0.235625,0.357375,0.297125,0.3625,0.0,0.0
16,32,0.05,near_tie,0.75,weak,p32_b016_rhop0d75_weak_near_tie,2960550748,8000,0.009999999999999995,True,4.0,1.0,3.0,4.009943691335971,0.9981866143869019,3.0117570769490696,0.011475963381600162,2.9892641887211333,3.034249965177006,0.7510721618002717,0.00391902564968986,,1,1,True,0.9973440587581537,4.012140011477305,-0.006370760026315887,0.0028456497527616243,0.12668697874488014,2.0078638907475392,0.414375,0.696875,0.894625,0.80525,0.0,0.0
16,32,0.5,separated,0.75,weak,p32_b016_rhop0d75_weak_separated,1012747800,8000,0.30250000000000005,True,4.0,1.0,3.0,3.9988984120413,1.0035984067233727,2.995300005317927,0.011618880127245278,2.972527000268526,3.0180730103673277,0.7490312822897969,0.001566664894024387,,1,1,True,1.0036274699856282,4.004638319198355,0.0003437925981871204,-0.01658856956373539,0.16084585583784353,2.157111336599342,0.581875,0.671875,0.660125,0.624375,0.0,0.0
16,32,0.05,near_tie,0.75,moderate,p32_b016_rhop0d75_moderate_near_tie,2995234784,8000,0.30249999999999994,True,4.0,1.0,3.0,4.024485292718633,0.9962252078945785,3.0282600848240544,0.011606455469141339,3.0055114321045373,3.0510087375435715,0.7524589766306227,0.0094200282746848,,1,1,True,0.9946162051205611,4.022480249250275,0.001052678624381742,0.0046000634483579494,0.16229283958795554,2.1323679796071353,0.604875,0.692125,0.68325,0.64325,0.0,0.0
16,32,0.5,separated,0.75,moderate,p32_b016_rhop0d75_moderate_separated,2743893986,8000,1.0,True,4.0,1.0,3.0,3.9972370339683096,0.9982827775467262,2.9989542564215834,0.011709925584116236,2.9760028022767155,3.0219057105664513,0.7502567976171111,0.00034858119280552674,,1,1,True,0.9987154709083708,3.993647807272329,0.004818275026529983,-0.015836306661422217,0.24516505289029375,2.419974449727148,0.904375,0.91475,0.424375,0.404,0.0,0.0
32,32,0.05,near_tie,-0.75,null,p32_b032_rhom0d75_null_near_tie,1098478373,8000,0.0,False,2.0,3.5,-1.5,1.9942970753166422,3.505951985604059,-1.5116549102874166,0.011314937080538025,-1.5338321869652711,-1.489477633609562,-0.7579888317528647,0.007769940191611073,,-1,-1,True,3.505951985604059,1.9942970753166422,0.011866176617291573,0.0024631029575912797,1.5566985496631824,0.4907399588306637,0.787875,0.54,0.828875,0.691,0.0,0.0
32,32,0.5,separated,-0.75,null,p32_b032_rhom0d75_null_separated,933566014,8000,0.0,False,2.0,3.5,-1.5,2.0044087410156353,3.498375444918514,-1.4939667039028786,0.011240439300238677,-1.5159979649313464,-1.4719354428744107,-0.7453403456751464,0.004022197398080962,,-1,-1,True,3.498375444918514,2.0044087410156353,0.016423940199913015,0.0008052007529489666,1.5435619471036361,0.5013843834378878,0.079625,0.075375,0.079625,0.076125,0.0,0.0
32,32,0.05,near_tie,-0.75,weak,p32_b032_rhom0d75_weak_near_tie,807346329,8000,0.009999999999999995,True,2.0,3.5,-1.5,2.000347115592206,3.4936440019065893,-1.4932968863143832,0.011257840547400335,-1.5153622537872877,-1.4712315188414786,-0.7465188789858055,0.004468742457077883,,-1,-1,True,3.4950732667466946,1.9997870999703473,0.024412900700402425,0.0036162645825763787,1.5979817071487246,0.5063880627540029,0.803125,0.5605,0.573125,0.704375,0.0,0.0
32,32,0.5,separated,-0.75,weak,p32_b032_rhom0d75_weak_separated,713790789,8000,0.30250000000000005,True,2.0,3.5,-1.5,1.994282641290695,3.493525189218865,-1.49924254792817,0.011283683033069045,-1.5213585666729852,-1.4771265291833546,-0.7517703443268522,0.0005049680478867261,,-1,-1,True,3.4963048460912174,1.994123978047537,-0.007042737592092008,-0.006427897011034578,1.6676954174042498,0.5586904194335793,0.637,0.6125,0.452375,0.4645,0.0,0.0
32,32,0.05,near_tie,-0.75,moderate,p32_b032_rhom0d75_moderate_near_tie,3541120634,8000,0.30249999999999994,True,2.0,3.5,-1.5,2.004932794897278,3.505255740816235,-1.500322945918957,0.011153939653516888,-1.5221846676398503,-1.478461224198064,-0.748315828708775,0.00021529727930473067,,-1,-1,True,3.502881755999447,2.0045860446667314,-0.009051860886540253,0.0031031548745139026,1.6528496338793743,0.5565780693804389,0.637375,0.61075,0.4625,0.47825,0.0,0.0
32,32,0.5,separated,-0.75,moderate,p32_b032_rhom0d75_moderate_separated,3234119779,8000,1.0,True,2.0,3.5,-1.5,1.9913628994043784,3.4981478822834124,-1.506784982879034,0.011168768622120517,-1.5286757693783903,-1.4848941963796778,-0.7566601664265802,0.004523321919356042,,-1,-1,True,3.504969684130134,2.0032396767583824,0.022329844181908642,0.003616293535727122,1.9717224482664346,0.7349859328935096,0.984625,0.967,0.141625,0.166625,0.0,0.0
32,32,0.05,near_tie,-0.25,null,p32_b032_rhom0d25_null_near_tie,2002298553,8000,0.0,False,2.0,2.5,-0.5,1.9960995051950994,2.485868180097889,-0.48976867490278964,0.008993462048466164,-0.5073958605177833,-0.472141489287796,-0.2453628557234273,0.02046265019442073,,-1,-1,True,2.485868180097889,1.9960995051950996,-0.001433329813533868,-0.0020098424108367765,0.7779626538264304,0.4996696162951464,0.613125,0.54525,0.732625,0.70225,0.0,0.0
32,32,0.5,separated,-0.25,null,p32_b032_rhom0d25_null_separated,1576081014,8000,0.0,False,2.0,2.5,-0.5,1.9991420764875107,2.5005986162589697,-0.501456539771459,0.00893049125258073,-0.5189603026265173,-0.48395277691640076,-0.25083586888057363,0.0029130795429179734,,-1,-1,True,2.5005986162589697,1.999142076487511,0.006894172730032093,0.01757899674586335,0.7963979374653097,0.48787952705841464,0.081375,0.073875,0.081375,0.074375,0.0,0.0
32,32,0.05,near_tie,-0.25,weak,p32_b032_rhom0d25_weak_near_tie,3143265944,8000,0.009999999999999995,True,2.0,2.5,-0.5,2.0004846241703245,2.4948499023216386,-0.49436527815131415,0.008971949046734956,-0.5119502982829147,-0.47678025801971363,-0.24712275824481567,0.011269443697371706,,-1,-1,True,2.4952934101852415,2.000947035312641,-0.005257300664124075,0.015059873235982239,0.7876261108312271,0.5141466826914446,0.633375,0.56675,0.6555,0.693875,0.0,0.0
32,32,0.5,separated,-0.25,weak,p32_b032_rhom0d25_weak_separated,185242954,8000,0.30250000000000005,True,2.0,2.5,-0.5,2.007455496242248,2.4959838287869855,-0.4885283325447376,0.008916669814708825,-0.5060050053815669,-0.4710516597079083,-0.24335699270006872,0.022943334910524804,,-1,-1,True,2.4937212334530945,2.010977263431908,0.00628971708965137,0.023207715517222893,0.900812309029607,0.5890320186082383,0.626125,0.613125,0.457375,0.46725,0.0,0.0
32,32,0.05,near_tie,-0.25,moderate,p32_b032_rhom0d25_moderate_near_tie,341177403,8000,0.30249999999999994,True,2.0,2.5,-0.5,2.0070716373836923,2.5008496608681487,-0.49377802348445643,0.008940379688918735,-0.5113011676747371,-0.4762548792941757,-0.24601913269429598,0.01244395303108714,,-1,-1,True,2.5053471141367076,2.0058139658051735,0.018816177799701517,-0.00012300397805736774,0.8828213886951765,0.5717597154054794,0.627875,0.60275,0.46025,0.487625,0.0,0.0
32,32,0.5,separated,-0.25,moderate,p32_b032_rhom0d25_moderate_separated,4154743020,8000,1.0,True,2.0,2.5,-0.5,2.0053214345649297,2.497051771858866,-0.49173033729393634,0.008934317727921666,-0.5092416000406628,-0.47421907454720985,-0.24521272690660734,0.016539325412127326,,-1,-1,True,2.5033928043702445,2.0042457910459053,0.0038967148273785224,0.001307173540940676,1.0749974577158714,0.7528666223978537,0.971125,0.9685,0.159125,0.169375,0.0,0.0
32,32,0.05,near_tie,0.0,null,p32_b032_rhop0d00_null_near_tie,1277513399,8000,0.0,False,2.0,2.0,0.0,1.998266843916945,2.0016359072539562,-0.0033690633370111467,0.007854578348190928,-0.018764036899465368,0.012025910225443073,-0.0016859927127685914,,0.0016845316685055733,0,-1,False,2.0016359072539562,1.998266843916945,0.0029442871126126187,-0.01801066152856763,0.4962788958872512,0.5150743996740912,0.55175,0.55475,0.700875,0.70475,0.0,0.0
32,32,0.5,separated,0.0,null,p32_b032_rhop0d00_null_separated,2581151772,8000,0.0,False,2.0,2.0,0.0,2.004789854963392,1.9978447664625993,0.006945088500792451,0.007897069740426126,-0.008533168190442756,0.02242334519202766,0.0034642476285472457,,0.0034725442503962256,0,1,False,1.9978447664625993,2.004789854963392,-0.0007451612814579023,0.0036623363159026968,0.4917874392427938,0.5029221367750702,0.078,0.078875,0.07825,0.079,0.0,0.0
32,32,0.05,near_tie,0.0,weak,p32_b032_rhop0d00_weak_near_tie,3452421553,8000,0.009999999999999995,True,2.0,2.0,0.0,1.9973346149486504,2.0003826262306386,-0.003048011281988172,0.007868732289147699,-0.018470726568717663,0.012374704004741317,-0.0015260393822726925,,0.001524005640994086,0,-1,False,2.0006481610554148,1.997989933316062,0.002070272575505183,0.004945319654754211,0.5025498335403231,0.5118203611740546,0.56,0.56325,0.70075,0.692,0.0,0.0
32,32,0.5,separated,0.0,weak,p32_b032_rhop0d00_weak_separated,3256430695,8000,0.30250000000000005,True,2.0,2.0,0.0,2.0006158200960305,1.9967132208506968,0.003902599245333649,0.007900561776290982,-0.011582501836196675,0.019387700326863974,0.001950698982849386,,0.0019512996226668244,0,1,False,1.9962025268543548,2.008097580055642,0.001736810383997811,-0.008845499855196559,0.5673827106643633,0.5735909242829419,0.598375,0.609,0.48325,0.467625,0.0,0.0
32,32,0.05,near_tie,0.0,moderate,p32_b032_rhop0d00_moderate_near_tie,3967401306,8000,0.30249999999999994,True,2.0,2.0,0.0,2.001205003866586,1.9991248715059806,0.0020801323606052247,0.007873418139429485,-0.013351767192676566,0.017512031913887015,0.001039439915743845,,0.0010400661803026123,0,1,False,1.9981802602337162,1.998306261128423,0.01086774126681661,-0.0012530650229096718,0.581748901137089,0.5789982996322566,0.618125,0.612125,0.474375,0.47675,0.0,0.0
32,32,0.5,separated,0.0,moderate,p32_b032_rhop0d00_moderate_separated,1023227663,8000,1.0,True,2.0,2.0,0.0,1.9993010041853372,1.9900623454541702,0.009238658731167027,0.007925798152901037,-0.006295905648519005,0.02477322311085306,0.004620944375972824,,0.004619329365583513,0,1,False,1.980720901697651,1.9933152402005625,-0.013461074285329166,-0.0010281380546808272,0.7348453794329182,0.7567910012594862,0.96975,0.970125,0.1655,0.158625,0.0,0.0
32,32,0.05,near_tie,0.25,null,p32_b032_rhop0d25_null_near_tie,3001975681,8000,0.0,False,2.0,1.5,0.5,1.9961071740006546,1.5049620892571347,0.4911450847435199,0.00703854566713249,0.47734953523594026,0.5049406342510996,0.24605146013235002,0.017709830512960156,,1,1,True,1.5049620892571347,1.9961071740006546,-0.004061767512387259,0.005170492206663643,0.28044664215387166,0.5180031646833195,0.472,0.54925,0.6655,0.70275,0.0,0.0
32,32,0.5,separated,0.25,null,p32_b032_rhop0d25_null_separated,2771721089,8000,0.0,False,2.0,1.5,0.5,2.0120428826905363,1.499638588208034,0.5124042944825022,0.0070213697298456,0.49864240981200486,0.5261661791529996,0.25466867475374433,0.024808588965004486,,1,1,True,1.499638588208034,2.0120428826905363,0.0005191887094472784,0.002487983290943012,0.2770580271430333,0.5069946237790562,0.072125,0.07725,0.07475,0.077625,0.0,0.0
32,32,0.05,near_tie,0.25,weak,p32_b032_rhop0d25_weak_near_tie,888098158,8000,0.009999999999999995,True,2.0,1.5,0.5,1.9928605621561755,1.4996689220478088,0.4931916401083667,0.006947494468558401,0.47957455094999224,0.5068087292667411,0.24747925142076077,0.013616719783266618,,1,1,True,1.4984120956234337,1.9929781789157166,0.007733683837865546,-0.010725348427461987,0.2765395472321927,0.5125743214285974,0.48225,0.559375,0.742375,0.70125,0.0,0.0
32,32,0.5,separated,0.25,weak,p32_b032_rhop0d25_weak_separated,481182781,8000,0.30250000000000005,True,2.0,1.5,0.5,1.9940629804793648,1.489161000259186,0.5049019802201788,0.0069768638957668485,0.4912273269844758,0.5185766334558819,0.2532026245724708,0.009803960440357695,,1,1,True,1.485489122566608,1.9949539164266932,0.004719116459250106,-0.013534556956919797,0.3363303907729524,0.5765171731373089,0.594625,0.59825,0.48325,0.481375,0.0,0.0
32,32,0.05,near_tie,0.25,moderate,p32_b032_rhop0d25_moderate_near_tie,4290201127,8000,0.30249999999999994,True,2.0,1.5,0.5,1.9958987792273533,1.5018231855472315,0.49407559368012177,0.0069811316388838935,0.4803925756679093,0.5077586116923342,0.24754541604128188,0.011848812639756456,,1,1,True,1.5013272760035161,1.9940599776074743,-0.021907524321137517,-0.007044565295638849,0.3333829142381767,0.5769783724636065,0.596125,0.620125,0.489,0.472875,0.0,0.0
32,32,0.5,separated,0.25,moderate,p32_b032_rhop0d25_moderate_separated,4179645696,8000,1.0,True,2.0,1.5,0.5,2.0093251690562126,1.4994019057054844,0.5099232633507282,0.0069301866807724806,0.49634009745641416,0.5235064292450423,0.2537783685804529,0.01984652670145648,,1,1,True,1.4974679048570705,2.0137732643401978,-0.008255962342468504,-0.017305939466618625,0.46816836450843546,0.7593158977673101,0.962625,0.965625,0.173375,0.164625,0.0,0.0
32,32,0.05,near_tie,0.75,null,p32_b032_rhop0d75_null_near_tie,3276566664,8000,0.0,False,2.0,0.5,1.5,2.004010563117481,0.5005865321902447,1.5034240309272364,0.005746052831073519,1.4921617673783323,1.5146862944761406,0.7502076379220668,0.0022826872848242807,,1,1,True,0.5005865321902447,2.004010563117481,-0.0035271021072105606,-0.014268880093696359,0.031470720009808495,0.5119212585933982,0.287375,0.55275,0.579125,0.69925,0.0,0.0
32,32,0.5,separated,0.75,null,p32_b032_rhop0d75_null_separated,1508223225,8000,0.0,False,2.0,0.5,1.5,1.9921335440592063,0.49957367990890195,1.4925598641503044,0.0056966774387329526,1.4813943763703878,1.503725351930221,0.7492268119279986,0.004960090566463737,,1,1,True,0.49957367990890195,1.992133544059206,-0.0012020626899612932,0.005607400294720238,0.03115576093038005,0.5037802396327555,0.057375,0.074125,0.068625,0.074625,0.0,0.0
32,32,0.05,near_tie,0.75,weak,p32_b032_rhop0d75_weak_near_tie,2225092992,8000,0.009999999999999995,True,2.0,0.5,1.5,1.9930046891199729,0.49801367627792875,1.494991012842044,0.005715764697297086,1.4837881140353417,1.5061939116487464,0.7501191647984378,0.003339324771970631,,1,1,True,0.4981662583063471,1.993420172209795,0.003167536118692008,-0.005269807314357318,0.031812891790312166,0.5145438205521697,0.310875,0.565125,0.812125,0.6965,0.0,0.0
32,32,0.5,separated,0.75,weak,p32_b032_rhop0d75_weak_separated,729362970,8000,0.30250000000000005,True,2.0,0.5,1.5,1.9981934556146885,0.5004331964269104,1.497760259187778,0.005747354465732692,1.486495444434942,1.5090250739406141,0.7495571837547801,0.0014931605414812605,,1,1,True,0.5018529852160487,2.0014264261375208,0.0027030989516752535,0.002975147455893501,0.05032660095251751,0.5689891015329579,0.5865,0.606125,0.48375,0.474625,0.0,0.0
32,32,0.05,near_tie,0.75,moderate,p32_b032_rhop0d75_moderate_near_tie,20451329,8000,0.30249999999999994,True,2.0,0.5,1.5,2.0007485538274783,0.49970519284222165,1.5010433609852567,0.005749525499493943,1.4897742910062486,1.5123124309642648,0.7502408826505089,0.0006955739901711352,,1,1,True,0.4964694699914253,2.001305661913963,-0.0029261498127908236,0.004767141865418767,0.0498404158746862,0.5783622586721263,0.582875,0.613125,0.50175,0.477875,0.0,0.0
32,32,0.5,separated,0.75,moderate,p32_b032_rhop0d75_moderate_separated,2677820851,8000,1.0,True,2.0,0.5,1.5,2.0033355946892826,0.4988753246105363,1.5044602700787464,0.005754408288966306,1.4931816298323723,1.5157389103251204,0.7509776564979809,0.0029735133858309246,,1,1,True,0.5031597511241561,2.0000397842888993,0.003549455088014186,0.014175725887807245,0.09316068505333772,0.7560345887982823,0.968875,0.96675,0.160125,0.161,0.0,0.0
64,32,0.05,near_tie,-0.75,null,p32_b064_rhom0d75_null_near_tie,3084405917,8000,0.0,False,1.0,1.75,-0.75,1.0008911729610317,1.747275891828895,-0.7463847188678634,0.005602324058920552,-0.7573652740233476,-0.7354041637123792,-0.7457201532308078,0.004820374842848807,,-1,-1,True,1.747275891828895,1.0008911729610317,0.003688076683823984,-0.007983659644883989,0.37761249555851817,0.1228858575581807,0.71525,0.479625,0.745875,0.630125,0.0,0.0
64,32,0.5,separated,-0.75,null,p32_b064_rhom0d75_null_separated,3581518888,8000,0.0,False,1.0,1.75,-0.75,1.0038410775221511,1.745684379377251,-0.7418433018550998,0.005643097225387592,-0.7529037724168595,-0.7307828312933402,-0.7390047274078899,0.010875597526533554,,-1,-1,True,1.745684379377251,1.0038410775221511,0.002273589511186537,0.001767717915541453,0.38294391302227926,0.12488804451638376,0.004125,0.00575,0.004125,0.00575,0.0,0.0
64,32,0.05,near_tie,-0.75,weak,p32_b064_rhom0d75_weak_near_tie,3835144826,8000,0.009999999999999995,True,1.0,1.75,-0.75,1.001785471466049,1.7504221852664414,-0.7486367138003924,0.005656341242531339,-0.7597231426357538,-0.737550284965031,-0.7473024266411155,0.0018177149328100957,,-1,-1,True,1.750427964100305,1.001488871955353,-0.008121110412521518,0.004319010907015853,0.3832518709190206,0.12320051448556231,0.782,0.53075,0.5095,0.635875,0.0,0.0
64,32,0.5,separated,-0.75,weak,p32_b064_rhom0d75_weak_separated,2881523037,8000,0.30250000000000005,True,1.0,1.75,-0.75,1.0002888291208387,1.7497694913268915,-0.7494806622060528,0.005634886448001262,-0.7605250396441353,-0.7384362847679703,-0.7492642528706204,0.0006924503919295925,,-1,-1,True,1.7453001252421758,1.0004327342802195,0.0017223009523114619,0.005715294253508751,0.4365759526281598,0.15650638083705012,0.61975,0.619,0.397125,0.395,0.0,0.0
64,32,0.05,near_tie,-0.75,moderate,p32_b064_rhom0d75_moderate_near_tie,3356236665,8000,0.30249999999999994,True,1.0,1.75,-0.75,0.9988077605847137,1.7455988845637622,-0.7467911239790486,0.005642312111125151,-0.7578500557168538,-0.7357321922412433,-0.7476825405740424,0.004278501361268579,,-1,-1,True,1.7457242784286893,1.0017048682093321,-0.005071343051067212,-0.008863164721274353,0.46097073999626126,0.1643067665590009,0.61425,0.620125,0.396375,0.3895,0.0,0.0
64,32,0.5,separated,-0.75,moderate,p32_b064_rhom0d75_moderate_separated,741257123,8000,1.0,True,1.0,1.75,-0.75,0.9973672027833075,1.7453116798280535,-0.747944477044746,0.005673417943437301,-0.7590643762138831,-0.7368245778756088,-0.7499188613356156,0.002740697273672025,,-1,-1,True,1.738894099973804,0.9937803567458761,-0.005809902733218908,2.9718947598178502e-05,0.5893410366872804,0.2535019772795475,0.998,0.9965,0.0505,0.0495,0.0,0.0
64,32,0.05,near_tie,-0.25,null,p32_b064_rhom0d25_null_near_tie,3253151606,8000,0.0,False,1.0,1.25,-0.25,0.995924546563889,1.2495969272921157,-0.25367238072822673,0.004446735396303956,-0.2623879821049825,-0.24495677935147098,-0.25471044127131925,0.014689522912906927,,-1,-1,True,1.2495969272921157,0.995924546563889,0.0016890786121302056,0.0005159745994641911,0.19474115008579673,0.12812630744168405,0.5465,0.480125,0.66025,0.633125,0.0,0.0
64,32,0.5,separated,-0.25,null,p32_b064_rhom0d25_null_separated,3455820812,8000,0.0,False,1.0,1.25,-0.25,1.0033435046214163,1.239703711753812,-0.2363602071323958,0.004435846492489925,-0.24505446625767605,-0.22766594800711557,-0.2355725691587347,0.05455917147041678,,-1,-1,True,1.239703711753812,1.0033435046214163,0.0025440902451005095,-0.001478012144129396,0.20064698482473142,0.12648939885073987,0.005125,0.007,0.005125,0.007,0.0,0.0
64,32,0.05,near_tie,-0.25,weak,p32_b064_rhom0d25_weak_near_tie,372315275,8000,0.009999999999999995,True,1.0,1.25,-0.25,1.008085050635848,1.2496897397202003,-0.24160468908435218,0.004516205692852227,-0.25045645224234253,-0.23275292592636182,-0.23966696950020272,0.0335812436625913,,-1,-1,True,1.2492016571598041,1.0075301131360404,0.001065337126065569,0.00041005153942076135,0.19723853810865677,0.12367993672186484,0.597375,0.52625,0.60175,0.634625,0.0,0.0
64,32,0.5,separated,-0.25,weak,p32_b064_rhom0d25_weak_separated,3686785952,8000,0.30250000000000005,True,1.0,1.25,-0.25,1.0031549223323792,1.244594732676712,-0.2414398103443327,0.004468722729373297,-0.2501985068939044,-0.23268111379476106,-0.24068048211633597,0.034240758622669176,,-1,-1,True,1.2450650161942727,1.0051755078746705,-0.008086479712236416,-0.003342612681607793,0.23655445081576892,0.16810389980098384,0.62675,0.611625,0.389625,0.406875,0.0,0.0
64,32,0.05,near_tie,-0.25,moderate,p32_b064_rhom0d25_moderate_near_tie,2403469027,8000,0.30249999999999994,True,1.0,1.25,-0.25,0.9960857269211665,1.2490163956169904,-0.2529306686958239,0.004447816662443518,-0.2616483893542132,-0.24421294803743462,-0.2539245989174199,0.011722674783295695,,-1,-1,True,1.2500144038275307,0.9945628521188854,0.007123722163643653,-0.001421465973771685,0.2417137659657328,0.1620563393853884,0.6075,0.61475,0.403625,0.395625,0.0,0.0
64,32,0.5,separated,-0.25,moderate,p32_b064_rhom0d25_moderate_separated,3741989046,8000,1.0,True,1.0,1.25,-0.25,1.0071863417949978,1.2461880201350086,-0.23900167834001085,0.004530920413213481,-0.24788228234990928,-0.23012107433011242,-0.23729638540775322,0.04399328663995661,,-1,-1,True,1.2500187012401769,1.0077073397582295,-0.0022739848806418994,-0.0033271787182548307,0.35236190728226685,0.24931915471732424,0.9965,0.9965,0.045125,0.048875,0.0,0.0
64,32,0.05,near_tie,0.0,null,p32_b064_rhop0d00_null_near_tie,1308973175,8000,0.0,False,1.0,1.0,0.0,1.0022363757608508,1.001327662979248,0.0009087127816027607,0.003983073929601209,-0.0068981121204156086,0.00871553768362113,0.0009066850930379289,,0.0009087127816027607,0,1,False,1.001327662979248,1.0022363757608508,0.0007145167303485531,-0.005068637406521059,0.12505720930885894,0.1233957615958451,0.487,0.4825,0.628375,0.626125,0.0,0.0
64,32,0.5,separated,0.0,null,p32_b064_rhop0d00_null_separated,4021695645,8000,0.0,False,1.0,1.0,0.0,0.9980413269263756,0.9969836860852107,0.0010576408411648863,0.003945123016262669,-0.006674800270709945,0.008790081953039718,0.0010597164792985891,,0.0010576408411648863,0,1,False,0.9969836860852106,0.9980413269263756,0.0011499763560429929,0.00040043311312470785,0.12396104016489451,0.12041456497863498,0.006375,0.0055,0.006375,0.005625,0.0,0.0
64,32,0.05,near_tie,0.0,weak,p32_b064_rhop0d00_weak_near_tie,45178945,8000,0.009999999999999995,True,1.0,1.0,0.0,1.00154423953188,1.0069711094619396,-0.005426869930059475,0.003977777323938635,-0.0132233134849792,0.0023695736248602493,-0.005418502464350494,,0.005426869930059475,0,-1,False,1.0075186653905517,1.0018414537327789,0.0024578971763404896,0.005288827687728436,0.12591299137673165,0.12403672624412976,0.533125,0.5235,0.622875,0.628625,0.0,0.0
64,32,0.5,separated,0.0,weak,p32_b064_rhop0d00_weak_separated,4046233135,8000,0.30250000000000005,True,1.0,1.0,0.0,0.9989224171166335,1.0022956161813168,-0.003373199064683252,0.003967576275572665,-0.011149648564805676,0.004403250435439171,-0.003376837887390627,,0.003373199064683252,0,-1,False,1.002081353018989,1.0033759839177687,0.006553653806566584,-0.0034120676670829075,0.16247638368836356,0.1635759294673295,0.618,0.61975,0.401,0.395875,0.0,0.0
64,32,0.05,near_tie,0.0,moderate,p32_b064_rhop0d00_moderate_near_tie,640124026,8000,0.30249999999999994,True,1.0,1.0,0.0,0.9960501237402097,1.0012220232433158,-0.005171899503106037,0.003972573034303993,-0.012958142650341863,0.0026143436441297893,-0.005192408875655197,,0.005171899503106037,0,-1,False,1.0031775892435257,0.9955578177121156,0.0032906533427051188,0.00033151562607186547,0.16167981751624383,0.15892932195554527,0.616125,0.6155,0.393125,0.394,0.0,0.0
64,32,0.5,separated,0.0,moderate,p32_b064_rhop0d00_moderate_separated,214807803,8000,1.0,True,1.0,1.0,0.0,1.0014980457099505,0.9981457029149132,0.0033523427950372664,0.003930066633108089,-0.004350587805854587,0.01105527339592912,0.0033473283441715074,,0.0033523427950372664,0,1,False,0.9952375753208798,1.0058385523781386,0.006952501701107616,0.006279754746146393,0.25439718091702135,0.2479976629383906,0.997625,0.9965,0.046,0.04575,0.0,0.0
64,32,0.05,near_tie,0.25,null,p32_b064_rhop0d25_null_near_tie,3472472390,8000,0.0,False,1.0,0.75,0.25,0.9991512050515308,0.746630701005265,0.2525205040462658,0.003487899818388597,0.24568422040222415,0.25935678769030746,0.2527350242581574,0.010082016185063214,,1,1,True,0.746630701005265,0.9991512050515308,-0.0015333114332460767,-0.0010933815620335881,0.07159764303281625,0.12670676322584054,0.4055,0.483625,0.586875,0.630125,0.0,0.0
64,32,0.5,separated,0.25,null,p32_b064_rhop0d25_null_separated,2533264549,8000,0.0,False,1.0,0.75,0.25,0.9996770956119638,0.7497208392715552,0.24995625634040863,0.003504448367678331,0.2430875375397591,0.2568249751410582,0.25003699438306626,0.000174974638365466,,1,1,True,0.7497208392715552,0.9996770956119638,0.0006390607367653612,0.0018636527476048124,0.06925506744443952,0.12655124742048535,0.00575,0.0055,0.00575,0.0055,0.0,0.0
64,32,0.05,near_tie,0.25,weak,p32_b064_rhop0d25_weak_near_tie,1243374889,8000,0.009999999999999995,True,1.0,0.75,0.25,1.001999026135712,0.7468904488594527,0.25510857727625924,0.003477101343207875,0.2482934586435718,0.26192369590894665,0.2545996259698031,0.020434309105036963,,1,1,True,0.7465366771642645,1.0021848560851678,0.0003197791861132594,-0.0002488150516206083,0.07114737213344832,0.12307066968897866,0.462375,0.520625,0.665125,0.639125,0.0,0.0
64,32,0.5,separated,0.25,weak,p32_b064_rhop0d25_weak_separated,1082534109,8000,0.30250000000000005,True,1.0,0.75,0.25,0.9988073261675342,0.7511064254541853,0.24770090071334894,0.0034936232145692425,0.24085339921279322,0.2545484022139047,0.24799667986396112,0.009196397146604252,,1,1,True,0.749965619061808,0.9965288772468646,-0.006345465921715976,-0.0006166338772858881,0.09907953109748056,0.16302393028032564,0.611375,0.62325,0.404875,0.3935,0.0,0.0
64,32,0.05,near_tie,0.25,moderate,p32_b064_rhop0d25_moderate_near_tie,4066227603,8000,0.30249999999999994,True,1.0,0.75,0.25,0.9988144324601597,0.7494679760190164,0.24934645644114328,0.0034764835649104277,0.24253254865391885,0.25616036422836774,0.24964242439607431,0.0026141742354268693,,1,1,True,0.7505131486107426,1.0008710025884762,-0.003484986743652274,-0.005961828794602775,0.09544244393292066,0.1609887054626004,0.61875,0.61325,0.39075,0.3975,0.0,0.0
64,32,0.5,separated,0.25,moderate,p32_b064_rhop0d25_moderate_separated,954679244,8000,1.0,True,1.0,0.75,0.25,0.9967653115411138,0.7484681888054213,0.2482971227356925,0.0034964478680839404,0.24144408491424796,0.255150160557137,0.24910289298871824,0.006811509057230047,,1,1,True,0.7503970225775347,0.9981794716533974,-0.0024208251475382747,-0.003300912905534248,0.16019515259995354,0.24914055536621252,0.99675,0.996375,0.049375,0.04875,0.0,0.0
64,32,0.05,near_tie,0.75,null,p32_b064_rhop0d75_null_near_tie,2744538954,8000,0.0,False,1.0,0.25,0.75,1.003591965163655,0.25107995946194556,0.7525120057017094,0.0029094597041604124,0.746809464681555,0.7582145467218638,0.7498186831129101,0.003349340935612529,,1,1,True,0.25107995946194556,1.003591965163655,0.0005308684594322184,0.0035154126983894507,0.007746171660487626,0.12036782529683185,0.221125,0.481625,0.503375,0.627625,0.0,0.0
64,32,0.5,separated,0.75,null,p32_b064_rhop0d75_null_separated,3356157109,8000,0.0,False,1.0,0.25,0.75,0.9990758220349177,0.2501919458385936,0.7488838761963241,0.0028964835657963824,0.7432067684073632,0.754560983985285,0.7495766183901812,0.00148816507156783,,1,1,True,0.2501919458385936,0.9990758220349177,0.0007931458358325849,0.001729028491631562,0.007882180088854536,0.12840729056468977,0.004,0.00525,0.0045,0.00525,0.0,0.0
64,32,0.05,near_tie,0.75,weak,p32_b064_rhop0d75_weak_near_tie,403165946,8000,0.009999999999999995,True,1.0,0.25,0.75,0.9972060750497114,0.24981722636062062,0.7473888486890907,0.002847925832309027,0.741806914057765,0.7529707833204164,0.7494828475165807,0.003481535081212369,,1,1,True,0.2498542512054785,0.9974298669126582,0.0008597630914027998,0.0032177756765575886,0.007880781288166695,0.12662184031702597,0.295625,0.5265,0.74575,0.628625,0.0,0.0
64,32,0.5,separated,0.75,weak,p32_b064_rhop0d75_weak_separated,1989707416,8000,0.30250000000000005,True,1.0,0.25,0.75,1.0024867893112457,0.24943602763652006,0.7530507616747256,0.002886810077991671,0.747392613921862,0.7587089094275893,0.7511827284947126,0.0040676822329674955,,1,1,True,0.24985366617881505,1.0019328131559615,0.00020381918395728782,0.005834097271509853,0.016805068712508878,0.16700982007933607,0.615875,0.616,0.39975,0.400125,0.0,0.0
64,32,0.05,near_tie,0.75,moderate,p32_b064_rhop0d75_moderate_near_tie,818134544,8000,0.30249999999999994,True,1.0,0.25,0.75,0.9994301428036159,0.24999159886723402,0.7494385439363819,0.002832726712956055,0.7438863995789881,0.7549906882937757,0.7498658603932498,0.0007486080848241686,,1,1,True,0.2499584606396778,1.0038925699841483,-0.0010898667658569283,-0.004779081915187056,0.016610474127927925,0.15919094651889737,0.608125,0.621875,0.399375,0.388375,0.0,0.0
64,32,0.5,separated,0.75,moderate,p32_b064_rhop0d75_moderate_separated,613605315,8000,1.0,True,1.0,0.25,0.75,0.9972823841535329,0.2511179400620859,0.746164444091447,0.0028886971720472605,0.7405025976342343,0.7518262905486597,0.7481977581753555,0.005114074544737335,,1,1,True,0.25183551780065083,0.9907148500138905,-0.0012472050986940264,0.0004510496493068672,0.0393501490827814,0.2528906325974456,0.99575,0.997,0.048875,0.045,0.0,0.0
128,32,0.05,near_tie,-0.75,null,p32_b128_rhom0d75_null_near_tie,1373664084,8000,0.0,False,0.5,0.875,-0.375,0.5008187416681934,0.8710449185677687,-0.37022617689957527,0.002823224540089775,-0.3757596969981512,-0.3646926568009993,-0.7392418575758106,0.012730194934465958,,-1,-1,True,0.8710449185677688,0.5008187416681934,-0.0011099059851364462,0.0034040910900094354,0.09636107388624905,0.03137198886817665,0.65775,0.456375,0.6785,0.56875,0.0,0.0
128,32,0.5,separated,-0.75,null,p32_b128_rhom0d75_null_separated,652076150,8000,0.0,False,0.5,0.875,-0.375,0.5029530241294221,0.8725435878452398,-0.36959056371581767,0.0028359310603830496,-0.37514898859416845,-0.3640321388374669,-0.7348411203124867,0.014425163424486223,,-1,-1,True,0.8725435878452398,0.5029530241294221,-8.692798425620607e-05,-0.001292869862708438,0.09661728774319055,0.031318876458600015,0.000375,0.0,0.000375,0.0,0.0,0.0
128,32,0.05,near_tie,-0.75,weak,p32_b128_rhom0d75_weak_near_tie,3859157360,8000,0.009999999999999995,True,0.5,0.875,-0.375,0.5020575144763857,0.8718724999153831,-0.3698149854389974,0.00280877887619845,-0.37532019203634637,-0.3643097788416484,-0.736598845302995,0.013826705496006989,,-1,-1,True,0.8716612693212505,0.5024759756456387,-0.004891770568381464,-0.0006852114169943104,0.09737754138076561,0.03104742984336577,0.788,0.554,0.456875,0.562125,0.0,0.0
128,32,0.5,separated,-0.75,weak,p32_b128_rhom0d75_weak_separated,3384964096,8000,0.30250000000000005,True,0.5,0.875,-0.375,0.49969859147193757,0.8776546179352527,-0.3779560264633151,0.0028207785278571086,-0.383484752377915,-0.3724273005487152,-0.7563680044604262,0.007882737235506957,,-1,-1,True,0.8776964874459647,0.4992901698969375,-0.0006063765531323928,-0.003936053592574873,0.1268107953326046,0.050340421721530366,0.65175,0.657375,0.35025,0.344,0.0,0.0
128,32,0.05,near_tie,-0.75,moderate,p32_b128_rhom0d75_moderate_near_tie,217236993,8000,0.30249999999999994,True,0.5,0.875,-0.375,0.49946991451558814,0.8777829985749165,-0.37831308405932834,0.0028372981774747053,-0.38387418848717875,-0.37275197963147794,-0.757429172538322,0.008834890824875577,,-1,-1,True,0.8833334891839753,0.4972096112419208,-0.002265557014116626,0.0013481381222451017,0.1278575968843362,0.05084399405017226,0.660875,0.65975,0.33925,0.340375,0.0,0.0
128,32,0.5,separated,-0.75,moderate,p32_b128_rhom0d75_moderate_separated,3971770226,8000,1.0,True,0.5,0.875,-0.375,0.4993613082947701,0.8723078805413848,-0.37294657224661465,0.0028343213020957984,-0.3785018419987224,-0.3673913024945069,-0.7468471546587394,0.005475807342360935,,-1,-1,True,0.8727111757924002,0.49949396414526936,-0.006183653110757414,0.0012406871735459735,0.2085374587782401,0.09585293425687769,1.0,1.0,0.00775,0.00675,0.0,0.0
128,32,0.05,near_tie,-0.25,null,p32_b128_rhom0d25_null_near_tie,2167244853,8000,0.0,False,0.5,0.625,-0.125,0.5014647948257609,0.6238308529941494,-0.12236605816838853,0.0022210707691822694,-0.12671935687598576,-0.11801275946079127,-0.24401724593828344,0.0210715346528918,,-1,-1,True,0.6238308529941494,0.5014647948257609,-0.0008801676765658927,-0.000555793489894979,0.04967233244394025,0.03068104654923461,0.526875,0.4555,0.608125,0.570875,0.0,0.0
128,32,0.5,separated,-0.25,null,p32_b128_rhom0d25_null_separated,2355093551,8000,0.0,False,0.5,0.625,-0.125,0.4995386799908294,0.6255753361803673,-0.1260366561895379,0.0022285932704960124,-0.1304046989997101,-0.12166861337936573,-0.2523061000838849,0.00829324951630328,,-1,-1,True,0.6255753361803674,0.4995386799908294,-0.002141439560710625,0.001103770163780294,0.047727069305697124,0.030142130714216796,0.000125,0.0,0.000125,0.0,0.0,0.0
128,32,0.05,near_tie,-0.25,weak,p32_b128_rhom0d25_weak_near_tie,1450484729,8000,0.009999999999999995,True,0.5,0.625,-0.125,0.5014904049257333,0.627390590722868,-0.1259001857971347,0.0022670742287719814,-0.13034365128552777,-0.1214567203087416,-0.25105203322041536,0.007201486377077515,,-1,-1,True,0.627537072682976,0.5012831311415354,0.0018779123165067139,0.004520103637340289,0.049695069838312025,0.031574009723463345,0.613375,0.54825,0.537,0.5685,0.0,0.0
128,32,0.5,separated,-0.25,weak,p32_b128_rhom0d25_weak_separated,211982235,8000,0.30250000000000005,True,0.5,0.625,-0.125,0.5013883833247832,0.624824898234307,-0.12343651490952379,0.0022572659621872206,-0.12786075619541074,-0.11901227362363684,-0.24618941925019744,0.012507880723809706,,-1,-1,True,0.6262361632336146,0.5031225966114921,0.0009687633161971076,-0.003959535048770391,0.07145494500133191,0.04995763306120747,0.655,0.661,0.347,0.341125,0.0,0.0
128,32,0.05,near_tie,-0.25,moderate,p32_b128_rhom0d25_moderate_near_tie,2820153563,8000,0.30249999999999994,True,0.5,0.625,-0.125,0.5000833576474737,0.6233132179397515,-0.12322986029227778,0.0022584997297766646,-0.12765651976264003,-0.11880320082191552,-0.2464186388285028,0.014161117661777745,,-1,-1,True,0.6211430908147779,0.49864070353849804,-0.0023328114432225044,0.0015000841191296632,0.0725146640956693,0.049793595595789254,0.653,0.660125,0.347,0.34,0.0,0.0
128,32,0.5,separated,-0.25,moderate,p32_b128_rhom0d25_moderate_separated,3527157354,8000,1.0,True,0.5,0.625,-0.125,0.5003668216996456,0.6214983623661422,-0.12113154066649656,0.002215708067688013,-0.12547432847916506,-0.11678875285382806,-0.24208547692078586,0.030947674668027503,,-1,-1,True,0.6173182216739206,0.4995631709616888,0.001517696373703581,0.007037455214883082,0.1272295576684566,0.09393438585594134,0.999875,1.0,0.00775,0.007375,0.0,0.0
128,32,0.05,near_tie,0.0,null,p32_b128_rhop0d00_null_near_tie,193555501,8000,0.0,False,0.5,0.5,0.0,0.4982364658253365,0.5003246440722275,-0.0020881782468910592,0.0019464200079470256,-0.005903161462467229,0.0017268049686851106,-0.00419113892723999,,0.0041763564937821185,0,-1,False,0.5003246440722275,0.4982364658253365,0.00024490795764732905,0.0009012848960294524,0.031134402176644368,0.03196417971131702,0.453,0.445,0.57125,0.567875,0.0,0.0
128,32,0.5,separated,0.0,null,p32_b128_rhop0d00_null_separated,573848384,8000,0.0,False,0.5,0.5,0.0,0.5003576973551025,0.4972257794040428,0.003131917951059715,0.0019458296404169387,-0.0006819081441574847,0.006945744046276915,0.006259357990523684,,0.00626383590211943,0,1,False,0.4972257794040428,0.5003576973551024,-0.0007118277995114104,-0.0017996908774251899,0.031003285993357103,0.03138466668456477,0.000125,0.0,0.000125,0.0,0.0,0.0
128,32,0.05,near_tie,0.0,weak,p32_b128_rhop0d00_weak_near_tie,3244565456,8000,0.009999999999999995,True,0.5,0.5,0.0,0.4990244703740384,0.5008918113422798,-0.001867340968241371,0.0019647148591360472,-0.005718182092148024,0.0019835001556652815,-0.0037419827665801098,,0.003734681936482742,0,-1,False,0.5012751879110238,0.49972412093143126,0.00040824050104418426,-0.0034156055744987432,0.03293070480140473,0.03068114250284288,0.561125,0.544375,0.560375,0.566,0.0,0.0
128,32,0.5,separated,0.0,weak,p32_b128_rhop0d00_weak_separated,3123095436,8000,0.30250000000000005,True,0.5,0.5,0.0,0.5007008307430618,0.5017392445929765,-0.0010384138499146545,0.0019669456969066373,-0.004893627415851663,0.0028167997160223547,-0.002073920764967818,,0.002076827699829309,0,-1,False,0.49990094656526224,0.5017075868913738,-0.0034547158264148226,-0.0018375080828842982,0.05036743972259659,0.05065725482058208,0.66175,0.65125,0.340125,0.350125,0.0,0.0
128,32,0.05,near_tie,0.0,moderate,p32_b128_rhop0d00_moderate_near_tie,3127378951,8000,0.30249999999999994,True,0.5,0.5,0.0,0.5009950142366307,0.5007575149533235,0.0002374992833071854,0.001971141378099328,-0.0036259378177674975,0.004100936384381868,0.0004740551833016804,,0.0004749985666143708,0,1,False,0.5020489612746064,0.5001498472598154,-0.0025492752983137246,0.0008483666536844847,0.05079292139217802,0.05120541072981615,0.6585,0.658125,0.341875,0.342,0.0,0.0
128,32,0.5,separated,0.0,moderate,p32_b128_rhop0d00_moderate_separated,3526487560,8000,1.0,True,0.5,0.5,0.0,0.4987664126588019,0.49750827727436453,0.0012581353844373644,0.0019751154458166878,-0.0026130908893633436,0.005129361658238072,0.0025224942027081143,,0.0025162707688747288,0,1,False,0.4946036063179531,0.4935927383389853,0.004081324255483798,0.004255260681891526,0.09168332658568736,0.090925405638307,0.999875,1.0,0.007375,0.007875,0.0,0.0
128,32,0.05,near_tie,0.25,null,p32_b128_rhop0d25_null_near_tie,866989790,8000,0.0,False,0.5,0.375,0.125,0.5007598246626048,0.3744101976782986,0.12634962698430624,0.00173863162065797,0.12294190900781662,0.12975734496079586,0.25231582239936357,0.010797015874449922,,1,1,True,0.3744101976782986,0.5007598246626048,-0.0018563745859346145,0.0012313096596934896,0.017664471963379797,0.0312708332197838,0.373625,0.448375,0.527125,0.57075,0.0,0.0
128,32,0.5,separated,0.25,null,p32_b128_rhop0d25_null_separated,1224578002,8000,0.0,False,0.5,0.375,0.125,0.4977257577163811,0.37514405076958973,0.12258170694679138,0.0017508413842321658,0.11915005783369634,0.12601335605988642,0.24628363118921015,0.01934634442566896,,1,1,True,0.37514405076958973,0.49772575771638106,0.0013123433441767256,-0.0011701723858402924,0.01791040548971254,0.03148520475335684,0.000125,0.0,0.000125,0.0,0.0,0.0
128,32,0.05,near_tie,0.25,weak,p32_b128_rhop0d25_weak_near_tie,2605063250,8000,0.009999999999999995,True,0.5,0.375,0.125,0.49983914537077817,0.3753223727061689,0.12451677266460925,0.0017669630894190107,0.12105352500934799,0.12798002031987052,0.24911368750889518,0.0038658186831259655,,1,1,True,0.3750137820279833,0.49985293892868476,0.0010974028645142058,0.0022581154321157943,0.01774491938686454,0.03204620367288581,0.476,0.550375,0.60625,0.56875,0.0,0.0
128,32,0.5,separated,0.25,weak,p32_b128_rhop0d25_weak_separated,488225855,8000,0.30250000000000005,True,0.5,0.375,0.125,0.498583599267531,0.3741537998391231,0.12442979942840787,0.0017442296287975667,0.12101110935596464,0.1278484895008511,0.2495665714058939,0.004561604572737021,,1,1,True,0.37552212507779564,0.49782813176884305,0.002212089220800073,-0.0028190828375623256,0.03148694897948083,0.05019383008451642,0.659125,0.663625,0.34325,0.33825,0.0,0.0
128,32,0.05,near_tie,0.25,moderate,p32_b128_rhop0d25_moderate_near_tie,304129140,8000,0.30249999999999994,True,0.5,0.375,0.125,0.5005903565373521,0.3739309480132676,0.12665940852408447,0.001742087480740544,0.123244917061833,0.13007389998633595,0.25302007293988626,0.013275268192675771,,1,1,True,0.37469781975154876,0.4991684610605088,0.0033844828793189174,-0.003529378132792138,0.03231307159408894,0.05124577373858123,0.657,0.66,0.343125,0.340125,0.0,0.0
128,32,0.5,separated,0.25,moderate,p32_b128_rhop0d25_moderate_separated,1808958589,8000,1.0,True,0.5,0.375,0.125,0.5015596935594695,0.37401681504669787,0.12754287851277163,0.0017438050615205768,0.1241250205921913,0.13096073643335196,0.25429252021354654,0.020343028102173033,,1,1,True,0.3726503330885407,0.5038284558528989,0.0013789562384483034,0.0034983589585397823,0.06414509544040765,0.09683864977699819,0.999875,1.0,0.007625,0.007,0.0,0.0
128,32,0.05,near_tie,0.75,null,p32_b128_rhop0d75_null_near_tie,2034823205,8000,0.0,False,0.5,0.125,0.375,0.500708811425564,0.12566951575057952,0.3750392956749845,0.0014609225768519123,0.37217588742435476,0.37790270392561426,0.7490167680636839,0.00010478846662535328,,1,1,True,0.12566951575057952,0.5007088114255641,0.0007263559949179055,-0.000560496726509054,0.0019399973837872127,0.031073580767473245,0.212,0.445875,0.444875,0.57325,0.0,0.0
128,32,0.5,separated,0.75,null,p32_b128_rhop0d75_null_separated,467890716,8000,0.0,False,0.5,0.125,0.375,0.5009256881545826,0.12482479981002201,0.37610088834456057,0.0014388508960385782,0.37328074058832494,0.3789210361007962,0.7508117416180464,0.002935702252161517,,1,1,True,0.12482479981002201,0.5009256881545826,-8.374067982684913e-05,-0.0024965507425493377,0.0019912964663366096,0.031138154343640128,0.0,0.000125,0.0,0.000125,0.0,0.0
128,32,0.05,near_tie,0.75,weak,p32_b128_rhop0d75_weak_near_tie,3073686366,8000,0.009999999999999995,True,0.5,0.125,0.375,0.5004560368417488,0.12498098434563439,0.3754750524961144,0.0014386818458715402,0.37265523607820616,0.37829486891402264,0.7502658072937681,0.001266806656305075,,1,1,True,0.12493847567083106,0.5000436927761541,0.00016874207165134235,-0.0025322556144309,0.0021010771332936047,0.03192313705701166,0.349375,0.554875,0.66975,0.563,0.0,0.0
128,32,0.5,separated,0.75,weak,p32_b128_rhop0d75_weak_separated,4200867883,8000,0.30250000000000005,True,0.5,0.125,0.375,0.49922586951070774,0.1246262743677342,0.37459959514297353,0.0014199496035166457,0.3718164939200809,0.37738269636586613,0.7503609448567226,0.0010677462854039217,,1,1,True,0.12484948433328191,0.4990938620995024,-0.0003569669384584917,-0.003955630717086878,0.006662700352618549,0.049430210992554194,0.657,0.657875,0.344875,0.343625,0.0,0.0
128,32,0.05,near_tie,0.75,moderate,p32_b128_rhop0d75_moderate_near_tie,2039242756,8000,0.30249999999999994,True,0.5,0.125,0.375,0.49904344363450864,0.12595671933522834,0.3730867242992803,0.0014324248661146154,0.37027917156169565,0.37589427703686495,0.7476036987523735,0.005102068535252524,,1,1,True,0.1265693635106102,0.4984036706796207,0.00011013908360568703,-0.0014622208851693963,0.006565096314897662,0.049319972184486305,0.655375,0.6505,0.345,0.34975,0.0,0.0
128,32,0.5,separated,0.75,moderate,p32_b128_rhop0d75_moderate_separated,1284728066,8000,1.0,True,0.5,0.125,0.375,0.5003801729863657,0.12484060513263513,0.3755395678537306,0.001428747580790966,0.37273922259538034,0.3783399131120809,0.7505084895998931,0.0014388476099482794,,1,1,True,0.12327996182680367,0.4986545511670275,-0.0020479099194467,0.0003406187257237736,0.017363751875479137,0.09251422177657395,1.0,1.0,0.008125,0.008625,0.0,0.0
