dataset,model,window,seed,method,acc,ece,mean_conf,expl_time_s,n_window,n_explained,reference_window,window_hash,subsample_hash,dataset_fingerprint,cache_schema,seed_policy_version,lime_sampling_space,lime_pairing,pi_pairing,config_hash,source_hash,host,top3,top5,spearman,cosine,sign
electricity-temporal,hgb,1,0,lime,0.7783732660781841,0.1909614023420525,0.9626526665559052,1.1314373999994132,3172,30,1,f6eac31fd1aea22131cec3bf9228f334ceb3662c5ba8d8522386fe18a1e279a9,356589cf4b4cef6a0f788baf7dec4b485da691492597466726987e90ca7ad0dd,a56ffef72cbeddf7307b7ee6b0c7688b74b8aa965fce826079937135eb0a99a1,temporal-v2-raw-space-lime,v2-raw-lime-cell-keyed,raw_mixed_feature,window_position_keyed_crn,fixed_seed_across_windows,2f0551386c3480bb7676746d2387490c7623e474170c111e7c0fa1238c421a97,401dcbb27ea88a966cfbca7cd8063507f41f826f89d3b05dacd3c216b5c5e53a,canayxps15,1.0,1.0,1.0,1.0,1.0
electricity-temporal,hgb,1,0,pi,0.7783732660781841,0.1909614023420525,0.9626526665559052,0.3302491000013106,3172,100,1,f6eac31fd1aea22131cec3bf9228f334ceb3662c5ba8d8522386fe18a1e279a9,356589cf4b4cef6a0f788baf7dec4b485da691492597466726987e90ca7ad0dd,a56ffef72cbeddf7307b7ee6b0c7688b74b8aa965fce826079937135eb0a99a1,temporal-v2-raw-space-lime,v2-raw-lime-cell-keyed,raw_mixed_feature,window_position_keyed_crn,fixed_seed_across_windows,2f0551386c3480bb7676746d2387490c7623e474170c111e7c0fa1238c421a97,401dcbb27ea88a966cfbca7cd8063507f41f826f89d3b05dacd3c216b5c5e53a,canayxps15,1.0,1.0,1.0,1.0000000000000002,1.0
electricity-temporal,hgb,1,0,shap,0.7783732660781841,0.1909614023420525,0.9626526665559052,0.5319063000006281,3172,100,1,f6eac31fd1aea22131cec3bf9228f334ceb3662c5ba8d8522386fe18a1e279a9,356589cf4b4cef6a0f788baf7dec4b485da691492597466726987e90ca7ad0dd,a56ffef72cbeddf7307b7ee6b0c7688b74b8aa965fce826079937135eb0a99a1,temporal-v2-raw-space-lime,v2-raw-lime-cell-keyed,raw_mixed_feature,window_position_keyed_crn,fixed_seed_across_windows,2f0551386c3480bb7676746d2387490c7623e474170c111e7c0fa1238c421a97,401dcbb27ea88a966cfbca7cd8063507f41f826f89d3b05dacd3c216b5c5e53a,canayxps15,1.0,1.0,1.0,1.0,1.0
electricity-temporal,hgb,1,1,lime,0.7783732660781841,0.1909614023420525,0.9626526665559052,0.9101451999995334,3172,30,1,f6eac31fd1aea22131cec3bf9228f334ceb3662c5ba8d8522386fe18a1e279a9,bc9952e0146c6ea7b53a01020f18913daa231952301b3fbb133c6f2bedb9950f,a56ffef72cbeddf7307b7ee6b0c7688b74b8aa965fce826079937135eb0a99a1,temporal-v2-raw-space-lime,v2-raw-lime-cell-keyed,raw_mixed_feature,window_position_keyed_crn,fixed_seed_across_windows,2f0551386c3480bb7676746d2387490c7623e474170c111e7c0fa1238c421a97,401dcbb27ea88a966cfbca7cd8063507f41f826f89d3b05dacd3c216b5c5e53a,canayxps15,1.0,1.0,1.0,1.0000000000000002,1.0
electricity-temporal,hgb,1,1,pi,0.7783732660781841,0.1909614023420525,0.9626526665559052,0.2665612000000692,3172,100,1,f6eac31fd1aea22131cec3bf9228f334ceb3662c5ba8d8522386fe18a1e279a9,bc9952e0146c6ea7b53a01020f18913daa231952301b3fbb133c6f2bedb9950f,a56ffef72cbeddf7307b7ee6b0c7688b74b8aa965fce826079937135eb0a99a1,temporal-v2-raw-space-lime,v2-raw-lime-cell-keyed,raw_mixed_feature,window_position_keyed_crn,fixed_seed_across_windows,2f0551386c3480bb7676746d2387490c7623e474170c111e7c0fa1238c421a97,401dcbb27ea88a966cfbca7cd8063507f41f826f89d3b05dacd3c216b5c5e53a,canayxps15,1.0,1.0,1.0,1.0,1.0
electricity-temporal,hgb,1,1,shap,0.7783732660781841,0.1909614023420525,0.9626526665559052,0.409488200000851,3172,100,1,f6eac31fd1aea22131cec3bf9228f334ceb3662c5ba8d8522386fe18a1e279a9,bc9952e0146c6ea7b53a01020f18913daa231952301b3fbb133c6f2bedb9950f,a56ffef72cbeddf7307b7ee6b0c7688b74b8aa965fce826079937135eb0a99a1,temporal-v2-raw-space-lime,v2-raw-lime-cell-keyed,raw_mixed_feature,window_position_keyed_crn,fixed_seed_across_windows,2f0551386c3480bb7676746d2387490c7623e474170c111e7c0fa1238c421a97,401dcbb27ea88a966cfbca7cd8063507f41f826f89d3b05dacd3c216b5c5e53a,canayxps15,1.0,1.0,1.0,1.0,1.0
electricity-temporal,hgb,1,2,lime,0.7783732660781841,0.1909614023420525,0.9626526665559052,0.8361818000012136,3172,30,1,f6eac31fd1aea22131cec3bf9228f334ceb3662c5ba8d8522386fe18a1e279a9,0ac915b5a77b9152e397095e02d6f0212b2e88d2ff4c9a384db6d9c2587bf82e,a56ffef72cbeddf7307b7ee6b0c7688b74b8aa965fce826079937135eb0a99a1,temporal-v2-raw-space-lime,v2-raw-lime-cell-keyed,raw_mixed_feature,window_position_keyed_crn,fixed_seed_across_windows,2f0551386c3480bb7676746d2387490c7623e474170c111e7c0fa1238c421a97,401dcbb27ea88a966cfbca7cd8063507f41f826f89d3b05dacd3c216b5c5e53a,canayxps15,1.0,1.0,1.0,1.0,1.0
electricity-temporal,hgb,1,2,pi,0.7783732660781841,0.1909614023420525,0.9626526665559052,0.2190032999988034,3172,100,1,f6eac31fd1aea22131cec3bf9228f334ceb3662c5ba8d8522386fe18a1e279a9,0ac915b5a77b9152e397095e02d6f0212b2e88d2ff4c9a384db6d9c2587bf82e,a56ffef72cbeddf7307b7ee6b0c7688b74b8aa965fce826079937135eb0a99a1,temporal-v2-raw-space-lime,v2-raw-lime-cell-keyed,raw_mixed_feature,window_position_keyed_crn,fixed_seed_across_windows,2f0551386c3480bb7676746d2387490c7623e474170c111e7c0fa1238c421a97,401dcbb27ea88a966cfbca7cd8063507f41f826f89d3b05dacd3c216b5c5e53a,canayxps15,1.0,1.0,1.0,1.0,1.0
electricity-temporal,hgb,1,2,shap,0.7783732660781841,0.1909614023420525,0.9626526665559052,0.3023678999998083,3172,100,1,f6eac31fd1aea22131cec3bf9228f334ceb3662c5ba8d8522386fe18a1e279a9,0ac915b5a77b9152e397095e02d6f0212b2e88d2ff4c9a384db6d9c2587bf82e,a56ffef72cbeddf7307b7ee6b0c7688b74b8aa965fce826079937135eb0a99a1,temporal-v2-raw-space-lime,v2-raw-lime-cell-keyed,raw_mixed_feature,window_position_keyed_crn,fixed_seed_across_windows,2f0551386c3480bb7676746d2387490c7623e474170c111e7c0fa1238c421a97,401dcbb27ea88a966cfbca7cd8063507f41f826f89d3b05dacd3c216b5c5e53a,canayxps15,1.0,1.0,1.0,1.0,1.0
electricity-temporal,hgb,1,3,lime,0.7783732660781841,0.1909614023420525,0.9626526665559052,0.7735904999990453,3172,30,1,f6eac31fd1aea22131cec3bf9228f334ceb3662c5ba8d8522386fe18a1e279a9,b46da9946cbf1b0780b65312c5195325b56ed6bfe881ae4604489dbaaa4bfc4e,a56ffef72cbeddf7307b7ee6b0c7688b74b8aa965fce826079937135eb0a99a1,temporal-v2-raw-space-lime,v2-raw-lime-cell-keyed,raw_mixed_feature,window_position_keyed_crn,fixed_seed_across_windows,2f0551386c3480bb7676746d2387490c7623e474170c111e7c0fa1238c421a97,401dcbb27ea88a966cfbca7cd8063507f41f826f89d3b05dacd3c216b5c5e53a,canayxps15,1.0,1.0,1.0,1.0,1.0
electricity-temporal,hgb,1,3,pi,0.7783732660781841,0.1909614023420525,0.9626526665559052,0.2671929999996791,3172,100,1,f6eac31fd1aea22131cec3bf9228f334ceb3662c5ba8d8522386fe18a1e279a9,b46da9946cbf1b0780b65312c5195325b56ed6bfe881ae4604489dbaaa4bfc4e,a56ffef72cbeddf7307b7ee6b0c7688b74b8aa965fce826079937135eb0a99a1,temporal-v2-raw-space-lime,v2-raw-lime-cell-keyed,raw_mixed_feature,window_position_keyed_crn,fixed_seed_across_windows,2f0551386c3480bb7676746d2387490c7623e474170c111e7c0fa1238c421a97,401dcbb27ea88a966cfbca7cd8063507f41f826f89d3b05dacd3c216b5c5e53a,canayxps15,1.0,1.0,1.0,1.0,1.0
electricity-temporal,hgb,1,3,shap,0.7783732660781841,0.1909614023420525,0.9626526665559052,0.2407791999994515,3172,100,1,f6eac31fd1aea22131cec3bf9228f334ceb3662c5ba8d8522386fe18a1e279a9,b46da9946cbf1b0780b65312c5195325b56ed6bfe881ae4604489dbaaa4bfc4e,a56ffef72cbeddf7307b7ee6b0c7688b74b8aa965fce826079937135eb0a99a1,temporal-v2-raw-space-lime,v2-raw-lime-cell-keyed,raw_mixed_feature,window_position_keyed_crn,fixed_seed_across_windows,2f0551386c3480bb7676746d2387490c7623e474170c111e7c0fa1238c421a97,401dcbb27ea88a966cfbca7cd8063507f41f826f89d3b05dacd3c216b5c5e53a,canayxps15,1.0,1.0,1.0,1.0,1.0
electricity-temporal,hgb,1,4,lime,0.7783732660781841,0.1909614023420525,0.9626526665559052,0.7737266000003729,3172,30,1,f6eac31fd1aea22131cec3bf9228f334ceb3662c5ba8d8522386fe18a1e279a9,91995f966041ccc67366ce86c0a4fe4b2b89e9d68e288f541121d16836f9db12,a56ffef72cbeddf7307b7ee6b0c7688b74b8aa965fce826079937135eb0a99a1,temporal-v2-raw-space-lime,v2-raw-lime-cell-keyed,raw_mixed_feature,window_position_keyed_crn,fixed_seed_across_windows,2f0551386c3480bb7676746d2387490c7623e474170c111e7c0fa1238c421a97,401dcbb27ea88a966cfbca7cd8063507f41f826f89d3b05dacd3c216b5c5e53a,canayxps15,1.0,1.0,1.0,1.0000000000000002,1.0
electricity-temporal,hgb,1,4,pi,0.7783732660781841,0.1909614023420525,0.9626526665559052,0.222075900001073,3172,100,1,f6eac31fd1aea22131cec3bf9228f334ceb3662c5ba8d8522386fe18a1e279a9,91995f966041ccc67366ce86c0a4fe4b2b89e9d68e288f541121d16836f9db12,a56ffef72cbeddf7307b7ee6b0c7688b74b8aa965fce826079937135eb0a99a1,temporal-v2-raw-space-lime,v2-raw-lime-cell-keyed,raw_mixed_feature,window_position_keyed_crn,fixed_seed_across_windows,2f0551386c3480bb7676746d2387490c7623e474170c111e7c0fa1238c421a97,401dcbb27ea88a966cfbca7cd8063507f41f826f89d3b05dacd3c216b5c5e53a,canayxps15,1.0,1.0,1.0,1.0000000000000002,1.0
electricity-temporal,hgb,1,4,shap,0.7783732660781841,0.1909614023420525,0.9626526665559052,0.2797319000001153,3172,100,1,f6eac31fd1aea22131cec3bf9228f334ceb3662c5ba8d8522386fe18a1e279a9,91995f966041ccc67366ce86c0a4fe4b2b89e9d68e288f541121d16836f9db12,a56ffef72cbeddf7307b7ee6b0c7688b74b8aa965fce826079937135eb0a99a1,temporal-v2-raw-space-lime,v2-raw-lime-cell-keyed,raw_mixed_feature,window_position_keyed_crn,fixed_seed_across_windows,2f0551386c3480bb7676746d2387490c7623e474170c111e7c0fa1238c421a97,401dcbb27ea88a966cfbca7cd8063507f41f826f89d3b05dacd3c216b5c5e53a,canayxps15,1.0,1.0,1.0,1.0000000000000002,1.0
electricity-temporal,hgb,2,0,lime,0.7591424968474149,0.2316788523516515,0.978529134376276,1.018222999999125,3172,30,1,d97d42d885b082a7840829322571c102befa9c9bd60ffa4140a8727947c75420,06d02175a177d0d1e5f7d850132280193e52dd288f75a27709f3f013355d03c1,a56ffef72cbeddf7307b7ee6b0c7688b74b8aa965fce826079937135eb0a99a1,temporal-v2-raw-space-lime,v2-raw-lime-cell-keyed,raw_mixed_feature,window_position_keyed_crn,fixed_seed_across_windows,2f0551386c3480bb7676746d2387490c7623e474170c111e7c0fa1238c421a97,401dcbb27ea88a966cfbca7cd8063507f41f826f89d3b05dacd3c216b5c5e53a,canayxps15,1.0,1.0,0.9523809523809524,0.998753147916028,1.0
electricity-temporal,hgb,2,0,pi,0.7591424968474149,0.2316788523516515,0.978529134376276,0.2444015000000945,3172,100,1,d97d42d885b082a7840829322571c102befa9c9bd60ffa4140a8727947c75420,06d02175a177d0d1e5f7d850132280193e52dd288f75a27709f3f013355d03c1,a56ffef72cbeddf7307b7ee6b0c7688b74b8aa965fce826079937135eb0a99a1,temporal-v2-raw-space-lime,v2-raw-lime-cell-keyed,raw_mixed_feature,window_position_keyed_crn,fixed_seed_across_windows,2f0551386c3480bb7676746d2387490c7623e474170c111e7c0fa1238c421a97,401dcbb27ea88a966cfbca7cd8063507f41f826f89d3b05dacd3c216b5c5e53a,canayxps15,1.0,1.0,0.4324324324324324,0.9879817958540268,1.0
electricity-temporal,hgb,2,0,shap,0.7591424968474149,0.2316788523516515,0.978529134376276,0.4504139000000577,3172,100,1,d97d42d885b082a7840829322571c102befa9c9bd60ffa4140a8727947c75420,06d02175a177d0d1e5f7d850132280193e52dd288f75a27709f3f013355d03c1,a56ffef72cbeddf7307b7ee6b0c7688b74b8aa965fce826079937135eb0a99a1,temporal-v2-raw-space-lime,v2-raw-lime-cell-keyed,raw_mixed_feature,window_position_keyed_crn,fixed_seed_across_windows,2f0551386c3480bb7676746d2387490c7623e474170c111e7c0fa1238c421a97,401dcbb27ea88a966cfbca7cd8063507f41f826f89d3b05dacd3c216b5c5e53a,canayxps15,1.0,1.0,1.0,0.9932237073936172,1.0
electricity-temporal,hgb,2,1,lime,0.7591424968474149,0.2316788523516515,0.978529134376276,0.9108085000007122,3172,30,1,d97d42d885b082a7840829322571c102befa9c9bd60ffa4140a8727947c75420,759585a98cc608cb608fe3a29ce34e465215aff394e68cf005308b0adb8110e9,a56ffef72cbeddf7307b7ee6b0c7688b74b8aa965fce826079937135eb0a99a1,temporal-v2-raw-space-lime,v2-raw-lime-cell-keyed,raw_mixed_feature,window_position_keyed_crn,fixed_seed_across_windows,2f0551386c3480bb7676746d2387490c7623e474170c111e7c0fa1238c421a97,401dcbb27ea88a966cfbca7cd8063507f41f826f89d3b05dacd3c216b5c5e53a,canayxps15,1.0,1.0,0.9047619047619048,0.9995315320040687,1.0
electricity-temporal,hgb,2,1,pi,0.7591424968474149,0.2316788523516515,0.978529134376276,0.2426003000000491,3172,100,1,d97d42d885b082a7840829322571c102befa9c9bd60ffa4140a8727947c75420,759585a98cc608cb608fe3a29ce34e465215aff394e68cf005308b0adb8110e9,a56ffef72cbeddf7307b7ee6b0c7688b74b8aa965fce826079937135eb0a99a1,temporal-v2-raw-space-lime,v2-raw-lime-cell-keyed,raw_mixed_feature,window_position_keyed_crn,fixed_seed_across_windows,2f0551386c3480bb7676746d2387490c7623e474170c111e7c0fa1238c421a97,401dcbb27ea88a966cfbca7cd8063507f41f826f89d3b05dacd3c216b5c5e53a,canayxps15,1.0,1.0,-0.2432432432432432,0.9667542893174764,0.5
electricity-temporal,hgb,2,1,shap,0.7591424968474149,0.2316788523516515,0.978529134376276,0.3412791999999172,3172,100,1,d97d42d885b082a7840829322571c102befa9c9bd60ffa4140a8727947c75420,759585a98cc608cb608fe3a29ce34e465215aff394e68cf005308b0adb8110e9,a56ffef72cbeddf7307b7ee6b0c7688b74b8aa965fce826079937135eb0a99a1,temporal-v2-raw-space-lime,v2-raw-lime-cell-keyed,raw_mixed_feature,window_position_keyed_crn,fixed_seed_across_windows,2f0551386c3480bb7676746d2387490c7623e474170c111e7c0fa1238c421a97,401dcbb27ea88a966cfbca7cd8063507f41f826f89d3b05dacd3c216b5c5e53a,canayxps15,1.0,1.0,1.0,0.9974839218015898,1.0
electricity-temporal,hgb,2,2,lime,0.7591424968474149,0.2316788523516515,0.978529134376276,0.8955625999988115,3172,30,1,d97d42d885b082a7840829322571c102befa9c9bd60ffa4140a8727947c75420,5db04a71506960291f1df142403e595260e07eaec02039136bc6d9889bb10b24,a56ffef72cbeddf7307b7ee6b0c7688b74b8aa965fce826079937135eb0a99a1,temporal-v2-raw-space-lime,v2-raw-lime-cell-keyed,raw_mixed_feature,window_position_keyed_crn,fixed_seed_across_windows,2f0551386c3480bb7676746d2387490c7623e474170c111e7c0fa1238c421a97,401dcbb27ea88a966cfbca7cd8063507f41f826f89d3b05dacd3c216b5c5e53a,canayxps15,1.0,1.0,0.9761904761904764,0.9997037856945402,1.0
electricity-temporal,hgb,2,2,pi,0.7591424968474149,0.2316788523516515,0.978529134376276,0.2097276999993482,3172,100,1,d97d42d885b082a7840829322571c102befa9c9bd60ffa4140a8727947c75420,5db04a71506960291f1df142403e595260e07eaec02039136bc6d9889bb10b24,a56ffef72cbeddf7307b7ee6b0c7688b74b8aa965fce826079937135eb0a99a1,temporal-v2-raw-space-lime,v2-raw-lime-cell-keyed,raw_mixed_feature,window_position_keyed_crn,fixed_seed_across_windows,2f0551386c3480bb7676746d2387490c7623e474170c111e7c0fa1238c421a97,401dcbb27ea88a966cfbca7cd8063507f41f826f89d3b05dacd3c216b5c5e53a,canayxps15,0.6666666666666666,1.0,-0.2162162162162162,0.968372186096758,0.3333333333333333
electricity-temporal,hgb,2,2,shap,0.7591424968474149,0.2316788523516515,0.978529134376276,0.2754640999992261,3172,100,1,d97d42d885b082a7840829322571c102befa9c9bd60ffa4140a8727947c75420,5db04a71506960291f1df142403e595260e07eaec02039136bc6d9889bb10b24,a56ffef72cbeddf7307b7ee6b0c7688b74b8aa965fce826079937135eb0a99a1,temporal-v2-raw-space-lime,v2-raw-lime-cell-keyed,raw_mixed_feature,window_position_keyed_crn,fixed_seed_across_windows,2f0551386c3480bb7676746d2387490c7623e474170c111e7c0fa1238c421a97,401dcbb27ea88a966cfbca7cd8063507f41f826f89d3b05dacd3c216b5c5e53a,canayxps15,1.0,1.0,1.0,0.9975474240833592,1.0
electricity-temporal,hgb,2,3,lime,0.7591424968474149,0.2316788523516515,0.978529134376276,0.8027534000011656,3172,30,1,d97d42d885b082a7840829322571c102befa9c9bd60ffa4140a8727947c75420,e5641c903fd57ae8d5935254bf93d195d4d09d3445c5d07c306bb318caa12be6,a56ffef72cbeddf7307b7ee6b0c7688b74b8aa965fce826079937135eb0a99a1,temporal-v2-raw-space-lime,v2-raw-lime-cell-keyed,raw_mixed_feature,window_position_keyed_crn,fixed_seed_across_windows,2f0551386c3480bb7676746d2387490c7623e474170c111e7c0fa1238c421a97,401dcbb27ea88a966cfbca7cd8063507f41f826f89d3b05dacd3c216b5c5e53a,canayxps15,1.0,1.0,0.9285714285714288,0.9997756593483812,1.0
electricity-temporal,hgb,2,3,pi,0.7591424968474149,0.2316788523516515,0.978529134376276,0.2081484999998792,3172,100,1,d97d42d885b082a7840829322571c102befa9c9bd60ffa4140a8727947c75420,e5641c903fd57ae8d5935254bf93d195d4d09d3445c5d07c306bb318caa12be6,a56ffef72cbeddf7307b7ee6b0c7688b74b8aa965fce826079937135eb0a99a1,temporal-v2-raw-space-lime,v2-raw-lime-cell-keyed,raw_mixed_feature,window_position_keyed_crn,fixed_seed_across_windows,2f0551386c3480bb7676746d2387490c7623e474170c111e7c0fa1238c421a97,401dcbb27ea88a966cfbca7cd8063507f41f826f89d3b05dacd3c216b5c5e53a,canayxps15,0.6666666666666666,1.0,0.7027027027027026,0.9992567711865964,1.0
electricity-temporal,hgb,2,3,shap,0.7591424968474149,0.2316788523516515,0.978529134376276,0.2366194999995059,3172,100,1,d97d42d885b082a7840829322571c102befa9c9bd60ffa4140a8727947c75420,e5641c903fd57ae8d5935254bf93d195d4d09d3445c5d07c306bb318caa12be6,a56ffef72cbeddf7307b7ee6b0c7688b74b8aa965fce826079937135eb0a99a1,temporal-v2-raw-space-lime,v2-raw-lime-cell-keyed,raw_mixed_feature,window_position_keyed_crn,fixed_seed_across_windows,2f0551386c3480bb7676746d2387490c7623e474170c111e7c0fa1238c421a97,401dcbb27ea88a966cfbca7cd8063507f41f826f89d3b05dacd3c216b5c5e53a,canayxps15,1.0,1.0,0.975,0.9937446588801362,1.0
electricity-temporal,hgb,2,4,lime,0.7591424968474149,0.2316788523516515,0.978529134376276,0.8337007999998605,3172,30,1,d97d42d885b082a7840829322571c102befa9c9bd60ffa4140a8727947c75420,050e3aa48fcd2c4f3b2383295dcc24b2fd31dc84c47b4d96f6317846a829faca,a56ffef72cbeddf7307b7ee6b0c7688b74b8aa965fce826079937135eb0a99a1,temporal-v2-raw-space-lime,v2-raw-lime-cell-keyed,raw_mixed_feature,window_position_keyed_crn,fixed_seed_across_windows,2f0551386c3480bb7676746d2387490c7623e474170c111e7c0fa1238c421a97,401dcbb27ea88a966cfbca7cd8063507f41f826f89d3b05dacd3c216b5c5e53a,canayxps15,1.0,1.0,0.9285714285714288,0.999517622764055,1.0
electricity-temporal,hgb,2,4,pi,0.7591424968474149,0.2316788523516515,0.978529134376276,0.2303143000008276,3172,100,1,d97d42d885b082a7840829322571c102befa9c9bd60ffa4140a8727947c75420,050e3aa48fcd2c4f3b2383295dcc24b2fd31dc84c47b4d96f6317846a829faca,a56ffef72cbeddf7307b7ee6b0c7688b74b8aa965fce826079937135eb0a99a1,temporal-v2-raw-space-lime,v2-raw-lime-cell-keyed,raw_mixed_feature,window_position_keyed_crn,fixed_seed_across_windows,2f0551386c3480bb7676746d2387490c7623e474170c111e7c0fa1238c421a97,401dcbb27ea88a966cfbca7cd8063507f41f826f89d3b05dacd3c216b5c5e53a,canayxps15,0.6666666666666666,1.0,0.9729729729729728,0.998976979712886,1.0
electricity-temporal,hgb,2,4,shap,0.7591424968474149,0.2316788523516515,0.978529134376276,0.3077412000002368,3172,100,1,d97d42d885b082a7840829322571c102befa9c9bd60ffa4140a8727947c75420,050e3aa48fcd2c4f3b2383295dcc24b2fd31dc84c47b4d96f6317846a829faca,a56ffef72cbeddf7307b7ee6b0c7688b74b8aa965fce826079937135eb0a99a1,temporal-v2-raw-space-lime,v2-raw-lime-cell-keyed,raw_mixed_feature,window_position_keyed_crn,fixed_seed_across_windows,2f0551386c3480bb7676746d2387490c7623e474170c111e7c0fa1238c421a97,401dcbb27ea88a966cfbca7cd8063507f41f826f89d3b05dacd3c216b5c5e53a,canayxps15,1.0,1.0,1.0,0.9967071756814194,1.0
electricity-temporal,hgb,3,0,lime,0.6667717528373266,0.3352249074887659,0.9941261953035644,0.9969020999997156,3172,30,1,a8cb68f370b5b2df759231420b2684c9bc9cdc0799db461d8288e6ee9a2f8256,9897ba58493671ca951d2bdd9f9c5f6a5223ce612403d8fb2c9e8199a6677b6a,a56ffef72cbeddf7307b7ee6b0c7688b74b8aa965fce826079937135eb0a99a1,temporal-v2-raw-space-lime,v2-raw-lime-cell-keyed,raw_mixed_feature,window_position_keyed_crn,fixed_seed_across_windows,2f0551386c3480bb7676746d2387490c7623e474170c111e7c0fa1238c421a97,401dcbb27ea88a966cfbca7cd8063507f41f826f89d3b05dacd3c216b5c5e53a,canayxps15,1.0,1.0,0.9761904761904764,0.9992031003293328,1.0
electricity-temporal,hgb,3,0,pi,0.6667717528373266,0.3352249074887659,0.9941261953035644,0.2615471000008256,3172,100,1,a8cb68f370b5b2df759231420b2684c9bc9cdc0799db461d8288e6ee9a2f8256,9897ba58493671ca951d2bdd9f9c5f6a5223ce612403d8fb2c9e8199a6677b6a,a56ffef72cbeddf7307b7ee6b0c7688b74b8aa965fce826079937135eb0a99a1,temporal-v2-raw-space-lime,v2-raw-lime-cell-keyed,raw_mixed_feature,window_position_keyed_crn,fixed_seed_across_windows,2f0551386c3480bb7676746d2387490c7623e474170c111e7c0fa1238c421a97,401dcbb27ea88a966cfbca7cd8063507f41f826f89d3b05dacd3c216b5c5e53a,canayxps15,0.6666666666666666,1.0,0.891891891891892,0.9807267428374646,1.0
electricity-temporal,hgb,3,0,shap,0.6667717528373266,0.3352249074887659,0.9941261953035644,0.3602866000001086,3172,100,1,a8cb68f370b5b2df759231420b2684c9bc9cdc0799db461d8288e6ee9a2f8256,9897ba58493671ca951d2bdd9f9c5f6a5223ce612403d8fb2c9e8199a6677b6a,a56ffef72cbeddf7307b7ee6b0c7688b74b8aa965fce826079937135eb0a99a1,temporal-v2-raw-space-lime,v2-raw-lime-cell-keyed,raw_mixed_feature,window_position_keyed_crn,fixed_seed_across_windows,2f0551386c3480bb7676746d2387490c7623e474170c111e7c0fa1238c421a97,401dcbb27ea88a966cfbca7cd8063507f41f826f89d3b05dacd3c216b5c5e53a,canayxps15,1.0,1.0,0.975,0.9764366206874274,1.0
electricity-temporal,hgb,3,1,lime,0.6667717528373266,0.3352249074887659,0.9941261953035644,0.7556213999996544,3172,30,1,a8cb68f370b5b2df759231420b2684c9bc9cdc0799db461d8288e6ee9a2f8256,3ecea44eeec566708d35055951f6ce7f09c90b6a0485ce04e784525ea70899b8,a56ffef72cbeddf7307b7ee6b0c7688b74b8aa965fce826079937135eb0a99a1,temporal-v2-raw-space-lime,v2-raw-lime-cell-keyed,raw_mixed_feature,window_position_keyed_crn,fixed_seed_across_windows,2f0551386c3480bb7676746d2387490c7623e474170c111e7c0fa1238c421a97,401dcbb27ea88a966cfbca7cd8063507f41f826f89d3b05dacd3c216b5c5e53a,canayxps15,1.0,1.0,0.9761904761904764,0.9996277841673248,1.0
electricity-temporal,hgb,3,1,pi,0.6667717528373266,0.3352249074887659,0.9941261953035644,0.1746378999996523,3172,100,1,a8cb68f370b5b2df759231420b2684c9bc9cdc0799db461d8288e6ee9a2f8256,3ecea44eeec566708d35055951f6ce7f09c90b6a0485ce04e784525ea70899b8,a56ffef72cbeddf7307b7ee6b0c7688b74b8aa965fce826079937135eb0a99a1,temporal-v2-raw-space-lime,v2-raw-lime-cell-keyed,raw_mixed_feature,window_position_keyed_crn,fixed_seed_across_windows,2f0551386c3480bb7676746d2387490c7623e474170c111e7c0fa1238c421a97,401dcbb27ea88a966cfbca7cd8063507f41f826f89d3b05dacd3c216b5c5e53a,canayxps15,0.6666666666666666,1.0,-0.2162162162162162,0.9083611415502107,0.5
electricity-temporal,hgb,3,1,shap,0.6667717528373266,0.3352249074887659,0.9941261953035644,0.2366385999994236,3172,100,1,a8cb68f370b5b2df759231420b2684c9bc9cdc0799db461d8288e6ee9a2f8256,3ecea44eeec566708d35055951f6ce7f09c90b6a0485ce04e784525ea70899b8,a56ffef72cbeddf7307b7ee6b0c7688b74b8aa965fce826079937135eb0a99a1,temporal-v2-raw-space-lime,v2-raw-lime-cell-keyed,raw_mixed_feature,window_position_keyed_crn,fixed_seed_across_windows,2f0551386c3480bb7676746d2387490c7623e474170c111e7c0fa1238c421a97,401dcbb27ea88a966cfbca7cd8063507f41f826f89d3b05dacd3c216b5c5e53a,canayxps15,1.0,1.0,0.975,0.9832340913270924,1.0
electricity-temporal,hgb,3,2,lime,0.6667717528373266,0.3352249074887659,0.9941261953035644,0.9579470999997284,3172,30,1,a8cb68f370b5b2df759231420b2684c9bc9cdc0799db461d8288e6ee9a2f8256,b49be119e69a28a08d2166d0ddaaf23663461705c60a8ea3f9eccefa95fcc3ba,a56ffef72cbeddf7307b7ee6b0c7688b74b8aa965fce826079937135eb0a99a1,temporal-v2-raw-space-lime,v2-raw-lime-cell-keyed,raw_mixed_feature,window_position_keyed_crn,fixed_seed_across_windows,2f0551386c3480bb7676746d2387490c7623e474170c111e7c0fa1238c421a97,401dcbb27ea88a966cfbca7cd8063507f41f826f89d3b05dacd3c216b5c5e53a,canayxps15,1.0,0.8,0.9285714285714288,0.9989797048386492,1.0
electricity-temporal,hgb,3,2,pi,0.6667717528373266,0.3352249074887659,0.9941261953035644,0.2490993999999773,3172,100,1,a8cb68f370b5b2df759231420b2684c9bc9cdc0799db461d8288e6ee9a2f8256,b49be119e69a28a08d2166d0ddaaf23663461705c60a8ea3f9eccefa95fcc3ba,a56ffef72cbeddf7307b7ee6b0c7688b74b8aa965fce826079937135eb0a99a1,temporal-v2-raw-space-lime,v2-raw-lime-cell-keyed,raw_mixed_feature,window_position_keyed_crn,fixed_seed_across_windows,2f0551386c3480bb7676746d2387490c7623e474170c111e7c0fa1238c421a97,401dcbb27ea88a966cfbca7cd8063507f41f826f89d3b05dacd3c216b5c5e53a,canayxps15,0.6666666666666666,1.0,0.5405405405405405,0.9764360665259776,0.6666666666666666
electricity-temporal,hgb,3,2,shap,0.6667717528373266,0.3352249074887659,0.9941261953035644,0.3182065000000875,3172,100,1,a8cb68f370b5b2df759231420b2684c9bc9cdc0799db461d8288e6ee9a2f8256,b49be119e69a28a08d2166d0ddaaf23663461705c60a8ea3f9eccefa95fcc3ba,a56ffef72cbeddf7307b7ee6b0c7688b74b8aa965fce826079937135eb0a99a1,temporal-v2-raw-space-lime,v2-raw-lime-cell-keyed,raw_mixed_feature,window_position_keyed_crn,fixed_seed_across_windows,2f0551386c3480bb7676746d2387490c7623e474170c111e7c0fa1238c421a97,401dcbb27ea88a966cfbca7cd8063507f41f826f89d3b05dacd3c216b5c5e53a,canayxps15,1.0,1.0,0.975,0.9807453384342616,1.0
electricity-temporal,hgb,3,3,lime,0.6667717528373266,0.3352249074887659,0.9941261953035644,0.843979200000831,3172,30,1,a8cb68f370b5b2df759231420b2684c9bc9cdc0799db461d8288e6ee9a2f8256,32475be646b63ee955572ace619ea76a30ab01b705c139fbf3c95a28f6246abb,a56ffef72cbeddf7307b7ee6b0c7688b74b8aa965fce826079937135eb0a99a1,temporal-v2-raw-space-lime,v2-raw-lime-cell-keyed,raw_mixed_feature,window_position_keyed_crn,fixed_seed_across_windows,2f0551386c3480bb7676746d2387490c7623e474170c111e7c0fa1238c421a97,401dcbb27ea88a966cfbca7cd8063507f41f826f89d3b05dacd3c216b5c5e53a,canayxps15,1.0,1.0,0.9523809523809524,0.9987255377986216,1.0
electricity-temporal,hgb,3,3,pi,0.6667717528373266,0.3352249074887659,0.9941261953035644,0.2042717000003904,3172,100,1,a8cb68f370b5b2df759231420b2684c9bc9cdc0799db461d8288e6ee9a2f8256,32475be646b63ee955572ace619ea76a30ab01b705c139fbf3c95a28f6246abb,a56ffef72cbeddf7307b7ee6b0c7688b74b8aa965fce826079937135eb0a99a1,temporal-v2-raw-space-lime,v2-raw-lime-cell-keyed,raw_mixed_feature,window_position_keyed_crn,fixed_seed_across_windows,2f0551386c3480bb7676746d2387490c7623e474170c111e7c0fa1238c421a97,401dcbb27ea88a966cfbca7cd8063507f41f826f89d3b05dacd3c216b5c5e53a,canayxps15,0.6666666666666666,1.0,0.4324324324324324,0.9687862816208076,1.0
electricity-temporal,hgb,3,3,shap,0.6667717528373266,0.3352249074887659,0.9941261953035644,0.2974121000006562,3172,100,1,a8cb68f370b5b2df759231420b2684c9bc9cdc0799db461d8288e6ee9a2f8256,32475be646b63ee955572ace619ea76a30ab01b705c139fbf3c95a28f6246abb,a56ffef72cbeddf7307b7ee6b0c7688b74b8aa965fce826079937135eb0a99a1,temporal-v2-raw-space-lime,v2-raw-lime-cell-keyed,raw_mixed_feature,window_position_keyed_crn,fixed_seed_across_windows,2f0551386c3480bb7676746d2387490c7623e474170c111e7c0fa1238c421a97,401dcbb27ea88a966cfbca7cd8063507f41f826f89d3b05dacd3c216b5c5e53a,canayxps15,1.0,1.0,0.975,0.9797221939977172,1.0
electricity-temporal,hgb,3,4,lime,0.6667717528373266,0.3352249074887659,0.9941261953035644,0.9211950000008072,3172,30,1,a8cb68f370b5b2df759231420b2684c9bc9cdc0799db461d8288e6ee9a2f8256,91b335320129abd64298a57428b9fab300d55dcc650ef50589f75ee4e55b88c1,a56ffef72cbeddf7307b7ee6b0c7688b74b8aa965fce826079937135eb0a99a1,temporal-v2-raw-space-lime,v2-raw-lime-cell-keyed,raw_mixed_feature,window_position_keyed_crn,fixed_seed_across_windows,2f0551386c3480bb7676746d2387490c7623e474170c111e7c0fa1238c421a97,401dcbb27ea88a966cfbca7cd8063507f41f826f89d3b05dacd3c216b5c5e53a,canayxps15,1.0,0.8,0.7857142857142858,0.9979918907368096,1.0
electricity-temporal,hgb,3,4,pi,0.6667717528373266,0.3352249074887659,0.9941261953035644,0.2847290000008797,3172,100,1,a8cb68f370b5b2df759231420b2684c9bc9cdc0799db461d8288e6ee9a2f8256,91b335320129abd64298a57428b9fab300d55dcc650ef50589f75ee4e55b88c1,a56ffef72cbeddf7307b7ee6b0c7688b74b8aa965fce826079937135eb0a99a1,temporal-v2-raw-space-lime,v2-raw-lime-cell-keyed,raw_mixed_feature,window_position_keyed_crn,fixed_seed_across_windows,2f0551386c3480bb7676746d2387490c7623e474170c111e7c0fa1238c421a97,401dcbb27ea88a966cfbca7cd8063507f41f826f89d3b05dacd3c216b5c5e53a,canayxps15,0.6666666666666666,1.0,0.9729729729729728,0.992794161161894,1.0
electricity-temporal,hgb,3,4,shap,0.6667717528373266,0.3352249074887659,0.9941261953035644,0.4457409999995434,3172,100,1,a8cb68f370b5b2df759231420b2684c9bc9cdc0799db461d8288e6ee9a2f8256,91b335320129abd64298a57428b9fab300d55dcc650ef50589f75ee4e55b88c1,a56ffef72cbeddf7307b7ee6b0c7688b74b8aa965fce826079937135eb0a99a1,temporal-v2-raw-space-lime,v2-raw-lime-cell-keyed,raw_mixed_feature,window_position_keyed_crn,fixed_seed_across_windows,2f0551386c3480bb7676746d2387490c7623e474170c111e7c0fa1238c421a97,401dcbb27ea88a966cfbca7cd8063507f41f826f89d3b05dacd3c216b5c5e53a,canayxps15,1.0,1.0,0.975,0.9834310828180636,1.0
electricity-temporal,hgb,4,0,lime,0.6869482976040353,0.3088605648258081,0.9903026043388856,0.952799500000765,3172,30,1,eb5d91a88caa54a61a0acac88ceb6bd9d79b7abc8995898ee10796f65dd34869,9b251afdbd81ef761521e4f1d83b4c1dff50e33090655d6fb0d758c7ae50e10a,a56ffef72cbeddf7307b7ee6b0c7688b74b8aa965fce826079937135eb0a99a1,temporal-v2-raw-space-lime,v2-raw-lime-cell-keyed,raw_mixed_feature,window_position_keyed_crn,fixed_seed_across_windows,2f0551386c3480bb7676746d2387490c7623e474170c111e7c0fa1238c421a97,401dcbb27ea88a966cfbca7cd8063507f41f826f89d3b05dacd3c216b5c5e53a,canayxps15,1.0,1.0,0.9761904761904764,0.9991726464231484,1.0
electricity-temporal,hgb,4,0,pi,0.6869482976040353,0.3088605648258081,0.9903026043388856,0.2589392999998381,3172,100,1,eb5d91a88caa54a61a0acac88ceb6bd9d79b7abc8995898ee10796f65dd34869,9b251afdbd81ef761521e4f1d83b4c1dff50e33090655d6fb0d758c7ae50e10a,a56ffef72cbeddf7307b7ee6b0c7688b74b8aa965fce826079937135eb0a99a1,temporal-v2-raw-space-lime,v2-raw-lime-cell-keyed,raw_mixed_feature,window_position_keyed_crn,fixed_seed_across_windows,2f0551386c3480bb7676746d2387490c7623e474170c111e7c0fa1238c421a97,401dcbb27ea88a966cfbca7cd8063507f41f826f89d3b05dacd3c216b5c5e53a,canayxps15,0.6666666666666666,1.0,0.891891891891892,0.9931907582437908,1.0
electricity-temporal,hgb,4,0,shap,0.6869482976040353,0.3088605648258081,0.9903026043388856,0.2673460000005434,3172,100,1,eb5d91a88caa54a61a0acac88ceb6bd9d79b7abc8995898ee10796f65dd34869,9b251afdbd81ef761521e4f1d83b4c1dff50e33090655d6fb0d758c7ae50e10a,a56ffef72cbeddf7307b7ee6b0c7688b74b8aa965fce826079937135eb0a99a1,temporal-v2-raw-space-lime,v2-raw-lime-cell-keyed,raw_mixed_feature,window_position_keyed_crn,fixed_seed_across_windows,2f0551386c3480bb7676746d2387490c7623e474170c111e7c0fa1238c421a97,401dcbb27ea88a966cfbca7cd8063507f41f826f89d3b05dacd3c216b5c5e53a,canayxps15,1.0,1.0,1.0,0.9801051628236788,1.0
electricity-temporal,hgb,4,1,lime,0.6869482976040353,0.3088605648258081,0.9903026043388856,0.9558110000016312,3172,30,1,eb5d91a88caa54a61a0acac88ceb6bd9d79b7abc8995898ee10796f65dd34869,18125fd8af779d1a57df59977228e969983a90ab2e94e9f15a70d4aa5e66725b,a56ffef72cbeddf7307b7ee6b0c7688b74b8aa965fce826079937135eb0a99a1,temporal-v2-raw-space-lime,v2-raw-lime-cell-keyed,raw_mixed_feature,window_position_keyed_crn,fixed_seed_across_windows,2f0551386c3480bb7676746d2387490c7623e474170c111e7c0fa1238c421a97,401dcbb27ea88a966cfbca7cd8063507f41f826f89d3b05dacd3c216b5c5e53a,canayxps15,1.0,1.0,0.9523809523809524,0.9998168294503006,1.0
electricity-temporal,hgb,4,1,pi,0.6869482976040353,0.3088605648258081,0.9903026043388856,0.2692738999994617,3172,100,1,eb5d91a88caa54a61a0acac88ceb6bd9d79b7abc8995898ee10796f65dd34869,18125fd8af779d1a57df59977228e969983a90ab2e94e9f15a70d4aa5e66725b,a56ffef72cbeddf7307b7ee6b0c7688b74b8aa965fce826079937135eb0a99a1,temporal-v2-raw-space-lime,v2-raw-lime-cell-keyed,raw_mixed_feature,window_position_keyed_crn,fixed_seed_across_windows,2f0551386c3480bb7676746d2387490c7623e474170c111e7c0fa1238c421a97,401dcbb27ea88a966cfbca7cd8063507f41f826f89d3b05dacd3c216b5c5e53a,canayxps15,0.6666666666666666,1.0,-0.2432432432432432,0.9469770631905876,0.5
electricity-temporal,hgb,4,1,shap,0.6869482976040353,0.3088605648258081,0.9903026043388856,0.325619999999617,3172,100,1,eb5d91a88caa54a61a0acac88ceb6bd9d79b7abc8995898ee10796f65dd34869,18125fd8af779d1a57df59977228e969983a90ab2e94e9f15a70d4aa5e66725b,a56ffef72cbeddf7307b7ee6b0c7688b74b8aa965fce826079937135eb0a99a1,temporal-v2-raw-space-lime,v2-raw-lime-cell-keyed,raw_mixed_feature,window_position_keyed_crn,fixed_seed_across_windows,2f0551386c3480bb7676746d2387490c7623e474170c111e7c0fa1238c421a97,401dcbb27ea88a966cfbca7cd8063507f41f826f89d3b05dacd3c216b5c5e53a,canayxps15,1.0,1.0,1.0,0.982800157555994,1.0
electricity-temporal,hgb,4,2,lime,0.6869482976040353,0.3088605648258081,0.9903026043388856,1.0481643000002805,3172,30,1,eb5d91a88caa54a61a0acac88ceb6bd9d79b7abc8995898ee10796f65dd34869,0585056d443e95d9edebf7d75588165c993b341b5a8540e18c796bbf53e19db8,a56ffef72cbeddf7307b7ee6b0c7688b74b8aa965fce826079937135eb0a99a1,temporal-v2-raw-space-lime,v2-raw-lime-cell-keyed,raw_mixed_feature,window_position_keyed_crn,fixed_seed_across_windows,2f0551386c3480bb7676746d2387490c7623e474170c111e7c0fa1238c421a97,401dcbb27ea88a966cfbca7cd8063507f41f826f89d3b05dacd3c216b5c5e53a,canayxps15,1.0,1.0,0.9761904761904764,0.9993739883032532,1.0
electricity-temporal,hgb,4,2,pi,0.6869482976040353,0.3088605648258081,0.9903026043388856,0.2053068999994138,3172,100,1,eb5d91a88caa54a61a0acac88ceb6bd9d79b7abc8995898ee10796f65dd34869,0585056d443e95d9edebf7d75588165c993b341b5a8540e18c796bbf53e19db8,a56ffef72cbeddf7307b7ee6b0c7688b74b8aa965fce826079937135eb0a99a1,temporal-v2-raw-space-lime,v2-raw-lime-cell-keyed,raw_mixed_feature,window_position_keyed_crn,fixed_seed_across_windows,2f0551386c3480bb7676746d2387490c7623e474170c111e7c0fa1238c421a97,401dcbb27ea88a966cfbca7cd8063507f41f826f89d3b05dacd3c216b5c5e53a,canayxps15,0.6666666666666666,1.0,0.3243243243243243,0.7544387045078943,0.6666666666666666
electricity-temporal,hgb,4,2,shap,0.6869482976040353,0.3088605648258081,0.9903026043388856,0.5173450999991474,3172,100,1,eb5d91a88caa54a61a0acac88ceb6bd9d79b7abc8995898ee10796f65dd34869,0585056d443e95d9edebf7d75588165c993b341b5a8540e18c796bbf53e19db8,a56ffef72cbeddf7307b7ee6b0c7688b74b8aa965fce826079937135eb0a99a1,temporal-v2-raw-space-lime,v2-raw-lime-cell-keyed,raw_mixed_feature,window_position_keyed_crn,fixed_seed_across_windows,2f0551386c3480bb7676746d2387490c7623e474170c111e7c0fa1238c421a97,401dcbb27ea88a966cfbca7cd8063507f41f826f89d3b05dacd3c216b5c5e53a,canayxps15,1.0,1.0,1.0,0.9830097010016636,1.0
electricity-temporal,hgb,4,3,lime,0.6869482976040353,0.3088605648258081,0.9903026043388856,0.8123482999999396,3172,30,1,eb5d91a88caa54a61a0acac88ceb6bd9d79b7abc8995898ee10796f65dd34869,872950e0a45a8784f52cb9c13e5b4edfe2d59bd43138f4913d131f2eb3635ce3,a56ffef72cbeddf7307b7ee6b0c7688b74b8aa965fce826079937135eb0a99a1,temporal-v2-raw-space-lime,v2-raw-lime-cell-keyed,raw_mixed_feature,window_position_keyed_crn,fixed_seed_across_windows,2f0551386c3480bb7676746d2387490c7623e474170c111e7c0fa1238c421a97,401dcbb27ea88a966cfbca7cd8063507f41f826f89d3b05dacd3c216b5c5e53a,canayxps15,1.0,0.8,0.9523809523809524,0.9996530010064838,1.0
electricity-temporal,hgb,4,3,pi,0.6869482976040353,0.3088605648258081,0.9903026043388856,0.2133381000003282,3172,100,1,eb5d91a88caa54a61a0acac88ceb6bd9d79b7abc8995898ee10796f65dd34869,872950e0a45a8784f52cb9c13e5b4edfe2d59bd43138f4913d131f2eb3635ce3,a56ffef72cbeddf7307b7ee6b0c7688b74b8aa965fce826079937135eb0a99a1,temporal-v2-raw-space-lime,v2-raw-lime-cell-keyed,raw_mixed_feature,window_position_keyed_crn,fixed_seed_across_windows,2f0551386c3480bb7676746d2387490c7623e474170c111e7c0fa1238c421a97,401dcbb27ea88a966cfbca7cd8063507f41f826f89d3b05dacd3c216b5c5e53a,canayxps15,1.0,1.0,-0.2432432432432432,0.944266006349984,1.0
electricity-temporal,hgb,4,3,shap,0.6869482976040353,0.3088605648258081,0.9903026043388856,0.2713024999993649,3172,100,1,eb5d91a88caa54a61a0acac88ceb6bd9d79b7abc8995898ee10796f65dd34869,872950e0a45a8784f52cb9c13e5b4edfe2d59bd43138f4913d131f2eb3635ce3,a56ffef72cbeddf7307b7ee6b0c7688b74b8aa965fce826079937135eb0a99a1,temporal-v2-raw-space-lime,v2-raw-lime-cell-keyed,raw_mixed_feature,window_position_keyed_crn,fixed_seed_across_windows,2f0551386c3480bb7676746d2387490c7623e474170c111e7c0fa1238c421a97,401dcbb27ea88a966cfbca7cd8063507f41f826f89d3b05dacd3c216b5c5e53a,canayxps15,1.0,1.0,1.0,0.9797849676300928,1.0
electricity-temporal,hgb,4,4,lime,0.6869482976040353,0.3088605648258081,0.9903026043388856,0.815562099998715,3172,30,1,eb5d91a88caa54a61a0acac88ceb6bd9d79b7abc8995898ee10796f65dd34869,71d4deb325db3d32ad7a4fe9793f91c649978cea249a1dae0b5c35d5f23e0642,a56ffef72cbeddf7307b7ee6b0c7688b74b8aa965fce826079937135eb0a99a1,temporal-v2-raw-space-lime,v2-raw-lime-cell-keyed,raw_mixed_feature,window_position_keyed_crn,fixed_seed_across_windows,2f0551386c3480bb7676746d2387490c7623e474170c111e7c0fa1238c421a97,401dcbb27ea88a966cfbca7cd8063507f41f826f89d3b05dacd3c216b5c5e53a,canayxps15,1.0,0.8,0.7619047619047621,0.9996589973760291,1.0
electricity-temporal,hgb,4,4,pi,0.6869482976040353,0.3088605648258081,0.9903026043388856,0.2048269999995682,3172,100,1,eb5d91a88caa54a61a0acac88ceb6bd9d79b7abc8995898ee10796f65dd34869,71d4deb325db3d32ad7a4fe9793f91c649978cea249a1dae0b5c35d5f23e0642,a56ffef72cbeddf7307b7ee6b0c7688b74b8aa965fce826079937135eb0a99a1,temporal-v2-raw-space-lime,v2-raw-lime-cell-keyed,raw_mixed_feature,window_position_keyed_crn,fixed_seed_across_windows,2f0551386c3480bb7676746d2387490c7623e474170c111e7c0fa1238c421a97,401dcbb27ea88a966cfbca7cd8063507f41f826f89d3b05dacd3c216b5c5e53a,canayxps15,0.6666666666666666,1.0,0.7297297297297297,0.99440501236714,1.0
electricity-temporal,hgb,4,4,shap,0.6869482976040353,0.3088605648258081,0.9903026043388856,0.3524316999992152,3172,100,1,eb5d91a88caa54a61a0acac88ceb6bd9d79b7abc8995898ee10796f65dd34869,71d4deb325db3d32ad7a4fe9793f91c649978cea249a1dae0b5c35d5f23e0642,a56ffef72cbeddf7307b7ee6b0c7688b74b8aa965fce826079937135eb0a99a1,temporal-v2-raw-space-lime,v2-raw-lime-cell-keyed,raw_mixed_feature,window_position_keyed_crn,fixed_seed_across_windows,2f0551386c3480bb7676746d2387490c7623e474170c111e7c0fa1238c421a97,401dcbb27ea88a966cfbca7cd8063507f41f826f89d3b05dacd3c216b5c5e53a,canayxps15,1.0,1.0,1.0,0.9862306414900118,1.0
electricity-temporal,hgb,5,0,lime,0.6295712484237075,0.3687153676582329,0.9974741116611016,0.9746438000001943,3172,30,1,bbe87735a98f61ec0d406e02eed4d6c88cde793c3d4455cc581032eabbc21384,907220deeb7890bf1a92e948bfca0e7152e865d53bb3c6f1d0b780e3df7c31f8,a56ffef72cbeddf7307b7ee6b0c7688b74b8aa965fce826079937135eb0a99a1,temporal-v2-raw-space-lime,v2-raw-lime-cell-keyed,raw_mixed_feature,window_position_keyed_crn,fixed_seed_across_windows,2f0551386c3480bb7676746d2387490c7623e474170c111e7c0fa1238c421a97,401dcbb27ea88a966cfbca7cd8063507f41f826f89d3b05dacd3c216b5c5e53a,canayxps15,1.0,1.0,0.9285714285714288,0.999414996453366,1.0
electricity-temporal,hgb,5,0,pi,0.6295712484237075,0.3687153676582329,0.9974741116611016,0.2724600000001373,3172,100,1,bbe87735a98f61ec0d406e02eed4d6c88cde793c3d4455cc581032eabbc21384,907220deeb7890bf1a92e948bfca0e7152e865d53bb3c6f1d0b780e3df7c31f8,a56ffef72cbeddf7307b7ee6b0c7688b74b8aa965fce826079937135eb0a99a1,temporal-v2-raw-space-lime,v2-raw-lime-cell-keyed,raw_mixed_feature,window_position_keyed_crn,fixed_seed_across_windows,2f0551386c3480bb7676746d2387490c7623e474170c111e7c0fa1238c421a97,401dcbb27ea88a966cfbca7cd8063507f41f826f89d3b05dacd3c216b5c5e53a,canayxps15,0.6666666666666666,1.0,0.5945945945945946,0.9956827123049432,1.0
electricity-temporal,hgb,5,0,shap,0.6295712484237075,0.3687153676582329,0.9974741116611016,0.3706682000010914,3172,100,1,bbe87735a98f61ec0d406e02eed4d6c88cde793c3d4455cc581032eabbc21384,907220deeb7890bf1a92e948bfca0e7152e865d53bb3c6f1d0b780e3df7c31f8,a56ffef72cbeddf7307b7ee6b0c7688b74b8aa965fce826079937135eb0a99a1,temporal-v2-raw-space-lime,v2-raw-lime-cell-keyed,raw_mixed_feature,window_position_keyed_crn,fixed_seed_across_windows,2f0551386c3480bb7676746d2387490c7623e474170c111e7c0fa1238c421a97,401dcbb27ea88a966cfbca7cd8063507f41f826f89d3b05dacd3c216b5c5e53a,canayxps15,1.0,1.0,1.0,0.9822550468644712,1.0
electricity-temporal,hgb,5,1,lime,0.6295712484237075,0.3687153676582329,0.9974741116611016,0.9980149999992136,3172,30,1,bbe87735a98f61ec0d406e02eed4d6c88cde793c3d4455cc581032eabbc21384,81575bbfd0366f4205581e7dfd6b5c0b5609391e7355b4dc1b9eb4f9654cd78e,a56ffef72cbeddf7307b7ee6b0c7688b74b8aa965fce826079937135eb0a99a1,temporal-v2-raw-space-lime,v2-raw-lime-cell-keyed,raw_mixed_feature,window_position_keyed_crn,fixed_seed_across_windows,2f0551386c3480bb7676746d2387490c7623e474170c111e7c0fa1238c421a97,401dcbb27ea88a966cfbca7cd8063507f41f826f89d3b05dacd3c216b5c5e53a,canayxps15,1.0,1.0,0.9761904761904764,0.9994752875410312,1.0
electricity-temporal,hgb,5,1,pi,0.6295712484237075,0.3687153676582329,0.9974741116611016,0.2395493000003625,3172,100,1,bbe87735a98f61ec0d406e02eed4d6c88cde793c3d4455cc581032eabbc21384,81575bbfd0366f4205581e7dfd6b5c0b5609391e7355b4dc1b9eb4f9654cd78e,a56ffef72cbeddf7307b7ee6b0c7688b74b8aa965fce826079937135eb0a99a1,temporal-v2-raw-space-lime,v2-raw-lime-cell-keyed,raw_mixed_feature,window_position_keyed_crn,fixed_seed_across_windows,2f0551386c3480bb7676746d2387490c7623e474170c111e7c0fa1238c421a97,401dcbb27ea88a966cfbca7cd8063507f41f826f89d3b05dacd3c216b5c5e53a,canayxps15,0.6666666666666666,1.0,0.027027027027027,0.9576614257343564,1.0
electricity-temporal,hgb,5,1,shap,0.6295712484237075,0.3687153676582329,0.9974741116611016,0.4612035999998625,3172,100,1,bbe87735a98f61ec0d406e02eed4d6c88cde793c3d4455cc581032eabbc21384,81575bbfd0366f4205581e7dfd6b5c0b5609391e7355b4dc1b9eb4f9654cd78e,a56ffef72cbeddf7307b7ee6b0c7688b74b8aa965fce826079937135eb0a99a1,temporal-v2-raw-space-lime,v2-raw-lime-cell-keyed,raw_mixed_feature,window_position_keyed_crn,fixed_seed_across_windows,2f0551386c3480bb7676746d2387490c7623e474170c111e7c0fa1238c421a97,401dcbb27ea88a966cfbca7cd8063507f41f826f89d3b05dacd3c216b5c5e53a,canayxps15,1.0,1.0,1.0,0.9814173657215384,1.0
electricity-temporal,hgb,5,2,lime,0.6295712484237075,0.3687153676582329,0.9974741116611016,0.6717713999987609,3172,30,1,bbe87735a98f61ec0d406e02eed4d6c88cde793c3d4455cc581032eabbc21384,e43de832e6a978e65b60edf2b629daa3e04f97ffabd07b7dee045bf37de9034e,a56ffef72cbeddf7307b7ee6b0c7688b74b8aa965fce826079937135eb0a99a1,temporal-v2-raw-space-lime,v2-raw-lime-cell-keyed,raw_mixed_feature,window_position_keyed_crn,fixed_seed_across_windows,2f0551386c3480bb7676746d2387490c7623e474170c111e7c0fa1238c421a97,401dcbb27ea88a966cfbca7cd8063507f41f826f89d3b05dacd3c216b5c5e53a,canayxps15,1.0,0.8,0.9047619047619048,0.999626534136841,1.0
electricity-temporal,hgb,5,2,pi,0.6295712484237075,0.3687153676582329,0.9974741116611016,0.1708075999995344,3172,100,1,bbe87735a98f61ec0d406e02eed4d6c88cde793c3d4455cc581032eabbc21384,e43de832e6a978e65b60edf2b629daa3e04f97ffabd07b7dee045bf37de9034e,a56ffef72cbeddf7307b7ee6b0c7688b74b8aa965fce826079937135eb0a99a1,temporal-v2-raw-space-lime,v2-raw-lime-cell-keyed,raw_mixed_feature,window_position_keyed_crn,fixed_seed_across_windows,2f0551386c3480bb7676746d2387490c7623e474170c111e7c0fa1238c421a97,401dcbb27ea88a966cfbca7cd8063507f41f826f89d3b05dacd3c216b5c5e53a,canayxps15,1.0,1.0,-0.2432432432432432,0.9260455958163966,0.3333333333333333
electricity-temporal,hgb,5,2,shap,0.6295712484237075,0.3687153676582329,0.9974741116611016,0.2851611000005505,3172,100,1,bbe87735a98f61ec0d406e02eed4d6c88cde793c3d4455cc581032eabbc21384,e43de832e6a978e65b60edf2b629daa3e04f97ffabd07b7dee045bf37de9034e,a56ffef72cbeddf7307b7ee6b0c7688b74b8aa965fce826079937135eb0a99a1,temporal-v2-raw-space-lime,v2-raw-lime-cell-keyed,raw_mixed_feature,window_position_keyed_crn,fixed_seed_across_windows,2f0551386c3480bb7676746d2387490c7623e474170c111e7c0fa1238c421a97,401dcbb27ea88a966cfbca7cd8063507f41f826f89d3b05dacd3c216b5c5e53a,canayxps15,1.0,1.0,1.0,0.983802286485012,1.0
electricity-temporal,hgb,5,3,lime,0.6295712484237075,0.3687153676582329,0.9974741116611016,0.8654468000004272,3172,30,1,bbe87735a98f61ec0d406e02eed4d6c88cde793c3d4455cc581032eabbc21384,71185343a496fca9f2e8d1da8f16a34caa96fc52b0d18d2c3a44c6947fee3a72,a56ffef72cbeddf7307b7ee6b0c7688b74b8aa965fce826079937135eb0a99a1,temporal-v2-raw-space-lime,v2-raw-lime-cell-keyed,raw_mixed_feature,window_position_keyed_crn,fixed_seed_across_windows,2f0551386c3480bb7676746d2387490c7623e474170c111e7c0fa1238c421a97,401dcbb27ea88a966cfbca7cd8063507f41f826f89d3b05dacd3c216b5c5e53a,canayxps15,1.0,1.0,0.9285714285714288,0.9989777911480462,1.0
electricity-temporal,hgb,5,3,pi,0.6295712484237075,0.3687153676582329,0.9974741116611016,0.2028480999997555,3172,100,1,bbe87735a98f61ec0d406e02eed4d6c88cde793c3d4455cc581032eabbc21384,71185343a496fca9f2e8d1da8f16a34caa96fc52b0d18d2c3a44c6947fee3a72,a56ffef72cbeddf7307b7ee6b0c7688b74b8aa965fce826079937135eb0a99a1,temporal-v2-raw-space-lime,v2-raw-lime-cell-keyed,raw_mixed_feature,window_position_keyed_crn,fixed_seed_across_windows,2f0551386c3480bb7676746d2387490c7623e474170c111e7c0fa1238c421a97,401dcbb27ea88a966cfbca7cd8063507f41f826f89d3b05dacd3c216b5c5e53a,canayxps15,1.0,1.0,0.3243243243243243,0.9806354562671612,1.0
electricity-temporal,hgb,5,3,shap,0.6295712484237075,0.3687153676582329,0.9974741116611016,0.3408363999988069,3172,100,1,bbe87735a98f61ec0d406e02eed4d6c88cde793c3d4455cc581032eabbc21384,71185343a496fca9f2e8d1da8f16a34caa96fc52b0d18d2c3a44c6947fee3a72,a56ffef72cbeddf7307b7ee6b0c7688b74b8aa965fce826079937135eb0a99a1,temporal-v2-raw-space-lime,v2-raw-lime-cell-keyed,raw_mixed_feature,window_position_keyed_crn,fixed_seed_across_windows,2f0551386c3480bb7676746d2387490c7623e474170c111e7c0fa1238c421a97,401dcbb27ea88a966cfbca7cd8063507f41f826f89d3b05dacd3c216b5c5e53a,canayxps15,1.0,1.0,1.0,0.982104967982484,1.0
electricity-temporal,hgb,5,4,lime,0.6295712484237075,0.3687153676582329,0.9974741116611016,0.9176932999998826,3172,30,1,bbe87735a98f61ec0d406e02eed4d6c88cde793c3d4455cc581032eabbc21384,219065060b02b4ae503572b3f2fd66057cab2302c7290997c904f2b1124d3319,a56ffef72cbeddf7307b7ee6b0c7688b74b8aa965fce826079937135eb0a99a1,temporal-v2-raw-space-lime,v2-raw-lime-cell-keyed,raw_mixed_feature,window_position_keyed_crn,fixed_seed_across_windows,2f0551386c3480bb7676746d2387490c7623e474170c111e7c0fa1238c421a97,401dcbb27ea88a966cfbca7cd8063507f41f826f89d3b05dacd3c216b5c5e53a,canayxps15,1.0,0.8,0.8571428571428572,0.9994814186653894,1.0
electricity-temporal,hgb,5,4,pi,0.6295712484237075,0.3687153676582329,0.9974741116611016,0.2234609999995882,3172,100,1,bbe87735a98f61ec0d406e02eed4d6c88cde793c3d4455cc581032eabbc21384,219065060b02b4ae503572b3f2fd66057cab2302c7290997c904f2b1124d3319,a56ffef72cbeddf7307b7ee6b0c7688b74b8aa965fce826079937135eb0a99a1,temporal-v2-raw-space-lime,v2-raw-lime-cell-keyed,raw_mixed_feature,window_position_keyed_crn,fixed_seed_across_windows,2f0551386c3480bb7676746d2387490c7623e474170c111e7c0fa1238c421a97,401dcbb27ea88a966cfbca7cd8063507f41f826f89d3b05dacd3c216b5c5e53a,canayxps15,0.6666666666666666,1.0,0.5945945945945946,0.995771532076948,1.0
electricity-temporal,hgb,5,4,shap,0.6295712484237075,0.3687153676582329,0.9974741116611016,0.255923900000198,3172,100,1,bbe87735a98f61ec0d406e02eed4d6c88cde793c3d4455cc581032eabbc21384,219065060b02b4ae503572b3f2fd66057cab2302c7290997c904f2b1124d3319,a56ffef72cbeddf7307b7ee6b0c7688b74b8aa965fce826079937135eb0a99a1,temporal-v2-raw-space-lime,v2-raw-lime-cell-keyed,raw_mixed_feature,window_position_keyed_crn,fixed_seed_across_windows,2f0551386c3480bb7676746d2387490c7623e474170c111e7c0fa1238c421a97,401dcbb27ea88a966cfbca7cd8063507f41f826f89d3b05dacd3c216b5c5e53a,canayxps15,1.0,1.0,1.0,0.9858844379984124,1.0
electricity-temporal,hgb,6,0,lime,0.601828499369483,0.3983689883756142,0.998443538360927,0.7333156999993662,3172,30,1,135fc514a1f7d8e2549db8ede06a0e3786bf20c9bafc753b279e2eaa026ab037,97a47da6fd701ae3526a216dd6ab10b1dbc388bcc21452d0b16081bb82b352f5,a56ffef72cbeddf7307b7ee6b0c7688b74b8aa965fce826079937135eb0a99a1,temporal-v2-raw-space-lime,v2-raw-lime-cell-keyed,raw_mixed_feature,window_position_keyed_crn,fixed_seed_across_windows,2f0551386c3480bb7676746d2387490c7623e474170c111e7c0fa1238c421a97,401dcbb27ea88a966cfbca7cd8063507f41f826f89d3b05dacd3c216b5c5e53a,canayxps15,0.6666666666666666,1.0,0.8333333333333335,0.9944056499683632,1.0
electricity-temporal,hgb,6,0,pi,0.601828499369483,0.3983689883756142,0.998443538360927,0.18793149999874,3172,100,1,135fc514a1f7d8e2549db8ede06a0e3786bf20c9bafc753b279e2eaa026ab037,97a47da6fd701ae3526a216dd6ab10b1dbc388bcc21452d0b16081bb82b352f5,a56ffef72cbeddf7307b7ee6b0c7688b74b8aa965fce826079937135eb0a99a1,temporal-v2-raw-space-lime,v2-raw-lime-cell-keyed,raw_mixed_feature,window_position_keyed_crn,fixed_seed_across_windows,2f0551386c3480bb7676746d2387490c7623e474170c111e7c0fa1238c421a97,401dcbb27ea88a966cfbca7cd8063507f41f826f89d3b05dacd3c216b5c5e53a,canayxps15,0.6666666666666666,1.0,0.027027027027027,0.6940522344719678,1.0
electricity-temporal,hgb,6,0,shap,0.601828499369483,0.3983689883756142,0.998443538360927,0.3062106999987009,3172,100,1,135fc514a1f7d8e2549db8ede06a0e3786bf20c9bafc753b279e2eaa026ab037,97a47da6fd701ae3526a216dd6ab10b1dbc388bcc21452d0b16081bb82b352f5,a56ffef72cbeddf7307b7ee6b0c7688b74b8aa965fce826079937135eb0a99a1,temporal-v2-raw-space-lime,v2-raw-lime-cell-keyed,raw_mixed_feature,window_position_keyed_crn,fixed_seed_across_windows,2f0551386c3480bb7676746d2387490c7623e474170c111e7c0fa1238c421a97,401dcbb27ea88a966cfbca7cd8063507f41f826f89d3b05dacd3c216b5c5e53a,canayxps15,1.0,1.0,1.0,0.9744963216222744,1.0
electricity-temporal,hgb,6,1,lime,0.601828499369483,0.3983689883756142,0.998443538360927,0.904948899998999,3172,30,1,135fc514a1f7d8e2549db8ede06a0e3786bf20c9bafc753b279e2eaa026ab037,d9f6e9338e8224b17dc909349636c602c20642073588d5f4e713062f184e75f7,a56ffef72cbeddf7307b7ee6b0c7688b74b8aa965fce826079937135eb0a99a1,temporal-v2-raw-space-lime,v2-raw-lime-cell-keyed,raw_mixed_feature,window_position_keyed_crn,fixed_seed_across_windows,2f0551386c3480bb7676746d2387490c7623e474170c111e7c0fa1238c421a97,401dcbb27ea88a966cfbca7cd8063507f41f826f89d3b05dacd3c216b5c5e53a,canayxps15,0.6666666666666666,0.8,0.6666666666666669,0.992137313179952,1.0
electricity-temporal,hgb,6,1,pi,0.601828499369483,0.3983689883756142,0.998443538360927,0.2136033999995561,3172,100,1,135fc514a1f7d8e2549db8ede06a0e3786bf20c9bafc753b279e2eaa026ab037,d9f6e9338e8224b17dc909349636c602c20642073588d5f4e713062f184e75f7,a56ffef72cbeddf7307b7ee6b0c7688b74b8aa965fce826079937135eb0a99a1,temporal-v2-raw-space-lime,v2-raw-lime-cell-keyed,raw_mixed_feature,window_position_keyed_crn,fixed_seed_across_windows,2f0551386c3480bb7676746d2387490c7623e474170c111e7c0fa1238c421a97,401dcbb27ea88a966cfbca7cd8063507f41f826f89d3b05dacd3c216b5c5e53a,canayxps15,0.6666666666666666,1.0,0.3243243243243243,0.5989694630944358,1.0
electricity-temporal,hgb,6,1,shap,0.601828499369483,0.3983689883756142,0.998443538360927,0.3279603999999381,3172,100,1,135fc514a1f7d8e2549db8ede06a0e3786bf20c9bafc753b279e2eaa026ab037,d9f6e9338e8224b17dc909349636c602c20642073588d5f4e713062f184e75f7,a56ffef72cbeddf7307b7ee6b0c7688b74b8aa965fce826079937135eb0a99a1,temporal-v2-raw-space-lime,v2-raw-lime-cell-keyed,raw_mixed_feature,window_position_keyed_crn,fixed_seed_across_windows,2f0551386c3480bb7676746d2387490c7623e474170c111e7c0fa1238c421a97,401dcbb27ea88a966cfbca7cd8063507f41f826f89d3b05dacd3c216b5c5e53a,canayxps15,1.0,1.0,1.0,0.9761261828538288,1.0
electricity-temporal,hgb,6,2,lime,0.601828499369483,0.3983689883756142,0.998443538360927,0.6651086000001669,3172,30,1,135fc514a1f7d8e2549db8ede06a0e3786bf20c9bafc753b279e2eaa026ab037,a3dac773412e74feec6497c1db447bddb7823c006c2b4d440d533e350bfa6117,a56ffef72cbeddf7307b7ee6b0c7688b74b8aa965fce826079937135eb0a99a1,temporal-v2-raw-space-lime,v2-raw-lime-cell-keyed,raw_mixed_feature,window_position_keyed_crn,fixed_seed_across_windows,2f0551386c3480bb7676746d2387490c7623e474170c111e7c0fa1238c421a97,401dcbb27ea88a966cfbca7cd8063507f41f826f89d3b05dacd3c216b5c5e53a,canayxps15,0.6666666666666666,0.8,0.7142857142857144,0.9951424999531474,1.0
electricity-temporal,hgb,6,2,pi,0.601828499369483,0.3983689883756142,0.998443538360927,0.1680311000000074,3172,100,1,135fc514a1f7d8e2549db8ede06a0e3786bf20c9bafc753b279e2eaa026ab037,a3dac773412e74feec6497c1db447bddb7823c006c2b4d440d533e350bfa6117,a56ffef72cbeddf7307b7ee6b0c7688b74b8aa965fce826079937135eb0a99a1,temporal-v2-raw-space-lime,v2-raw-lime-cell-keyed,raw_mixed_feature,window_position_keyed_crn,fixed_seed_across_windows,2f0551386c3480bb7676746d2387490c7623e474170c111e7c0fa1238c421a97,401dcbb27ea88a966cfbca7cd8063507f41f826f89d3b05dacd3c216b5c5e53a,canayxps15,1.0,1.0,-0.2432432432432432,0.5576185498353885,0.3333333333333333
electricity-temporal,hgb,6,2,shap,0.601828499369483,0.3983689883756142,0.998443538360927,0.2735041000014462,3172,100,1,135fc514a1f7d8e2549db8ede06a0e3786bf20c9bafc753b279e2eaa026ab037,a3dac773412e74feec6497c1db447bddb7823c006c2b4d440d533e350bfa6117,a56ffef72cbeddf7307b7ee6b0c7688b74b8aa965fce826079937135eb0a99a1,temporal-v2-raw-space-lime,v2-raw-lime-cell-keyed,raw_mixed_feature,window_position_keyed_crn,fixed_seed_across_windows,2f0551386c3480bb7676746d2387490c7623e474170c111e7c0fa1238c421a97,401dcbb27ea88a966cfbca7cd8063507f41f826f89d3b05dacd3c216b5c5e53a,canayxps15,1.0,1.0,1.0,0.9772020396825428,1.0
electricity-temporal,hgb,6,3,lime,0.601828499369483,0.3983689883756142,0.998443538360927,0.983309700000973,3172,30,1,135fc514a1f7d8e2549db8ede06a0e3786bf20c9bafc753b279e2eaa026ab037,3cf49b7e7cffdab664297639f2ca7da9135ed1245b43f4e979dc30b83b8b9dab,a56ffef72cbeddf7307b7ee6b0c7688b74b8aa965fce826079937135eb0a99a1,temporal-v2-raw-space-lime,v2-raw-lime-cell-keyed,raw_mixed_feature,window_position_keyed_crn,fixed_seed_across_windows,2f0551386c3480bb7676746d2387490c7623e474170c111e7c0fa1238c421a97,401dcbb27ea88a966cfbca7cd8063507f41f826f89d3b05dacd3c216b5c5e53a,canayxps15,0.6666666666666666,0.8,0.7142857142857144,0.99650461866054,1.0
electricity-temporal,hgb,6,3,pi,0.601828499369483,0.3983689883756142,0.998443538360927,0.2428875999994488,3172,100,1,135fc514a1f7d8e2549db8ede06a0e3786bf20c9bafc753b279e2eaa026ab037,3cf49b7e7cffdab664297639f2ca7da9135ed1245b43f4e979dc30b83b8b9dab,a56ffef72cbeddf7307b7ee6b0c7688b74b8aa965fce826079937135eb0a99a1,temporal-v2-raw-space-lime,v2-raw-lime-cell-keyed,raw_mixed_feature,window_position_keyed_crn,fixed_seed_across_windows,2f0551386c3480bb7676746d2387490c7623e474170c111e7c0fa1238c421a97,401dcbb27ea88a966cfbca7cd8063507f41f826f89d3b05dacd3c216b5c5e53a,canayxps15,0.6666666666666666,1.0,0.9189189189189187,0.525825796813347,1.0
electricity-temporal,hgb,6,3,shap,0.601828499369483,0.3983689883756142,0.998443538360927,0.3355926999993244,3172,100,1,135fc514a1f7d8e2549db8ede06a0e3786bf20c9bafc753b279e2eaa026ab037,3cf49b7e7cffdab664297639f2ca7da9135ed1245b43f4e979dc30b83b8b9dab,a56ffef72cbeddf7307b7ee6b0c7688b74b8aa965fce826079937135eb0a99a1,temporal-v2-raw-space-lime,v2-raw-lime-cell-keyed,raw_mixed_feature,window_position_keyed_crn,fixed_seed_across_windows,2f0551386c3480bb7676746d2387490c7623e474170c111e7c0fa1238c421a97,401dcbb27ea88a966cfbca7cd8063507f41f826f89d3b05dacd3c216b5c5e53a,canayxps15,1.0,1.0,1.0,0.9749448235583434,1.0
electricity-temporal,hgb,6,4,lime,0.601828499369483,0.3983689883756142,0.998443538360927,0.7244053000013082,3172,30,1,135fc514a1f7d8e2549db8ede06a0e3786bf20c9bafc753b279e2eaa026ab037,3733f857f3932b03d04d1fcda18b92f72661d472f194f59b02bf7db68ff3d9d2,a56ffef72cbeddf7307b7ee6b0c7688b74b8aa965fce826079937135eb0a99a1,temporal-v2-raw-space-lime,v2-raw-lime-cell-keyed,raw_mixed_feature,window_position_keyed_crn,fixed_seed_across_windows,2f0551386c3480bb7676746d2387490c7623e474170c111e7c0fa1238c421a97,401dcbb27ea88a966cfbca7cd8063507f41f826f89d3b05dacd3c216b5c5e53a,canayxps15,0.6666666666666666,0.8,0.380952380952381,0.9942007986356368,1.0
electricity-temporal,hgb,6,4,pi,0.601828499369483,0.3983689883756142,0.998443538360927,0.2789300000004004,3172,100,1,135fc514a1f7d8e2549db8ede06a0e3786bf20c9bafc753b279e2eaa026ab037,3733f857f3932b03d04d1fcda18b92f72661d472f194f59b02bf7db68ff3d9d2,a56ffef72cbeddf7307b7ee6b0c7688b74b8aa965fce826079937135eb0a99a1,temporal-v2-raw-space-lime,v2-raw-lime-cell-keyed,raw_mixed_feature,window_position_keyed_crn,fixed_seed_across_windows,2f0551386c3480bb7676746d2387490c7623e474170c111e7c0fa1238c421a97,401dcbb27ea88a966cfbca7cd8063507f41f826f89d3b05dacd3c216b5c5e53a,canayxps15,0.6666666666666666,1.0,0.945945945945946,0.6963486533027068,1.0
electricity-temporal,hgb,6,4,shap,0.601828499369483,0.3983689883756142,0.998443538360927,0.2218065000015485,3172,100,1,135fc514a1f7d8e2549db8ede06a0e3786bf20c9bafc753b279e2eaa026ab037,3733f857f3932b03d04d1fcda18b92f72661d472f194f59b02bf7db68ff3d9d2,a56ffef72cbeddf7307b7ee6b0c7688b74b8aa965fce826079937135eb0a99a1,temporal-v2-raw-space-lime,v2-raw-lime-cell-keyed,raw_mixed_feature,window_position_keyed_crn,fixed_seed_across_windows,2f0551386c3480bb7676746d2387490c7623e474170c111e7c0fa1238c421a97,401dcbb27ea88a966cfbca7cd8063507f41f826f89d3b05dacd3c216b5c5e53a,canayxps15,1.0,1.0,1.0,0.9805599362103208,1.0
electricity-temporal,hgb,7,0,lime,0.6557377049180327,0.3433300126078037,0.9968639994518677,0.9171086999995168,3172,30,1,21be2dca3e2d0b609370266074332862a6eb49de974bfbef3105d00cc5fea7da,d2a117ff8a2e56572123ba6e5d706cb8f43cc905cec96f3db6112a673d2a8c68,a56ffef72cbeddf7307b7ee6b0c7688b74b8aa965fce826079937135eb0a99a1,temporal-v2-raw-space-lime,v2-raw-lime-cell-keyed,raw_mixed_feature,window_position_keyed_crn,fixed_seed_across_windows,2f0551386c3480bb7676746d2387490c7623e474170c111e7c0fa1238c421a97,401dcbb27ea88a966cfbca7cd8063507f41f826f89d3b05dacd3c216b5c5e53a,canayxps15,0.6666666666666666,1.0,0.8333333333333335,0.9941614187910524,1.0
electricity-temporal,hgb,7,0,pi,0.6557377049180327,0.3433300126078037,0.9968639994518677,0.214374700000917,3172,100,1,21be2dca3e2d0b609370266074332862a6eb49de974bfbef3105d00cc5fea7da,d2a117ff8a2e56572123ba6e5d706cb8f43cc905cec96f3db6112a673d2a8c68,a56ffef72cbeddf7307b7ee6b0c7688b74b8aa965fce826079937135eb0a99a1,temporal-v2-raw-space-lime,v2-raw-lime-cell-keyed,raw_mixed_feature,window_position_keyed_crn,fixed_seed_across_windows,2f0551386c3480bb7676746d2387490c7623e474170c111e7c0fa1238c421a97,401dcbb27ea88a966cfbca7cd8063507f41f826f89d3b05dacd3c216b5c5e53a,canayxps15,1.0,1.0,0.9729729729729728,0.7842837120595253,1.0
electricity-temporal,hgb,7,0,shap,0.6557377049180327,0.3433300126078037,0.9968639994518677,0.3466711999990366,3172,100,1,21be2dca3e2d0b609370266074332862a6eb49de974bfbef3105d00cc5fea7da,d2a117ff8a2e56572123ba6e5d706cb8f43cc905cec96f3db6112a673d2a8c68,a56ffef72cbeddf7307b7ee6b0c7688b74b8aa965fce826079937135eb0a99a1,temporal-v2-raw-space-lime,v2-raw-lime-cell-keyed,raw_mixed_feature,window_position_keyed_crn,fixed_seed_across_windows,2f0551386c3480bb7676746d2387490c7623e474170c111e7c0fa1238c421a97,401dcbb27ea88a966cfbca7cd8063507f41f826f89d3b05dacd3c216b5c5e53a,canayxps15,1.0,1.0,1.0,0.9760736957014736,1.0
electricity-temporal,hgb,7,1,lime,0.6557377049180327,0.3433300126078037,0.9968639994518677,0.943103899999187,3172,30,1,21be2dca3e2d0b609370266074332862a6eb49de974bfbef3105d00cc5fea7da,9b33a96f1f2b77c326070ead9ea4bc5e5b3c4c6e2cccc655eb7a7fd497dc7ae8,a56ffef72cbeddf7307b7ee6b0c7688b74b8aa965fce826079937135eb0a99a1,temporal-v2-raw-space-lime,v2-raw-lime-cell-keyed,raw_mixed_feature,window_position_keyed_crn,fixed_seed_across_windows,2f0551386c3480bb7676746d2387490c7623e474170c111e7c0fa1238c421a97,401dcbb27ea88a966cfbca7cd8063507f41f826f89d3b05dacd3c216b5c5e53a,canayxps15,0.6666666666666666,0.8,0.4047619047619048,0.9937242104353674,1.0
electricity-temporal,hgb,7,1,pi,0.6557377049180327,0.3433300126078037,0.9968639994518677,0.2504443999987416,3172,100,1,21be2dca3e2d0b609370266074332862a6eb49de974bfbef3105d00cc5fea7da,9b33a96f1f2b77c326070ead9ea4bc5e5b3c4c6e2cccc655eb7a7fd497dc7ae8,a56ffef72cbeddf7307b7ee6b0c7688b74b8aa965fce826079937135eb0a99a1,temporal-v2-raw-space-lime,v2-raw-lime-cell-keyed,raw_mixed_feature,window_position_keyed_crn,fixed_seed_across_windows,2f0551386c3480bb7676746d2387490c7623e474170c111e7c0fa1238c421a97,401dcbb27ea88a966cfbca7cd8063507f41f826f89d3b05dacd3c216b5c5e53a,canayxps15,0.6666666666666666,1.0,0.027027027027027,0.8853233425436223,0.5
electricity-temporal,hgb,7,1,shap,0.6557377049180327,0.3433300126078037,0.9968639994518677,0.3717077999990579,3172,100,1,21be2dca3e2d0b609370266074332862a6eb49de974bfbef3105d00cc5fea7da,9b33a96f1f2b77c326070ead9ea4bc5e5b3c4c6e2cccc655eb7a7fd497dc7ae8,a56ffef72cbeddf7307b7ee6b0c7688b74b8aa965fce826079937135eb0a99a1,temporal-v2-raw-space-lime,v2-raw-lime-cell-keyed,raw_mixed_feature,window_position_keyed_crn,fixed_seed_across_windows,2f0551386c3480bb7676746d2387490c7623e474170c111e7c0fa1238c421a97,401dcbb27ea88a966cfbca7cd8063507f41f826f89d3b05dacd3c216b5c5e53a,canayxps15,1.0,1.0,1.0,0.978689599566237,1.0
electricity-temporal,hgb,7,2,lime,0.6557377049180327,0.3433300126078037,0.9968639994518677,0.8033426000001782,3172,30,1,21be2dca3e2d0b609370266074332862a6eb49de974bfbef3105d00cc5fea7da,0cc30cb61b342c7ebc0e3cff01f7acbdad8bee0600667ca371dd11df37fd1205,a56ffef72cbeddf7307b7ee6b0c7688b74b8aa965fce826079937135eb0a99a1,temporal-v2-raw-space-lime,v2-raw-lime-cell-keyed,raw_mixed_feature,window_position_keyed_crn,fixed_seed_across_windows,2f0551386c3480bb7676746d2387490c7623e474170c111e7c0fa1238c421a97,401dcbb27ea88a966cfbca7cd8063507f41f826f89d3b05dacd3c216b5c5e53a,canayxps15,0.6666666666666666,0.8,0.6190476190476191,0.9947654384690766,1.0
electricity-temporal,hgb,7,2,pi,0.6557377049180327,0.3433300126078037,0.9968639994518677,0.2025357000002259,3172,100,1,21be2dca3e2d0b609370266074332862a6eb49de974bfbef3105d00cc5fea7da,0cc30cb61b342c7ebc0e3cff01f7acbdad8bee0600667ca371dd11df37fd1205,a56ffef72cbeddf7307b7ee6b0c7688b74b8aa965fce826079937135eb0a99a1,temporal-v2-raw-space-lime,v2-raw-lime-cell-keyed,raw_mixed_feature,window_position_keyed_crn,fixed_seed_across_windows,2f0551386c3480bb7676746d2387490c7623e474170c111e7c0fa1238c421a97,401dcbb27ea88a966cfbca7cd8063507f41f826f89d3b05dacd3c216b5c5e53a,canayxps15,1.0,1.0,1.0,0.981730118003702,1.0
electricity-temporal,hgb,7,2,shap,0.6557377049180327,0.3433300126078037,0.9968639994518677,0.2852998999987903,3172,100,1,21be2dca3e2d0b609370266074332862a6eb49de974bfbef3105d00cc5fea7da,0cc30cb61b342c7ebc0e3cff01f7acbdad8bee0600667ca371dd11df37fd1205,a56ffef72cbeddf7307b7ee6b0c7688b74b8aa965fce826079937135eb0a99a1,temporal-v2-raw-space-lime,v2-raw-lime-cell-keyed,raw_mixed_feature,window_position_keyed_crn,fixed_seed_across_windows,2f0551386c3480bb7676746d2387490c7623e474170c111e7c0fa1238c421a97,401dcbb27ea88a966cfbca7cd8063507f41f826f89d3b05dacd3c216b5c5e53a,canayxps15,1.0,1.0,1.0,0.979225746545302,1.0
electricity-temporal,hgb,7,3,lime,0.6557377049180327,0.3433300126078037,0.9968639994518677,0.8586912999999186,3172,30,1,21be2dca3e2d0b609370266074332862a6eb49de974bfbef3105d00cc5fea7da,bdc7549f75d1ee84f34817965238e144845aaa65ce14764a9e11c15ae31eab8c,a56ffef72cbeddf7307b7ee6b0c7688b74b8aa965fce826079937135eb0a99a1,temporal-v2-raw-space-lime,v2-raw-lime-cell-keyed,raw_mixed_feature,window_position_keyed_crn,fixed_seed_across_windows,2f0551386c3480bb7676746d2387490c7623e474170c111e7c0fa1238c421a97,401dcbb27ea88a966cfbca7cd8063507f41f826f89d3b05dacd3c216b5c5e53a,canayxps15,0.6666666666666666,0.8,0.7380952380952381,0.9950328600162388,1.0
electricity-temporal,hgb,7,3,pi,0.6557377049180327,0.3433300126078037,0.9968639994518677,0.1899140999994415,3172,100,1,21be2dca3e2d0b609370266074332862a6eb49de974bfbef3105d00cc5fea7da,bdc7549f75d1ee84f34817965238e144845aaa65ce14764a9e11c15ae31eab8c,a56ffef72cbeddf7307b7ee6b0c7688b74b8aa965fce826079937135eb0a99a1,temporal-v2-raw-space-lime,v2-raw-lime-cell-keyed,raw_mixed_feature,window_position_keyed_crn,fixed_seed_across_windows,2f0551386c3480bb7676746d2387490c7623e474170c111e7c0fa1238c421a97,401dcbb27ea88a966cfbca7cd8063507f41f826f89d3b05dacd3c216b5c5e53a,canayxps15,1.0,1.0,0.027027027027027,0.9347469441913492,1.0
electricity-temporal,hgb,7,3,shap,0.6557377049180327,0.3433300126078037,0.9968639994518677,0.3318799000007857,3172,100,1,21be2dca3e2d0b609370266074332862a6eb49de974bfbef3105d00cc5fea7da,bdc7549f75d1ee84f34817965238e144845aaa65ce14764a9e11c15ae31eab8c,a56ffef72cbeddf7307b7ee6b0c7688b74b8aa965fce826079937135eb0a99a1,temporal-v2-raw-space-lime,v2-raw-lime-cell-keyed,raw_mixed_feature,window_position_keyed_crn,fixed_seed_across_windows,2f0551386c3480bb7676746d2387490c7623e474170c111e7c0fa1238c421a97,401dcbb27ea88a966cfbca7cd8063507f41f826f89d3b05dacd3c216b5c5e53a,canayxps15,1.0,1.0,1.0,0.9753217075233404,1.0
electricity-temporal,hgb,7,4,lime,0.6557377049180327,0.3433300126078037,0.9968639994518677,0.9065221000000748,3172,30,1,21be2dca3e2d0b609370266074332862a6eb49de974bfbef3105d00cc5fea7da,189f8592d02c276316ac00119b6b999038792e297d7e853393e87b47cbb75b12,a56ffef72cbeddf7307b7ee6b0c7688b74b8aa965fce826079937135eb0a99a1,temporal-v2-raw-space-lime,v2-raw-lime-cell-keyed,raw_mixed_feature,window_position_keyed_crn,fixed_seed_across_windows,2f0551386c3480bb7676746d2387490c7623e474170c111e7c0fa1238c421a97,401dcbb27ea88a966cfbca7cd8063507f41f826f89d3b05dacd3c216b5c5e53a,canayxps15,0.6666666666666666,0.8,0.523809523809524,0.9958314732365742,1.0
electricity-temporal,hgb,7,4,pi,0.6557377049180327,0.3433300126078037,0.9968639994518677,0.2465520999994623,3172,100,1,21be2dca3e2d0b609370266074332862a6eb49de974bfbef3105d00cc5fea7da,189f8592d02c276316ac00119b6b999038792e297d7e853393e87b47cbb75b12,a56ffef72cbeddf7307b7ee6b0c7688b74b8aa965fce826079937135eb0a99a1,temporal-v2-raw-space-lime,v2-raw-lime-cell-keyed,raw_mixed_feature,window_position_keyed_crn,fixed_seed_across_windows,2f0551386c3480bb7676746d2387490c7623e474170c111e7c0fa1238c421a97,401dcbb27ea88a966cfbca7cd8063507f41f826f89d3b05dacd3c216b5c5e53a,canayxps15,0.6666666666666666,1.0,0.054054054054054,0.8301655911680572,1.0
electricity-temporal,hgb,7,4,shap,0.6557377049180327,0.3433300126078037,0.9968639994518677,0.3065477000000101,3172,100,1,21be2dca3e2d0b609370266074332862a6eb49de974bfbef3105d00cc5fea7da,189f8592d02c276316ac00119b6b999038792e297d7e853393e87b47cbb75b12,a56ffef72cbeddf7307b7ee6b0c7688b74b8aa965fce826079937135eb0a99a1,temporal-v2-raw-space-lime,v2-raw-lime-cell-keyed,raw_mixed_feature,window_position_keyed_crn,fixed_seed_across_windows,2f0551386c3480bb7676746d2387490c7623e474170c111e7c0fa1238c421a97,401dcbb27ea88a966cfbca7cd8063507f41f826f89d3b05dacd3c216b5c5e53a,canayxps15,1.0,1.0,1.0,0.9812691202159532,1.0
electricity-temporal,hgb,8,0,lime,0.8073770491803278,0.1708605979121802,0.9754024668244076,1.096154300001217,3172,30,1,be3ebb652f2fe028642011afb7b3eff9185212509cb43fdbafee3d386e26235e,9712345db9bb1ba2dcc63de755f30d7ded1c078bb5128dd89ba73d55f2900fce,a56ffef72cbeddf7307b7ee6b0c7688b74b8aa965fce826079937135eb0a99a1,temporal-v2-raw-space-lime,v2-raw-lime-cell-keyed,raw_mixed_feature,window_position_keyed_crn,fixed_seed_across_windows,2f0551386c3480bb7676746d2387490c7623e474170c111e7c0fa1238c421a97,401dcbb27ea88a966cfbca7cd8063507f41f826f89d3b05dacd3c216b5c5e53a,canayxps15,0.6666666666666666,0.6,0.4523809523809524,0.9923197512613808,1.0
electricity-temporal,hgb,8,0,pi,0.8073770491803278,0.1708605979121802,0.9754024668244076,0.3454987999994046,3172,100,1,be3ebb652f2fe028642011afb7b3eff9185212509cb43fdbafee3d386e26235e,9712345db9bb1ba2dcc63de755f30d7ded1c078bb5128dd89ba73d55f2900fce,a56ffef72cbeddf7307b7ee6b0c7688b74b8aa965fce826079937135eb0a99a1,temporal-v2-raw-space-lime,v2-raw-lime-cell-keyed,raw_mixed_feature,window_position_keyed_crn,fixed_seed_across_windows,2f0551386c3480bb7676746d2387490c7623e474170c111e7c0fa1238c421a97,401dcbb27ea88a966cfbca7cd8063507f41f826f89d3b05dacd3c216b5c5e53a,canayxps15,1.0,1.0,0.027027027027027,0.9963619669248072,1.0
electricity-temporal,hgb,8,0,shap,0.8073770491803278,0.1708605979121802,0.9754024668244076,0.4751849999993283,3172,100,1,be3ebb652f2fe028642011afb7b3eff9185212509cb43fdbafee3d386e26235e,9712345db9bb1ba2dcc63de755f30d7ded1c078bb5128dd89ba73d55f2900fce,a56ffef72cbeddf7307b7ee6b0c7688b74b8aa965fce826079937135eb0a99a1,temporal-v2-raw-space-lime,v2-raw-lime-cell-keyed,raw_mixed_feature,window_position_keyed_crn,fixed_seed_across_windows,2f0551386c3480bb7676746d2387490c7623e474170c111e7c0fa1238c421a97,401dcbb27ea88a966cfbca7cd8063507f41f826f89d3b05dacd3c216b5c5e53a,canayxps15,1.0,1.0,1.0,0.985443742396451,1.0
electricity-temporal,hgb,8,1,lime,0.8073770491803278,0.1708605979121802,0.9754024668244076,0.8910526999989088,3172,30,1,be3ebb652f2fe028642011afb7b3eff9185212509cb43fdbafee3d386e26235e,c738c3e43718045c5a53ec942b6a652721674d33387573f7a18ae5520199dd10,a56ffef72cbeddf7307b7ee6b0c7688b74b8aa965fce826079937135eb0a99a1,temporal-v2-raw-space-lime,v2-raw-lime-cell-keyed,raw_mixed_feature,window_position_keyed_crn,fixed_seed_across_windows,2f0551386c3480bb7676746d2387490c7623e474170c111e7c0fa1238c421a97,401dcbb27ea88a966cfbca7cd8063507f41f826f89d3b05dacd3c216b5c5e53a,canayxps15,0.6666666666666666,0.8,0.7619047619047621,0.9937695101918008,1.0
electricity-temporal,hgb,8,1,pi,0.8073770491803278,0.1708605979121802,0.9754024668244076,0.2236998999997013,3172,100,1,be3ebb652f2fe028642011afb7b3eff9185212509cb43fdbafee3d386e26235e,c738c3e43718045c5a53ec942b6a652721674d33387573f7a18ae5520199dd10,a56ffef72cbeddf7307b7ee6b0c7688b74b8aa965fce826079937135eb0a99a1,temporal-v2-raw-space-lime,v2-raw-lime-cell-keyed,raw_mixed_feature,window_position_keyed_crn,fixed_seed_across_windows,2f0551386c3480bb7676746d2387490c7623e474170c111e7c0fa1238c421a97,401dcbb27ea88a966cfbca7cd8063507f41f826f89d3b05dacd3c216b5c5e53a,canayxps15,1.0,1.0,0.027027027027027,0.969656317606166,0.5
electricity-temporal,hgb,8,1,shap,0.8073770491803278,0.1708605979121802,0.9754024668244076,0.3194662999994762,3172,100,1,be3ebb652f2fe028642011afb7b3eff9185212509cb43fdbafee3d386e26235e,c738c3e43718045c5a53ec942b6a652721674d33387573f7a18ae5520199dd10,a56ffef72cbeddf7307b7ee6b0c7688b74b8aa965fce826079937135eb0a99a1,temporal-v2-raw-space-lime,v2-raw-lime-cell-keyed,raw_mixed_feature,window_position_keyed_crn,fixed_seed_across_windows,2f0551386c3480bb7676746d2387490c7623e474170c111e7c0fa1238c421a97,401dcbb27ea88a966cfbca7cd8063507f41f826f89d3b05dacd3c216b5c5e53a,canayxps15,1.0,1.0,1.0,0.9821345413481324,1.0
electricity-temporal,hgb,8,2,lime,0.8073770491803278,0.1708605979121802,0.9754024668244076,0.8041739000000234,3172,30,1,be3ebb652f2fe028642011afb7b3eff9185212509cb43fdbafee3d386e26235e,7baf73caf2065b5940eb65eb7779ed1dc84b5cb9947839de12e964e4c1c037d0,a56ffef72cbeddf7307b7ee6b0c7688b74b8aa965fce826079937135eb0a99a1,temporal-v2-raw-space-lime,v2-raw-lime-cell-keyed,raw_mixed_feature,window_position_keyed_crn,fixed_seed_across_windows,2f0551386c3480bb7676746d2387490c7623e474170c111e7c0fa1238c421a97,401dcbb27ea88a966cfbca7cd8063507f41f826f89d3b05dacd3c216b5c5e53a,canayxps15,0.6666666666666666,0.8,0.6190476190476191,0.9943161832503136,1.0
electricity-temporal,hgb,8,2,pi,0.8073770491803278,0.1708605979121802,0.9754024668244076,0.1911283000008552,3172,100,1,be3ebb652f2fe028642011afb7b3eff9185212509cb43fdbafee3d386e26235e,7baf73caf2065b5940eb65eb7779ed1dc84b5cb9947839de12e964e4c1c037d0,a56ffef72cbeddf7307b7ee6b0c7688b74b8aa965fce826079937135eb0a99a1,temporal-v2-raw-space-lime,v2-raw-lime-cell-keyed,raw_mixed_feature,window_position_keyed_crn,fixed_seed_across_windows,2f0551386c3480bb7676746d2387490c7623e474170c111e7c0fa1238c421a97,401dcbb27ea88a966cfbca7cd8063507f41f826f89d3b05dacd3c216b5c5e53a,canayxps15,1.0,1.0,0.5945945945945946,0.9908440743364236,0.6666666666666666
electricity-temporal,hgb,8,2,shap,0.8073770491803278,0.1708605979121802,0.9754024668244076,0.3169903999987582,3172,100,1,be3ebb652f2fe028642011afb7b3eff9185212509cb43fdbafee3d386e26235e,7baf73caf2065b5940eb65eb7779ed1dc84b5cb9947839de12e964e4c1c037d0,a56ffef72cbeddf7307b7ee6b0c7688b74b8aa965fce826079937135eb0a99a1,temporal-v2-raw-space-lime,v2-raw-lime-cell-keyed,raw_mixed_feature,window_position_keyed_crn,fixed_seed_across_windows,2f0551386c3480bb7676746d2387490c7623e474170c111e7c0fa1238c421a97,401dcbb27ea88a966cfbca7cd8063507f41f826f89d3b05dacd3c216b5c5e53a,canayxps15,1.0,1.0,0.975,0.9871883325336388,1.0
electricity-temporal,hgb,8,3,lime,0.8073770491803278,0.1708605979121802,0.9754024668244076,0.8309709000004659,3172,30,1,be3ebb652f2fe028642011afb7b3eff9185212509cb43fdbafee3d386e26235e,f53b8d54151ec17923373e8f56f4a7c0add4b8b9b52ae11de438afad00510d6a,a56ffef72cbeddf7307b7ee6b0c7688b74b8aa965fce826079937135eb0a99a1,temporal-v2-raw-space-lime,v2-raw-lime-cell-keyed,raw_mixed_feature,window_position_keyed_crn,fixed_seed_across_windows,2f0551386c3480bb7676746d2387490c7623e474170c111e7c0fa1238c421a97,401dcbb27ea88a966cfbca7cd8063507f41f826f89d3b05dacd3c216b5c5e53a,canayxps15,0.6666666666666666,0.8,0.7619047619047621,0.9951638711615431,1.0
electricity-temporal,hgb,8,3,pi,0.8073770491803278,0.1708605979121802,0.9754024668244076,0.2435490000007121,3172,100,1,be3ebb652f2fe028642011afb7b3eff9185212509cb43fdbafee3d386e26235e,f53b8d54151ec17923373e8f56f4a7c0add4b8b9b52ae11de438afad00510d6a,a56ffef72cbeddf7307b7ee6b0c7688b74b8aa965fce826079937135eb0a99a1,temporal-v2-raw-space-lime,v2-raw-lime-cell-keyed,raw_mixed_feature,window_position_keyed_crn,fixed_seed_across_windows,2f0551386c3480bb7676746d2387490c7623e474170c111e7c0fa1238c421a97,401dcbb27ea88a966cfbca7cd8063507f41f826f89d3b05dacd3c216b5c5e53a,canayxps15,0.6666666666666666,1.0,0.9729729729729728,0.99864476808963,1.0
electricity-temporal,hgb,8,3,shap,0.8073770491803278,0.1708605979121802,0.9754024668244076,0.3064242999989801,3172,100,1,be3ebb652f2fe028642011afb7b3eff9185212509cb43fdbafee3d386e26235e,f53b8d54151ec17923373e8f56f4a7c0add4b8b9b52ae11de438afad00510d6a,a56ffef72cbeddf7307b7ee6b0c7688b74b8aa965fce826079937135eb0a99a1,temporal-v2-raw-space-lime,v2-raw-lime-cell-keyed,raw_mixed_feature,window_position_keyed_crn,fixed_seed_across_windows,2f0551386c3480bb7676746d2387490c7623e474170c111e7c0fa1238c421a97,401dcbb27ea88a966cfbca7cd8063507f41f826f89d3b05dacd3c216b5c5e53a,canayxps15,1.0,1.0,0.975,0.9845493025231736,1.0
electricity-temporal,hgb,8,4,lime,0.8073770491803278,0.1708605979121802,0.9754024668244076,0.9217800000005808,3172,30,1,be3ebb652f2fe028642011afb7b3eff9185212509cb43fdbafee3d386e26235e,4e9b94e573141e08b0d64de0cec76404b0cf9225bf5103f89b09f93c0b20157d,a56ffef72cbeddf7307b7ee6b0c7688b74b8aa965fce826079937135eb0a99a1,temporal-v2-raw-space-lime,v2-raw-lime-cell-keyed,raw_mixed_feature,window_position_keyed_crn,fixed_seed_across_windows,2f0551386c3480bb7676746d2387490c7623e474170c111e7c0fa1238c421a97,401dcbb27ea88a966cfbca7cd8063507f41f826f89d3b05dacd3c216b5c5e53a,canayxps15,0.6666666666666666,0.8,0.3571428571428572,0.9936216708466536,1.0
electricity-temporal,hgb,8,4,pi,0.8073770491803278,0.1708605979121802,0.9754024668244076,0.2892761000002792,3172,100,1,be3ebb652f2fe028642011afb7b3eff9185212509cb43fdbafee3d386e26235e,4e9b94e573141e08b0d64de0cec76404b0cf9225bf5103f89b09f93c0b20157d,a56ffef72cbeddf7307b7ee6b0c7688b74b8aa965fce826079937135eb0a99a1,temporal-v2-raw-space-lime,v2-raw-lime-cell-keyed,raw_mixed_feature,window_position_keyed_crn,fixed_seed_across_windows,2f0551386c3480bb7676746d2387490c7623e474170c111e7c0fa1238c421a97,401dcbb27ea88a966cfbca7cd8063507f41f826f89d3b05dacd3c216b5c5e53a,canayxps15,0.6666666666666666,1.0,-0.2162162162162162,0.998694722527086,1.0
electricity-temporal,hgb,8,4,shap,0.8073770491803278,0.1708605979121802,0.9754024668244076,0.2794344000012643,3172,100,1,be3ebb652f2fe028642011afb7b3eff9185212509cb43fdbafee3d386e26235e,4e9b94e573141e08b0d64de0cec76404b0cf9225bf5103f89b09f93c0b20157d,a56ffef72cbeddf7307b7ee6b0c7688b74b8aa965fce826079937135eb0a99a1,temporal-v2-raw-space-lime,v2-raw-lime-cell-keyed,raw_mixed_feature,window_position_keyed_crn,fixed_seed_across_windows,2f0551386c3480bb7676746d2387490c7623e474170c111e7c0fa1238c421a97,401dcbb27ea88a966cfbca7cd8063507f41f826f89d3b05dacd3c216b5c5e53a,canayxps15,1.0,1.0,0.975,0.990892144397326,1.0
electricity-temporal,hgb,9,0,lime,0.8559268600252207,0.1047694004200131,0.9543837128041994,0.6989712000013242,3172,30,1,336ad2466db122a5c852d07c2a5e32aad62937f93c5683eea7ef13f64ce5d60c,c6332e1fa90de0456b7059c51a5d51209274883f2052c05caed2d2cc84bc3d59,a56ffef72cbeddf7307b7ee6b0c7688b74b8aa965fce826079937135eb0a99a1,temporal-v2-raw-space-lime,v2-raw-lime-cell-keyed,raw_mixed_feature,window_position_keyed_crn,fixed_seed_across_windows,2f0551386c3480bb7676746d2387490c7623e474170c111e7c0fa1238c421a97,401dcbb27ea88a966cfbca7cd8063507f41f826f89d3b05dacd3c216b5c5e53a,canayxps15,0.6666666666666666,1.0,0.8333333333333335,0.9920185908090294,1.0
electricity-temporal,hgb,9,0,pi,0.8559268600252207,0.1047694004200131,0.9543837128041994,0.1826614999990852,3172,100,1,336ad2466db122a5c852d07c2a5e32aad62937f93c5683eea7ef13f64ce5d60c,c6332e1fa90de0456b7059c51a5d51209274883f2052c05caed2d2cc84bc3d59,a56ffef72cbeddf7307b7ee6b0c7688b74b8aa965fce826079937135eb0a99a1,temporal-v2-raw-space-lime,v2-raw-lime-cell-keyed,raw_mixed_feature,window_position_keyed_crn,fixed_seed_across_windows,2f0551386c3480bb7676746d2387490c7623e474170c111e7c0fa1238c421a97,401dcbb27ea88a966cfbca7cd8063507f41f826f89d3b05dacd3c216b5c5e53a,canayxps15,1.0,1.0,0.5945945945945946,0.9984941707228264,1.0
electricity-temporal,hgb,9,0,shap,0.8559268600252207,0.1047694004200131,0.9543837128041994,0.2385962000007566,3172,100,1,336ad2466db122a5c852d07c2a5e32aad62937f93c5683eea7ef13f64ce5d60c,c6332e1fa90de0456b7059c51a5d51209274883f2052c05caed2d2cc84bc3d59,a56ffef72cbeddf7307b7ee6b0c7688b74b8aa965fce826079937135eb0a99a1,temporal-v2-raw-space-lime,v2-raw-lime-cell-keyed,raw_mixed_feature,window_position_keyed_crn,fixed_seed_across_windows,2f0551386c3480bb7676746d2387490c7623e474170c111e7c0fa1238c421a97,401dcbb27ea88a966cfbca7cd8063507f41f826f89d3b05dacd3c216b5c5e53a,canayxps15,1.0,1.0,1.0,0.99428400715016,1.0
electricity-temporal,hgb,9,1,lime,0.8559268600252207,0.1047694004200131,0.9543837128041994,0.8420408999991196,3172,30,1,336ad2466db122a5c852d07c2a5e32aad62937f93c5683eea7ef13f64ce5d60c,f3e352490ea4eb56eaa5c3e787ff04be3b9173a5b8278ae72d636bc692ad46a8,a56ffef72cbeddf7307b7ee6b0c7688b74b8aa965fce826079937135eb0a99a1,temporal-v2-raw-space-lime,v2-raw-lime-cell-keyed,raw_mixed_feature,window_position_keyed_crn,fixed_seed_across_windows,2f0551386c3480bb7676746d2387490c7623e474170c111e7c0fa1238c421a97,401dcbb27ea88a966cfbca7cd8063507f41f826f89d3b05dacd3c216b5c5e53a,canayxps15,0.6666666666666666,1.0,0.9047619047619048,0.9931962087648376,1.0
electricity-temporal,hgb,9,1,pi,0.8559268600252207,0.1047694004200131,0.9543837128041994,0.2351466000000073,3172,100,1,336ad2466db122a5c852d07c2a5e32aad62937f93c5683eea7ef13f64ce5d60c,f3e352490ea4eb56eaa5c3e787ff04be3b9173a5b8278ae72d636bc692ad46a8,a56ffef72cbeddf7307b7ee6b0c7688b74b8aa965fce826079937135eb0a99a1,temporal-v2-raw-space-lime,v2-raw-lime-cell-keyed,raw_mixed_feature,window_position_keyed_crn,fixed_seed_across_windows,2f0551386c3480bb7676746d2387490c7623e474170c111e7c0fa1238c421a97,401dcbb27ea88a966cfbca7cd8063507f41f826f89d3b05dacd3c216b5c5e53a,canayxps15,1.0,1.0,0.5945945945945946,0.9922215067336344,1.0
electricity-temporal,hgb,9,1,shap,0.8559268600252207,0.1047694004200131,0.9543837128041994,0.3304119000003993,3172,100,1,336ad2466db122a5c852d07c2a5e32aad62937f93c5683eea7ef13f64ce5d60c,f3e352490ea4eb56eaa5c3e787ff04be3b9173a5b8278ae72d636bc692ad46a8,a56ffef72cbeddf7307b7ee6b0c7688b74b8aa965fce826079937135eb0a99a1,temporal-v2-raw-space-lime,v2-raw-lime-cell-keyed,raw_mixed_feature,window_position_keyed_crn,fixed_seed_across_windows,2f0551386c3480bb7676746d2387490c7623e474170c111e7c0fa1238c421a97,401dcbb27ea88a966cfbca7cd8063507f41f826f89d3b05dacd3c216b5c5e53a,canayxps15,1.0,1.0,1.0,0.9946512965894766,1.0
electricity-temporal,hgb,9,2,lime,0.8559268600252207,0.1047694004200131,0.9543837128041994,0.697601100000611,3172,30,1,336ad2466db122a5c852d07c2a5e32aad62937f93c5683eea7ef13f64ce5d60c,5b93e3f6a28270020745ddeab8e8c28abba41dd54b83b7f97157088e33518471,a56ffef72cbeddf7307b7ee6b0c7688b74b8aa965fce826079937135eb0a99a1,temporal-v2-raw-space-lime,v2-raw-lime-cell-keyed,raw_mixed_feature,window_position_keyed_crn,fixed_seed_across_windows,2f0551386c3480bb7676746d2387490c7623e474170c111e7c0fa1238c421a97,401dcbb27ea88a966cfbca7cd8063507f41f826f89d3b05dacd3c216b5c5e53a,canayxps15,0.6666666666666666,0.8,0.6190476190476191,0.9926951825540636,1.0
electricity-temporal,hgb,9,2,pi,0.8559268600252207,0.1047694004200131,0.9543837128041994,0.1619323000013537,3172,100,1,336ad2466db122a5c852d07c2a5e32aad62937f93c5683eea7ef13f64ce5d60c,5b93e3f6a28270020745ddeab8e8c28abba41dd54b83b7f97157088e33518471,a56ffef72cbeddf7307b7ee6b0c7688b74b8aa965fce826079937135eb0a99a1,temporal-v2-raw-space-lime,v2-raw-lime-cell-keyed,raw_mixed_feature,window_position_keyed_crn,fixed_seed_across_windows,2f0551386c3480bb7676746d2387490c7623e474170c111e7c0fa1238c421a97,401dcbb27ea88a966cfbca7cd8063507f41f826f89d3b05dacd3c216b5c5e53a,canayxps15,0.6666666666666666,1.0,0.9189189189189187,0.9936052005139084,1.0
electricity-temporal,hgb,9,2,shap,0.8559268600252207,0.1047694004200131,0.9543837128041994,0.221887700001389,3172,100,1,336ad2466db122a5c852d07c2a5e32aad62937f93c5683eea7ef13f64ce5d60c,5b93e3f6a28270020745ddeab8e8c28abba41dd54b83b7f97157088e33518471,a56ffef72cbeddf7307b7ee6b0c7688b74b8aa965fce826079937135eb0a99a1,temporal-v2-raw-space-lime,v2-raw-lime-cell-keyed,raw_mixed_feature,window_position_keyed_crn,fixed_seed_across_windows,2f0551386c3480bb7676746d2387490c7623e474170c111e7c0fa1238c421a97,401dcbb27ea88a966cfbca7cd8063507f41f826f89d3b05dacd3c216b5c5e53a,canayxps15,1.0,1.0,1.0,0.9931870285342606,1.0
electricity-temporal,hgb,9,3,lime,0.8559268600252207,0.1047694004200131,0.9543837128041994,0.8375661000009131,3172,30,1,336ad2466db122a5c852d07c2a5e32aad62937f93c5683eea7ef13f64ce5d60c,1d6cf7b4b5a0f697b38cbf8e95a95450d2312517619784b3878d3e3272f8b89f,a56ffef72cbeddf7307b7ee6b0c7688b74b8aa965fce826079937135eb0a99a1,temporal-v2-raw-space-lime,v2-raw-lime-cell-keyed,raw_mixed_feature,window_position_keyed_crn,fixed_seed_across_windows,2f0551386c3480bb7676746d2387490c7623e474170c111e7c0fa1238c421a97,401dcbb27ea88a966cfbca7cd8063507f41f826f89d3b05dacd3c216b5c5e53a,canayxps15,0.6666666666666666,0.6,0.4285714285714286,0.993516146929552,1.0
electricity-temporal,hgb,9,3,pi,0.8559268600252207,0.1047694004200131,0.9543837128041994,0.2223465000006399,3172,100,1,336ad2466db122a5c852d07c2a5e32aad62937f93c5683eea7ef13f64ce5d60c,1d6cf7b4b5a0f697b38cbf8e95a95450d2312517619784b3878d3e3272f8b89f,a56ffef72cbeddf7307b7ee6b0c7688b74b8aa965fce826079937135eb0a99a1,temporal-v2-raw-space-lime,v2-raw-lime-cell-keyed,raw_mixed_feature,window_position_keyed_crn,fixed_seed_across_windows,2f0551386c3480bb7676746d2387490c7623e474170c111e7c0fa1238c421a97,401dcbb27ea88a966cfbca7cd8063507f41f826f89d3b05dacd3c216b5c5e53a,canayxps15,1.0,1.0,0.7297297297297297,0.9998407292898894,1.0
electricity-temporal,hgb,9,3,shap,0.8559268600252207,0.1047694004200131,0.9543837128041994,0.3111831000005622,3172,100,1,336ad2466db122a5c852d07c2a5e32aad62937f93c5683eea7ef13f64ce5d60c,1d6cf7b4b5a0f697b38cbf8e95a95450d2312517619784b3878d3e3272f8b89f,a56ffef72cbeddf7307b7ee6b0c7688b74b8aa965fce826079937135eb0a99a1,temporal-v2-raw-space-lime,v2-raw-lime-cell-keyed,raw_mixed_feature,window_position_keyed_crn,fixed_seed_across_windows,2f0551386c3480bb7676746d2387490c7623e474170c111e7c0fa1238c421a97,401dcbb27ea88a966cfbca7cd8063507f41f826f89d3b05dacd3c216b5c5e53a,canayxps15,1.0,1.0,0.975,0.9939674699219964,1.0
electricity-temporal,hgb,9,4,lime,0.8559268600252207,0.1047694004200131,0.9543837128041994,1.0246810999997251,3172,30,1,336ad2466db122a5c852d07c2a5e32aad62937f93c5683eea7ef13f64ce5d60c,5f2642f1e2b344e8e7a1bed6ead81702cd7cdea9b4e6b10085edc168322ee83f,a56ffef72cbeddf7307b7ee6b0c7688b74b8aa965fce826079937135eb0a99a1,temporal-v2-raw-space-lime,v2-raw-lime-cell-keyed,raw_mixed_feature,window_position_keyed_crn,fixed_seed_across_windows,2f0551386c3480bb7676746d2387490c7623e474170c111e7c0fa1238c421a97,401dcbb27ea88a966cfbca7cd8063507f41f826f89d3b05dacd3c216b5c5e53a,canayxps15,0.6666666666666666,0.8,0.6666666666666669,0.9941270716146816,1.0
electricity-temporal,hgb,9,4,pi,0.8559268600252207,0.1047694004200131,0.9543837128041994,0.356296599999041,3172,100,1,336ad2466db122a5c852d07c2a5e32aad62937f93c5683eea7ef13f64ce5d60c,5f2642f1e2b344e8e7a1bed6ead81702cd7cdea9b4e6b10085edc168322ee83f,a56ffef72cbeddf7307b7ee6b0c7688b74b8aa965fce826079937135eb0a99a1,temporal-v2-raw-space-lime,v2-raw-lime-cell-keyed,raw_mixed_feature,window_position_keyed_crn,fixed_seed_across_windows,2f0551386c3480bb7676746d2387490c7623e474170c111e7c0fa1238c421a97,401dcbb27ea88a966cfbca7cd8063507f41f826f89d3b05dacd3c216b5c5e53a,canayxps15,0.6666666666666666,1.0,0.7297297297297297,0.9995760708056388,1.0
electricity-temporal,hgb,9,4,shap,0.8559268600252207,0.1047694004200131,0.9543837128041994,0.4076509999995323,3172,100,1,336ad2466db122a5c852d07c2a5e32aad62937f93c5683eea7ef13f64ce5d60c,5f2642f1e2b344e8e7a1bed6ead81702cd7cdea9b4e6b10085edc168322ee83f,a56ffef72cbeddf7307b7ee6b0c7688b74b8aa965fce826079937135eb0a99a1,temporal-v2-raw-space-lime,v2-raw-lime-cell-keyed,raw_mixed_feature,window_position_keyed_crn,fixed_seed_across_windows,2f0551386c3480bb7676746d2387490c7623e474170c111e7c0fa1238c421a97,401dcbb27ea88a966cfbca7cd8063507f41f826f89d3b05dacd3c216b5c5e53a,canayxps15,1.0,1.0,1.0,0.9951014435822748,1.0
electricity-temporal,hgb,10,0,lime,0.8060548722800378,0.1737153548243184,0.9730549398818714,0.830960999999661,3171,30,1,01b06c03ad0a731c9cdc69c99c906a4a1b3729ed8b65d1e468f4816b3909dccd,291c4335489e5d7ce962c9eef3cdd2017b4485f24e4aa1f3511ffda08b57d231,a56ffef72cbeddf7307b7ee6b0c7688b74b8aa965fce826079937135eb0a99a1,temporal-v2-raw-space-lime,v2-raw-lime-cell-keyed,raw_mixed_feature,window_position_keyed_crn,fixed_seed_across_windows,2f0551386c3480bb7676746d2387490c7623e474170c111e7c0fa1238c421a97,401dcbb27ea88a966cfbca7cd8063507f41f826f89d3b05dacd3c216b5c5e53a,canayxps15,0.6666666666666666,1.0,0.8571428571428572,0.991849536350686,1.0
electricity-temporal,hgb,10,0,pi,0.8060548722800378,0.1737153548243184,0.9730549398818714,0.2076718999996956,3171,100,1,01b06c03ad0a731c9cdc69c99c906a4a1b3729ed8b65d1e468f4816b3909dccd,291c4335489e5d7ce962c9eef3cdd2017b4485f24e4aa1f3511ffda08b57d231,a56ffef72cbeddf7307b7ee6b0c7688b74b8aa965fce826079937135eb0a99a1,temporal-v2-raw-space-lime,v2-raw-lime-cell-keyed,raw_mixed_feature,window_position_keyed_crn,fixed_seed_across_windows,2f0551386c3480bb7676746d2387490c7623e474170c111e7c0fa1238c421a97,401dcbb27ea88a966cfbca7cd8063507f41f826f89d3b05dacd3c216b5c5e53a,canayxps15,1.0,1.0,0.7027027027027026,0.9957217680009328,1.0
electricity-temporal,hgb,10,0,shap,0.8060548722800378,0.1737153548243184,0.9730549398818714,0.3233443999997689,3171,100,1,01b06c03ad0a731c9cdc69c99c906a4a1b3729ed8b65d1e468f4816b3909dccd,291c4335489e5d7ce962c9eef3cdd2017b4485f24e4aa1f3511ffda08b57d231,a56ffef72cbeddf7307b7ee6b0c7688b74b8aa965fce826079937135eb0a99a1,temporal-v2-raw-space-lime,v2-raw-lime-cell-keyed,raw_mixed_feature,window_position_keyed_crn,fixed_seed_across_windows,2f0551386c3480bb7676746d2387490c7623e474170c111e7c0fa1238c421a97,401dcbb27ea88a966cfbca7cd8063507f41f826f89d3b05dacd3c216b5c5e53a,canayxps15,1.0,1.0,1.0,0.9932501542151956,1.0
electricity-temporal,hgb,10,1,lime,0.8060548722800378,0.1737153548243184,0.9730549398818714,0.9113794999993844,3171,30,1,01b06c03ad0a731c9cdc69c99c906a4a1b3729ed8b65d1e468f4816b3909dccd,14ad0c4d7511fa905a363d349e0dd547a6bb819c3ae93b357e54f9eb49aa3842,a56ffef72cbeddf7307b7ee6b0c7688b74b8aa965fce826079937135eb0a99a1,temporal-v2-raw-space-lime,v2-raw-lime-cell-keyed,raw_mixed_feature,window_position_keyed_crn,fixed_seed_across_windows,2f0551386c3480bb7676746d2387490c7623e474170c111e7c0fa1238c421a97,401dcbb27ea88a966cfbca7cd8063507f41f826f89d3b05dacd3c216b5c5e53a,canayxps15,0.6666666666666666,0.8,0.6190476190476191,0.9945657007123442,1.0
electricity-temporal,hgb,10,1,pi,0.8060548722800378,0.1737153548243184,0.9730549398818714,0.2474896000003354,3171,100,1,01b06c03ad0a731c9cdc69c99c906a4a1b3729ed8b65d1e468f4816b3909dccd,14ad0c4d7511fa905a363d349e0dd547a6bb819c3ae93b357e54f9eb49aa3842,a56ffef72cbeddf7307b7ee6b0c7688b74b8aa965fce826079937135eb0a99a1,temporal-v2-raw-space-lime,v2-raw-lime-cell-keyed,raw_mixed_feature,window_position_keyed_crn,fixed_seed_across_windows,2f0551386c3480bb7676746d2387490c7623e474170c111e7c0fa1238c421a97,401dcbb27ea88a966cfbca7cd8063507f41f826f89d3b05dacd3c216b5c5e53a,canayxps15,0.6666666666666666,1.0,0.027027027027027,0.982088099577058,1.0
electricity-temporal,hgb,10,1,shap,0.8060548722800378,0.1737153548243184,0.9730549398818714,0.3577069000002666,3171,100,1,01b06c03ad0a731c9cdc69c99c906a4a1b3729ed8b65d1e468f4816b3909dccd,14ad0c4d7511fa905a363d349e0dd547a6bb819c3ae93b357e54f9eb49aa3842,a56ffef72cbeddf7307b7ee6b0c7688b74b8aa965fce826079937135eb0a99a1,temporal-v2-raw-space-lime,v2-raw-lime-cell-keyed,raw_mixed_feature,window_position_keyed_crn,fixed_seed_across_windows,2f0551386c3480bb7676746d2387490c7623e474170c111e7c0fa1238c421a97,401dcbb27ea88a966cfbca7cd8063507f41f826f89d3b05dacd3c216b5c5e53a,canayxps15,1.0,1.0,1.0,0.9936948369643932,1.0
electricity-temporal,hgb,10,2,lime,0.8060548722800378,0.1737153548243184,0.9730549398818714,0.8156978999995772,3171,30,1,01b06c03ad0a731c9cdc69c99c906a4a1b3729ed8b65d1e468f4816b3909dccd,96f7562a735259dff6da5c52d379aaad758f422b5c20b792ad01cbde0941faad,a56ffef72cbeddf7307b7ee6b0c7688b74b8aa965fce826079937135eb0a99a1,temporal-v2-raw-space-lime,v2-raw-lime-cell-keyed,raw_mixed_feature,window_position_keyed_crn,fixed_seed_across_windows,2f0551386c3480bb7676746d2387490c7623e474170c111e7c0fa1238c421a97,401dcbb27ea88a966cfbca7cd8063507f41f826f89d3b05dacd3c216b5c5e53a,canayxps15,0.6666666666666666,0.8,0.4761904761904762,0.9944946431867856,1.0
electricity-temporal,hgb,10,2,pi,0.8060548722800378,0.1737153548243184,0.9730549398818714,0.1931204000011348,3171,100,1,01b06c03ad0a731c9cdc69c99c906a4a1b3729ed8b65d1e468f4816b3909dccd,96f7562a735259dff6da5c52d379aaad758f422b5c20b792ad01cbde0941faad,a56ffef72cbeddf7307b7ee6b0c7688b74b8aa965fce826079937135eb0a99a1,temporal-v2-raw-space-lime,v2-raw-lime-cell-keyed,raw_mixed_feature,window_position_keyed_crn,fixed_seed_across_windows,2f0551386c3480bb7676746d2387490c7623e474170c111e7c0fa1238c421a97,401dcbb27ea88a966cfbca7cd8063507f41f826f89d3b05dacd3c216b5c5e53a,canayxps15,0.6666666666666666,1.0,-0.2162162162162162,0.977850360092388,0.3333333333333333
electricity-temporal,hgb,10,2,shap,0.8060548722800378,0.1737153548243184,0.9730549398818714,0.3156667000002926,3171,100,1,01b06c03ad0a731c9cdc69c99c906a4a1b3729ed8b65d1e468f4816b3909dccd,96f7562a735259dff6da5c52d379aaad758f422b5c20b792ad01cbde0941faad,a56ffef72cbeddf7307b7ee6b0c7688b74b8aa965fce826079937135eb0a99a1,temporal-v2-raw-space-lime,v2-raw-lime-cell-keyed,raw_mixed_feature,window_position_keyed_crn,fixed_seed_across_windows,2f0551386c3480bb7676746d2387490c7623e474170c111e7c0fa1238c421a97,401dcbb27ea88a966cfbca7cd8063507f41f826f89d3b05dacd3c216b5c5e53a,canayxps15,1.0,1.0,1.0,0.9952048821912132,1.0
electricity-temporal,hgb,10,3,lime,0.8060548722800378,0.1737153548243184,0.9730549398818714,0.8274110000002111,3171,30,1,01b06c03ad0a731c9cdc69c99c906a4a1b3729ed8b65d1e468f4816b3909dccd,339a48fb0d60f051afa27d2c57e66baacf248aa7ad6d55a7f0280d0f37512c50,a56ffef72cbeddf7307b7ee6b0c7688b74b8aa965fce826079937135eb0a99a1,temporal-v2-raw-space-lime,v2-raw-lime-cell-keyed,raw_mixed_feature,window_position_keyed_crn,fixed_seed_across_windows,2f0551386c3480bb7676746d2387490c7623e474170c111e7c0fa1238c421a97,401dcbb27ea88a966cfbca7cd8063507f41f826f89d3b05dacd3c216b5c5e53a,canayxps15,0.6666666666666666,0.8,0.7142857142857144,0.9943031646873632,1.0
electricity-temporal,hgb,10,3,pi,0.8060548722800378,0.1737153548243184,0.9730549398818714,0.2497354999995877,3171,100,1,01b06c03ad0a731c9cdc69c99c906a4a1b3729ed8b65d1e468f4816b3909dccd,339a48fb0d60f051afa27d2c57e66baacf248aa7ad6d55a7f0280d0f37512c50,a56ffef72cbeddf7307b7ee6b0c7688b74b8aa965fce826079937135eb0a99a1,temporal-v2-raw-space-lime,v2-raw-lime-cell-keyed,raw_mixed_feature,window_position_keyed_crn,fixed_seed_across_windows,2f0551386c3480bb7676746d2387490c7623e474170c111e7c0fa1238c421a97,401dcbb27ea88a966cfbca7cd8063507f41f826f89d3b05dacd3c216b5c5e53a,canayxps15,1.0,1.0,0.027027027027027,0.9936822620367396,1.0
electricity-temporal,hgb,10,3,shap,0.8060548722800378,0.1737153548243184,0.9730549398818714,0.2945868999995582,3171,100,1,01b06c03ad0a731c9cdc69c99c906a4a1b3729ed8b65d1e468f4816b3909dccd,339a48fb0d60f051afa27d2c57e66baacf248aa7ad6d55a7f0280d0f37512c50,a56ffef72cbeddf7307b7ee6b0c7688b74b8aa965fce826079937135eb0a99a1,temporal-v2-raw-space-lime,v2-raw-lime-cell-keyed,raw_mixed_feature,window_position_keyed_crn,fixed_seed_across_windows,2f0551386c3480bb7676746d2387490c7623e474170c111e7c0fa1238c421a97,401dcbb27ea88a966cfbca7cd8063507f41f826f89d3b05dacd3c216b5c5e53a,canayxps15,1.0,1.0,1.0,0.9917565724318363,1.0
electricity-temporal,hgb,10,4,lime,0.8060548722800378,0.1737153548243184,0.9730549398818714,1.0779230999996798,3171,30,1,01b06c03ad0a731c9cdc69c99c906a4a1b3729ed8b65d1e468f4816b3909dccd,8f2e4abda1a9c505b1cc18eb8a28078a7c5301be3f92c3f694bbc138add076e3,a56ffef72cbeddf7307b7ee6b0c7688b74b8aa965fce826079937135eb0a99a1,temporal-v2-raw-space-lime,v2-raw-lime-cell-keyed,raw_mixed_feature,window_position_keyed_crn,fixed_seed_across_windows,2f0551386c3480bb7676746d2387490c7623e474170c111e7c0fa1238c421a97,401dcbb27ea88a966cfbca7cd8063507f41f826f89d3b05dacd3c216b5c5e53a,canayxps15,0.6666666666666666,0.8,0.5000000000000001,0.9941043599153027,1.0
electricity-temporal,hgb,10,4,pi,0.8060548722800378,0.1737153548243184,0.9730549398818714,0.31896450000022014,3171,100,1,01b06c03ad0a731c9cdc69c99c906a4a1b3729ed8b65d1e468f4816b3909dccd,8f2e4abda1a9c505b1cc18eb8a28078a7c5301be3f92c3f694bbc138add076e3,a56ffef72cbeddf7307b7ee6b0c7688b74b8aa965fce826079937135eb0a99a1,temporal-v2-raw-space-lime,v2-raw-lime-cell-keyed,raw_mixed_feature,window_position_keyed_crn,fixed_seed_across_windows,2f0551386c3480bb7676746d2387490c7623e474170c111e7c0fa1238c421a97,401dcbb27ea88a966cfbca7cd8063507f41f826f89d3b05dacd3c216b5c5e53a,canayxps15,0.6666666666666666,1.0,0.16216216216216214,0.9969477569704336,1.0
electricity-temporal,hgb,10,4,shap,0.8060548722800378,0.1737153548243184,0.9730549398818714,0.4283458999998402,3171,100,1,01b06c03ad0a731c9cdc69c99c906a4a1b3729ed8b65d1e468f4816b3909dccd,8f2e4abda1a9c505b1cc18eb8a28078a7c5301be3f92c3f694bbc138add076e3,a56ffef72cbeddf7307b7ee6b0c7688b74b8aa965fce826079937135eb0a99a1,temporal-v2-raw-space-lime,v2-raw-lime-cell-keyed,raw_mixed_feature,window_position_keyed_crn,fixed_seed_across_windows,2f0551386c3480bb7676746d2387490c7623e474170c111e7c0fa1238c421a97,401dcbb27ea88a966cfbca7cd8063507f41f826f89d3b05dacd3c216b5c5e53a,canayxps15,1.0,1.0,1.0,0.9935200221760679,1.0
electricity-temporal,logreg,1,0,lime,0.7512610340479193,0.1357873657043534,0.8228668851927474,0.4187249000005977,3172,30,1,f6eac31fd1aea22131cec3bf9228f334ceb3662c5ba8d8522386fe18a1e279a9,356589cf4b4cef6a0f788baf7dec4b485da691492597466726987e90ca7ad0dd,a56ffef72cbeddf7307b7ee6b0c7688b74b8aa965fce826079937135eb0a99a1,temporal-v2-raw-space-lime,v2-raw-lime-cell-keyed,raw_mixed_feature,window_position_keyed_crn,fixed_seed_across_windows,2f0551386c3480bb7676746d2387490c7623e474170c111e7c0fa1238c421a97,401dcbb27ea88a966cfbca7cd8063507f41f826f89d3b05dacd3c216b5c5e53a,canayxps15,1.0,1.0,1.0,1.0,1.0
electricity-temporal,logreg,1,0,pi,0.7512610340479193,0.1357873657043534,0.8228668851927474,0.0800447999990865,3172,100,1,f6eac31fd1aea22131cec3bf9228f334ceb3662c5ba8d8522386fe18a1e279a9,356589cf4b4cef6a0f788baf7dec4b485da691492597466726987e90ca7ad0dd,a56ffef72cbeddf7307b7ee6b0c7688b74b8aa965fce826079937135eb0a99a1,temporal-v2-raw-space-lime,v2-raw-lime-cell-keyed,raw_mixed_feature,window_position_keyed_crn,fixed_seed_across_windows,2f0551386c3480bb7676746d2387490c7623e474170c111e7c0fa1238c421a97,401dcbb27ea88a966cfbca7cd8063507f41f826f89d3b05dacd3c216b5c5e53a,canayxps15,1.0,1.0,1.0,1.0000000000000002,1.0
electricity-temporal,logreg,1,0,shap,0.7512610340479193,0.1357873657043534,0.8228668851927474,4.570173199999772,3172,100,1,f6eac31fd1aea22131cec3bf9228f334ceb3662c5ba8d8522386fe18a1e279a9,356589cf4b4cef6a0f788baf7dec4b485da691492597466726987e90ca7ad0dd,a56ffef72cbeddf7307b7ee6b0c7688b74b8aa965fce826079937135eb0a99a1,temporal-v2-raw-space-lime,v2-raw-lime-cell-keyed,raw_mixed_feature,window_position_keyed_crn,fixed_seed_across_windows,2f0551386c3480bb7676746d2387490c7623e474170c111e7c0fa1238c421a97,401dcbb27ea88a966cfbca7cd8063507f41f826f89d3b05dacd3c216b5c5e53a,canayxps15,1.0,1.0,1.0,1.0000000000000002,1.0
electricity-temporal,logreg,1,1,lime,0.7512610340479193,0.1357873657043534,0.8228668851927474,0.4946522999998706,3172,30,1,f6eac31fd1aea22131cec3bf9228f334ceb3662c5ba8d8522386fe18a1e279a9,bc9952e0146c6ea7b53a01020f18913daa231952301b3fbb133c6f2bedb9950f,a56ffef72cbeddf7307b7ee6b0c7688b74b8aa965fce826079937135eb0a99a1,temporal-v2-raw-space-lime,v2-raw-lime-cell-keyed,raw_mixed_feature,window_position_keyed_crn,fixed_seed_across_windows,2f0551386c3480bb7676746d2387490c7623e474170c111e7c0fa1238c421a97,401dcbb27ea88a966cfbca7cd8063507f41f826f89d3b05dacd3c216b5c5e53a,canayxps15,1.0,1.0,1.0,1.0,1.0
electricity-temporal,logreg,1,1,pi,0.7512610340479193,0.1357873657043534,0.8228668851927474,0.1138996999998198,3172,100,1,f6eac31fd1aea22131cec3bf9228f334ceb3662c5ba8d8522386fe18a1e279a9,bc9952e0146c6ea7b53a01020f18913daa231952301b3fbb133c6f2bedb9950f,a56ffef72cbeddf7307b7ee6b0c7688b74b8aa965fce826079937135eb0a99a1,temporal-v2-raw-space-lime,v2-raw-lime-cell-keyed,raw_mixed_feature,window_position_keyed_crn,fixed_seed_across_windows,2f0551386c3480bb7676746d2387490c7623e474170c111e7c0fa1238c421a97,401dcbb27ea88a966cfbca7cd8063507f41f826f89d3b05dacd3c216b5c5e53a,canayxps15,1.0,1.0,1.0,1.0,1.0
electricity-temporal,logreg,1,1,shap,0.7512610340479193,0.1357873657043534,0.8228668851927474,0.0064992000006895,3172,100,1,f6eac31fd1aea22131cec3bf9228f334ceb3662c5ba8d8522386fe18a1e279a9,bc9952e0146c6ea7b53a01020f18913daa231952301b3fbb133c6f2bedb9950f,a56ffef72cbeddf7307b7ee6b0c7688b74b8aa965fce826079937135eb0a99a1,temporal-v2-raw-space-lime,v2-raw-lime-cell-keyed,raw_mixed_feature,window_position_keyed_crn,fixed_seed_across_windows,2f0551386c3480bb7676746d2387490c7623e474170c111e7c0fa1238c421a97,401dcbb27ea88a966cfbca7cd8063507f41f826f89d3b05dacd3c216b5c5e53a,canayxps15,1.0,1.0,1.0,1.0,1.0
electricity-temporal,logreg,1,2,lime,0.7512610340479193,0.1357873657043534,0.8228668851927474,0.4305834000006143,3172,30,1,f6eac31fd1aea22131cec3bf9228f334ceb3662c5ba8d8522386fe18a1e279a9,0ac915b5a77b9152e397095e02d6f0212b2e88d2ff4c9a384db6d9c2587bf82e,a56ffef72cbeddf7307b7ee6b0c7688b74b8aa965fce826079937135eb0a99a1,temporal-v2-raw-space-lime,v2-raw-lime-cell-keyed,raw_mixed_feature,window_position_keyed_crn,fixed_seed_across_windows,2f0551386c3480bb7676746d2387490c7623e474170c111e7c0fa1238c421a97,401dcbb27ea88a966cfbca7cd8063507f41f826f89d3b05dacd3c216b5c5e53a,canayxps15,1.0,1.0,1.0,1.0,1.0
electricity-temporal,logreg,1,2,pi,0.7512610340479193,0.1357873657043534,0.8228668851927474,0.1065534999997908,3172,100,1,f6eac31fd1aea22131cec3bf9228f334ceb3662c5ba8d8522386fe18a1e279a9,0ac915b5a77b9152e397095e02d6f0212b2e88d2ff4c9a384db6d9c2587bf82e,a56ffef72cbeddf7307b7ee6b0c7688b74b8aa965fce826079937135eb0a99a1,temporal-v2-raw-space-lime,v2-raw-lime-cell-keyed,raw_mixed_feature,window_position_keyed_crn,fixed_seed_across_windows,2f0551386c3480bb7676746d2387490c7623e474170c111e7c0fa1238c421a97,401dcbb27ea88a966cfbca7cd8063507f41f826f89d3b05dacd3c216b5c5e53a,canayxps15,1.0,1.0,1.0,1.0000000000000002,1.0
electricity-temporal,logreg,1,2,shap,0.7512610340479193,0.1357873657043534,0.8228668851927474,0.0039992999991227,3172,100,1,f6eac31fd1aea22131cec3bf9228f334ceb3662c5ba8d8522386fe18a1e279a9,0ac915b5a77b9152e397095e02d6f0212b2e88d2ff4c9a384db6d9c2587bf82e,a56ffef72cbeddf7307b7ee6b0c7688b74b8aa965fce826079937135eb0a99a1,temporal-v2-raw-space-lime,v2-raw-lime-cell-keyed,raw_mixed_feature,window_position_keyed_crn,fixed_seed_across_windows,2f0551386c3480bb7676746d2387490c7623e474170c111e7c0fa1238c421a97,401dcbb27ea88a966cfbca7cd8063507f41f826f89d3b05dacd3c216b5c5e53a,canayxps15,1.0,1.0,1.0,1.0,1.0
electricity-temporal,logreg,1,3,lime,0.7512610340479193,0.1357873657043534,0.8228668851927474,0.3567235999998956,3172,30,1,f6eac31fd1aea22131cec3bf9228f334ceb3662c5ba8d8522386fe18a1e279a9,b46da9946cbf1b0780b65312c5195325b56ed6bfe881ae4604489dbaaa4bfc4e,a56ffef72cbeddf7307b7ee6b0c7688b74b8aa965fce826079937135eb0a99a1,temporal-v2-raw-space-lime,v2-raw-lime-cell-keyed,raw_mixed_feature,window_position_keyed_crn,fixed_seed_across_windows,2f0551386c3480bb7676746d2387490c7623e474170c111e7c0fa1238c421a97,401dcbb27ea88a966cfbca7cd8063507f41f826f89d3b05dacd3c216b5c5e53a,canayxps15,1.0,1.0,1.0,1.0,1.0
electricity-temporal,logreg,1,3,pi,0.7512610340479193,0.1357873657043534,0.8228668851927474,0.0683482000004005,3172,100,1,f6eac31fd1aea22131cec3bf9228f334ceb3662c5ba8d8522386fe18a1e279a9,b46da9946cbf1b0780b65312c5195325b56ed6bfe881ae4604489dbaaa4bfc4e,a56ffef72cbeddf7307b7ee6b0c7688b74b8aa965fce826079937135eb0a99a1,temporal-v2-raw-space-lime,v2-raw-lime-cell-keyed,raw_mixed_feature,window_position_keyed_crn,fixed_seed_across_windows,2f0551386c3480bb7676746d2387490c7623e474170c111e7c0fa1238c421a97,401dcbb27ea88a966cfbca7cd8063507f41f826f89d3b05dacd3c216b5c5e53a,canayxps15,1.0,1.0,1.0,1.0,1.0
electricity-temporal,logreg,1,3,shap,0.7512610340479193,0.1357873657043534,0.8228668851927474,0.0037268000014591,3172,100,1,f6eac31fd1aea22131cec3bf9228f334ceb3662c5ba8d8522386fe18a1e279a9,b46da9946cbf1b0780b65312c5195325b56ed6bfe881ae4604489dbaaa4bfc4e,a56ffef72cbeddf7307b7ee6b0c7688b74b8aa965fce826079937135eb0a99a1,temporal-v2-raw-space-lime,v2-raw-lime-cell-keyed,raw_mixed_feature,window_position_keyed_crn,fixed_seed_across_windows,2f0551386c3480bb7676746d2387490c7623e474170c111e7c0fa1238c421a97,401dcbb27ea88a966cfbca7cd8063507f41f826f89d3b05dacd3c216b5c5e53a,canayxps15,1.0,1.0,1.0,1.0,1.0
electricity-temporal,logreg,1,4,lime,0.7512610340479193,0.1357873657043534,0.8228668851927474,0.2957280999999057,3172,30,1,f6eac31fd1aea22131cec3bf9228f334ceb3662c5ba8d8522386fe18a1e279a9,91995f966041ccc67366ce86c0a4fe4b2b89e9d68e288f541121d16836f9db12,a56ffef72cbeddf7307b7ee6b0c7688b74b8aa965fce826079937135eb0a99a1,temporal-v2-raw-space-lime,v2-raw-lime-cell-keyed,raw_mixed_feature,window_position_keyed_crn,fixed_seed_across_windows,2f0551386c3480bb7676746d2387490c7623e474170c111e7c0fa1238c421a97,401dcbb27ea88a966cfbca7cd8063507f41f826f89d3b05dacd3c216b5c5e53a,canayxps15,1.0,1.0,1.0,1.0000000000000002,1.0
electricity-temporal,logreg,1,4,pi,0.7512610340479193,0.1357873657043534,0.8228668851927474,0.076538100000107,3172,100,1,f6eac31fd1aea22131cec3bf9228f334ceb3662c5ba8d8522386fe18a1e279a9,91995f966041ccc67366ce86c0a4fe4b2b89e9d68e288f541121d16836f9db12,a56ffef72cbeddf7307b7ee6b0c7688b74b8aa965fce826079937135eb0a99a1,temporal-v2-raw-space-lime,v2-raw-lime-cell-keyed,raw_mixed_feature,window_position_keyed_crn,fixed_seed_across_windows,2f0551386c3480bb7676746d2387490c7623e474170c111e7c0fa1238c421a97,401dcbb27ea88a966cfbca7cd8063507f41f826f89d3b05dacd3c216b5c5e53a,canayxps15,1.0,1.0,1.0,1.0,1.0
electricity-temporal,logreg,1,4,shap,0.7512610340479193,0.1357873657043534,0.8228668851927474,0.0031371999994007,3172,100,1,f6eac31fd1aea22131cec3bf9228f334ceb3662c5ba8d8522386fe18a1e279a9,91995f966041ccc67366ce86c0a4fe4b2b89e9d68e288f541121d16836f9db12,a56ffef72cbeddf7307b7ee6b0c7688b74b8aa965fce826079937135eb0a99a1,temporal-v2-raw-space-lime,v2-raw-lime-cell-keyed,raw_mixed_feature,window_position_keyed_crn,fixed_seed_across_windows,2f0551386c3480bb7676746d2387490c7623e474170c111e7c0fa1238c421a97,401dcbb27ea88a966cfbca7cd8063507f41f826f89d3b05dacd3c216b5c5e53a,canayxps15,1.0,1.0,1.0,0.9999999999999998,1.0
electricity-temporal,logreg,2,0,lime,0.7436948297604036,0.1836214567173091,0.8637953665349193,0.5823610999996163,3172,30,1,d97d42d885b082a7840829322571c102befa9c9bd60ffa4140a8727947c75420,06d02175a177d0d1e5f7d850132280193e52dd288f75a27709f3f013355d03c1,a56ffef72cbeddf7307b7ee6b0c7688b74b8aa965fce826079937135eb0a99a1,temporal-v2-raw-space-lime,v2-raw-lime-cell-keyed,raw_mixed_feature,window_position_keyed_crn,fixed_seed_across_windows,2f0551386c3480bb7676746d2387490c7623e474170c111e7c0fa1238c421a97,401dcbb27ea88a966cfbca7cd8063507f41f826f89d3b05dacd3c216b5c5e53a,canayxps15,1.0,1.0,0.9523809523809524,0.999374225224553,1.0
electricity-temporal,logreg,2,0,pi,0.7436948297604036,0.1836214567173091,0.8637953665349193,0.1177064000003156,3172,100,1,d97d42d885b082a7840829322571c102befa9c9bd60ffa4140a8727947c75420,06d02175a177d0d1e5f7d850132280193e52dd288f75a27709f3f013355d03c1,a56ffef72cbeddf7307b7ee6b0c7688b74b8aa965fce826079937135eb0a99a1,temporal-v2-raw-space-lime,v2-raw-lime-cell-keyed,raw_mixed_feature,window_position_keyed_crn,fixed_seed_across_windows,2f0551386c3480bb7676746d2387490c7623e474170c111e7c0fa1238c421a97,401dcbb27ea88a966cfbca7cd8063507f41f826f89d3b05dacd3c216b5c5e53a,canayxps15,1.0,1.0,0.7297297297297297,0.9916043556921468,1.0
electricity-temporal,logreg,2,0,shap,0.7436948297604036,0.1836214567173091,0.8637953665349193,0.0022072000010666,3172,100,1,d97d42d885b082a7840829322571c102befa9c9bd60ffa4140a8727947c75420,06d02175a177d0d1e5f7d850132280193e52dd288f75a27709f3f013355d03c1,a56ffef72cbeddf7307b7ee6b0c7688b74b8aa965fce826079937135eb0a99a1,temporal-v2-raw-space-lime,v2-raw-lime-cell-keyed,raw_mixed_feature,window_position_keyed_crn,fixed_seed_across_windows,2f0551386c3480bb7676746d2387490c7623e474170c111e7c0fa1238c421a97,401dcbb27ea88a966cfbca7cd8063507f41f826f89d3b05dacd3c216b5c5e53a,canayxps15,1.0,1.0,0.9759000729485332,0.9982290576684008,1.0
electricity-temporal,logreg,2,1,lime,0.7436948297604036,0.1836214567173091,0.8637953665349193,0.4705008000000816,3172,30,1,d97d42d885b082a7840829322571c102befa9c9bd60ffa4140a8727947c75420,759585a98cc608cb608fe3a29ce34e465215aff394e68cf005308b0adb8110e9,a56ffef72cbeddf7307b7ee6b0c7688b74b8aa965fce826079937135eb0a99a1,temporal-v2-raw-space-lime,v2-raw-lime-cell-keyed,raw_mixed_feature,window_position_keyed_crn,fixed_seed_across_windows,2f0551386c3480bb7676746d2387490c7623e474170c111e7c0fa1238c421a97,401dcbb27ea88a966cfbca7cd8063507f41f826f89d3b05dacd3c216b5c5e53a,canayxps15,1.0,0.8,0.7619047619047621,0.9999480575306708,1.0
electricity-temporal,logreg,2,1,pi,0.7436948297604036,0.1836214567173091,0.8637953665349193,0.0992927000006602,3172,100,1,d97d42d885b082a7840829322571c102befa9c9bd60ffa4140a8727947c75420,759585a98cc608cb608fe3a29ce34e465215aff394e68cf005308b0adb8110e9,a56ffef72cbeddf7307b7ee6b0c7688b74b8aa965fce826079937135eb0a99a1,temporal-v2-raw-space-lime,v2-raw-lime-cell-keyed,raw_mixed_feature,window_position_keyed_crn,fixed_seed_across_windows,2f0551386c3480bb7676746d2387490c7623e474170c111e7c0fa1238c421a97,401dcbb27ea88a966cfbca7cd8063507f41f826f89d3b05dacd3c216b5c5e53a,canayxps15,1.0,1.0,0.9617692030835674,0.9913212137225,1.0
electricity-temporal,logreg,2,1,shap,0.7436948297604036,0.1836214567173091,0.8637953665349193,0.0012442999995982,3172,100,1,d97d42d885b082a7840829322571c102befa9c9bd60ffa4140a8727947c75420,759585a98cc608cb608fe3a29ce34e465215aff394e68cf005308b0adb8110e9,a56ffef72cbeddf7307b7ee6b0c7688b74b8aa965fce826079937135eb0a99a1,temporal-v2-raw-space-lime,v2-raw-lime-cell-keyed,raw_mixed_feature,window_position_keyed_crn,fixed_seed_across_windows,2f0551386c3480bb7676746d2387490c7623e474170c111e7c0fa1238c421a97,401dcbb27ea88a966cfbca7cd8063507f41f826f89d3b05dacd3c216b5c5e53a,canayxps15,1.0,1.0,0.9759000729485332,0.9983433467135394,1.0
electricity-temporal,logreg,2,2,lime,0.7436948297604036,0.1836214567173091,0.8637953665349193,0.3673987000001943,3172,30,1,d97d42d885b082a7840829322571c102befa9c9bd60ffa4140a8727947c75420,5db04a71506960291f1df142403e595260e07eaec02039136bc6d9889bb10b24,a56ffef72cbeddf7307b7ee6b0c7688b74b8aa965fce826079937135eb0a99a1,temporal-v2-raw-space-lime,v2-raw-lime-cell-keyed,raw_mixed_feature,window_position_keyed_crn,fixed_seed_across_windows,2f0551386c3480bb7676746d2387490c7623e474170c111e7c0fa1238c421a97,401dcbb27ea88a966cfbca7cd8063507f41f826f89d3b05dacd3c216b5c5e53a,canayxps15,1.0,1.0,0.9761904761904764,0.9999220986965868,1.0
electricity-temporal,logreg,2,2,pi,0.7436948297604036,0.1836214567173091,0.8637953665349193,0.0718482000011135,3172,100,1,d97d42d885b082a7840829322571c102befa9c9bd60ffa4140a8727947c75420,5db04a71506960291f1df142403e595260e07eaec02039136bc6d9889bb10b24,a56ffef72cbeddf7307b7ee6b0c7688b74b8aa965fce826079937135eb0a99a1,temporal-v2-raw-space-lime,v2-raw-lime-cell-keyed,raw_mixed_feature,window_position_keyed_crn,fixed_seed_across_windows,2f0551386c3480bb7676746d2387490c7623e474170c111e7c0fa1238c421a97,401dcbb27ea88a966cfbca7cd8063507f41f826f89d3b05dacd3c216b5c5e53a,canayxps15,1.0,1.0,1.0,0.99950621352791,1.0
electricity-temporal,logreg,2,2,shap,0.7436948297604036,0.1836214567173091,0.8637953665349193,0.0011920999986614,3172,100,1,d97d42d885b082a7840829322571c102befa9c9bd60ffa4140a8727947c75420,5db04a71506960291f1df142403e595260e07eaec02039136bc6d9889bb10b24,a56ffef72cbeddf7307b7ee6b0c7688b74b8aa965fce826079937135eb0a99a1,temporal-v2-raw-space-lime,v2-raw-lime-cell-keyed,raw_mixed_feature,window_position_keyed_crn,fixed_seed_across_windows,2f0551386c3480bb7676746d2387490c7623e474170c111e7c0fa1238c421a97,401dcbb27ea88a966cfbca7cd8063507f41f826f89d3b05dacd3c216b5c5e53a,canayxps15,1.0,1.0,0.9759000729485332,0.9977893510360508,1.0
electricity-temporal,logreg,2,3,lime,0.7436948297604036,0.1836214567173091,0.8637953665349193,0.3908955999995669,3172,30,1,d97d42d885b082a7840829322571c102befa9c9bd60ffa4140a8727947c75420,e5641c903fd57ae8d5935254bf93d195d4d09d3445c5d07c306bb318caa12be6,a56ffef72cbeddf7307b7ee6b0c7688b74b8aa965fce826079937135eb0a99a1,temporal-v2-raw-space-lime,v2-raw-lime-cell-keyed,raw_mixed_feature,window_position_keyed_crn,fixed_seed_across_windows,2f0551386c3480bb7676746d2387490c7623e474170c111e7c0fa1238c421a97,401dcbb27ea88a966cfbca7cd8063507f41f826f89d3b05dacd3c216b5c5e53a,canayxps15,1.0,0.8,0.9523809523809524,0.9995030301922994,1.0
electricity-temporal,logreg,2,3,pi,0.7436948297604036,0.1836214567173091,0.8637953665349193,0.0683348999991722,3172,100,1,d97d42d885b082a7840829322571c102befa9c9bd60ffa4140a8727947c75420,e5641c903fd57ae8d5935254bf93d195d4d09d3445c5d07c306bb318caa12be6,a56ffef72cbeddf7307b7ee6b0c7688b74b8aa965fce826079937135eb0a99a1,temporal-v2-raw-space-lime,v2-raw-lime-cell-keyed,raw_mixed_feature,window_position_keyed_crn,fixed_seed_across_windows,2f0551386c3480bb7676746d2387490c7623e474170c111e7c0fa1238c421a97,401dcbb27ea88a966cfbca7cd8063507f41f826f89d3b05dacd3c216b5c5e53a,canayxps15,1.0,1.0,1.0,0.9983805188953888,1.0
electricity-temporal,logreg,2,3,shap,0.7436948297604036,0.1836214567173091,0.8637953665349193,0.0011605999989114,3172,100,1,d97d42d885b082a7840829322571c102befa9c9bd60ffa4140a8727947c75420,e5641c903fd57ae8d5935254bf93d195d4d09d3445c5d07c306bb318caa12be6,a56ffef72cbeddf7307b7ee6b0c7688b74b8aa965fce826079937135eb0a99a1,temporal-v2-raw-space-lime,v2-raw-lime-cell-keyed,raw_mixed_feature,window_position_keyed_crn,fixed_seed_across_windows,2f0551386c3480bb7676746d2387490c7623e474170c111e7c0fa1238c421a97,401dcbb27ea88a966cfbca7cd8063507f41f826f89d3b05dacd3c216b5c5e53a,canayxps15,1.0,1.0,0.9759000729485332,0.9951885822508676,1.0
electricity-temporal,logreg,2,4,lime,0.7436948297604036,0.1836214567173091,0.8637953665349193,0.3759291999995184,3172,30,1,d97d42d885b082a7840829322571c102befa9c9bd60ffa4140a8727947c75420,050e3aa48fcd2c4f3b2383295dcc24b2fd31dc84c47b4d96f6317846a829faca,a56ffef72cbeddf7307b7ee6b0c7688b74b8aa965fce826079937135eb0a99a1,temporal-v2-raw-space-lime,v2-raw-lime-cell-keyed,raw_mixed_feature,window_position_keyed_crn,fixed_seed_across_windows,2f0551386c3480bb7676746d2387490c7623e474170c111e7c0fa1238c421a97,401dcbb27ea88a966cfbca7cd8063507f41f826f89d3b05dacd3c216b5c5e53a,canayxps15,1.0,0.8,0.7619047619047621,0.9999491763196192,1.0
electricity-temporal,logreg,2,4,pi,0.7436948297604036,0.1836214567173091,0.8637953665349193,0.089614900000015,3172,100,1,d97d42d885b082a7840829322571c102befa9c9bd60ffa4140a8727947c75420,050e3aa48fcd2c4f3b2383295dcc24b2fd31dc84c47b4d96f6317846a829faca,a56ffef72cbeddf7307b7ee6b0c7688b74b8aa965fce826079937135eb0a99a1,temporal-v2-raw-space-lime,v2-raw-lime-cell-keyed,raw_mixed_feature,window_position_keyed_crn,fixed_seed_across_windows,2f0551386c3480bb7676746d2387490c7623e474170c111e7c0fa1238c421a97,401dcbb27ea88a966cfbca7cd8063507f41f826f89d3b05dacd3c216b5c5e53a,canayxps15,1.0,1.0,0.7297297297297297,0.9997891458906732,1.0
electricity-temporal,logreg,2,4,shap,0.7436948297604036,0.1836214567173091,0.8637953665349193,0.001120400000218,3172,100,1,d97d42d885b082a7840829322571c102befa9c9bd60ffa4140a8727947c75420,050e3aa48fcd2c4f3b2383295dcc24b2fd31dc84c47b4d96f6317846a829faca,a56ffef72cbeddf7307b7ee6b0c7688b74b8aa965fce826079937135eb0a99a1,temporal-v2-raw-space-lime,v2-raw-lime-cell-keyed,raw_mixed_feature,window_position_keyed_crn,fixed_seed_across_windows,2f0551386c3480bb7676746d2387490c7623e474170c111e7c0fa1238c421a97,401dcbb27ea88a966cfbca7cd8063507f41f826f89d3b05dacd3c216b5c5e53a,canayxps15,1.0,1.0,0.9759000729485332,0.9992726936510912,1.0
electricity-temporal,logreg,3,0,lime,0.6667717528373266,0.2902496909758651,0.936537506110213,0.3294511000003695,3172,30,1,a8cb68f370b5b2df759231420b2684c9bc9cdc0799db461d8288e6ee9a2f8256,9897ba58493671ca951d2bdd9f9c5f6a5223ce612403d8fb2c9e8199a6677b6a,a56ffef72cbeddf7307b7ee6b0c7688b74b8aa965fce826079937135eb0a99a1,temporal-v2-raw-space-lime,v2-raw-lime-cell-keyed,raw_mixed_feature,window_position_keyed_crn,fixed_seed_across_windows,2f0551386c3480bb7676746d2387490c7623e474170c111e7c0fa1238c421a97,401dcbb27ea88a966cfbca7cd8063507f41f826f89d3b05dacd3c216b5c5e53a,canayxps15,1.0,0.8,0.9285714285714288,0.9992812420828696,1.0
electricity-temporal,logreg,3,0,pi,0.6667717528373266,0.2902496909758651,0.936537506110213,0.0541272000009485,3172,100,1,a8cb68f370b5b2df759231420b2684c9bc9cdc0799db461d8288e6ee9a2f8256,9897ba58493671ca951d2bdd9f9c5f6a5223ce612403d8fb2c9e8199a6677b6a,a56ffef72cbeddf7307b7ee6b0c7688b74b8aa965fce826079937135eb0a99a1,temporal-v2-raw-space-lime,v2-raw-lime-cell-keyed,raw_mixed_feature,window_position_keyed_crn,fixed_seed_across_windows,2f0551386c3480bb7676746d2387490c7623e474170c111e7c0fa1238c421a97,401dcbb27ea88a966cfbca7cd8063507f41f826f89d3b05dacd3c216b5c5e53a,canayxps15,1.0,1.0,0.415900195928029,0.9819417780596486,1.0
electricity-temporal,logreg,3,0,shap,0.6667717528373266,0.2902496909758651,0.936537506110213,0.0013153999989299,3172,100,1,a8cb68f370b5b2df759231420b2684c9bc9cdc0799db461d8288e6ee9a2f8256,9897ba58493671ca951d2bdd9f9c5f6a5223ce612403d8fb2c9e8199a6677b6a,a56ffef72cbeddf7307b7ee6b0c7688b74b8aa965fce826079937135eb0a99a1,temporal-v2-raw-space-lime,v2-raw-lime-cell-keyed,raw_mixed_feature,window_position_keyed_crn,fixed_seed_across_windows,2f0551386c3480bb7676746d2387490c7623e474170c111e7c0fa1238c421a97,401dcbb27ea88a966cfbca7cd8063507f41f826f89d3b05dacd3c216b5c5e53a,canayxps15,1.0,1.0,0.9759000729485332,0.9952729438716998,1.0
electricity-temporal,logreg,3,1,lime,0.6667717528373266,0.2902496909758651,0.936537506110213,0.4367865000003803,3172,30,1,a8cb68f370b5b2df759231420b2684c9bc9cdc0799db461d8288e6ee9a2f8256,3ecea44eeec566708d35055951f6ce7f09c90b6a0485ce04e784525ea70899b8,a56ffef72cbeddf7307b7ee6b0c7688b74b8aa965fce826079937135eb0a99a1,temporal-v2-raw-space-lime,v2-raw-lime-cell-keyed,raw_mixed_feature,window_position_keyed_crn,fixed_seed_across_windows,2f0551386c3480bb7676746d2387490c7623e474170c111e7c0fa1238c421a97,401dcbb27ea88a966cfbca7cd8063507f41f826f89d3b05dacd3c216b5c5e53a,canayxps15,1.0,0.8,0.9523809523809524,0.9993040480200786,1.0
electricity-temporal,logreg,3,1,pi,0.6667717528373266,0.2902496909758651,0.936537506110213,0.1020871999990049,3172,100,1,a8cb68f370b5b2df759231420b2684c9bc9cdc0799db461d8288e6ee9a2f8256,3ecea44eeec566708d35055951f6ce7f09c90b6a0485ce04e784525ea70899b8,a56ffef72cbeddf7307b7ee6b0c7688b74b8aa965fce826079937135eb0a99a1,temporal-v2-raw-space-lime,v2-raw-lime-cell-keyed,raw_mixed_feature,window_position_keyed_crn,fixed_seed_across_windows,2f0551386c3480bb7676746d2387490c7623e474170c111e7c0fa1238c421a97,401dcbb27ea88a966cfbca7cd8063507f41f826f89d3b05dacd3c216b5c5e53a,canayxps15,1.0,1.0,0.9729729729729728,0.996040157794746,1.0
electricity-temporal,logreg,3,1,shap,0.6667717528373266,0.2902496909758651,0.936537506110213,0.0021674999989045,3172,100,1,a8cb68f370b5b2df759231420b2684c9bc9cdc0799db461d8288e6ee9a2f8256,3ecea44eeec566708d35055951f6ce7f09c90b6a0485ce04e784525ea70899b8,a56ffef72cbeddf7307b7ee6b0c7688b74b8aa965fce826079937135eb0a99a1,temporal-v2-raw-space-lime,v2-raw-lime-cell-keyed,raw_mixed_feature,window_position_keyed_crn,fixed_seed_across_windows,2f0551386c3480bb7676746d2387490c7623e474170c111e7c0fa1238c421a97,401dcbb27ea88a966cfbca7cd8063507f41f826f89d3b05dacd3c216b5c5e53a,canayxps15,1.0,1.0,0.9759000729485332,0.9938846999367796,1.0
electricity-temporal,logreg,3,2,lime,0.6667717528373266,0.2902496909758651,0.936537506110213,0.3772529999987455,3172,30,1,a8cb68f370b5b2df759231420b2684c9bc9cdc0799db461d8288e6ee9a2f8256,b49be119e69a28a08d2166d0ddaaf23663461705c60a8ea3f9eccefa95fcc3ba,a56ffef72cbeddf7307b7ee6b0c7688b74b8aa965fce826079937135eb0a99a1,temporal-v2-raw-space-lime,v2-raw-lime-cell-keyed,raw_mixed_feature,window_position_keyed_crn,fixed_seed_across_windows,2f0551386c3480bb7676746d2387490c7623e474170c111e7c0fa1238c421a97,401dcbb27ea88a966cfbca7cd8063507f41f826f89d3b05dacd3c216b5c5e53a,canayxps15,1.0,1.0,1.0,0.9996939415423952,1.0
electricity-temporal,logreg,3,2,pi,0.6667717528373266,0.2902496909758651,0.936537506110213,0.0770136999999522,3172,100,1,a8cb68f370b5b2df759231420b2684c9bc9cdc0799db461d8288e6ee9a2f8256,b49be119e69a28a08d2166d0ddaaf23663461705c60a8ea3f9eccefa95fcc3ba,a56ffef72cbeddf7307b7ee6b0c7688b74b8aa965fce826079937135eb0a99a1,temporal-v2-raw-space-lime,v2-raw-lime-cell-keyed,raw_mixed_feature,window_position_keyed_crn,fixed_seed_across_windows,2f0551386c3480bb7676746d2387490c7623e474170c111e7c0fa1238c421a97,401dcbb27ea88a966cfbca7cd8063507f41f826f89d3b05dacd3c216b5c5e53a,canayxps15,1.0,1.0,0.9729729729729728,0.996040343502408,1.0
electricity-temporal,logreg,3,2,shap,0.6667717528373266,0.2902496909758651,0.936537506110213,0.001872100001492,3172,100,1,a8cb68f370b5b2df759231420b2684c9bc9cdc0799db461d8288e6ee9a2f8256,b49be119e69a28a08d2166d0ddaaf23663461705c60a8ea3f9eccefa95fcc3ba,a56ffef72cbeddf7307b7ee6b0c7688b74b8aa965fce826079937135eb0a99a1,temporal-v2-raw-space-lime,v2-raw-lime-cell-keyed,raw_mixed_feature,window_position_keyed_crn,fixed_seed_across_windows,2f0551386c3480bb7676746d2387490c7623e474170c111e7c0fa1238c421a97,401dcbb27ea88a966cfbca7cd8063507f41f826f89d3b05dacd3c216b5c5e53a,canayxps15,1.0,1.0,0.9759000729485332,0.9918642269007206,1.0
electricity-temporal,logreg,3,3,lime,0.6667717528373266,0.2902496909758651,0.936537506110213,0.416001800000231,3172,30,1,a8cb68f370b5b2df759231420b2684c9bc9cdc0799db461d8288e6ee9a2f8256,32475be646b63ee955572ace619ea76a30ab01b705c139fbf3c95a28f6246abb,a56ffef72cbeddf7307b7ee6b0c7688b74b8aa965fce826079937135eb0a99a1,temporal-v2-raw-space-lime,v2-raw-lime-cell-keyed,raw_mixed_feature,window_position_keyed_crn,fixed_seed_across_windows,2f0551386c3480bb7676746d2387490c7623e474170c111e7c0fa1238c421a97,401dcbb27ea88a966cfbca7cd8063507f41f826f89d3b05dacd3c216b5c5e53a,canayxps15,1.0,0.8,0.9047619047619048,0.9997039279655868,1.0
electricity-temporal,logreg,3,3,pi,0.6667717528373266,0.2902496909758651,0.936537506110213,0.0757479000003513,3172,100,1,a8cb68f370b5b2df759231420b2684c9bc9cdc0799db461d8288e6ee9a2f8256,32475be646b63ee955572ace619ea76a30ab01b705c139fbf3c95a28f6246abb,a56ffef72cbeddf7307b7ee6b0c7688b74b8aa965fce826079937135eb0a99a1,temporal-v2-raw-space-lime,v2-raw-lime-cell-keyed,raw_mixed_feature,window_position_keyed_crn,fixed_seed_across_windows,2f0551386c3480bb7676746d2387490c7623e474170c111e7c0fa1238c421a97,401dcbb27ea88a966cfbca7cd8063507f41f826f89d3b05dacd3c216b5c5e53a,canayxps15,1.0,1.0,0.5945945945945946,0.9832981463302822,1.0
electricity-temporal,logreg,3,3,shap,0.6667717528373266,0.2902496909758651,0.936537506110213,0.0012055999995936,3172,100,1,a8cb68f370b5b2df759231420b2684c9bc9cdc0799db461d8288e6ee9a2f8256,32475be646b63ee955572ace619ea76a30ab01b705c139fbf3c95a28f6246abb,a56ffef72cbeddf7307b7ee6b0c7688b74b8aa965fce826079937135eb0a99a1,temporal-v2-raw-space-lime,v2-raw-lime-cell-keyed,raw_mixed_feature,window_position_keyed_crn,fixed_seed_across_windows,2f0551386c3480bb7676746d2387490c7623e474170c111e7c0fa1238c421a97,401dcbb27ea88a966cfbca7cd8063507f41f826f89d3b05dacd3c216b5c5e53a,canayxps15,1.0,1.0,0.9759000729485332,0.9930487000815916,1.0
electricity-temporal,logreg,3,4,lime,0.6667717528373266,0.2902496909758651,0.936537506110213,0.3402139999998326,3172,30,1,a8cb68f370b5b2df759231420b2684c9bc9cdc0799db461d8288e6ee9a2f8256,91b335320129abd64298a57428b9fab300d55dcc650ef50589f75ee4e55b88c1,a56ffef72cbeddf7307b7ee6b0c7688b74b8aa965fce826079937135eb0a99a1,temporal-v2-raw-space-lime,v2-raw-lime-cell-keyed,raw_mixed_feature,window_position_keyed_crn,fixed_seed_across_windows,2f0551386c3480bb7676746d2387490c7623e474170c111e7c0fa1238c421a97,401dcbb27ea88a966cfbca7cd8063507f41f826f89d3b05dacd3c216b5c5e53a,canayxps15,1.0,0.8,0.8333333333333335,0.9998693116141584,1.0
electricity-temporal,logreg,3,4,pi,0.6667717528373266,0.2902496909758651,0.936537506110213,0.0686651000014535,3172,100,1,a8cb68f370b5b2df759231420b2684c9bc9cdc0799db461d8288e6ee9a2f8256,91b335320129abd64298a57428b9fab300d55dcc650ef50589f75ee4e55b88c1,a56ffef72cbeddf7307b7ee6b0c7688b74b8aa965fce826079937135eb0a99a1,temporal-v2-raw-space-lime,v2-raw-lime-cell-keyed,raw_mixed_feature,window_position_keyed_crn,fixed_seed_across_windows,2f0551386c3480bb7676746d2387490c7623e474170c111e7c0fa1238c421a97,401dcbb27ea88a966cfbca7cd8063507f41f826f89d3b05dacd3c216b5c5e53a,canayxps15,1.0,1.0,1.0,0.9994567452306424,1.0
electricity-temporal,logreg,3,4,shap,0.6667717528373266,0.2902496909758651,0.936537506110213,0.0012181999991298,3172,100,1,a8cb68f370b5b2df759231420b2684c9bc9cdc0799db461d8288e6ee9a2f8256,91b335320129abd64298a57428b9fab300d55dcc650ef50589f75ee4e55b88c1,a56ffef72cbeddf7307b7ee6b0c7688b74b8aa965fce826079937135eb0a99a1,temporal-v2-raw-space-lime,v2-raw-lime-cell-keyed,raw_mixed_feature,window_position_keyed_crn,fixed_seed_across_windows,2f0551386c3480bb7676746d2387490c7623e474170c111e7c0fa1238c421a97,401dcbb27ea88a966cfbca7cd8063507f41f826f89d3b05dacd3c216b5c5e53a,canayxps15,1.0,1.0,0.9759000729485332,0.9975695324908234,1.0
electricity-temporal,logreg,4,0,lime,0.6721311475409836,0.2853304391493583,0.9409785106028736,0.4995579999995243,3172,30,1,eb5d91a88caa54a61a0acac88ceb6bd9d79b7abc8995898ee10796f65dd34869,9b251afdbd81ef761521e4f1d83b4c1dff50e33090655d6fb0d758c7ae50e10a,a56ffef72cbeddf7307b7ee6b0c7688b74b8aa965fce826079937135eb0a99a1,temporal-v2-raw-space-lime,v2-raw-lime-cell-keyed,raw_mixed_feature,window_position_keyed_crn,fixed_seed_across_windows,2f0551386c3480bb7676746d2387490c7623e474170c111e7c0fa1238c421a97,401dcbb27ea88a966cfbca7cd8063507f41f826f89d3b05dacd3c216b5c5e53a,canayxps15,1.0,0.8,0.9523809523809524,0.9993965617705284,1.0
electricity-temporal,logreg,4,0,pi,0.6721311475409836,0.2853304391493583,0.9409785106028736,0.0983959000004688,3172,100,1,eb5d91a88caa54a61a0acac88ceb6bd9d79b7abc8995898ee10796f65dd34869,9b251afdbd81ef761521e4f1d83b4c1dff50e33090655d6fb0d758c7ae50e10a,a56ffef72cbeddf7307b7ee6b0c7688b74b8aa965fce826079937135eb0a99a1,temporal-v2-raw-space-lime,v2-raw-lime-cell-keyed,raw_mixed_feature,window_position_keyed_crn,fixed_seed_across_windows,2f0551386c3480bb7676746d2387490c7623e474170c111e7c0fa1238c421a97,401dcbb27ea88a966cfbca7cd8063507f41f826f89d3b05dacd3c216b5c5e53a,canayxps15,1.0,1.0,0.1621621621621621,0.9878982574370914,1.0
electricity-temporal,logreg,4,0,shap,0.6721311475409836,0.2853304391493583,0.9409785106028736,0.001847199999247,3172,100,1,eb5d91a88caa54a61a0acac88ceb6bd9d79b7abc8995898ee10796f65dd34869,9b251afdbd81ef761521e4f1d83b4c1dff50e33090655d6fb0d758c7ae50e10a,a56ffef72cbeddf7307b7ee6b0c7688b74b8aa965fce826079937135eb0a99a1,temporal-v2-raw-space-lime,v2-raw-lime-cell-keyed,raw_mixed_feature,window_position_keyed_crn,fixed_seed_across_windows,2f0551386c3480bb7676746d2387490c7623e474170c111e7c0fa1238c421a97,401dcbb27ea88a966cfbca7cd8063507f41f826f89d3b05dacd3c216b5c5e53a,canayxps15,1.0,1.0,0.9759000729485332,0.9930079966866272,1.0
electricity-temporal,logreg,4,1,lime,0.6721311475409836,0.2853304391493583,0.9409785106028736,0.2764950000000681,3172,30,1,eb5d91a88caa54a61a0acac88ceb6bd9d79b7abc8995898ee10796f65dd34869,18125fd8af779d1a57df59977228e969983a90ab2e94e9f15a70d4aa5e66725b,a56ffef72cbeddf7307b7ee6b0c7688b74b8aa965fce826079937135eb0a99a1,temporal-v2-raw-space-lime,v2-raw-lime-cell-keyed,raw_mixed_feature,window_position_keyed_crn,fixed_seed_across_windows,2f0551386c3480bb7676746d2387490c7623e474170c111e7c0fa1238c421a97,401dcbb27ea88a966cfbca7cd8063507f41f826f89d3b05dacd3c216b5c5e53a,canayxps15,1.0,0.8,0.8571428571428572,0.9998866899352434,1.0
electricity-temporal,logreg,4,1,pi,0.6721311475409836,0.2853304391493583,0.9409785106028736,0.055262900001253,3172,100,1,eb5d91a88caa54a61a0acac88ceb6bd9d79b7abc8995898ee10796f65dd34869,18125fd8af779d1a57df59977228e969983a90ab2e94e9f15a70d4aa5e66725b,a56ffef72cbeddf7307b7ee6b0c7688b74b8aa965fce826079937135eb0a99a1,temporal-v2-raw-space-lime,v2-raw-lime-cell-keyed,raw_mixed_feature,window_position_keyed_crn,fixed_seed_across_windows,2f0551386c3480bb7676746d2387490c7623e474170c111e7c0fa1238c421a97,401dcbb27ea88a966cfbca7cd8063507f41f826f89d3b05dacd3c216b5c5e53a,canayxps15,0.6666666666666666,1.0,0.5945945945945946,0.999686311676136,1.0
electricity-temporal,logreg,4,1,shap,0.6721311475409836,0.2853304391493583,0.9409785106028736,0.0011164999996253,3172,100,1,eb5d91a88caa54a61a0acac88ceb6bd9d79b7abc8995898ee10796f65dd34869,18125fd8af779d1a57df59977228e969983a90ab2e94e9f15a70d4aa5e66725b,a56ffef72cbeddf7307b7ee6b0c7688b74b8aa965fce826079937135eb0a99a1,temporal-v2-raw-space-lime,v2-raw-lime-cell-keyed,raw_mixed_feature,window_position_keyed_crn,fixed_seed_across_windows,2f0551386c3480bb7676746d2387490c7623e474170c111e7c0fa1238c421a97,401dcbb27ea88a966cfbca7cd8063507f41f826f89d3b05dacd3c216b5c5e53a,canayxps15,1.0,1.0,0.9759000729485332,0.988895640038518,1.0
electricity-temporal,logreg,4,2,lime,0.6721311475409836,0.2853304391493583,0.9409785106028736,0.4489178000003448,3172,30,1,eb5d91a88caa54a61a0acac88ceb6bd9d79b7abc8995898ee10796f65dd34869,0585056d443e95d9edebf7d75588165c993b341b5a8540e18c796bbf53e19db8,a56ffef72cbeddf7307b7ee6b0c7688b74b8aa965fce826079937135eb0a99a1,temporal-v2-raw-space-lime,v2-raw-lime-cell-keyed,raw_mixed_feature,window_position_keyed_crn,fixed_seed_across_windows,2f0551386c3480bb7676746d2387490c7623e474170c111e7c0fa1238c421a97,401dcbb27ea88a966cfbca7cd8063507f41f826f89d3b05dacd3c216b5c5e53a,canayxps15,1.0,0.8,0.8571428571428572,0.9997818001357928,1.0
electricity-temporal,logreg,4,2,pi,0.6721311475409836,0.2853304391493583,0.9409785106028736,0.092453100000057,3172,100,1,eb5d91a88caa54a61a0acac88ceb6bd9d79b7abc8995898ee10796f65dd34869,0585056d443e95d9edebf7d75588165c993b341b5a8540e18c796bbf53e19db8,a56ffef72cbeddf7307b7ee6b0c7688b74b8aa965fce826079937135eb0a99a1,temporal-v2-raw-space-lime,v2-raw-lime-cell-keyed,raw_mixed_feature,window_position_keyed_crn,fixed_seed_across_windows,2f0551386c3480bb7676746d2387490c7623e474170c111e7c0fa1238c421a97,401dcbb27ea88a966cfbca7cd8063507f41f826f89d3b05dacd3c216b5c5e53a,canayxps15,1.0,1.0,0.4324324324324324,0.976290295326963,0.5
electricity-temporal,logreg,4,2,shap,0.6721311475409836,0.2853304391493583,0.9409785106028736,0.0011587999997573,3172,100,1,eb5d91a88caa54a61a0acac88ceb6bd9d79b7abc8995898ee10796f65dd34869,0585056d443e95d9edebf7d75588165c993b341b5a8540e18c796bbf53e19db8,a56ffef72cbeddf7307b7ee6b0c7688b74b8aa965fce826079937135eb0a99a1,temporal-v2-raw-space-lime,v2-raw-lime-cell-keyed,raw_mixed_feature,window_position_keyed_crn,fixed_seed_across_windows,2f0551386c3480bb7676746d2387490c7623e474170c111e7c0fa1238c421a97,401dcbb27ea88a966cfbca7cd8063507f41f826f89d3b05dacd3c216b5c5e53a,canayxps15,1.0,1.0,0.9759000729485332,0.9897654701026422,1.0
electricity-temporal,logreg,4,3,lime,0.6721311475409836,0.2853304391493583,0.9409785106028736,0.413337699999829,3172,30,1,eb5d91a88caa54a61a0acac88ceb6bd9d79b7abc8995898ee10796f65dd34869,872950e0a45a8784f52cb9c13e5b4edfe2d59bd43138f4913d131f2eb3635ce3,a56ffef72cbeddf7307b7ee6b0c7688b74b8aa965fce826079937135eb0a99a1,temporal-v2-raw-space-lime,v2-raw-lime-cell-keyed,raw_mixed_feature,window_position_keyed_crn,fixed_seed_across_windows,2f0551386c3480bb7676746d2387490c7623e474170c111e7c0fa1238c421a97,401dcbb27ea88a966cfbca7cd8063507f41f826f89d3b05dacd3c216b5c5e53a,canayxps15,1.0,0.8,0.9523809523809524,0.99975093035405,1.0
electricity-temporal,logreg,4,3,pi,0.6721311475409836,0.2853304391493583,0.9409785106028736,0.0764773000009881,3172,100,1,eb5d91a88caa54a61a0acac88ceb6bd9d79b7abc8995898ee10796f65dd34869,872950e0a45a8784f52cb9c13e5b4edfe2d59bd43138f4913d131f2eb3635ce3,a56ffef72cbeddf7307b7ee6b0c7688b74b8aa965fce826079937135eb0a99a1,temporal-v2-raw-space-lime,v2-raw-lime-cell-keyed,raw_mixed_feature,window_position_keyed_crn,fixed_seed_across_windows,2f0551386c3480bb7676746d2387490c7623e474170c111e7c0fa1238c421a97,401dcbb27ea88a966cfbca7cd8063507f41f826f89d3b05dacd3c216b5c5e53a,canayxps15,1.0,1.0,0.5945945945945946,0.9966043252060978,1.0
electricity-temporal,logreg,4,3,shap,0.6721311475409836,0.2853304391493583,0.9409785106028736,0.0026381999996374,3172,100,1,eb5d91a88caa54a61a0acac88ceb6bd9d79b7abc8995898ee10796f65dd34869,872950e0a45a8784f52cb9c13e5b4edfe2d59bd43138f4913d131f2eb3635ce3,a56ffef72cbeddf7307b7ee6b0c7688b74b8aa965fce826079937135eb0a99a1,temporal-v2-raw-space-lime,v2-raw-lime-cell-keyed,raw_mixed_feature,window_position_keyed_crn,fixed_seed_across_windows,2f0551386c3480bb7676746d2387490c7623e474170c111e7c0fa1238c421a97,401dcbb27ea88a966cfbca7cd8063507f41f826f89d3b05dacd3c216b5c5e53a,canayxps15,1.0,1.0,0.9759000729485332,0.988175445492665,1.0
electricity-temporal,logreg,4,4,lime,0.6721311475409836,0.2853304391493583,0.9409785106028736,0.4356847999988531,3172,30,1,eb5d91a88caa54a61a0acac88ceb6bd9d79b7abc8995898ee10796f65dd34869,71d4deb325db3d32ad7a4fe9793f91c649978cea249a1dae0b5c35d5f23e0642,a56ffef72cbeddf7307b7ee6b0c7688b74b8aa965fce826079937135eb0a99a1,temporal-v2-raw-space-lime,v2-raw-lime-cell-keyed,raw_mixed_feature,window_position_keyed_crn,fixed_seed_across_windows,2f0551386c3480bb7676746d2387490c7623e474170c111e7c0fa1238c421a97,401dcbb27ea88a966cfbca7cd8063507f41f826f89d3b05dacd3c216b5c5e53a,canayxps15,1.0,0.8,0.8333333333333335,0.9995728376576314,1.0
electricity-temporal,logreg,4,4,pi,0.6721311475409836,0.2853304391493583,0.9409785106028736,0.0711704999994253,3172,100,1,eb5d91a88caa54a61a0acac88ceb6bd9d79b7abc8995898ee10796f65dd34869,71d4deb325db3d32ad7a4fe9793f91c649978cea249a1dae0b5c35d5f23e0642,a56ffef72cbeddf7307b7ee6b0c7688b74b8aa965fce826079937135eb0a99a1,temporal-v2-raw-space-lime,v2-raw-lime-cell-keyed,raw_mixed_feature,window_position_keyed_crn,fixed_seed_across_windows,2f0551386c3480bb7676746d2387490c7623e474170c111e7c0fa1238c421a97,401dcbb27ea88a966cfbca7cd8063507f41f826f89d3b05dacd3c216b5c5e53a,canayxps15,1.0,1.0,0.415900195928029,0.9854207621366124,0.5
electricity-temporal,logreg,4,4,shap,0.6721311475409836,0.2853304391493583,0.9409785106028736,0.0022208999998838,3172,100,1,eb5d91a88caa54a61a0acac88ceb6bd9d79b7abc8995898ee10796f65dd34869,71d4deb325db3d32ad7a4fe9793f91c649978cea249a1dae0b5c35d5f23e0642,a56ffef72cbeddf7307b7ee6b0c7688b74b8aa965fce826079937135eb0a99a1,temporal-v2-raw-space-lime,v2-raw-lime-cell-keyed,raw_mixed_feature,window_position_keyed_crn,fixed_seed_across_windows,2f0551386c3480bb7676746d2387490c7623e474170c111e7c0fa1238c421a97,401dcbb27ea88a966cfbca7cd8063507f41f826f89d3b05dacd3c216b5c5e53a,canayxps15,1.0,1.0,0.9759000729485332,0.995533305831178,1.0
electricity-temporal,logreg,5,0,lime,0.6216897856242118,0.3368801780239631,0.9542262680315,0.4404224999998405,3172,30,1,bbe87735a98f61ec0d406e02eed4d6c88cde793c3d4455cc581032eabbc21384,907220deeb7890bf1a92e948bfca0e7152e865d53bb3c6f1d0b780e3df7c31f8,a56ffef72cbeddf7307b7ee6b0c7688b74b8aa965fce826079937135eb0a99a1,temporal-v2-raw-space-lime,v2-raw-lime-cell-keyed,raw_mixed_feature,window_position_keyed_crn,fixed_seed_across_windows,2f0551386c3480bb7676746d2387490c7623e474170c111e7c0fa1238c421a97,401dcbb27ea88a966cfbca7cd8063507f41f826f89d3b05dacd3c216b5c5e53a,canayxps15,1.0,1.0,0.9761904761904764,0.9996453180649424,1.0
electricity-temporal,logreg,5,0,pi,0.6216897856242118,0.3368801780239631,0.9542262680315,0.0713720999992801,3172,100,1,bbe87735a98f61ec0d406e02eed4d6c88cde793c3d4455cc581032eabbc21384,907220deeb7890bf1a92e948bfca0e7152e865d53bb3c6f1d0b780e3df7c31f8,a56ffef72cbeddf7307b7ee6b0c7688b74b8aa965fce826079937135eb0a99a1,temporal-v2-raw-space-lime,v2-raw-lime-cell-keyed,raw_mixed_feature,window_position_keyed_crn,fixed_seed_across_windows,2f0551386c3480bb7676746d2387490c7623e474170c111e7c0fa1238c421a97,401dcbb27ea88a966cfbca7cd8063507f41f826f89d3b05dacd3c216b5c5e53a,canayxps15,1.0,1.0,0.6758378183830472,0.9958687975078524,1.0
electricity-temporal,logreg,5,0,shap,0.6216897856242118,0.3368801780239631,0.9542262680315,0.0019736999984161,3172,100,1,bbe87735a98f61ec0d406e02eed4d6c88cde793c3d4455cc581032eabbc21384,907220deeb7890bf1a92e948bfca0e7152e865d53bb3c6f1d0b780e3df7c31f8,a56ffef72cbeddf7307b7ee6b0c7688b74b8aa965fce826079937135eb0a99a1,temporal-v2-raw-space-lime,v2-raw-lime-cell-keyed,raw_mixed_feature,window_position_keyed_crn,fixed_seed_across_windows,2f0551386c3480bb7676746d2387490c7623e474170c111e7c0fa1238c421a97,401dcbb27ea88a966cfbca7cd8063507f41f826f89d3b05dacd3c216b5c5e53a,canayxps15,1.0,1.0,0.95150257112482,0.9932754022911232,1.0
electricity-temporal,logreg,5,1,lime,0.6216897856242118,0.3368801780239631,0.9542262680315,0.4360928000005515,3172,30,1,bbe87735a98f61ec0d406e02eed4d6c88cde793c3d4455cc581032eabbc21384,81575bbfd0366f4205581e7dfd6b5c0b5609391e7355b4dc1b9eb4f9654cd78e,a56ffef72cbeddf7307b7ee6b0c7688b74b8aa965fce826079937135eb0a99a1,temporal-v2-raw-space-lime,v2-raw-lime-cell-keyed,raw_mixed_feature,window_position_keyed_crn,fixed_seed_across_windows,2f0551386c3480bb7676746d2387490c7623e474170c111e7c0fa1238c421a97,401dcbb27ea88a966cfbca7cd8063507f41f826f89d3b05dacd3c216b5c5e53a,canayxps15,1.0,1.0,0.9761904761904764,0.9999208363937232,1.0
electricity-temporal,logreg,5,1,pi,0.6216897856242118,0.3368801780239631,0.9542262680315,0.0890237999992678,3172,100,1,bbe87735a98f61ec0d406e02eed4d6c88cde793c3d4455cc581032eabbc21384,81575bbfd0366f4205581e7dfd6b5c0b5609391e7355b4dc1b9eb4f9654cd78e,a56ffef72cbeddf7307b7ee6b0c7688b74b8aa965fce826079937135eb0a99a1,temporal-v2-raw-space-lime,v2-raw-lime-cell-keyed,raw_mixed_feature,window_position_keyed_crn,fixed_seed_across_windows,2f0551386c3480bb7676746d2387490c7623e474170c111e7c0fa1238c421a97,401dcbb27ea88a966cfbca7cd8063507f41f826f89d3b05dacd3c216b5c5e53a,canayxps15,1.0,1.0,0.6758378183830472,0.997654473966768,1.0
electricity-temporal,logreg,5,1,shap,0.6216897856242118,0.3368801780239631,0.9542262680315,0.0017096000010496,3172,100,1,bbe87735a98f61ec0d406e02eed4d6c88cde793c3d4455cc581032eabbc21384,81575bbfd0366f4205581e7dfd6b5c0b5609391e7355b4dc1b9eb4f9654cd78e,a56ffef72cbeddf7307b7ee6b0c7688b74b8aa965fce826079937135eb0a99a1,temporal-v2-raw-space-lime,v2-raw-lime-cell-keyed,raw_mixed_feature,window_position_keyed_crn,fixed_seed_across_windows,2f0551386c3480bb7676746d2387490c7623e474170c111e7c0fa1238c421a97,401dcbb27ea88a966cfbca7cd8063507f41f826f89d3b05dacd3c216b5c5e53a,canayxps15,1.0,1.0,0.9759000729485332,0.989050458910526,1.0
electricity-temporal,logreg,5,2,lime,0.6216897856242118,0.3368801780239631,0.9542262680315,0.3372079000000667,3172,30,1,bbe87735a98f61ec0d406e02eed4d6c88cde793c3d4455cc581032eabbc21384,e43de832e6a978e65b60edf2b629daa3e04f97ffabd07b7dee045bf37de9034e,a56ffef72cbeddf7307b7ee6b0c7688b74b8aa965fce826079937135eb0a99a1,temporal-v2-raw-space-lime,v2-raw-lime-cell-keyed,raw_mixed_feature,window_position_keyed_crn,fixed_seed_across_windows,2f0551386c3480bb7676746d2387490c7623e474170c111e7c0fa1238c421a97,401dcbb27ea88a966cfbca7cd8063507f41f826f89d3b05dacd3c216b5c5e53a,canayxps15,1.0,0.8,0.9285714285714288,0.9995214379379568,1.0
electricity-temporal,logreg,5,2,pi,0.6216897856242118,0.3368801780239631,0.9542262680315,0.0808673000010458,3172,100,1,bbe87735a98f61ec0d406e02eed4d6c88cde793c3d4455cc581032eabbc21384,e43de832e6a978e65b60edf2b629daa3e04f97ffabd07b7dee045bf37de9034e,a56ffef72cbeddf7307b7ee6b0c7688b74b8aa965fce826079937135eb0a99a1,temporal-v2-raw-space-lime,v2-raw-lime-cell-keyed,raw_mixed_feature,window_position_keyed_crn,fixed_seed_across_windows,2f0551386c3480bb7676746d2387490c7623e474170c111e7c0fa1238c421a97,401dcbb27ea88a966cfbca7cd8063507f41f826f89d3b05dacd3c216b5c5e53a,canayxps15,1.0,1.0,0.9357754408380654,0.9948215653748936,1.0
electricity-temporal,logreg,5,2,shap,0.6216897856242118,0.3368801780239631,0.9542262680315,0.0010498000010557,3172,100,1,bbe87735a98f61ec0d406e02eed4d6c88cde793c3d4455cc581032eabbc21384,e43de832e6a978e65b60edf2b629daa3e04f97ffabd07b7dee045bf37de9034e,a56ffef72cbeddf7307b7ee6b0c7688b74b8aa965fce826079937135eb0a99a1,temporal-v2-raw-space-lime,v2-raw-lime-cell-keyed,raw_mixed_feature,window_position_keyed_crn,fixed_seed_across_windows,2f0551386c3480bb7676746d2387490c7623e474170c111e7c0fa1238c421a97,401dcbb27ea88a966cfbca7cd8063507f41f826f89d3b05dacd3c216b5c5e53a,canayxps15,1.0,1.0,0.9759000729485332,0.9882369246497784,1.0
electricity-temporal,logreg,5,3,lime,0.6216897856242118,0.3368801780239631,0.9542262680315,0.3785184999997,3172,30,1,bbe87735a98f61ec0d406e02eed4d6c88cde793c3d4455cc581032eabbc21384,71185343a496fca9f2e8d1da8f16a34caa96fc52b0d18d2c3a44c6947fee3a72,a56ffef72cbeddf7307b7ee6b0c7688b74b8aa965fce826079937135eb0a99a1,temporal-v2-raw-space-lime,v2-raw-lime-cell-keyed,raw_mixed_feature,window_position_keyed_crn,fixed_seed_across_windows,2f0551386c3480bb7676746d2387490c7623e474170c111e7c0fa1238c421a97,401dcbb27ea88a966cfbca7cd8063507f41f826f89d3b05dacd3c216b5c5e53a,canayxps15,1.0,1.0,0.9047619047619048,0.9994154829776148,1.0
electricity-temporal,logreg,5,3,pi,0.6216897856242118,0.3368801780239631,0.9542262680315,0.0973483999987365,3172,100,1,bbe87735a98f61ec0d406e02eed4d6c88cde793c3d4455cc581032eabbc21384,71185343a496fca9f2e8d1da8f16a34caa96fc52b0d18d2c3a44c6947fee3a72,a56ffef72cbeddf7307b7ee6b0c7688b74b8aa965fce826079937135eb0a99a1,temporal-v2-raw-space-lime,v2-raw-lime-cell-keyed,raw_mixed_feature,window_position_keyed_crn,fixed_seed_across_windows,2f0551386c3480bb7676746d2387490c7623e474170c111e7c0fa1238c421a97,401dcbb27ea88a966cfbca7cd8063507f41f826f89d3b05dacd3c216b5c5e53a,canayxps15,1.0,1.0,0.9357754408380654,0.9927172471435124,1.0
electricity-temporal,logreg,5,3,shap,0.6216897856242118,0.3368801780239631,0.9542262680315,0.001061999999365,3172,100,1,bbe87735a98f61ec0d406e02eed4d6c88cde793c3d4455cc581032eabbc21384,71185343a496fca9f2e8d1da8f16a34caa96fc52b0d18d2c3a44c6947fee3a72,a56ffef72cbeddf7307b7ee6b0c7688b74b8aa965fce826079937135eb0a99a1,temporal-v2-raw-space-lime,v2-raw-lime-cell-keyed,raw_mixed_feature,window_position_keyed_crn,fixed_seed_across_windows,2f0551386c3480bb7676746d2387490c7623e474170c111e7c0fa1238c421a97,401dcbb27ea88a966cfbca7cd8063507f41f826f89d3b05dacd3c216b5c5e53a,canayxps15,1.0,1.0,0.9759000729485332,0.9902388745648222,1.0
electricity-temporal,logreg,5,4,lime,0.6216897856242118,0.3368801780239631,0.9542262680315,0.373911800001224,3172,30,1,bbe87735a98f61ec0d406e02eed4d6c88cde793c3d4455cc581032eabbc21384,219065060b02b4ae503572b3f2fd66057cab2302c7290997c904f2b1124d3319,a56ffef72cbeddf7307b7ee6b0c7688b74b8aa965fce826079937135eb0a99a1,temporal-v2-raw-space-lime,v2-raw-lime-cell-keyed,raw_mixed_feature,window_position_keyed_crn,fixed_seed_across_windows,2f0551386c3480bb7676746d2387490c7623e474170c111e7c0fa1238c421a97,401dcbb27ea88a966cfbca7cd8063507f41f826f89d3b05dacd3c216b5c5e53a,canayxps15,1.0,0.8,0.8333333333333335,0.9998702533824062,1.0
electricity-temporal,logreg,5,4,pi,0.6216897856242118,0.3368801780239631,0.9542262680315,0.0735185000012279,3172,100,1,bbe87735a98f61ec0d406e02eed4d6c88cde793c3d4455cc581032eabbc21384,219065060b02b4ae503572b3f2fd66057cab2302c7290997c904f2b1124d3319,a56ffef72cbeddf7307b7ee6b0c7688b74b8aa965fce826079937135eb0a99a1,temporal-v2-raw-space-lime,v2-raw-lime-cell-keyed,raw_mixed_feature,window_position_keyed_crn,fixed_seed_across_windows,2f0551386c3480bb7676746d2387490c7623e474170c111e7c0fa1238c421a97,401dcbb27ea88a966cfbca7cd8063507f41f826f89d3b05dacd3c216b5c5e53a,canayxps15,1.0,1.0,0.701831580628549,0.9985423064641568,1.0
electricity-temporal,logreg,5,4,shap,0.6216897856242118,0.3368801780239631,0.9542262680315,0.0012718999987555,3172,100,1,bbe87735a98f61ec0d406e02eed4d6c88cde793c3d4455cc581032eabbc21384,219065060b02b4ae503572b3f2fd66057cab2302c7290997c904f2b1124d3319,a56ffef72cbeddf7307b7ee6b0c7688b74b8aa965fce826079937135eb0a99a1,temporal-v2-raw-space-lime,v2-raw-lime-cell-keyed,raw_mixed_feature,window_position_keyed_crn,fixed_seed_across_windows,2f0551386c3480bb7676746d2387490c7623e474170c111e7c0fa1238c421a97,401dcbb27ea88a966cfbca7cd8063507f41f826f89d3b05dacd3c216b5c5e53a,canayxps15,1.0,1.0,0.9759000729485332,0.9950319181881216,1.0
electricity-temporal,logreg,6,0,lime,0.6002522068095839,0.3765846656854209,0.9740338782887852,0.4341279000000213,3172,30,1,135fc514a1f7d8e2549db8ede06a0e3786bf20c9bafc753b279e2eaa026ab037,97a47da6fd701ae3526a216dd6ab10b1dbc388bcc21452d0b16081bb82b352f5,a56ffef72cbeddf7307b7ee6b0c7688b74b8aa965fce826079937135eb0a99a1,temporal-v2-raw-space-lime,v2-raw-lime-cell-keyed,raw_mixed_feature,window_position_keyed_crn,fixed_seed_across_windows,2f0551386c3480bb7676746d2387490c7623e474170c111e7c0fa1238c421a97,401dcbb27ea88a966cfbca7cd8063507f41f826f89d3b05dacd3c216b5c5e53a,canayxps15,1.0,0.8,0.8333333333333335,0.9993337433417536,1.0
electricity-temporal,logreg,6,0,pi,0.6002522068095839,0.3765846656854209,0.9740338782887852,0.0717980000008537,3172,100,1,135fc514a1f7d8e2549db8ede06a0e3786bf20c9bafc753b279e2eaa026ab037,97a47da6fd701ae3526a216dd6ab10b1dbc388bcc21452d0b16081bb82b352f5,a56ffef72cbeddf7307b7ee6b0c7688b74b8aa965fce826079937135eb0a99a1,temporal-v2-raw-space-lime,v2-raw-lime-cell-keyed,raw_mixed_feature,window_position_keyed_crn,fixed_seed_across_windows,2f0551386c3480bb7676746d2387490c7623e474170c111e7c0fa1238c421a97,401dcbb27ea88a966cfbca7cd8063507f41f826f89d3b05dacd3c216b5c5e53a,canayxps15,1.0,1.0,0.1621621621621621,0.9404633649347124,1.0
electricity-temporal,logreg,6,0,shap,0.6002522068095839,0.3765846656854209,0.9740338782887852,0.0018395999995846,3172,100,1,135fc514a1f7d8e2549db8ede06a0e3786bf20c9bafc753b279e2eaa026ab037,97a47da6fd701ae3526a216dd6ab10b1dbc388bcc21452d0b16081bb82b352f5,a56ffef72cbeddf7307b7ee6b0c7688b74b8aa965fce826079937135eb0a99a1,temporal-v2-raw-space-lime,v2-raw-lime-cell-keyed,raw_mixed_feature,window_position_keyed_crn,fixed_seed_across_windows,2f0551386c3480bb7676746d2387490c7623e474170c111e7c0fa1238c421a97,401dcbb27ea88a966cfbca7cd8063507f41f826f89d3b05dacd3c216b5c5e53a,canayxps15,1.0,1.0,0.95150257112482,0.9936014757677863,1.0
electricity-temporal,logreg,6,1,lime,0.6002522068095839,0.3765846656854209,0.9740338782887852,0.423237799999697,3172,30,1,135fc514a1f7d8e2549db8ede06a0e3786bf20c9bafc753b279e2eaa026ab037,d9f6e9338e8224b17dc909349636c602c20642073588d5f4e713062f184e75f7,a56ffef72cbeddf7307b7ee6b0c7688b74b8aa965fce826079937135eb0a99a1,temporal-v2-raw-space-lime,v2-raw-lime-cell-keyed,raw_mixed_feature,window_position_keyed_crn,fixed_seed_across_windows,2f0551386c3480bb7676746d2387490c7623e474170c111e7c0fa1238c421a97,401dcbb27ea88a966cfbca7cd8063507f41f826f89d3b05dacd3c216b5c5e53a,canayxps15,1.0,1.0,0.9047619047619048,0.9996912049437572,1.0
electricity-temporal,logreg,6,1,pi,0.6002522068095839,0.3765846656854209,0.9740338782887852,0.1054165000005014,3172,100,1,135fc514a1f7d8e2549db8ede06a0e3786bf20c9bafc753b279e2eaa026ab037,d9f6e9338e8224b17dc909349636c602c20642073588d5f4e713062f184e75f7,a56ffef72cbeddf7307b7ee6b0c7688b74b8aa965fce826079937135eb0a99a1,temporal-v2-raw-space-lime,v2-raw-lime-cell-keyed,raw_mixed_feature,window_position_keyed_crn,fixed_seed_across_windows,2f0551386c3480bb7676746d2387490c7623e474170c111e7c0fa1238c421a97,401dcbb27ea88a966cfbca7cd8063507f41f826f89d3b05dacd3c216b5c5e53a,canayxps15,1.0,1.0,0.415900195928029,0.8983209292220551,0.5
electricity-temporal,logreg,6,1,shap,0.6002522068095839,0.3765846656854209,0.9740338782887852,0.0017518000004201,3172,100,1,135fc514a1f7d8e2549db8ede06a0e3786bf20c9bafc753b279e2eaa026ab037,d9f6e9338e8224b17dc909349636c602c20642073588d5f4e713062f184e75f7,a56ffef72cbeddf7307b7ee6b0c7688b74b8aa965fce826079937135eb0a99a1,temporal-v2-raw-space-lime,v2-raw-lime-cell-keyed,raw_mixed_feature,window_position_keyed_crn,fixed_seed_across_windows,2f0551386c3480bb7676746d2387490c7623e474170c111e7c0fa1238c421a97,401dcbb27ea88a966cfbca7cd8063507f41f826f89d3b05dacd3c216b5c5e53a,canayxps15,1.0,1.0,0.95150257112482,0.9879964054271074,1.0
electricity-temporal,logreg,6,2,lime,0.6002522068095839,0.3765846656854209,0.9740338782887852,0.2734313999990263,3172,30,1,135fc514a1f7d8e2549db8ede06a0e3786bf20c9bafc753b279e2eaa026ab037,a3dac773412e74feec6497c1db447bddb7823c006c2b4d440d533e350bfa6117,a56ffef72cbeddf7307b7ee6b0c7688b74b8aa965fce826079937135eb0a99a1,temporal-v2-raw-space-lime,v2-raw-lime-cell-keyed,raw_mixed_feature,window_position_keyed_crn,fixed_seed_across_windows,2f0551386c3480bb7676746d2387490c7623e474170c111e7c0fa1238c421a97,401dcbb27ea88a966cfbca7cd8063507f41f826f89d3b05dacd3c216b5c5e53a,canayxps15,1.0,0.8,0.8571428571428572,0.9993397124014224,1.0
electricity-temporal,logreg,6,2,pi,0.6002522068095839,0.3765846656854209,0.9740338782887852,0.0508700999998836,3172,100,1,135fc514a1f7d8e2549db8ede06a0e3786bf20c9bafc753b279e2eaa026ab037,a3dac773412e74feec6497c1db447bddb7823c006c2b4d440d533e350bfa6117,a56ffef72cbeddf7307b7ee6b0c7688b74b8aa965fce826079937135eb0a99a1,temporal-v2-raw-space-lime,v2-raw-lime-cell-keyed,raw_mixed_feature,window_position_keyed_crn,fixed_seed_across_windows,2f0551386c3480bb7676746d2387490c7623e474170c111e7c0fa1238c421a97,401dcbb27ea88a966cfbca7cd8063507f41f826f89d3b05dacd3c216b5c5e53a,canayxps15,1.0,1.0,0.9357754408380654,0.9195338850949114,1.0
electricity-temporal,logreg,6,2,shap,0.6002522068095839,0.3765846656854209,0.9740338782887852,0.0010394000000815,3172,100,1,135fc514a1f7d8e2549db8ede06a0e3786bf20c9bafc753b279e2eaa026ab037,a3dac773412e74feec6497c1db447bddb7823c006c2b4d440d533e350bfa6117,a56ffef72cbeddf7307b7ee6b0c7688b74b8aa965fce826079937135eb0a99a1,temporal-v2-raw-space-lime,v2-raw-lime-cell-keyed,raw_mixed_feature,window_position_keyed_crn,fixed_seed_across_windows,2f0551386c3480bb7676746d2387490c7623e474170c111e7c0fa1238c421a97,401dcbb27ea88a966cfbca7cd8063507f41f826f89d3b05dacd3c216b5c5e53a,canayxps15,1.0,1.0,0.95150257112482,0.9894713586641976,1.0
electricity-temporal,logreg,6,3,lime,0.6002522068095839,0.3765846656854209,0.9740338782887852,0.3504978000000847,3172,30,1,135fc514a1f7d8e2549db8ede06a0e3786bf20c9bafc753b279e2eaa026ab037,3cf49b7e7cffdab664297639f2ca7da9135ed1245b43f4e979dc30b83b8b9dab,a56ffef72cbeddf7307b7ee6b0c7688b74b8aa965fce826079937135eb0a99a1,temporal-v2-raw-space-lime,v2-raw-lime-cell-keyed,raw_mixed_feature,window_position_keyed_crn,fixed_seed_across_windows,2f0551386c3480bb7676746d2387490c7623e474170c111e7c0fa1238c421a97,401dcbb27ea88a966cfbca7cd8063507f41f826f89d3b05dacd3c216b5c5e53a,canayxps15,1.0,0.8,0.880952380952381,0.9989577586492512,1.0
electricity-temporal,logreg,6,3,pi,0.6002522068095839,0.3765846656854209,0.9740338782887852,0.0660987999999633,3172,100,1,135fc514a1f7d8e2549db8ede06a0e3786bf20c9bafc753b279e2eaa026ab037,3cf49b7e7cffdab664297639f2ca7da9135ed1245b43f4e979dc30b83b8b9dab,a56ffef72cbeddf7307b7ee6b0c7688b74b8aa965fce826079937135eb0a99a1,temporal-v2-raw-space-lime,v2-raw-lime-cell-keyed,raw_mixed_feature,window_position_keyed_crn,fixed_seed_across_windows,2f0551386c3480bb7676746d2387490c7623e474170c111e7c0fa1238c421a97,401dcbb27ea88a966cfbca7cd8063507f41f826f89d3b05dacd3c216b5c5e53a,canayxps15,0.6666666666666666,1.0,0.9357754408380654,0.9949500269052156,1.0
electricity-temporal,logreg,6,3,shap,0.6002522068095839,0.3765846656854209,0.9740338782887852,0.0018744999997579,3172,100,1,135fc514a1f7d8e2549db8ede06a0e3786bf20c9bafc753b279e2eaa026ab037,3cf49b7e7cffdab664297639f2ca7da9135ed1245b43f4e979dc30b83b8b9dab,a56ffef72cbeddf7307b7ee6b0c7688b74b8aa965fce826079937135eb0a99a1,temporal-v2-raw-space-lime,v2-raw-lime-cell-keyed,raw_mixed_feature,window_position_keyed_crn,fixed_seed_across_windows,2f0551386c3480bb7676746d2387490c7623e474170c111e7c0fa1238c421a97,401dcbb27ea88a966cfbca7cd8063507f41f826f89d3b05dacd3c216b5c5e53a,canayxps15,1.0,1.0,0.95150257112482,0.9877588622699202,1.0
electricity-temporal,logreg,6,4,lime,0.6002522068095839,0.3765846656854209,0.9740338782887852,0.3541040000000066,3172,30,1,135fc514a1f7d8e2549db8ede06a0e3786bf20c9bafc753b279e2eaa026ab037,3733f857f3932b03d04d1fcda18b92f72661d472f194f59b02bf7db68ff3d9d2,a56ffef72cbeddf7307b7ee6b0c7688b74b8aa965fce826079937135eb0a99a1,temporal-v2-raw-space-lime,v2-raw-lime-cell-keyed,raw_mixed_feature,window_position_keyed_crn,fixed_seed_across_windows,2f0551386c3480bb7676746d2387490c7623e474170c111e7c0fa1238c421a97,401dcbb27ea88a966cfbca7cd8063507f41f826f89d3b05dacd3c216b5c5e53a,canayxps15,1.0,0.8,0.880952380952381,0.9989884415841488,1.0
electricity-temporal,logreg,6,4,pi,0.6002522068095839,0.3765846656854209,0.9740338782887852,0.0775114999996731,3172,100,1,135fc514a1f7d8e2549db8ede06a0e3786bf20c9bafc753b279e2eaa026ab037,3733f857f3932b03d04d1fcda18b92f72661d472f194f59b02bf7db68ff3d9d2,a56ffef72cbeddf7307b7ee6b0c7688b74b8aa965fce826079937135eb0a99a1,temporal-v2-raw-space-lime,v2-raw-lime-cell-keyed,raw_mixed_feature,window_position_keyed_crn,fixed_seed_across_windows,2f0551386c3480bb7676746d2387490c7623e474170c111e7c0fa1238c421a97,401dcbb27ea88a966cfbca7cd8063507f41f826f89d3b05dacd3c216b5c5e53a,canayxps15,1.0,1.0,0.9617692030835674,0.9811709586748693,1.0
electricity-temporal,logreg,6,4,shap,0.6002522068095839,0.3765846656854209,0.9740338782887852,0.0011365999998815,3172,100,1,135fc514a1f7d8e2549db8ede06a0e3786bf20c9bafc753b279e2eaa026ab037,3733f857f3932b03d04d1fcda18b92f72661d472f194f59b02bf7db68ff3d9d2,a56ffef72cbeddf7307b7ee6b0c7688b74b8aa965fce826079937135eb0a99a1,temporal-v2-raw-space-lime,v2-raw-lime-cell-keyed,raw_mixed_feature,window_position_keyed_crn,fixed_seed_across_windows,2f0551386c3480bb7676746d2387490c7623e474170c111e7c0fa1238c421a97,401dcbb27ea88a966cfbca7cd8063507f41f826f89d3b05dacd3c216b5c5e53a,canayxps15,1.0,1.0,0.95150257112482,0.9946883012862392,1.0
electricity-temporal,logreg,7,0,lime,0.6547919293820933,0.3186931962729648,0.9671882685687124,0.2770882999993773,3172,30,1,21be2dca3e2d0b609370266074332862a6eb49de974bfbef3105d00cc5fea7da,d2a117ff8a2e56572123ba6e5d706cb8f43cc905cec96f3db6112a673d2a8c68,a56ffef72cbeddf7307b7ee6b0c7688b74b8aa965fce826079937135eb0a99a1,temporal-v2-raw-space-lime,v2-raw-lime-cell-keyed,raw_mixed_feature,window_position_keyed_crn,fixed_seed_across_windows,2f0551386c3480bb7676746d2387490c7623e474170c111e7c0fa1238c421a97,401dcbb27ea88a966cfbca7cd8063507f41f826f89d3b05dacd3c216b5c5e53a,canayxps15,1.0,0.8,0.9047619047619048,0.999754720596915,1.0
electricity-temporal,logreg,7,0,pi,0.6547919293820933,0.3186931962729648,0.9671882685687124,0.0571949000004678,3172,100,1,21be2dca3e2d0b609370266074332862a6eb49de974bfbef3105d00cc5fea7da,d2a117ff8a2e56572123ba6e5d706cb8f43cc905cec96f3db6112a673d2a8c68,a56ffef72cbeddf7307b7ee6b0c7688b74b8aa965fce826079937135eb0a99a1,temporal-v2-raw-space-lime,v2-raw-lime-cell-keyed,raw_mixed_feature,window_position_keyed_crn,fixed_seed_across_windows,2f0551386c3480bb7676746d2387490c7623e474170c111e7c0fa1238c421a97,401dcbb27ea88a966cfbca7cd8063507f41f826f89d3b05dacd3c216b5c5e53a,canayxps15,1.0,1.0,0.9617692030835674,0.9406272414409104,1.0
electricity-temporal,logreg,7,0,shap,0.6547919293820933,0.3186931962729648,0.9671882685687124,0.0016106000002764,3172,100,1,21be2dca3e2d0b609370266074332862a6eb49de974bfbef3105d00cc5fea7da,d2a117ff8a2e56572123ba6e5d706cb8f43cc905cec96f3db6112a673d2a8c68,a56ffef72cbeddf7307b7ee6b0c7688b74b8aa965fce826079937135eb0a99a1,temporal-v2-raw-space-lime,v2-raw-lime-cell-keyed,raw_mixed_feature,window_position_keyed_crn,fixed_seed_across_windows,2f0551386c3480bb7676746d2387490c7623e474170c111e7c0fa1238c421a97,401dcbb27ea88a966cfbca7cd8063507f41f826f89d3b05dacd3c216b5c5e53a,canayxps15,1.0,1.0,0.95150257112482,0.9943743907511576,1.0
electricity-temporal,logreg,7,1,lime,0.6547919293820933,0.3186931962729648,0.9671882685687124,0.3895807000008062,3172,30,1,21be2dca3e2d0b609370266074332862a6eb49de974bfbef3105d00cc5fea7da,9b33a96f1f2b77c326070ead9ea4bc5e5b3c4c6e2cccc655eb7a7fd497dc7ae8,a56ffef72cbeddf7307b7ee6b0c7688b74b8aa965fce826079937135eb0a99a1,temporal-v2-raw-space-lime,v2-raw-lime-cell-keyed,raw_mixed_feature,window_position_keyed_crn,fixed_seed_across_windows,2f0551386c3480bb7676746d2387490c7623e474170c111e7c0fa1238c421a97,401dcbb27ea88a966cfbca7cd8063507f41f826f89d3b05dacd3c216b5c5e53a,canayxps15,1.0,0.8,0.7857142857142858,0.9996142484444268,1.0
electricity-temporal,logreg,7,1,pi,0.6547919293820933,0.3186931962729648,0.9671882685687124,0.071324700000332,3172,100,1,21be2dca3e2d0b609370266074332862a6eb49de974bfbef3105d00cc5fea7da,9b33a96f1f2b77c326070ead9ea4bc5e5b3c4c6e2cccc655eb7a7fd497dc7ae8,a56ffef72cbeddf7307b7ee6b0c7688b74b8aa965fce826079937135eb0a99a1,temporal-v2-raw-space-lime,v2-raw-lime-cell-keyed,raw_mixed_feature,window_position_keyed_crn,fixed_seed_across_windows,2f0551386c3480bb7676746d2387490c7623e474170c111e7c0fa1238c421a97,401dcbb27ea88a966cfbca7cd8063507f41f826f89d3b05dacd3c216b5c5e53a,canayxps15,0.6666666666666666,1.0,0.9729729729729728,0.9962977577188022,1.0
electricity-temporal,logreg,7,1,shap,0.6547919293820933,0.3186931962729648,0.9671882685687124,0.0017391000001225,3172,100,1,21be2dca3e2d0b609370266074332862a6eb49de974bfbef3105d00cc5fea7da,9b33a96f1f2b77c326070ead9ea4bc5e5b3c4c6e2cccc655eb7a7fd497dc7ae8,a56ffef72cbeddf7307b7ee6b0c7688b74b8aa965fce826079937135eb0a99a1,temporal-v2-raw-space-lime,v2-raw-lime-cell-keyed,raw_mixed_feature,window_position_keyed_crn,fixed_seed_across_windows,2f0551386c3480bb7676746d2387490c7623e474170c111e7c0fa1238c421a97,401dcbb27ea88a966cfbca7cd8063507f41f826f89d3b05dacd3c216b5c5e53a,canayxps15,1.0,1.0,0.95150257112482,0.9898032802980344,1.0
electricity-temporal,logreg,7,2,lime,0.6547919293820933,0.3186931962729648,0.9671882685687124,0.2740166000003228,3172,30,1,21be2dca3e2d0b609370266074332862a6eb49de974bfbef3105d00cc5fea7da,0cc30cb61b342c7ebc0e3cff01f7acbdad8bee0600667ca371dd11df37fd1205,a56ffef72cbeddf7307b7ee6b0c7688b74b8aa965fce826079937135eb0a99a1,temporal-v2-raw-space-lime,v2-raw-lime-cell-keyed,raw_mixed_feature,window_position_keyed_crn,fixed_seed_across_windows,2f0551386c3480bb7676746d2387490c7623e474170c111e7c0fa1238c421a97,401dcbb27ea88a966cfbca7cd8063507f41f826f89d3b05dacd3c216b5c5e53a,canayxps15,1.0,0.8,0.880952380952381,0.9996485503979808,1.0
electricity-temporal,logreg,7,2,pi,0.6547919293820933,0.3186931962729648,0.9671882685687124,0.0545873000010033,3172,100,1,21be2dca3e2d0b609370266074332862a6eb49de974bfbef3105d00cc5fea7da,0cc30cb61b342c7ebc0e3cff01f7acbdad8bee0600667ca371dd11df37fd1205,a56ffef72cbeddf7307b7ee6b0c7688b74b8aa965fce826079937135eb0a99a1,temporal-v2-raw-space-lime,v2-raw-lime-cell-keyed,raw_mixed_feature,window_position_keyed_crn,fixed_seed_across_windows,2f0551386c3480bb7676746d2387490c7623e474170c111e7c0fa1238c421a97,401dcbb27ea88a966cfbca7cd8063507f41f826f89d3b05dacd3c216b5c5e53a,canayxps15,0.6666666666666666,1.0,0.9729729729729728,0.9820235361090764,1.0
electricity-temporal,logreg,7,2,shap,0.6547919293820933,0.3186931962729648,0.9671882685687124,0.0010861999999178,3172,100,1,21be2dca3e2d0b609370266074332862a6eb49de974bfbef3105d00cc5fea7da,0cc30cb61b342c7ebc0e3cff01f7acbdad8bee0600667ca371dd11df37fd1205,a56ffef72cbeddf7307b7ee6b0c7688b74b8aa965fce826079937135eb0a99a1,temporal-v2-raw-space-lime,v2-raw-lime-cell-keyed,raw_mixed_feature,window_position_keyed_crn,fixed_seed_across_windows,2f0551386c3480bb7676746d2387490c7623e474170c111e7c0fa1238c421a97,401dcbb27ea88a966cfbca7cd8063507f41f826f89d3b05dacd3c216b5c5e53a,canayxps15,1.0,1.0,0.95150257112482,0.9880702769764772,1.0
electricity-temporal,logreg,7,3,lime,0.6547919293820933,0.3186931962729648,0.9671882685687124,0.3538406999996368,3172,30,1,21be2dca3e2d0b609370266074332862a6eb49de974bfbef3105d00cc5fea7da,bdc7549f75d1ee84f34817965238e144845aaa65ce14764a9e11c15ae31eab8c,a56ffef72cbeddf7307b7ee6b0c7688b74b8aa965fce826079937135eb0a99a1,temporal-v2-raw-space-lime,v2-raw-lime-cell-keyed,raw_mixed_feature,window_position_keyed_crn,fixed_seed_across_windows,2f0551386c3480bb7676746d2387490c7623e474170c111e7c0fa1238c421a97,401dcbb27ea88a966cfbca7cd8063507f41f826f89d3b05dacd3c216b5c5e53a,canayxps15,1.0,0.8,0.9523809523809524,0.9995418344916746,1.0
electricity-temporal,logreg,7,3,pi,0.6547919293820933,0.3186931962729648,0.9671882685687124,0.0617107999987638,3172,100,1,21be2dca3e2d0b609370266074332862a6eb49de974bfbef3105d00cc5fea7da,bdc7549f75d1ee84f34817965238e144845aaa65ce14764a9e11c15ae31eab8c,a56ffef72cbeddf7307b7ee6b0c7688b74b8aa965fce826079937135eb0a99a1,temporal-v2-raw-space-lime,v2-raw-lime-cell-keyed,raw_mixed_feature,window_position_keyed_crn,fixed_seed_across_windows,2f0551386c3480bb7676746d2387490c7623e474170c111e7c0fa1238c421a97,401dcbb27ea88a966cfbca7cd8063507f41f826f89d3b05dacd3c216b5c5e53a,canayxps15,1.0,1.0,0.9729729729729728,0.9846463586538672,1.0
electricity-temporal,logreg,7,3,shap,0.6547919293820933,0.3186931962729648,0.9671882685687124,0.0010896000003413,3172,100,1,21be2dca3e2d0b609370266074332862a6eb49de974bfbef3105d00cc5fea7da,bdc7549f75d1ee84f34817965238e144845aaa65ce14764a9e11c15ae31eab8c,a56ffef72cbeddf7307b7ee6b0c7688b74b8aa965fce826079937135eb0a99a1,temporal-v2-raw-space-lime,v2-raw-lime-cell-keyed,raw_mixed_feature,window_position_keyed_crn,fixed_seed_across_windows,2f0551386c3480bb7676746d2387490c7623e474170c111e7c0fa1238c421a97,401dcbb27ea88a966cfbca7cd8063507f41f826f89d3b05dacd3c216b5c5e53a,canayxps15,1.0,1.0,0.95150257112482,0.9896095773606628,1.0
electricity-temporal,logreg,7,4,lime,0.6547919293820933,0.3186931962729648,0.9671882685687124,0.3979913999992277,3172,30,1,21be2dca3e2d0b609370266074332862a6eb49de974bfbef3105d00cc5fea7da,189f8592d02c276316ac00119b6b999038792e297d7e853393e87b47cbb75b12,a56ffef72cbeddf7307b7ee6b0c7688b74b8aa965fce826079937135eb0a99a1,temporal-v2-raw-space-lime,v2-raw-lime-cell-keyed,raw_mixed_feature,window_position_keyed_crn,fixed_seed_across_windows,2f0551386c3480bb7676746d2387490c7623e474170c111e7c0fa1238c421a97,401dcbb27ea88a966cfbca7cd8063507f41f826f89d3b05dacd3c216b5c5e53a,canayxps15,1.0,0.8,0.880952380952381,0.9997196861220052,1.0
electricity-temporal,logreg,7,4,pi,0.6547919293820933,0.3186931962729648,0.9671882685687124,0.0648594000012963,3172,100,1,21be2dca3e2d0b609370266074332862a6eb49de974bfbef3105d00cc5fea7da,189f8592d02c276316ac00119b6b999038792e297d7e853393e87b47cbb75b12,a56ffef72cbeddf7307b7ee6b0c7688b74b8aa965fce826079937135eb0a99a1,temporal-v2-raw-space-lime,v2-raw-lime-cell-keyed,raw_mixed_feature,window_position_keyed_crn,fixed_seed_across_windows,2f0551386c3480bb7676746d2387490c7623e474170c111e7c0fa1238c421a97,401dcbb27ea88a966cfbca7cd8063507f41f826f89d3b05dacd3c216b5c5e53a,canayxps15,1.0,1.0,0.5718627694010401,0.916634674195278,1.0
electricity-temporal,logreg,7,4,shap,0.6547919293820933,0.3186931962729648,0.9671882685687124,0.0010883999984798,3172,100,1,21be2dca3e2d0b609370266074332862a6eb49de974bfbef3105d00cc5fea7da,189f8592d02c276316ac00119b6b999038792e297d7e853393e87b47cbb75b12,a56ffef72cbeddf7307b7ee6b0c7688b74b8aa965fce826079937135eb0a99a1,temporal-v2-raw-space-lime,v2-raw-lime-cell-keyed,raw_mixed_feature,window_position_keyed_crn,fixed_seed_across_windows,2f0551386c3480bb7676746d2387490c7623e474170c111e7c0fa1238c421a97,401dcbb27ea88a966cfbca7cd8063507f41f826f89d3b05dacd3c216b5c5e53a,canayxps15,1.0,1.0,0.95150257112482,0.9956339420022297,1.0
electricity-temporal,logreg,8,0,lime,0.8029634300126104,0.0842253031980679,0.8811087375261274,0.3974956000001839,3172,30,1,be3ebb652f2fe028642011afb7b3eff9185212509cb43fdbafee3d386e26235e,9712345db9bb1ba2dcc63de755f30d7ded1c078bb5128dd89ba73d55f2900fce,a56ffef72cbeddf7307b7ee6b0c7688b74b8aa965fce826079937135eb0a99a1,temporal-v2-raw-space-lime,v2-raw-lime-cell-keyed,raw_mixed_feature,window_position_keyed_crn,fixed_seed_across_windows,2f0551386c3480bb7676746d2387490c7623e474170c111e7c0fa1238c421a97,401dcbb27ea88a966cfbca7cd8063507f41f826f89d3b05dacd3c216b5c5e53a,canayxps15,1.0,0.8,0.9047619047619048,0.9991315605865754,1.0
electricity-temporal,logreg,8,0,pi,0.8029634300126104,0.0842253031980679,0.8811087375261274,0.0860408000007737,3172,100,1,be3ebb652f2fe028642011afb7b3eff9185212509cb43fdbafee3d386e26235e,9712345db9bb1ba2dcc63de755f30d7ded1c078bb5128dd89ba73d55f2900fce,a56ffef72cbeddf7307b7ee6b0c7688b74b8aa965fce826079937135eb0a99a1,temporal-v2-raw-space-lime,v2-raw-lime-cell-keyed,raw_mixed_feature,window_position_keyed_crn,fixed_seed_across_windows,2f0551386c3480bb7676746d2387490c7623e474170c111e7c0fa1238c421a97,401dcbb27ea88a966cfbca7cd8063507f41f826f89d3b05dacd3c216b5c5e53a,canayxps15,1.0,1.0,0.1559625734730109,0.9978485574480777,1.0
electricity-temporal,logreg,8,0,shap,0.8029634300126104,0.0842253031980679,0.8811087375261274,0.0010919999986072,3172,100,1,be3ebb652f2fe028642011afb7b3eff9185212509cb43fdbafee3d386e26235e,9712345db9bb1ba2dcc63de755f30d7ded1c078bb5128dd89ba73d55f2900fce,a56ffef72cbeddf7307b7ee6b0c7688b74b8aa965fce826079937135eb0a99a1,temporal-v2-raw-space-lime,v2-raw-lime-cell-keyed,raw_mixed_feature,window_position_keyed_crn,fixed_seed_across_windows,2f0551386c3480bb7676746d2387490c7623e474170c111e7c0fa1238c421a97,401dcbb27ea88a966cfbca7cd8063507f41f826f89d3b05dacd3c216b5c5e53a,canayxps15,1.0,1.0,0.95150257112482,0.9927400484135908,1.0
electricity-temporal,logreg,8,1,lime,0.8029634300126104,0.0842253031980679,0.8811087375261274,0.4052475999997114,3172,30,1,be3ebb652f2fe028642011afb7b3eff9185212509cb43fdbafee3d386e26235e,c738c3e43718045c5a53ec942b6a652721674d33387573f7a18ae5520199dd10,a56ffef72cbeddf7307b7ee6b0c7688b74b8aa965fce826079937135eb0a99a1,temporal-v2-raw-space-lime,v2-raw-lime-cell-keyed,raw_mixed_feature,window_position_keyed_crn,fixed_seed_across_windows,2f0551386c3480bb7676746d2387490c7623e474170c111e7c0fa1238c421a97,401dcbb27ea88a966cfbca7cd8063507f41f826f89d3b05dacd3c216b5c5e53a,canayxps15,1.0,0.8,0.8095238095238096,0.9999239715443256,1.0
electricity-temporal,logreg,8,1,pi,0.8029634300126104,0.0842253031980679,0.8811087375261274,0.085984900000767,3172,100,1,be3ebb652f2fe028642011afb7b3eff9185212509cb43fdbafee3d386e26235e,c738c3e43718045c5a53ec942b6a652721674d33387573f7a18ae5520199dd10,a56ffef72cbeddf7307b7ee6b0c7688b74b8aa965fce826079937135eb0a99a1,temporal-v2-raw-space-lime,v2-raw-lime-cell-keyed,raw_mixed_feature,window_position_keyed_crn,fixed_seed_across_windows,2f0551386c3480bb7676746d2387490c7623e474170c111e7c0fa1238c421a97,401dcbb27ea88a966cfbca7cd8063507f41f826f89d3b05dacd3c216b5c5e53a,canayxps15,1.0,1.0,0.6758378183830472,0.996836654959608,1.0
electricity-temporal,logreg,8,1,shap,0.8029634300126104,0.0842253031980679,0.8811087375261274,0.001994399999603,3172,100,1,be3ebb652f2fe028642011afb7b3eff9185212509cb43fdbafee3d386e26235e,c738c3e43718045c5a53ec942b6a652721674d33387573f7a18ae5520199dd10,a56ffef72cbeddf7307b7ee6b0c7688b74b8aa965fce826079937135eb0a99a1,temporal-v2-raw-space-lime,v2-raw-lime-cell-keyed,raw_mixed_feature,window_position_keyed_crn,fixed_seed_across_windows,2f0551386c3480bb7676746d2387490c7623e474170c111e7c0fa1238c421a97,401dcbb27ea88a966cfbca7cd8063507f41f826f89d3b05dacd3c216b5c5e53a,canayxps15,1.0,1.0,0.95150257112482,0.994179506099442,1.0
electricity-temporal,logreg,8,2,lime,0.8029634300126104,0.0842253031980679,0.8811087375261274,0.2843148000010842,3172,30,1,be3ebb652f2fe028642011afb7b3eff9185212509cb43fdbafee3d386e26235e,7baf73caf2065b5940eb65eb7779ed1dc84b5cb9947839de12e964e4c1c037d0,a56ffef72cbeddf7307b7ee6b0c7688b74b8aa965fce826079937135eb0a99a1,temporal-v2-raw-space-lime,v2-raw-lime-cell-keyed,raw_mixed_feature,window_position_keyed_crn,fixed_seed_across_windows,2f0551386c3480bb7676746d2387490c7623e474170c111e7c0fa1238c421a97,401dcbb27ea88a966cfbca7cd8063507f41f826f89d3b05dacd3c216b5c5e53a,canayxps15,1.0,1.0,0.9761904761904764,0.9995879816781724,1.0
electricity-temporal,logreg,8,2,pi,0.8029634300126104,0.0842253031980679,0.8811087375261274,0.0717872000004717,3172,100,1,be3ebb652f2fe028642011afb7b3eff9185212509cb43fdbafee3d386e26235e,7baf73caf2065b5940eb65eb7779ed1dc84b5cb9947839de12e964e4c1c037d0,a56ffef72cbeddf7307b7ee6b0c7688b74b8aa965fce826079937135eb0a99a1,temporal-v2-raw-space-lime,v2-raw-lime-cell-keyed,raw_mixed_feature,window_position_keyed_crn,fixed_seed_across_windows,2f0551386c3480bb7676746d2387490c7623e474170c111e7c0fa1238c421a97,401dcbb27ea88a966cfbca7cd8063507f41f826f89d3b05dacd3c216b5c5e53a,canayxps15,1.0,1.0,0.9729729729729728,0.9963545088583062,1.0
electricity-temporal,logreg,8,2,shap,0.8029634300126104,0.0842253031980679,0.8811087375261274,0.0011283999992883,3172,100,1,be3ebb652f2fe028642011afb7b3eff9185212509cb43fdbafee3d386e26235e,7baf73caf2065b5940eb65eb7779ed1dc84b5cb9947839de12e964e4c1c037d0,a56ffef72cbeddf7307b7ee6b0c7688b74b8aa965fce826079937135eb0a99a1,temporal-v2-raw-space-lime,v2-raw-lime-cell-keyed,raw_mixed_feature,window_position_keyed_crn,fixed_seed_across_windows,2f0551386c3480bb7676746d2387490c7623e474170c111e7c0fa1238c421a97,401dcbb27ea88a966cfbca7cd8063507f41f826f89d3b05dacd3c216b5c5e53a,canayxps15,1.0,1.0,0.95150257112482,0.9895451285348572,1.0
electricity-temporal,logreg,8,3,lime,0.8029634300126104,0.0842253031980679,0.8811087375261274,0.3482870999996521,3172,30,1,be3ebb652f2fe028642011afb7b3eff9185212509cb43fdbafee3d386e26235e,f53b8d54151ec17923373e8f56f4a7c0add4b8b9b52ae11de438afad00510d6a,a56ffef72cbeddf7307b7ee6b0c7688b74b8aa965fce826079937135eb0a99a1,temporal-v2-raw-space-lime,v2-raw-lime-cell-keyed,raw_mixed_feature,window_position_keyed_crn,fixed_seed_across_windows,2f0551386c3480bb7676746d2387490c7623e474170c111e7c0fa1238c421a97,401dcbb27ea88a966cfbca7cd8063507f41f826f89d3b05dacd3c216b5c5e53a,canayxps15,1.0,0.8,0.880952380952381,0.998743279497554,1.0
electricity-temporal,logreg,8,3,pi,0.8029634300126104,0.0842253031980679,0.8811087375261274,0.0727172000006248,3172,100,1,be3ebb652f2fe028642011afb7b3eff9185212509cb43fdbafee3d386e26235e,f53b8d54151ec17923373e8f56f4a7c0add4b8b9b52ae11de438afad00510d6a,a56ffef72cbeddf7307b7ee6b0c7688b74b8aa965fce826079937135eb0a99a1,temporal-v2-raw-space-lime,v2-raw-lime-cell-keyed,raw_mixed_feature,window_position_keyed_crn,fixed_seed_across_windows,2f0551386c3480bb7676746d2387490c7623e474170c111e7c0fa1238c421a97,401dcbb27ea88a966cfbca7cd8063507f41f826f89d3b05dacd3c216b5c5e53a,canayxps15,1.0,1.0,0.5945945945945946,0.997326492743491,1.0
electricity-temporal,logreg,8,3,shap,0.8029634300126104,0.0842253031980679,0.8811087375261274,0.0020566999992297,3172,100,1,be3ebb652f2fe028642011afb7b3eff9185212509cb43fdbafee3d386e26235e,f53b8d54151ec17923373e8f56f4a7c0add4b8b9b52ae11de438afad00510d6a,a56ffef72cbeddf7307b7ee6b0c7688b74b8aa965fce826079937135eb0a99a1,temporal-v2-raw-space-lime,v2-raw-lime-cell-keyed,raw_mixed_feature,window_position_keyed_crn,fixed_seed_across_windows,2f0551386c3480bb7676746d2387490c7623e474170c111e7c0fa1238c421a97,401dcbb27ea88a966cfbca7cd8063507f41f826f89d3b05dacd3c216b5c5e53a,canayxps15,1.0,1.0,0.95150257112482,0.990919490345547,1.0
electricity-temporal,logreg,8,4,lime,0.8029634300126104,0.0842253031980679,0.8811087375261274,0.3498490000001766,3172,30,1,be3ebb652f2fe028642011afb7b3eff9185212509cb43fdbafee3d386e26235e,4e9b94e573141e08b0d64de0cec76404b0cf9225bf5103f89b09f93c0b20157d,a56ffef72cbeddf7307b7ee6b0c7688b74b8aa965fce826079937135eb0a99a1,temporal-v2-raw-space-lime,v2-raw-lime-cell-keyed,raw_mixed_feature,window_position_keyed_crn,fixed_seed_across_windows,2f0551386c3480bb7676746d2387490c7623e474170c111e7c0fa1238c421a97,401dcbb27ea88a966cfbca7cd8063507f41f826f89d3b05dacd3c216b5c5e53a,canayxps15,1.0,0.8,0.8333333333333335,0.9994883051791524,1.0
electricity-temporal,logreg,8,4,pi,0.8029634300126104,0.0842253031980679,0.8811087375261274,0.0745106000013038,3172,100,1,be3ebb652f2fe028642011afb7b3eff9185212509cb43fdbafee3d386e26235e,4e9b94e573141e08b0d64de0cec76404b0cf9225bf5103f89b09f93c0b20157d,a56ffef72cbeddf7307b7ee6b0c7688b74b8aa965fce826079937135eb0a99a1,temporal-v2-raw-space-lime,v2-raw-lime-cell-keyed,raw_mixed_feature,window_position_keyed_crn,fixed_seed_across_windows,2f0551386c3480bb7676746d2387490c7623e474170c111e7c0fa1238c421a97,401dcbb27ea88a966cfbca7cd8063507f41f826f89d3b05dacd3c216b5c5e53a,canayxps15,1.0,1.0,0.701831580628549,0.999624479081936,1.0
electricity-temporal,logreg,8,4,shap,0.8029634300126104,0.0842253031980679,0.8811087375261274,0.0020426999999472,3172,100,1,be3ebb652f2fe028642011afb7b3eff9185212509cb43fdbafee3d386e26235e,4e9b94e573141e08b0d64de0cec76404b0cf9225bf5103f89b09f93c0b20157d,a56ffef72cbeddf7307b7ee6b0c7688b74b8aa965fce826079937135eb0a99a1,temporal-v2-raw-space-lime,v2-raw-lime-cell-keyed,raw_mixed_feature,window_position_keyed_crn,fixed_seed_across_windows,2f0551386c3480bb7676746d2387490c7623e474170c111e7c0fa1238c421a97,401dcbb27ea88a966cfbca7cd8063507f41f826f89d3b05dacd3c216b5c5e53a,canayxps15,1.0,1.0,0.95150257112482,0.9980460127649192,1.0
electricity-temporal,logreg,9,0,lime,0.8534047919293821,0.0539936715774459,0.8258461553850813,0.5056800000002113,3172,30,1,336ad2466db122a5c852d07c2a5e32aad62937f93c5683eea7ef13f64ce5d60c,c6332e1fa90de0456b7059c51a5d51209274883f2052c05caed2d2cc84bc3d59,a56ffef72cbeddf7307b7ee6b0c7688b74b8aa965fce826079937135eb0a99a1,temporal-v2-raw-space-lime,v2-raw-lime-cell-keyed,raw_mixed_feature,window_position_keyed_crn,fixed_seed_across_windows,2f0551386c3480bb7676746d2387490c7623e474170c111e7c0fa1238c421a97,401dcbb27ea88a966cfbca7cd8063507f41f826f89d3b05dacd3c216b5c5e53a,canayxps15,1.0,0.8,0.9285714285714288,0.9999027297265788,1.0
electricity-temporal,logreg,9,0,pi,0.8534047919293821,0.0539936715774459,0.8258461553850813,0.1071276000002399,3172,100,1,336ad2466db122a5c852d07c2a5e32aad62937f93c5683eea7ef13f64ce5d60c,c6332e1fa90de0456b7059c51a5d51209274883f2052c05caed2d2cc84bc3d59,a56ffef72cbeddf7307b7ee6b0c7688b74b8aa965fce826079937135eb0a99a1,temporal-v2-raw-space-lime,v2-raw-lime-cell-keyed,raw_mixed_feature,window_position_keyed_crn,fixed_seed_across_windows,2f0551386c3480bb7676746d2387490c7623e474170c111e7c0fa1238c421a97,401dcbb27ea88a966cfbca7cd8063507f41f826f89d3b05dacd3c216b5c5e53a,canayxps15,1.0,1.0,1.0,0.999724652789342,1.0
electricity-temporal,logreg,9,0,shap,0.8534047919293821,0.0539936715774459,0.8258461553850813,0.0031256000002031,3172,100,1,336ad2466db122a5c852d07c2a5e32aad62937f93c5683eea7ef13f64ce5d60c,c6332e1fa90de0456b7059c51a5d51209274883f2052c05caed2d2cc84bc3d59,a56ffef72cbeddf7307b7ee6b0c7688b74b8aa965fce826079937135eb0a99a1,temporal-v2-raw-space-lime,v2-raw-lime-cell-keyed,raw_mixed_feature,window_position_keyed_crn,fixed_seed_across_windows,2f0551386c3480bb7676746d2387490c7623e474170c111e7c0fa1238c421a97,401dcbb27ea88a966cfbca7cd8063507f41f826f89d3b05dacd3c216b5c5e53a,canayxps15,1.0,1.0,0.95150257112482,0.9994187373287834,1.0
electricity-temporal,logreg,9,1,lime,0.8534047919293821,0.0539936715774459,0.8258461553850813,0.4674421999989135,3172,30,1,336ad2466db122a5c852d07c2a5e32aad62937f93c5683eea7ef13f64ce5d60c,f3e352490ea4eb56eaa5c3e787ff04be3b9173a5b8278ae72d636bc692ad46a8,a56ffef72cbeddf7307b7ee6b0c7688b74b8aa965fce826079937135eb0a99a1,temporal-v2-raw-space-lime,v2-raw-lime-cell-keyed,raw_mixed_feature,window_position_keyed_crn,fixed_seed_across_windows,2f0551386c3480bb7676746d2387490c7623e474170c111e7c0fa1238c421a97,401dcbb27ea88a966cfbca7cd8063507f41f826f89d3b05dacd3c216b5c5e53a,canayxps15,1.0,0.8,0.9761904761904764,0.999918901541522,1.0
electricity-temporal,logreg,9,1,pi,0.8534047919293821,0.0539936715774459,0.8258461553850813,0.0734682000002067,3172,100,1,336ad2466db122a5c852d07c2a5e32aad62937f93c5683eea7ef13f64ce5d60c,f3e352490ea4eb56eaa5c3e787ff04be3b9173a5b8278ae72d636bc692ad46a8,a56ffef72cbeddf7307b7ee6b0c7688b74b8aa965fce826079937135eb0a99a1,temporal-v2-raw-space-lime,v2-raw-lime-cell-keyed,raw_mixed_feature,window_position_keyed_crn,fixed_seed_across_windows,2f0551386c3480bb7676746d2387490c7623e474170c111e7c0fa1238c421a97,401dcbb27ea88a966cfbca7cd8063507f41f826f89d3b05dacd3c216b5c5e53a,canayxps15,1.0,1.0,0.3243243243243243,0.9939061000742458,1.0
electricity-temporal,logreg,9,1,shap,0.8534047919293821,0.0539936715774459,0.8258461553850813,0.0010729000005085,3172,100,1,336ad2466db122a5c852d07c2a5e32aad62937f93c5683eea7ef13f64ce5d60c,f3e352490ea4eb56eaa5c3e787ff04be3b9173a5b8278ae72d636bc692ad46a8,a56ffef72cbeddf7307b7ee6b0c7688b74b8aa965fce826079937135eb0a99a1,temporal-v2-raw-space-lime,v2-raw-lime-cell-keyed,raw_mixed_feature,window_position_keyed_crn,fixed_seed_across_windows,2f0551386c3480bb7676746d2387490c7623e474170c111e7c0fa1238c421a97,401dcbb27ea88a966cfbca7cd8063507f41f826f89d3b05dacd3c216b5c5e53a,canayxps15,1.0,1.0,0.95150257112482,0.999083715209905,1.0
electricity-temporal,logreg,9,2,lime,0.8534047919293821,0.0539936715774459,0.8258461553850813,0.3307166000013239,3172,30,1,336ad2466db122a5c852d07c2a5e32aad62937f93c5683eea7ef13f64ce5d60c,5b93e3f6a28270020745ddeab8e8c28abba41dd54b83b7f97157088e33518471,a56ffef72cbeddf7307b7ee6b0c7688b74b8aa965fce826079937135eb0a99a1,temporal-v2-raw-space-lime,v2-raw-lime-cell-keyed,raw_mixed_feature,window_position_keyed_crn,fixed_seed_across_windows,2f0551386c3480bb7676746d2387490c7623e474170c111e7c0fa1238c421a97,401dcbb27ea88a966cfbca7cd8063507f41f826f89d3b05dacd3c216b5c5e53a,canayxps15,1.0,0.8,0.9285714285714288,0.999934437019806,1.0
electricity-temporal,logreg,9,2,pi,0.8534047919293821,0.0539936715774459,0.8258461553850813,0.0663498000012623,3172,100,1,336ad2466db122a5c852d07c2a5e32aad62937f93c5683eea7ef13f64ce5d60c,5b93e3f6a28270020745ddeab8e8c28abba41dd54b83b7f97157088e33518471,a56ffef72cbeddf7307b7ee6b0c7688b74b8aa965fce826079937135eb0a99a1,temporal-v2-raw-space-lime,v2-raw-lime-cell-keyed,raw_mixed_feature,window_position_keyed_crn,fixed_seed_across_windows,2f0551386c3480bb7676746d2387490c7623e474170c111e7c0fa1238c421a97,401dcbb27ea88a966cfbca7cd8063507f41f826f89d3b05dacd3c216b5c5e53a,canayxps15,1.0,1.0,0.3243243243243243,0.9960123549022404,1.0
electricity-temporal,logreg,9,2,shap,0.8534047919293821,0.0539936715774459,0.8258461553850813,0.0015731000003142,3172,100,1,336ad2466db122a5c852d07c2a5e32aad62937f93c5683eea7ef13f64ce5d60c,5b93e3f6a28270020745ddeab8e8c28abba41dd54b83b7f97157088e33518471,a56ffef72cbeddf7307b7ee6b0c7688b74b8aa965fce826079937135eb0a99a1,temporal-v2-raw-space-lime,v2-raw-lime-cell-keyed,raw_mixed_feature,window_position_keyed_crn,fixed_seed_across_windows,2f0551386c3480bb7676746d2387490c7623e474170c111e7c0fa1238c421a97,401dcbb27ea88a966cfbca7cd8063507f41f826f89d3b05dacd3c216b5c5e53a,canayxps15,1.0,1.0,0.95150257112482,0.9982121137528231,1.0
electricity-temporal,logreg,9,3,lime,0.8534047919293821,0.0539936715774459,0.8258461553850813,0.3563154000003123,3172,30,1,336ad2466db122a5c852d07c2a5e32aad62937f93c5683eea7ef13f64ce5d60c,1d6cf7b4b5a0f697b38cbf8e95a95450d2312517619784b3878d3e3272f8b89f,a56ffef72cbeddf7307b7ee6b0c7688b74b8aa965fce826079937135eb0a99a1,temporal-v2-raw-space-lime,v2-raw-lime-cell-keyed,raw_mixed_feature,window_position_keyed_crn,fixed_seed_across_windows,2f0551386c3480bb7676746d2387490c7623e474170c111e7c0fa1238c421a97,401dcbb27ea88a966cfbca7cd8063507f41f826f89d3b05dacd3c216b5c5e53a,canayxps15,1.0,0.8,0.8571428571428572,0.9991985222783248,1.0
electricity-temporal,logreg,9,3,pi,0.8534047919293821,0.0539936715774459,0.8258461553850813,0.0643338000008952,3172,100,1,336ad2466db122a5c852d07c2a5e32aad62937f93c5683eea7ef13f64ce5d60c,1d6cf7b4b5a0f697b38cbf8e95a95450d2312517619784b3878d3e3272f8b89f,a56ffef72cbeddf7307b7ee6b0c7688b74b8aa965fce826079937135eb0a99a1,temporal-v2-raw-space-lime,v2-raw-lime-cell-keyed,raw_mixed_feature,window_position_keyed_crn,fixed_seed_across_windows,2f0551386c3480bb7676746d2387490c7623e474170c111e7c0fa1238c421a97,401dcbb27ea88a966cfbca7cd8063507f41f826f89d3b05dacd3c216b5c5e53a,canayxps15,1.0,1.0,-0.2432432432432432,0.9923631858631276,0.5
electricity-temporal,logreg,9,3,shap,0.8534047919293821,0.0539936715774459,0.8258461553850813,0.0012941000004502,3172,100,1,336ad2466db122a5c852d07c2a5e32aad62937f93c5683eea7ef13f64ce5d60c,1d6cf7b4b5a0f697b38cbf8e95a95450d2312517619784b3878d3e3272f8b89f,a56ffef72cbeddf7307b7ee6b0c7688b74b8aa965fce826079937135eb0a99a1,temporal-v2-raw-space-lime,v2-raw-lime-cell-keyed,raw_mixed_feature,window_position_keyed_crn,fixed_seed_across_windows,2f0551386c3480bb7676746d2387490c7623e474170c111e7c0fa1238c421a97,401dcbb27ea88a966cfbca7cd8063507f41f826f89d3b05dacd3c216b5c5e53a,canayxps15,1.0,1.0,0.95150257112482,0.997297068288747,1.0
electricity-temporal,logreg,9,4,lime,0.8534047919293821,0.0539936715774459,0.8258461553850813,0.4692775000003166,3172,30,1,336ad2466db122a5c852d07c2a5e32aad62937f93c5683eea7ef13f64ce5d60c,5f2642f1e2b344e8e7a1bed6ead81702cd7cdea9b4e6b10085edc168322ee83f,a56ffef72cbeddf7307b7ee6b0c7688b74b8aa965fce826079937135eb0a99a1,temporal-v2-raw-space-lime,v2-raw-lime-cell-keyed,raw_mixed_feature,window_position_keyed_crn,fixed_seed_across_windows,2f0551386c3480bb7676746d2387490c7623e474170c111e7c0fa1238c421a97,401dcbb27ea88a966cfbca7cd8063507f41f826f89d3b05dacd3c216b5c5e53a,canayxps15,1.0,0.8,0.880952380952381,0.9998773489515256,1.0
electricity-temporal,logreg,9,4,pi,0.8534047919293821,0.0539936715774459,0.8258461553850813,0.106823299998723,3172,100,1,336ad2466db122a5c852d07c2a5e32aad62937f93c5683eea7ef13f64ce5d60c,5f2642f1e2b344e8e7a1bed6ead81702cd7cdea9b4e6b10085edc168322ee83f,a56ffef72cbeddf7307b7ee6b0c7688b74b8aa965fce826079937135eb0a99a1,temporal-v2-raw-space-lime,v2-raw-lime-cell-keyed,raw_mixed_feature,window_position_keyed_crn,fixed_seed_across_windows,2f0551386c3480bb7676746d2387490c7623e474170c111e7c0fa1238c421a97,401dcbb27ea88a966cfbca7cd8063507f41f826f89d3b05dacd3c216b5c5e53a,canayxps15,1.0,1.0,0.3119251469460218,0.9977914524325148,1.0
electricity-temporal,logreg,9,4,shap,0.8534047919293821,0.0539936715774459,0.8258461553850813,0.0019205999997211,3172,100,1,336ad2466db122a5c852d07c2a5e32aad62937f93c5683eea7ef13f64ce5d60c,5f2642f1e2b344e8e7a1bed6ead81702cd7cdea9b4e6b10085edc168322ee83f,a56ffef72cbeddf7307b7ee6b0c7688b74b8aa965fce826079937135eb0a99a1,temporal-v2-raw-space-lime,v2-raw-lime-cell-keyed,raw_mixed_feature,window_position_keyed_crn,fixed_seed_across_windows,2f0551386c3480bb7676746d2387490c7623e474170c111e7c0fa1238c421a97,401dcbb27ea88a966cfbca7cd8063507f41f826f89d3b05dacd3c216b5c5e53a,canayxps15,1.0,1.0,0.95150257112482,0.9987638312275324,1.0
electricity-temporal,logreg,10,0,lime,0.7959634184799748,0.1287515681668022,0.8721625412612372,0.4083954999987327,3171,30,1,01b06c03ad0a731c9cdc69c99c906a4a1b3729ed8b65d1e468f4816b3909dccd,291c4335489e5d7ce962c9eef3cdd2017b4485f24e4aa1f3511ffda08b57d231,a56ffef72cbeddf7307b7ee6b0c7688b74b8aa965fce826079937135eb0a99a1,temporal-v2-raw-space-lime,v2-raw-lime-cell-keyed,raw_mixed_feature,window_position_keyed_crn,fixed_seed_across_windows,2f0551386c3480bb7676746d2387490c7623e474170c111e7c0fa1238c421a97,401dcbb27ea88a966cfbca7cd8063507f41f826f89d3b05dacd3c216b5c5e53a,canayxps15,1.0,1.0,1.0,0.99887373612991,1.0
electricity-temporal,logreg,10,0,pi,0.7959634184799748,0.1287515681668022,0.8721625412612372,0.0626442000011593,3171,100,1,01b06c03ad0a731c9cdc69c99c906a4a1b3729ed8b65d1e468f4816b3909dccd,291c4335489e5d7ce962c9eef3cdd2017b4485f24e4aa1f3511ffda08b57d231,a56ffef72cbeddf7307b7ee6b0c7688b74b8aa965fce826079937135eb0a99a1,temporal-v2-raw-space-lime,v2-raw-lime-cell-keyed,raw_mixed_feature,window_position_keyed_crn,fixed_seed_across_windows,2f0551386c3480bb7676746d2387490c7623e474170c111e7c0fa1238c421a97,401dcbb27ea88a966cfbca7cd8063507f41f826f89d3b05dacd3c216b5c5e53a,canayxps15,1.0,1.0,1.0,0.9998692613618376,1.0
electricity-temporal,logreg,10,0,shap,0.7959634184799748,0.1287515681668022,0.8721625412612372,0.0011170999987371,3171,100,1,01b06c03ad0a731c9cdc69c99c906a4a1b3729ed8b65d1e468f4816b3909dccd,291c4335489e5d7ce962c9eef3cdd2017b4485f24e4aa1f3511ffda08b57d231,a56ffef72cbeddf7307b7ee6b0c7688b74b8aa965fce826079937135eb0a99a1,temporal-v2-raw-space-lime,v2-raw-lime-cell-keyed,raw_mixed_feature,window_position_keyed_crn,fixed_seed_across_windows,2f0551386c3480bb7676746d2387490c7623e474170c111e7c0fa1238c421a97,401dcbb27ea88a966cfbca7cd8063507f41f826f89d3b05dacd3c216b5c5e53a,canayxps15,1.0,1.0,0.95150257112482,0.9992425248915996,1.0
electricity-temporal,logreg,10,1,lime,0.7959634184799748,0.1287515681668022,0.8721625412612372,0.3999303000000509,3171,30,1,01b06c03ad0a731c9cdc69c99c906a4a1b3729ed8b65d1e468f4816b3909dccd,14ad0c4d7511fa905a363d349e0dd547a6bb819c3ae93b357e54f9eb49aa3842,a56ffef72cbeddf7307b7ee6b0c7688b74b8aa965fce826079937135eb0a99a1,temporal-v2-raw-space-lime,v2-raw-lime-cell-keyed,raw_mixed_feature,window_position_keyed_crn,fixed_seed_across_windows,2f0551386c3480bb7676746d2387490c7623e474170c111e7c0fa1238c421a97,401dcbb27ea88a966cfbca7cd8063507f41f826f89d3b05dacd3c216b5c5e53a,canayxps15,1.0,1.0,1.0,0.9998960275972208,1.0
electricity-temporal,logreg,10,1,pi,0.7959634184799748,0.1287515681668022,0.8721625412612372,0.0713277999984711,3171,100,1,01b06c03ad0a731c9cdc69c99c906a4a1b3729ed8b65d1e468f4816b3909dccd,14ad0c4d7511fa905a363d349e0dd547a6bb819c3ae93b357e54f9eb49aa3842,a56ffef72cbeddf7307b7ee6b0c7688b74b8aa965fce826079937135eb0a99a1,temporal-v2-raw-space-lime,v2-raw-lime-cell-keyed,raw_mixed_feature,window_position_keyed_crn,fixed_seed_across_windows,2f0551386c3480bb7676746d2387490c7623e474170c111e7c0fa1238c421a97,401dcbb27ea88a966cfbca7cd8063507f41f826f89d3b05dacd3c216b5c5e53a,canayxps15,0.6666666666666666,1.0,0.7027027027027026,0.9945075686274844,1.0
electricity-temporal,logreg,10,1,shap,0.7959634184799748,0.1287515681668022,0.8721625412612372,0.0011106000001745,3171,100,1,01b06c03ad0a731c9cdc69c99c906a4a1b3729ed8b65d1e468f4816b3909dccd,14ad0c4d7511fa905a363d349e0dd547a6bb819c3ae93b357e54f9eb49aa3842,a56ffef72cbeddf7307b7ee6b0c7688b74b8aa965fce826079937135eb0a99a1,temporal-v2-raw-space-lime,v2-raw-lime-cell-keyed,raw_mixed_feature,window_position_keyed_crn,fixed_seed_across_windows,2f0551386c3480bb7676746d2387490c7623e474170c111e7c0fa1238c421a97,401dcbb27ea88a966cfbca7cd8063507f41f826f89d3b05dacd3c216b5c5e53a,canayxps15,1.0,1.0,0.95150257112482,0.99500709102608,1.0
electricity-temporal,logreg,10,2,lime,0.7959634184799748,0.1287515681668022,0.8721625412612372,0.2653125000015279,3171,30,1,01b06c03ad0a731c9cdc69c99c906a4a1b3729ed8b65d1e468f4816b3909dccd,96f7562a735259dff6da5c52d379aaad758f422b5c20b792ad01cbde0941faad,a56ffef72cbeddf7307b7ee6b0c7688b74b8aa965fce826079937135eb0a99a1,temporal-v2-raw-space-lime,v2-raw-lime-cell-keyed,raw_mixed_feature,window_position_keyed_crn,fixed_seed_across_windows,2f0551386c3480bb7676746d2387490c7623e474170c111e7c0fa1238c421a97,401dcbb27ea88a966cfbca7cd8063507f41f826f89d3b05dacd3c216b5c5e53a,canayxps15,1.0,0.8,0.9047619047619048,0.9998976909685562,1.0
electricity-temporal,logreg,10,2,pi,0.7959634184799748,0.1287515681668022,0.8721625412612372,0.0521594000001641,3171,100,1,01b06c03ad0a731c9cdc69c99c906a4a1b3729ed8b65d1e468f4816b3909dccd,96f7562a735259dff6da5c52d379aaad758f422b5c20b792ad01cbde0941faad,a56ffef72cbeddf7307b7ee6b0c7688b74b8aa965fce826079937135eb0a99a1,temporal-v2-raw-space-lime,v2-raw-lime-cell-keyed,raw_mixed_feature,window_position_keyed_crn,fixed_seed_across_windows,2f0551386c3480bb7676746d2387490c7623e474170c111e7c0fa1238c421a97,401dcbb27ea88a966cfbca7cd8063507f41f826f89d3b05dacd3c216b5c5e53a,canayxps15,0.6666666666666666,1.0,0.4054054054054054,0.9937360958986052,0.5
electricity-temporal,logreg,10,2,shap,0.7959634184799748,0.1287515681668022,0.8721625412612372,0.0010091999993164,3171,100,1,01b06c03ad0a731c9cdc69c99c906a4a1b3729ed8b65d1e468f4816b3909dccd,96f7562a735259dff6da5c52d379aaad758f422b5c20b792ad01cbde0941faad,a56ffef72cbeddf7307b7ee6b0c7688b74b8aa965fce826079937135eb0a99a1,temporal-v2-raw-space-lime,v2-raw-lime-cell-keyed,raw_mixed_feature,window_position_keyed_crn,fixed_seed_across_windows,2f0551386c3480bb7676746d2387490c7623e474170c111e7c0fa1238c421a97,401dcbb27ea88a966cfbca7cd8063507f41f826f89d3b05dacd3c216b5c5e53a,canayxps15,1.0,1.0,0.95150257112482,0.9957326130323344,1.0
electricity-temporal,logreg,10,3,lime,0.7959634184799748,0.1287515681668022,0.8721625412612372,0.3222934999994322,3171,30,1,01b06c03ad0a731c9cdc69c99c906a4a1b3729ed8b65d1e468f4816b3909dccd,339a48fb0d60f051afa27d2c57e66baacf248aa7ad6d55a7f0280d0f37512c50,a56ffef72cbeddf7307b7ee6b0c7688b74b8aa965fce826079937135eb0a99a1,temporal-v2-raw-space-lime,v2-raw-lime-cell-keyed,raw_mixed_feature,window_position_keyed_crn,fixed_seed_across_windows,2f0551386c3480bb7676746d2387490c7623e474170c111e7c0fa1238c421a97,401dcbb27ea88a966cfbca7cd8063507f41f826f89d3b05dacd3c216b5c5e53a,canayxps15,1.0,0.8,0.880952380952381,0.9995183534652752,1.0
electricity-temporal,logreg,10,3,pi,0.7959634184799748,0.1287515681668022,0.8721625412612372,0.081457299998874,3171,100,1,01b06c03ad0a731c9cdc69c99c906a4a1b3729ed8b65d1e468f4816b3909dccd,339a48fb0d60f051afa27d2c57e66baacf248aa7ad6d55a7f0280d0f37512c50,a56ffef72cbeddf7307b7ee6b0c7688b74b8aa965fce826079937135eb0a99a1,temporal-v2-raw-space-lime,v2-raw-lime-cell-keyed,raw_mixed_feature,window_position_keyed_crn,fixed_seed_across_windows,2f0551386c3480bb7676746d2387490c7623e474170c111e7c0fa1238c421a97,401dcbb27ea88a966cfbca7cd8063507f41f826f89d3b05dacd3c216b5c5e53a,canayxps15,0.6666666666666666,1.0,0.5945945945945946,0.9968932063990324,1.0
electricity-temporal,logreg,10,3,shap,0.7959634184799748,0.1287515681668022,0.8721625412612372,0.0015333999999711,3171,100,1,01b06c03ad0a731c9cdc69c99c906a4a1b3729ed8b65d1e468f4816b3909dccd,339a48fb0d60f051afa27d2c57e66baacf248aa7ad6d55a7f0280d0f37512c50,a56ffef72cbeddf7307b7ee6b0c7688b74b8aa965fce826079937135eb0a99a1,temporal-v2-raw-space-lime,v2-raw-lime-cell-keyed,raw_mixed_feature,window_position_keyed_crn,fixed_seed_across_windows,2f0551386c3480bb7676746d2387490c7623e474170c111e7c0fa1238c421a97,401dcbb27ea88a966cfbca7cd8063507f41f826f89d3b05dacd3c216b5c5e53a,canayxps15,1.0,1.0,0.95150257112482,0.9945353673247492,1.0
electricity-temporal,logreg,10,4,lime,0.7959634184799748,0.1287515681668022,0.8721625412612372,0.4755261999998765,3171,30,1,01b06c03ad0a731c9cdc69c99c906a4a1b3729ed8b65d1e468f4816b3909dccd,8f2e4abda1a9c505b1cc18eb8a28078a7c5301be3f92c3f694bbc138add076e3,a56ffef72cbeddf7307b7ee6b0c7688b74b8aa965fce826079937135eb0a99a1,temporal-v2-raw-space-lime,v2-raw-lime-cell-keyed,raw_mixed_feature,window_position_keyed_crn,fixed_seed_across_windows,2f0551386c3480bb7676746d2387490c7623e474170c111e7c0fa1238c421a97,401dcbb27ea88a966cfbca7cd8063507f41f826f89d3b05dacd3c216b5c5e53a,canayxps15,1.0,0.8,0.8333333333333335,0.999970629819802,1.0
electricity-temporal,logreg,10,4,pi,0.7959634184799748,0.1287515681668022,0.8721625412612372,0.1113084000007802,3171,100,1,01b06c03ad0a731c9cdc69c99c906a4a1b3729ed8b65d1e468f4816b3909dccd,8f2e4abda1a9c505b1cc18eb8a28078a7c5301be3f92c3f694bbc138add076e3,a56ffef72cbeddf7307b7ee6b0c7688b74b8aa965fce826079937135eb0a99a1,temporal-v2-raw-space-lime,v2-raw-lime-cell-keyed,raw_mixed_feature,window_position_keyed_crn,fixed_seed_across_windows,2f0551386c3480bb7676746d2387490c7623e474170c111e7c0fa1238c421a97,401dcbb27ea88a966cfbca7cd8063507f41f826f89d3b05dacd3c216b5c5e53a,canayxps15,1.0,1.0,0.4324324324324324,0.9973740081662954,0.5
electricity-temporal,logreg,10,4,shap,0.7959634184799748,0.1287515681668022,0.8721625412612372,0.0016286999998555,3171,100,1,01b06c03ad0a731c9cdc69c99c906a4a1b3729ed8b65d1e468f4816b3909dccd,8f2e4abda1a9c505b1cc18eb8a28078a7c5301be3f92c3f694bbc138add076e3,a56ffef72cbeddf7307b7ee6b0c7688b74b8aa965fce826079937135eb0a99a1,temporal-v2-raw-space-lime,v2-raw-lime-cell-keyed,raw_mixed_feature,window_position_keyed_crn,fixed_seed_across_windows,2f0551386c3480bb7676746d2387490c7623e474170c111e7c0fa1238c421a97,401dcbb27ea88a966cfbca7cd8063507f41f826f89d3b05dacd3c216b5c5e53a,canayxps15,1.0,1.0,0.95150257112482,0.9983275606703392,1.0
electricity-temporal,rf,1,0,lime,0.7512610340479193,0.1632667565532651,0.8618727421533641,1.1546171999998478,3172,30,1,f6eac31fd1aea22131cec3bf9228f334ceb3662c5ba8d8522386fe18a1e279a9,356589cf4b4cef6a0f788baf7dec4b485da691492597466726987e90ca7ad0dd,a56ffef72cbeddf7307b7ee6b0c7688b74b8aa965fce826079937135eb0a99a1,temporal-v2-raw-space-lime,v2-raw-lime-cell-keyed,raw_mixed_feature,window_position_keyed_crn,fixed_seed_across_windows,2f0551386c3480bb7676746d2387490c7623e474170c111e7c0fa1238c421a97,401dcbb27ea88a966cfbca7cd8063507f41f826f89d3b05dacd3c216b5c5e53a,canayxps15,1.0,1.0,1.0,1.0,1.0
electricity-temporal,rf,1,0,pi,0.7512610340479193,0.1632667565532651,0.8618727421533641,0.859564300000784,3172,100,1,f6eac31fd1aea22131cec3bf9228f334ceb3662c5ba8d8522386fe18a1e279a9,356589cf4b4cef6a0f788baf7dec4b485da691492597466726987e90ca7ad0dd,a56ffef72cbeddf7307b7ee6b0c7688b74b8aa965fce826079937135eb0a99a1,temporal-v2-raw-space-lime,v2-raw-lime-cell-keyed,raw_mixed_feature,window_position_keyed_crn,fixed_seed_across_windows,2f0551386c3480bb7676746d2387490c7623e474170c111e7c0fa1238c421a97,401dcbb27ea88a966cfbca7cd8063507f41f826f89d3b05dacd3c216b5c5e53a,canayxps15,1.0,1.0,1.0,1.0000000000000002,1.0
electricity-temporal,rf,1,0,shap,0.7512610340479193,0.1632667565532651,0.8618727421533641,1.966585600001053,3172,100,1,f6eac31fd1aea22131cec3bf9228f334ceb3662c5ba8d8522386fe18a1e279a9,356589cf4b4cef6a0f788baf7dec4b485da691492597466726987e90ca7ad0dd,a56ffef72cbeddf7307b7ee6b0c7688b74b8aa965fce826079937135eb0a99a1,temporal-v2-raw-space-lime,v2-raw-lime-cell-keyed,raw_mixed_feature,window_position_keyed_crn,fixed_seed_across_windows,2f0551386c3480bb7676746d2387490c7623e474170c111e7c0fa1238c421a97,401dcbb27ea88a966cfbca7cd8063507f41f826f89d3b05dacd3c216b5c5e53a,canayxps15,1.0,1.0,1.0,1.0,1.0
electricity-temporal,rf,1,1,lime,0.751891551071879,0.1597852062378792,0.8616590053432794,1.5902203000005102,3172,30,1,f6eac31fd1aea22131cec3bf9228f334ceb3662c5ba8d8522386fe18a1e279a9,bc9952e0146c6ea7b53a01020f18913daa231952301b3fbb133c6f2bedb9950f,a56ffef72cbeddf7307b7ee6b0c7688b74b8aa965fce826079937135eb0a99a1,temporal-v2-raw-space-lime,v2-raw-lime-cell-keyed,raw_mixed_feature,window_position_keyed_crn,fixed_seed_across_windows,2f0551386c3480bb7676746d2387490c7623e474170c111e7c0fa1238c421a97,401dcbb27ea88a966cfbca7cd8063507f41f826f89d3b05dacd3c216b5c5e53a,canayxps15,1.0,1.0,1.0,1.0,1.0
electricity-temporal,rf,1,1,pi,0.751891551071879,0.1597852062378792,0.8616590053432794,0.7572507999993832,3172,100,1,f6eac31fd1aea22131cec3bf9228f334ceb3662c5ba8d8522386fe18a1e279a9,bc9952e0146c6ea7b53a01020f18913daa231952301b3fbb133c6f2bedb9950f,a56ffef72cbeddf7307b7ee6b0c7688b74b8aa965fce826079937135eb0a99a1,temporal-v2-raw-space-lime,v2-raw-lime-cell-keyed,raw_mixed_feature,window_position_keyed_crn,fixed_seed_across_windows,2f0551386c3480bb7676746d2387490c7623e474170c111e7c0fa1238c421a97,401dcbb27ea88a966cfbca7cd8063507f41f826f89d3b05dacd3c216b5c5e53a,canayxps15,1.0,1.0,1.0,1.0,1.0
electricity-temporal,rf,1,1,shap,0.751891551071879,0.1597852062378792,0.8616590053432794,2.126468999998906,3172,100,1,f6eac31fd1aea22131cec3bf9228f334ceb3662c5ba8d8522386fe18a1e279a9,bc9952e0146c6ea7b53a01020f18913daa231952301b3fbb133c6f2bedb9950f,a56ffef72cbeddf7307b7ee6b0c7688b74b8aa965fce826079937135eb0a99a1,temporal-v2-raw-space-lime,v2-raw-lime-cell-keyed,raw_mixed_feature,window_position_keyed_crn,fixed_seed_across_windows,2f0551386c3480bb7676746d2387490c7623e474170c111e7c0fa1238c421a97,401dcbb27ea88a966cfbca7cd8063507f41f826f89d3b05dacd3c216b5c5e53a,canayxps15,1.0,1.0,1.0,0.9999999999999998,1.0
electricity-temporal,rf,1,2,lime,0.7616645649432535,0.1570077268124586,0.8659980463629077,1.1712784999999712,3172,30,1,f6eac31fd1aea22131cec3bf9228f334ceb3662c5ba8d8522386fe18a1e279a9,0ac915b5a77b9152e397095e02d6f0212b2e88d2ff4c9a384db6d9c2587bf82e,a56ffef72cbeddf7307b7ee6b0c7688b74b8aa965fce826079937135eb0a99a1,temporal-v2-raw-space-lime,v2-raw-lime-cell-keyed,raw_mixed_feature,window_position_keyed_crn,fixed_seed_across_windows,2f0551386c3480bb7676746d2387490c7623e474170c111e7c0fa1238c421a97,401dcbb27ea88a966cfbca7cd8063507f41f826f89d3b05dacd3c216b5c5e53a,canayxps15,1.0,1.0,1.0,1.0,1.0
electricity-temporal,rf,1,2,pi,0.7616645649432535,0.1570077268124586,0.8659980463629077,0.5656332999988081,3172,100,1,f6eac31fd1aea22131cec3bf9228f334ceb3662c5ba8d8522386fe18a1e279a9,0ac915b5a77b9152e397095e02d6f0212b2e88d2ff4c9a384db6d9c2587bf82e,a56ffef72cbeddf7307b7ee6b0c7688b74b8aa965fce826079937135eb0a99a1,temporal-v2-raw-space-lime,v2-raw-lime-cell-keyed,raw_mixed_feature,window_position_keyed_crn,fixed_seed_across_windows,2f0551386c3480bb7676746d2387490c7623e474170c111e7c0fa1238c421a97,401dcbb27ea88a966cfbca7cd8063507f41f826f89d3b05dacd3c216b5c5e53a,canayxps15,1.0,1.0,1.0,1.0,1.0
electricity-temporal,rf,1,2,shap,0.7616645649432535,0.1570077268124586,0.8659980463629077,1.7959323999984915,3172,100,1,f6eac31fd1aea22131cec3bf9228f334ceb3662c5ba8d8522386fe18a1e279a9,0ac915b5a77b9152e397095e02d6f0212b2e88d2ff4c9a384db6d9c2587bf82e,a56ffef72cbeddf7307b7ee6b0c7688b74b8aa965fce826079937135eb0a99a1,temporal-v2-raw-space-lime,v2-raw-lime-cell-keyed,raw_mixed_feature,window_position_keyed_crn,fixed_seed_across_windows,2f0551386c3480bb7676746d2387490c7623e474170c111e7c0fa1238c421a97,401dcbb27ea88a966cfbca7cd8063507f41f826f89d3b05dacd3c216b5c5e53a,canayxps15,1.0,1.0,1.0,1.0,1.0
electricity-temporal,rf,1,3,lime,0.7525220680958385,0.1611835462671214,0.8640477453290031,0.9588647999989915,3172,30,1,f6eac31fd1aea22131cec3bf9228f334ceb3662c5ba8d8522386fe18a1e279a9,b46da9946cbf1b0780b65312c5195325b56ed6bfe881ae4604489dbaaa4bfc4e,a56ffef72cbeddf7307b7ee6b0c7688b74b8aa965fce826079937135eb0a99a1,temporal-v2-raw-space-lime,v2-raw-lime-cell-keyed,raw_mixed_feature,window_position_keyed_crn,fixed_seed_across_windows,2f0551386c3480bb7676746d2387490c7623e474170c111e7c0fa1238c421a97,401dcbb27ea88a966cfbca7cd8063507f41f826f89d3b05dacd3c216b5c5e53a,canayxps15,1.0,1.0,1.0,1.0,1.0
electricity-temporal,rf,1,3,pi,0.7525220680958385,0.1611835462671214,0.8640477453290031,0.4685664000007818,3172,100,1,f6eac31fd1aea22131cec3bf9228f334ceb3662c5ba8d8522386fe18a1e279a9,b46da9946cbf1b0780b65312c5195325b56ed6bfe881ae4604489dbaaa4bfc4e,a56ffef72cbeddf7307b7ee6b0c7688b74b8aa965fce826079937135eb0a99a1,temporal-v2-raw-space-lime,v2-raw-lime-cell-keyed,raw_mixed_feature,window_position_keyed_crn,fixed_seed_across_windows,2f0551386c3480bb7676746d2387490c7623e474170c111e7c0fa1238c421a97,401dcbb27ea88a966cfbca7cd8063507f41f826f89d3b05dacd3c216b5c5e53a,canayxps15,1.0,1.0,1.0,1.0,1.0
electricity-temporal,rf,1,3,shap,0.7525220680958385,0.1611835462671214,0.8640477453290031,1.804185699998925,3172,100,1,f6eac31fd1aea22131cec3bf9228f334ceb3662c5ba8d8522386fe18a1e279a9,b46da9946cbf1b0780b65312c5195325b56ed6bfe881ae4604489dbaaa4bfc4e,a56ffef72cbeddf7307b7ee6b0c7688b74b8aa965fce826079937135eb0a99a1,temporal-v2-raw-space-lime,v2-raw-lime-cell-keyed,raw_mixed_feature,window_position_keyed_crn,fixed_seed_across_windows,2f0551386c3480bb7676746d2387490c7623e474170c111e7c0fa1238c421a97,401dcbb27ea88a966cfbca7cd8063507f41f826f89d3b05dacd3c216b5c5e53a,canayxps15,1.0,1.0,1.0,0.9999999999999998,1.0
electricity-temporal,rf,1,4,lime,0.7540983606557377,0.1603841009208232,0.8621775265660621,1.1212631999987934,3172,30,1,f6eac31fd1aea22131cec3bf9228f334ceb3662c5ba8d8522386fe18a1e279a9,91995f966041ccc67366ce86c0a4fe4b2b89e9d68e288f541121d16836f9db12,a56ffef72cbeddf7307b7ee6b0c7688b74b8aa965fce826079937135eb0a99a1,temporal-v2-raw-space-lime,v2-raw-lime-cell-keyed,raw_mixed_feature,window_position_keyed_crn,fixed_seed_across_windows,2f0551386c3480bb7676746d2387490c7623e474170c111e7c0fa1238c421a97,401dcbb27ea88a966cfbca7cd8063507f41f826f89d3b05dacd3c216b5c5e53a,canayxps15,1.0,1.0,1.0,0.9999999999999998,1.0
electricity-temporal,rf,1,4,pi,0.7540983606557377,0.1603841009208232,0.8621775265660621,0.5578337999995711,3172,100,1,f6eac31fd1aea22131cec3bf9228f334ceb3662c5ba8d8522386fe18a1e279a9,91995f966041ccc67366ce86c0a4fe4b2b89e9d68e288f541121d16836f9db12,a56ffef72cbeddf7307b7ee6b0c7688b74b8aa965fce826079937135eb0a99a1,temporal-v2-raw-space-lime,v2-raw-lime-cell-keyed,raw_mixed_feature,window_position_keyed_crn,fixed_seed_across_windows,2f0551386c3480bb7676746d2387490c7623e474170c111e7c0fa1238c421a97,401dcbb27ea88a966cfbca7cd8063507f41f826f89d3b05dacd3c216b5c5e53a,canayxps15,1.0,1.0,1.0,1.0,1.0
electricity-temporal,rf,1,4,shap,0.7540983606557377,0.1603841009208232,0.8621775265660621,1.801541900000302,3172,100,1,f6eac31fd1aea22131cec3bf9228f334ceb3662c5ba8d8522386fe18a1e279a9,91995f966041ccc67366ce86c0a4fe4b2b89e9d68e288f541121d16836f9db12,a56ffef72cbeddf7307b7ee6b0c7688b74b8aa965fce826079937135eb0a99a1,temporal-v2-raw-space-lime,v2-raw-lime-cell-keyed,raw_mixed_feature,window_position_keyed_crn,fixed_seed_across_windows,2f0551386c3480bb7676746d2387490c7623e474170c111e7c0fa1238c421a97,401dcbb27ea88a966cfbca7cd8063507f41f826f89d3b05dacd3c216b5c5e53a,canayxps15,1.0,1.0,1.0,0.9999999999999998,1.0
electricity-temporal,rf,2,0,lime,0.7433795712484237,0.1823384865528699,0.8657343774510172,1.5958811999989848,3172,30,1,d97d42d885b082a7840829322571c102befa9c9bd60ffa4140a8727947c75420,06d02175a177d0d1e5f7d850132280193e52dd288f75a27709f3f013355d03c1,a56ffef72cbeddf7307b7ee6b0c7688b74b8aa965fce826079937135eb0a99a1,temporal-v2-raw-space-lime,v2-raw-lime-cell-keyed,raw_mixed_feature,window_position_keyed_crn,fixed_seed_across_windows,2f0551386c3480bb7676746d2387490c7623e474170c111e7c0fa1238c421a97,401dcbb27ea88a966cfbca7cd8063507f41f826f89d3b05dacd3c216b5c5e53a,canayxps15,0.6666666666666666,1.0,0.880952380952381,0.9968409114510102,1.0
electricity-temporal,rf,2,0,pi,0.7433795712484237,0.1823384865528699,0.8657343774510172,0.899632799999381,3172,100,1,d97d42d885b082a7840829322571c102befa9c9bd60ffa4140a8727947c75420,06d02175a177d0d1e5f7d850132280193e52dd288f75a27709f3f013355d03c1,a56ffef72cbeddf7307b7ee6b0c7688b74b8aa965fce826079937135eb0a99a1,temporal-v2-raw-space-lime,v2-raw-lime-cell-keyed,raw_mixed_feature,window_position_keyed_crn,fixed_seed_across_windows,2f0551386c3480bb7676746d2387490c7623e474170c111e7c0fa1238c421a97,401dcbb27ea88a966cfbca7cd8063507f41f826f89d3b05dacd3c216b5c5e53a,canayxps15,0.6666666666666666,1.0,0.9729729729729728,0.9572312739892492,1.0
electricity-temporal,rf,2,0,shap,0.7433795712484237,0.1823384865528699,0.8657343774510172,2.430192899999384,3172,100,1,d97d42d885b082a7840829322571c102befa9c9bd60ffa4140a8727947c75420,06d02175a177d0d1e5f7d850132280193e52dd288f75a27709f3f013355d03c1,a56ffef72cbeddf7307b7ee6b0c7688b74b8aa965fce826079937135eb0a99a1,temporal-v2-raw-space-lime,v2-raw-lime-cell-keyed,raw_mixed_feature,window_position_keyed_crn,fixed_seed_across_windows,2f0551386c3480bb7676746d2387490c7623e474170c111e7c0fa1238c421a97,401dcbb27ea88a966cfbca7cd8063507f41f826f89d3b05dacd3c216b5c5e53a,canayxps15,1.0,1.0,0.95,0.9969470927159596,1.0
electricity-temporal,rf,2,1,lime,0.7421185372005045,0.1775733393362323,0.8638474139368263,1.0602854999997362,3172,30,1,d97d42d885b082a7840829322571c102befa9c9bd60ffa4140a8727947c75420,759585a98cc608cb608fe3a29ce34e465215aff394e68cf005308b0adb8110e9,a56ffef72cbeddf7307b7ee6b0c7688b74b8aa965fce826079937135eb0a99a1,temporal-v2-raw-space-lime,v2-raw-lime-cell-keyed,raw_mixed_feature,window_position_keyed_crn,fixed_seed_across_windows,2f0551386c3480bb7676746d2387490c7623e474170c111e7c0fa1238c421a97,401dcbb27ea88a966cfbca7cd8063507f41f826f89d3b05dacd3c216b5c5e53a,canayxps15,1.0,1.0,0.9047619047619048,0.9986042114360896,1.0
electricity-temporal,rf,2,1,pi,0.7421185372005045,0.1775733393362323,0.8638474139368263,0.6909782000002451,3172,100,1,d97d42d885b082a7840829322571c102befa9c9bd60ffa4140a8727947c75420,759585a98cc608cb608fe3a29ce34e465215aff394e68cf005308b0adb8110e9,a56ffef72cbeddf7307b7ee6b0c7688b74b8aa965fce826079937135eb0a99a1,temporal-v2-raw-space-lime,v2-raw-lime-cell-keyed,raw_mixed_feature,window_position_keyed_crn,fixed_seed_across_windows,2f0551386c3480bb7676746d2387490c7623e474170c111e7c0fa1238c421a97,401dcbb27ea88a966cfbca7cd8063507f41f826f89d3b05dacd3c216b5c5e53a,canayxps15,0.6666666666666666,1.0,0.9189189189189187,0.9510939333771694,1.0
electricity-temporal,rf,2,1,shap,0.7421185372005045,0.1775733393362323,0.8638474139368263,2.0055881999996927,3172,100,1,d97d42d885b082a7840829322571c102befa9c9bd60ffa4140a8727947c75420,759585a98cc608cb608fe3a29ce34e465215aff394e68cf005308b0adb8110e9,a56ffef72cbeddf7307b7ee6b0c7688b74b8aa965fce826079937135eb0a99a1,temporal-v2-raw-space-lime,v2-raw-lime-cell-keyed,raw_mixed_feature,window_position_keyed_crn,fixed_seed_across_windows,2f0551386c3480bb7676746d2387490c7623e474170c111e7c0fa1238c421a97,401dcbb27ea88a966cfbca7cd8063507f41f826f89d3b05dacd3c216b5c5e53a,canayxps15,1.0,1.0,0.95,0.9974689497597043,1.0
electricity-temporal,rf,2,2,lime,0.7449558638083228,0.181732172902691,0.8693335772419203,0.9158879999995406,3172,30,1,d97d42d885b082a7840829322571c102befa9c9bd60ffa4140a8727947c75420,5db04a71506960291f1df142403e595260e07eaec02039136bc6d9889bb10b24,a56ffef72cbeddf7307b7ee6b0c7688b74b8aa965fce826079937135eb0a99a1,temporal-v2-raw-space-lime,v2-raw-lime-cell-keyed,raw_mixed_feature,window_position_keyed_crn,fixed_seed_across_windows,2f0551386c3480bb7676746d2387490c7623e474170c111e7c0fa1238c421a97,401dcbb27ea88a966cfbca7cd8063507f41f826f89d3b05dacd3c216b5c5e53a,canayxps15,1.0,1.0,0.880952380952381,0.9994389715948638,1.0
electricity-temporal,rf,2,2,pi,0.7449558638083228,0.181732172902691,0.8693335772419203,0.4338850000003731,3172,100,1,d97d42d885b082a7840829322571c102befa9c9bd60ffa4140a8727947c75420,5db04a71506960291f1df142403e595260e07eaec02039136bc6d9889bb10b24,a56ffef72cbeddf7307b7ee6b0c7688b74b8aa965fce826079937135eb0a99a1,temporal-v2-raw-space-lime,v2-raw-lime-cell-keyed,raw_mixed_feature,window_position_keyed_crn,fixed_seed_across_windows,2f0551386c3480bb7676746d2387490c7623e474170c111e7c0fa1238c421a97,401dcbb27ea88a966cfbca7cd8063507f41f826f89d3b05dacd3c216b5c5e53a,canayxps15,1.0,1.0,0.7027027027027026,0.9725141782767786,1.0
electricity-temporal,rf,2,2,shap,0.7449558638083228,0.181732172902691,0.8693335772419203,1.704405599999518,3172,100,1,d97d42d885b082a7840829322571c102befa9c9bd60ffa4140a8727947c75420,5db04a71506960291f1df142403e595260e07eaec02039136bc6d9889bb10b24,a56ffef72cbeddf7307b7ee6b0c7688b74b8aa965fce826079937135eb0a99a1,temporal-v2-raw-space-lime,v2-raw-lime-cell-keyed,raw_mixed_feature,window_position_keyed_crn,fixed_seed_across_windows,2f0551386c3480bb7676746d2387490c7623e474170c111e7c0fa1238c421a97,401dcbb27ea88a966cfbca7cd8063507f41f826f89d3b05dacd3c216b5c5e53a,canayxps15,1.0,1.0,0.975,0.9990080130441146,1.0
electricity-temporal,rf,2,3,lime,0.7433795712484237,0.1793254044724281,0.866001846261446,1.0975478999989718,3172,30,1,d97d42d885b082a7840829322571c102befa9c9bd60ffa4140a8727947c75420,e5641c903fd57ae8d5935254bf93d195d4d09d3445c5d07c306bb318caa12be6,a56ffef72cbeddf7307b7ee6b0c7688b74b8aa965fce826079937135eb0a99a1,temporal-v2-raw-space-lime,v2-raw-lime-cell-keyed,raw_mixed_feature,window_position_keyed_crn,fixed_seed_across_windows,2f0551386c3480bb7676746d2387490c7623e474170c111e7c0fa1238c421a97,401dcbb27ea88a966cfbca7cd8063507f41f826f89d3b05dacd3c216b5c5e53a,canayxps15,1.0,1.0,0.9285714285714288,0.9982129646097104,1.0
electricity-temporal,rf,2,3,pi,0.7433795712484237,0.1793254044724281,0.866001846261446,0.5037929999998596,3172,100,1,d97d42d885b082a7840829322571c102befa9c9bd60ffa4140a8727947c75420,e5641c903fd57ae8d5935254bf93d195d4d09d3445c5d07c306bb318caa12be6,a56ffef72cbeddf7307b7ee6b0c7688b74b8aa965fce826079937135eb0a99a1,temporal-v2-raw-space-lime,v2-raw-lime-cell-keyed,raw_mixed_feature,window_position_keyed_crn,fixed_seed_across_windows,2f0551386c3480bb7676746d2387490c7623e474170c111e7c0fa1238c421a97,401dcbb27ea88a966cfbca7cd8063507f41f826f89d3b05dacd3c216b5c5e53a,canayxps15,1.0,1.0,0.7297297297297297,0.9800005733396192,1.0
electricity-temporal,rf,2,3,shap,0.7433795712484237,0.1793254044724281,0.866001846261446,1.6736219999984314,3172,100,1,d97d42d885b082a7840829322571c102befa9c9bd60ffa4140a8727947c75420,e5641c903fd57ae8d5935254bf93d195d4d09d3445c5d07c306bb318caa12be6,a56ffef72cbeddf7307b7ee6b0c7688b74b8aa965fce826079937135eb0a99a1,temporal-v2-raw-space-lime,v2-raw-lime-cell-keyed,raw_mixed_feature,window_position_keyed_crn,fixed_seed_across_windows,2f0551386c3480bb7676746d2387490c7623e474170c111e7c0fa1238c421a97,401dcbb27ea88a966cfbca7cd8063507f41f826f89d3b05dacd3c216b5c5e53a,canayxps15,1.0,1.0,0.95,0.9972134018087188,1.0
electricity-temporal,rf,2,4,lime,0.7430643127364439,0.1777560558459373,0.8632372422226838,0.9431571000004624,3172,30,1,d97d42d885b082a7840829322571c102befa9c9bd60ffa4140a8727947c75420,050e3aa48fcd2c4f3b2383295dcc24b2fd31dc84c47b4d96f6317846a829faca,a56ffef72cbeddf7307b7ee6b0c7688b74b8aa965fce826079937135eb0a99a1,temporal-v2-raw-space-lime,v2-raw-lime-cell-keyed,raw_mixed_feature,window_position_keyed_crn,fixed_seed_across_windows,2f0551386c3480bb7676746d2387490c7623e474170c111e7c0fa1238c421a97,401dcbb27ea88a966cfbca7cd8063507f41f826f89d3b05dacd3c216b5c5e53a,canayxps15,1.0,1.0,0.9761904761904764,0.9981911423276416,1.0
electricity-temporal,rf,2,4,pi,0.7430643127364439,0.1777560558459373,0.8632372422226838,0.6091645000014978,3172,100,1,d97d42d885b082a7840829322571c102befa9c9bd60ffa4140a8727947c75420,050e3aa48fcd2c4f3b2383295dcc24b2fd31dc84c47b4d96f6317846a829faca,a56ffef72cbeddf7307b7ee6b0c7688b74b8aa965fce826079937135eb0a99a1,temporal-v2-raw-space-lime,v2-raw-lime-cell-keyed,raw_mixed_feature,window_position_keyed_crn,fixed_seed_across_windows,2f0551386c3480bb7676746d2387490c7623e474170c111e7c0fa1238c421a97,401dcbb27ea88a966cfbca7cd8063507f41f826f89d3b05dacd3c216b5c5e53a,canayxps15,0.6666666666666666,1.0,0.5945945945945946,0.9853207641395886,1.0
electricity-temporal,rf,2,4,shap,0.7430643127364439,0.1777560558459373,0.8632372422226838,1.7776155000010476,3172,100,1,d97d42d885b082a7840829322571c102befa9c9bd60ffa4140a8727947c75420,050e3aa48fcd2c4f3b2383295dcc24b2fd31dc84c47b4d96f6317846a829faca,a56ffef72cbeddf7307b7ee6b0c7688b74b8aa965fce826079937135eb0a99a1,temporal-v2-raw-space-lime,v2-raw-lime-cell-keyed,raw_mixed_feature,window_position_keyed_crn,fixed_seed_across_windows,2f0551386c3480bb7676746d2387490c7623e474170c111e7c0fa1238c421a97,401dcbb27ea88a966cfbca7cd8063507f41f826f89d3b05dacd3c216b5c5e53a,canayxps15,1.0,1.0,0.95,0.998785602691903,1.0
electricity-temporal,rf,3,0,lime,0.6629886506935687,0.2311973312619311,0.8731847383102362,0.8378795000007813,3172,30,1,a8cb68f370b5b2df759231420b2684c9bc9cdc0799db461d8288e6ee9a2f8256,9897ba58493671ca951d2bdd9f9c5f6a5223ce612403d8fb2c9e8199a6677b6a,a56ffef72cbeddf7307b7ee6b0c7688b74b8aa965fce826079937135eb0a99a1,temporal-v2-raw-space-lime,v2-raw-lime-cell-keyed,raw_mixed_feature,window_position_keyed_crn,fixed_seed_across_windows,2f0551386c3480bb7676746d2387490c7623e474170c111e7c0fa1238c421a97,401dcbb27ea88a966cfbca7cd8063507f41f826f89d3b05dacd3c216b5c5e53a,canayxps15,0.6666666666666666,1.0,0.880952380952381,0.9831411602761816,1.0
electricity-temporal,rf,3,0,pi,0.6629886506935687,0.2311973312619311,0.8731847383102362,0.6460000999995827,3172,100,1,a8cb68f370b5b2df759231420b2684c9bc9cdc0799db461d8288e6ee9a2f8256,9897ba58493671ca951d2bdd9f9c5f6a5223ce612403d8fb2c9e8199a6677b6a,a56ffef72cbeddf7307b7ee6b0c7688b74b8aa965fce826079937135eb0a99a1,temporal-v2-raw-space-lime,v2-raw-lime-cell-keyed,raw_mixed_feature,window_position_keyed_crn,fixed_seed_across_windows,2f0551386c3480bb7676746d2387490c7623e474170c111e7c0fa1238c421a97,401dcbb27ea88a966cfbca7cd8063507f41f826f89d3b05dacd3c216b5c5e53a,canayxps15,0.6666666666666666,1.0,0.945945945945946,0.4018546912296291,1.0
electricity-temporal,rf,3,0,shap,0.6629886506935687,0.2311973312619311,0.8731847383102362,1.5231480999991618,3172,100,1,a8cb68f370b5b2df759231420b2684c9bc9cdc0799db461d8288e6ee9a2f8256,9897ba58493671ca951d2bdd9f9c5f6a5223ce612403d8fb2c9e8199a6677b6a,a56ffef72cbeddf7307b7ee6b0c7688b74b8aa965fce826079937135eb0a99a1,temporal-v2-raw-space-lime,v2-raw-lime-cell-keyed,raw_mixed_feature,window_position_keyed_crn,fixed_seed_across_windows,2f0551386c3480bb7676746d2387490c7623e474170c111e7c0fa1238c421a97,401dcbb27ea88a966cfbca7cd8063507f41f826f89d3b05dacd3c216b5c5e53a,canayxps15,1.0,1.0,0.95,0.9928040768841706,1.0
electricity-temporal,rf,3,1,lime,0.6607818411097099,0.2232799386052553,0.8661254719943152,1.0265671999986807,3172,30,1,a8cb68f370b5b2df759231420b2684c9bc9cdc0799db461d8288e6ee9a2f8256,3ecea44eeec566708d35055951f6ce7f09c90b6a0485ce04e784525ea70899b8,a56ffef72cbeddf7307b7ee6b0c7688b74b8aa965fce826079937135eb0a99a1,temporal-v2-raw-space-lime,v2-raw-lime-cell-keyed,raw_mixed_feature,window_position_keyed_crn,fixed_seed_across_windows,2f0551386c3480bb7676746d2387490c7623e474170c111e7c0fa1238c421a97,401dcbb27ea88a966cfbca7cd8063507f41f826f89d3b05dacd3c216b5c5e53a,canayxps15,1.0,1.0,0.9523809523809524,0.9976493699585534,1.0
electricity-temporal,rf,3,1,pi,0.6607818411097099,0.2232799386052553,0.8661254719943152,0.4676866000008886,3172,100,1,a8cb68f370b5b2df759231420b2684c9bc9cdc0799db461d8288e6ee9a2f8256,3ecea44eeec566708d35055951f6ce7f09c90b6a0485ce04e784525ea70899b8,a56ffef72cbeddf7307b7ee6b0c7688b74b8aa965fce826079937135eb0a99a1,temporal-v2-raw-space-lime,v2-raw-lime-cell-keyed,raw_mixed_feature,window_position_keyed_crn,fixed_seed_across_windows,2f0551386c3480bb7676746d2387490c7623e474170c111e7c0fa1238c421a97,401dcbb27ea88a966cfbca7cd8063507f41f826f89d3b05dacd3c216b5c5e53a,canayxps15,0.6666666666666666,1.0,0.8648648648648649,0.6257825151037031,1.0
electricity-temporal,rf,3,1,shap,0.6607818411097099,0.2232799386052553,0.8661254719943152,1.8440769000008004,3172,100,1,a8cb68f370b5b2df759231420b2684c9bc9cdc0799db461d8288e6ee9a2f8256,3ecea44eeec566708d35055951f6ce7f09c90b6a0485ce04e784525ea70899b8,a56ffef72cbeddf7307b7ee6b0c7688b74b8aa965fce826079937135eb0a99a1,temporal-v2-raw-space-lime,v2-raw-lime-cell-keyed,raw_mixed_feature,window_position_keyed_crn,fixed_seed_across_windows,2f0551386c3480bb7676746d2387490c7623e474170c111e7c0fa1238c421a97,401dcbb27ea88a966cfbca7cd8063507f41f826f89d3b05dacd3c216b5c5e53a,canayxps15,1.0,1.0,0.95,0.991000586238581,1.0
electricity-temporal,rf,3,2,lime,0.6610970996216898,0.2429797512871704,0.8859693300237593,0.9054858999988936,3172,30,1,a8cb68f370b5b2df759231420b2684c9bc9cdc0799db461d8288e6ee9a2f8256,b49be119e69a28a08d2166d0ddaaf23663461705c60a8ea3f9eccefa95fcc3ba,a56ffef72cbeddf7307b7ee6b0c7688b74b8aa965fce826079937135eb0a99a1,temporal-v2-raw-space-lime,v2-raw-lime-cell-keyed,raw_mixed_feature,window_position_keyed_crn,fixed_seed_across_windows,2f0551386c3480bb7676746d2387490c7623e474170c111e7c0fa1238c421a97,401dcbb27ea88a966cfbca7cd8063507f41f826f89d3b05dacd3c216b5c5e53a,canayxps15,1.0,1.0,0.9523809523809524,0.9966917581251704,1.0
electricity-temporal,rf,3,2,pi,0.6610970996216898,0.2429797512871704,0.8859693300237593,0.4667090000002645,3172,100,1,a8cb68f370b5b2df759231420b2684c9bc9cdc0799db461d8288e6ee9a2f8256,b49be119e69a28a08d2166d0ddaaf23663461705c60a8ea3f9eccefa95fcc3ba,a56ffef72cbeddf7307b7ee6b0c7688b74b8aa965fce826079937135eb0a99a1,temporal-v2-raw-space-lime,v2-raw-lime-cell-keyed,raw_mixed_feature,window_position_keyed_crn,fixed_seed_across_windows,2f0551386c3480bb7676746d2387490c7623e474170c111e7c0fa1238c421a97,401dcbb27ea88a966cfbca7cd8063507f41f826f89d3b05dacd3c216b5c5e53a,canayxps15,1.0,1.0,0.7297297297297297,0.8487715149935136,1.0
electricity-temporal,rf,3,2,shap,0.6610970996216898,0.2429797512871704,0.8859693300237593,1.858328000000256,3172,100,1,a8cb68f370b5b2df759231420b2684c9bc9cdc0799db461d8288e6ee9a2f8256,b49be119e69a28a08d2166d0ddaaf23663461705c60a8ea3f9eccefa95fcc3ba,a56ffef72cbeddf7307b7ee6b0c7688b74b8aa965fce826079937135eb0a99a1,temporal-v2-raw-space-lime,v2-raw-lime-cell-keyed,raw_mixed_feature,window_position_keyed_crn,fixed_seed_across_windows,2f0551386c3480bb7676746d2387490c7623e474170c111e7c0fa1238c421a97,401dcbb27ea88a966cfbca7cd8063507f41f826f89d3b05dacd3c216b5c5e53a,canayxps15,1.0,1.0,0.975,0.995824119971643,1.0
electricity-temporal,rf,3,3,lime,0.6617276166456494,0.2242144503296621,0.8671898637917215,1.10523479999938,3172,30,1,a8cb68f370b5b2df759231420b2684c9bc9cdc0799db461d8288e6ee9a2f8256,32475be646b63ee955572ace619ea76a30ab01b705c139fbf3c95a28f6246abb,a56ffef72cbeddf7307b7ee6b0c7688b74b8aa965fce826079937135eb0a99a1,temporal-v2-raw-space-lime,v2-raw-lime-cell-keyed,raw_mixed_feature,window_position_keyed_crn,fixed_seed_across_windows,2f0551386c3480bb7676746d2387490c7623e474170c111e7c0fa1238c421a97,401dcbb27ea88a966cfbca7cd8063507f41f826f89d3b05dacd3c216b5c5e53a,canayxps15,1.0,1.0,0.9047619047619048,0.9718983539946304,1.0
electricity-temporal,rf,3,3,pi,0.6617276166456494,0.2242144503296621,0.8671898637917215,0.5873016000005009,3172,100,1,a8cb68f370b5b2df759231420b2684c9bc9cdc0799db461d8288e6ee9a2f8256,32475be646b63ee955572ace619ea76a30ab01b705c139fbf3c95a28f6246abb,a56ffef72cbeddf7307b7ee6b0c7688b74b8aa965fce826079937135eb0a99a1,temporal-v2-raw-space-lime,v2-raw-lime-cell-keyed,raw_mixed_feature,window_position_keyed_crn,fixed_seed_across_windows,2f0551386c3480bb7676746d2387490c7623e474170c111e7c0fa1238c421a97,401dcbb27ea88a966cfbca7cd8063507f41f826f89d3b05dacd3c216b5c5e53a,canayxps15,1.0,1.0,0.9729729729729728,0.6878962783961716,1.0
electricity-temporal,rf,3,3,shap,0.6617276166456494,0.2242144503296621,0.8671898637917215,1.6421040000004723,3172,100,1,a8cb68f370b5b2df759231420b2684c9bc9cdc0799db461d8288e6ee9a2f8256,32475be646b63ee955572ace619ea76a30ab01b705c139fbf3c95a28f6246abb,a56ffef72cbeddf7307b7ee6b0c7688b74b8aa965fce826079937135eb0a99a1,temporal-v2-raw-space-lime,v2-raw-lime-cell-keyed,raw_mixed_feature,window_position_keyed_crn,fixed_seed_across_windows,2f0551386c3480bb7676746d2387490c7623e474170c111e7c0fa1238c421a97,401dcbb27ea88a966cfbca7cd8063507f41f826f89d3b05dacd3c216b5c5e53a,canayxps15,1.0,1.0,0.95,0.9935644728436516,1.0
electricity-temporal,rf,3,4,lime,0.6607818411097099,0.2179535896828868,0.8600764106760153,1.1006954999993468,3172,30,1,a8cb68f370b5b2df759231420b2684c9bc9cdc0799db461d8288e6ee9a2f8256,91b335320129abd64298a57428b9fab300d55dcc650ef50589f75ee4e55b88c1,a56ffef72cbeddf7307b7ee6b0c7688b74b8aa965fce826079937135eb0a99a1,temporal-v2-raw-space-lime,v2-raw-lime-cell-keyed,raw_mixed_feature,window_position_keyed_crn,fixed_seed_across_windows,2f0551386c3480bb7676746d2387490c7623e474170c111e7c0fa1238c421a97,401dcbb27ea88a966cfbca7cd8063507f41f826f89d3b05dacd3c216b5c5e53a,canayxps15,1.0,1.0,0.9761904761904764,0.995553971816266,1.0
electricity-temporal,rf,3,4,pi,0.6607818411097099,0.2179535896828868,0.8600764106760153,0.6956823999989865,3172,100,1,a8cb68f370b5b2df759231420b2684c9bc9cdc0799db461d8288e6ee9a2f8256,91b335320129abd64298a57428b9fab300d55dcc650ef50589f75ee4e55b88c1,a56ffef72cbeddf7307b7ee6b0c7688b74b8aa965fce826079937135eb0a99a1,temporal-v2-raw-space-lime,v2-raw-lime-cell-keyed,raw_mixed_feature,window_position_keyed_crn,fixed_seed_across_windows,2f0551386c3480bb7676746d2387490c7623e474170c111e7c0fa1238c421a97,401dcbb27ea88a966cfbca7cd8063507f41f826f89d3b05dacd3c216b5c5e53a,canayxps15,0.6666666666666666,1.0,0.5945945945945946,0.930566786154111,1.0
electricity-temporal,rf,3,4,shap,0.6607818411097099,0.2179535896828868,0.8600764106760153,1.742855699998472,3172,100,1,a8cb68f370b5b2df759231420b2684c9bc9cdc0799db461d8288e6ee9a2f8256,91b335320129abd64298a57428b9fab300d55dcc650ef50589f75ee4e55b88c1,a56ffef72cbeddf7307b7ee6b0c7688b74b8aa965fce826079937135eb0a99a1,temporal-v2-raw-space-lime,v2-raw-lime-cell-keyed,raw_mixed_feature,window_position_keyed_crn,fixed_seed_across_windows,2f0551386c3480bb7676746d2387490c7623e474170c111e7c0fa1238c421a97,401dcbb27ea88a966cfbca7cd8063507f41f826f89d3b05dacd3c216b5c5e53a,canayxps15,1.0,1.0,0.95,0.9959732432859048,1.0
electricity-temporal,rf,4,0,lime,0.6793820933165196,0.2512743381614256,0.9097777950181488,1.138246500000605,3172,30,1,eb5d91a88caa54a61a0acac88ceb6bd9d79b7abc8995898ee10796f65dd34869,9b251afdbd81ef761521e4f1d83b4c1dff50e33090655d6fb0d758c7ae50e10a,a56ffef72cbeddf7307b7ee6b0c7688b74b8aa965fce826079937135eb0a99a1,temporal-v2-raw-space-lime,v2-raw-lime-cell-keyed,raw_mixed_feature,window_position_keyed_crn,fixed_seed_across_windows,2f0551386c3480bb7676746d2387490c7623e474170c111e7c0fa1238c421a97,401dcbb27ea88a966cfbca7cd8063507f41f826f89d3b05dacd3c216b5c5e53a,canayxps15,0.6666666666666666,1.0,0.8571428571428572,0.9832319990207896,1.0
electricity-temporal,rf,4,0,pi,0.6793820933165196,0.2512743381614256,0.9097777950181488,0.4941672999993898,3172,100,1,eb5d91a88caa54a61a0acac88ceb6bd9d79b7abc8995898ee10796f65dd34869,9b251afdbd81ef761521e4f1d83b4c1dff50e33090655d6fb0d758c7ae50e10a,a56ffef72cbeddf7307b7ee6b0c7688b74b8aa965fce826079937135eb0a99a1,temporal-v2-raw-space-lime,v2-raw-lime-cell-keyed,raw_mixed_feature,window_position_keyed_crn,fixed_seed_across_windows,2f0551386c3480bb7676746d2387490c7623e474170c111e7c0fa1238c421a97,401dcbb27ea88a966cfbca7cd8063507f41f826f89d3b05dacd3c216b5c5e53a,canayxps15,0.6666666666666666,1.0,0.7027027027027026,0.9696155204869686,1.0
electricity-temporal,rf,4,0,shap,0.6793820933165196,0.2512743381614256,0.9097777950181488,2.151201699998637,3172,100,1,eb5d91a88caa54a61a0acac88ceb6bd9d79b7abc8995898ee10796f65dd34869,9b251afdbd81ef761521e4f1d83b4c1dff50e33090655d6fb0d758c7ae50e10a,a56ffef72cbeddf7307b7ee6b0c7688b74b8aa965fce826079937135eb0a99a1,temporal-v2-raw-space-lime,v2-raw-lime-cell-keyed,raw_mixed_feature,window_position_keyed_crn,fixed_seed_across_windows,2f0551386c3480bb7676746d2387490c7623e474170c111e7c0fa1238c421a97,401dcbb27ea88a966cfbca7cd8063507f41f826f89d3b05dacd3c216b5c5e53a,canayxps15,1.0,1.0,0.975,0.994974572876348,1.0
electricity-temporal,rf,4,1,lime,0.6762295081967213,0.2484722386673681,0.9080294637675788,1.0831938999999693,3172,30,1,eb5d91a88caa54a61a0acac88ceb6bd9d79b7abc8995898ee10796f65dd34869,18125fd8af779d1a57df59977228e969983a90ab2e94e9f15a70d4aa5e66725b,a56ffef72cbeddf7307b7ee6b0c7688b74b8aa965fce826079937135eb0a99a1,temporal-v2-raw-space-lime,v2-raw-lime-cell-keyed,raw_mixed_feature,window_position_keyed_crn,fixed_seed_across_windows,2f0551386c3480bb7676746d2387490c7623e474170c111e7c0fa1238c421a97,401dcbb27ea88a966cfbca7cd8063507f41f826f89d3b05dacd3c216b5c5e53a,canayxps15,1.0,1.0,0.9761904761904764,0.9924583024030992,1.0
electricity-temporal,rf,4,1,pi,0.6762295081967213,0.2484722386673681,0.9080294637675788,0.5373141000000032,3172,100,1,eb5d91a88caa54a61a0acac88ceb6bd9d79b7abc8995898ee10796f65dd34869,18125fd8af779d1a57df59977228e969983a90ab2e94e9f15a70d4aa5e66725b,a56ffef72cbeddf7307b7ee6b0c7688b74b8aa965fce826079937135eb0a99a1,temporal-v2-raw-space-lime,v2-raw-lime-cell-keyed,raw_mixed_feature,window_position_keyed_crn,fixed_seed_across_windows,2f0551386c3480bb7676746d2387490c7623e474170c111e7c0fa1238c421a97,401dcbb27ea88a966cfbca7cd8063507f41f826f89d3b05dacd3c216b5c5e53a,canayxps15,1.0,1.0,0.9729729729729728,0.9651045733489104,1.0
electricity-temporal,rf,4,1,shap,0.6762295081967213,0.2484722386673681,0.9080294637675788,1.8390012999989267,3172,100,1,eb5d91a88caa54a61a0acac88ceb6bd9d79b7abc8995898ee10796f65dd34869,18125fd8af779d1a57df59977228e969983a90ab2e94e9f15a70d4aa5e66725b,a56ffef72cbeddf7307b7ee6b0c7688b74b8aa965fce826079937135eb0a99a1,temporal-v2-raw-space-lime,v2-raw-lime-cell-keyed,raw_mixed_feature,window_position_keyed_crn,fixed_seed_across_windows,2f0551386c3480bb7676746d2387490c7623e474170c111e7c0fa1238c421a97,401dcbb27ea88a966cfbca7cd8063507f41f826f89d3b05dacd3c216b5c5e53a,canayxps15,1.0,1.0,0.975,0.9924898645157096,1.0
electricity-temporal,rf,4,2,lime,0.6774905422446406,0.2492582795922292,0.9087843347121072,1.4427956999988965,3172,30,1,eb5d91a88caa54a61a0acac88ceb6bd9d79b7abc8995898ee10796f65dd34869,0585056d443e95d9edebf7d75588165c993b341b5a8540e18c796bbf53e19db8,a56ffef72cbeddf7307b7ee6b0c7688b74b8aa965fce826079937135eb0a99a1,temporal-v2-raw-space-lime,v2-raw-lime-cell-keyed,raw_mixed_feature,window_position_keyed_crn,fixed_seed_across_windows,2f0551386c3480bb7676746d2387490c7623e474170c111e7c0fa1238c421a97,401dcbb27ea88a966cfbca7cd8063507f41f826f89d3b05dacd3c216b5c5e53a,canayxps15,1.0,1.0,0.9285714285714288,0.988460175994072,1.0
electricity-temporal,rf,4,2,pi,0.6774905422446406,0.2492582795922292,0.9087843347121072,0.9129794999989826,3172,100,1,eb5d91a88caa54a61a0acac88ceb6bd9d79b7abc8995898ee10796f65dd34869,0585056d443e95d9edebf7d75588165c993b341b5a8540e18c796bbf53e19db8,a56ffef72cbeddf7307b7ee6b0c7688b74b8aa965fce826079937135eb0a99a1,temporal-v2-raw-space-lime,v2-raw-lime-cell-keyed,raw_mixed_feature,window_position_keyed_crn,fixed_seed_across_windows,2f0551386c3480bb7676746d2387490c7623e474170c111e7c0fa1238c421a97,401dcbb27ea88a966cfbca7cd8063507f41f826f89d3b05dacd3c216b5c5e53a,canayxps15,0.6666666666666666,1.0,0.3243243243243243,0.8462462527582726,0.6666666666666666
electricity-temporal,rf,4,2,shap,0.6774905422446406,0.2492582795922292,0.9087843347121072,2.043937200000073,3172,100,1,eb5d91a88caa54a61a0acac88ceb6bd9d79b7abc8995898ee10796f65dd34869,0585056d443e95d9edebf7d75588165c993b341b5a8540e18c796bbf53e19db8,a56ffef72cbeddf7307b7ee6b0c7688b74b8aa965fce826079937135eb0a99a1,temporal-v2-raw-space-lime,v2-raw-lime-cell-keyed,raw_mixed_feature,window_position_keyed_crn,fixed_seed_across_windows,2f0551386c3480bb7676746d2387490c7623e474170c111e7c0fa1238c421a97,401dcbb27ea88a966cfbca7cd8063507f41f826f89d3b05dacd3c216b5c5e53a,canayxps15,1.0,1.0,1.0,0.9957478017006446,1.0
electricity-temporal,rf,4,3,lime,0.6778058007566204,0.2519008401366937,0.9113530646733998,1.0822932999999466,3172,30,1,eb5d91a88caa54a61a0acac88ceb6bd9d79b7abc8995898ee10796f65dd34869,872950e0a45a8784f52cb9c13e5b4edfe2d59bd43138f4913d131f2eb3635ce3,a56ffef72cbeddf7307b7ee6b0c7688b74b8aa965fce826079937135eb0a99a1,temporal-v2-raw-space-lime,v2-raw-lime-cell-keyed,raw_mixed_feature,window_position_keyed_crn,fixed_seed_across_windows,2f0551386c3480bb7676746d2387490c7623e474170c111e7c0fa1238c421a97,401dcbb27ea88a966cfbca7cd8063507f41f826f89d3b05dacd3c216b5c5e53a,canayxps15,1.0,1.0,0.9285714285714288,0.9900499748433972,1.0
electricity-temporal,rf,4,3,pi,0.6778058007566204,0.2519008401366937,0.9113530646733998,0.5282857000001968,3172,100,1,eb5d91a88caa54a61a0acac88ceb6bd9d79b7abc8995898ee10796f65dd34869,872950e0a45a8784f52cb9c13e5b4edfe2d59bd43138f4913d131f2eb3635ce3,a56ffef72cbeddf7307b7ee6b0c7688b74b8aa965fce826079937135eb0a99a1,temporal-v2-raw-space-lime,v2-raw-lime-cell-keyed,raw_mixed_feature,window_position_keyed_crn,fixed_seed_across_windows,2f0551386c3480bb7676746d2387490c7623e474170c111e7c0fa1238c421a97,401dcbb27ea88a966cfbca7cd8063507f41f826f89d3b05dacd3c216b5c5e53a,canayxps15,1.0,1.0,0.3243243243243243,0.8999416156154534,1.0
electricity-temporal,rf,4,3,shap,0.6778058007566204,0.2519008401366937,0.9113530646733998,1.5987518999991153,3172,100,1,eb5d91a88caa54a61a0acac88ceb6bd9d79b7abc8995898ee10796f65dd34869,872950e0a45a8784f52cb9c13e5b4edfe2d59bd43138f4913d131f2eb3635ce3,a56ffef72cbeddf7307b7ee6b0c7688b74b8aa965fce826079937135eb0a99a1,temporal-v2-raw-space-lime,v2-raw-lime-cell-keyed,raw_mixed_feature,window_position_keyed_crn,fixed_seed_across_windows,2f0551386c3480bb7676746d2387490c7623e474170c111e7c0fa1238c421a97,401dcbb27ea88a966cfbca7cd8063507f41f826f89d3b05dacd3c216b5c5e53a,canayxps15,1.0,1.0,0.975,0.9936575618671978,1.0
electricity-temporal,rf,4,4,lime,0.6762295081967213,0.2505166266943013,0.9099409147025184,0.9576286999999866,3172,30,1,eb5d91a88caa54a61a0acac88ceb6bd9d79b7abc8995898ee10796f65dd34869,71d4deb325db3d32ad7a4fe9793f91c649978cea249a1dae0b5c35d5f23e0642,a56ffef72cbeddf7307b7ee6b0c7688b74b8aa965fce826079937135eb0a99a1,temporal-v2-raw-space-lime,v2-raw-lime-cell-keyed,raw_mixed_feature,window_position_keyed_crn,fixed_seed_across_windows,2f0551386c3480bb7676746d2387490c7623e474170c111e7c0fa1238c421a97,401dcbb27ea88a966cfbca7cd8063507f41f826f89d3b05dacd3c216b5c5e53a,canayxps15,1.0,1.0,1.0,0.9913218355001864,1.0
electricity-temporal,rf,4,4,pi,0.6762295081967213,0.2505166266943013,0.9099409147025184,0.4781278999998903,3172,100,1,eb5d91a88caa54a61a0acac88ceb6bd9d79b7abc8995898ee10796f65dd34869,71d4deb325db3d32ad7a4fe9793f91c649978cea249a1dae0b5c35d5f23e0642,a56ffef72cbeddf7307b7ee6b0c7688b74b8aa965fce826079937135eb0a99a1,temporal-v2-raw-space-lime,v2-raw-lime-cell-keyed,raw_mixed_feature,window_position_keyed_crn,fixed_seed_across_windows,2f0551386c3480bb7676746d2387490c7623e474170c111e7c0fa1238c421a97,401dcbb27ea88a966cfbca7cd8063507f41f826f89d3b05dacd3c216b5c5e53a,canayxps15,1.0,1.0,0.7027027027027026,0.6743920269268606,1.0
electricity-temporal,rf,4,4,shap,0.6762295081967213,0.2505166266943013,0.9099409147025184,1.914254100000108,3172,100,1,eb5d91a88caa54a61a0acac88ceb6bd9d79b7abc8995898ee10796f65dd34869,71d4deb325db3d32ad7a4fe9793f91c649978cea249a1dae0b5c35d5f23e0642,a56ffef72cbeddf7307b7ee6b0c7688b74b8aa965fce826079937135eb0a99a1,temporal-v2-raw-space-lime,v2-raw-lime-cell-keyed,raw_mixed_feature,window_position_keyed_crn,fixed_seed_across_windows,2f0551386c3480bb7676746d2387490c7623e474170c111e7c0fa1238c421a97,401dcbb27ea88a966cfbca7cd8063507f41f826f89d3b05dacd3c216b5c5e53a,canayxps15,1.0,1.0,0.975,0.9962186835936496,1.0
electricity-temporal,rf,5,0,lime,0.6270491803278688,0.2965555519347146,0.916821298947245,1.4901257000001351,3172,30,1,bbe87735a98f61ec0d406e02eed4d6c88cde793c3d4455cc581032eabbc21384,907220deeb7890bf1a92e948bfca0e7152e865d53bb3c6f1d0b780e3df7c31f8,a56ffef72cbeddf7307b7ee6b0c7688b74b8aa965fce826079937135eb0a99a1,temporal-v2-raw-space-lime,v2-raw-lime-cell-keyed,raw_mixed_feature,window_position_keyed_crn,fixed_seed_across_windows,2f0551386c3480bb7676746d2387490c7623e474170c111e7c0fa1238c421a97,401dcbb27ea88a966cfbca7cd8063507f41f826f89d3b05dacd3c216b5c5e53a,canayxps15,0.6666666666666666,1.0,0.9285714285714288,0.9881336804604934,1.0
electricity-temporal,rf,5,0,pi,0.6270491803278688,0.2965555519347146,0.916821298947245,0.6055756999994628,3172,100,1,bbe87735a98f61ec0d406e02eed4d6c88cde793c3d4455cc581032eabbc21384,907220deeb7890bf1a92e948bfca0e7152e865d53bb3c6f1d0b780e3df7c31f8,a56ffef72cbeddf7307b7ee6b0c7688b74b8aa965fce826079937135eb0a99a1,temporal-v2-raw-space-lime,v2-raw-lime-cell-keyed,raw_mixed_feature,window_position_keyed_crn,fixed_seed_across_windows,2f0551386c3480bb7676746d2387490c7623e474170c111e7c0fa1238c421a97,401dcbb27ea88a966cfbca7cd8063507f41f826f89d3b05dacd3c216b5c5e53a,canayxps15,1.0,1.0,0.9189189189189187,0.4804644464914323,1.0
electricity-temporal,rf,5,0,shap,0.6270491803278688,0.2965555519347146,0.916821298947245,2.217109100000016,3172,100,1,bbe87735a98f61ec0d406e02eed4d6c88cde793c3d4455cc581032eabbc21384,907220deeb7890bf1a92e948bfca0e7152e865d53bb3c6f1d0b780e3df7c31f8,a56ffef72cbeddf7307b7ee6b0c7688b74b8aa965fce826079937135eb0a99a1,temporal-v2-raw-space-lime,v2-raw-lime-cell-keyed,raw_mixed_feature,window_position_keyed_crn,fixed_seed_across_windows,2f0551386c3480bb7676746d2387490c7623e474170c111e7c0fa1238c421a97,401dcbb27ea88a966cfbca7cd8063507f41f826f89d3b05dacd3c216b5c5e53a,canayxps15,1.0,1.0,0.95,0.9933797119745846,1.0
electricity-temporal,rf,5,1,lime,0.626733921815889,0.2931978333427715,0.9139877247357449,1.3048093999987032,3172,30,1,bbe87735a98f61ec0d406e02eed4d6c88cde793c3d4455cc581032eabbc21384,81575bbfd0366f4205581e7dfd6b5c0b5609391e7355b4dc1b9eb4f9654cd78e,a56ffef72cbeddf7307b7ee6b0c7688b74b8aa965fce826079937135eb0a99a1,temporal-v2-raw-space-lime,v2-raw-lime-cell-keyed,raw_mixed_feature,window_position_keyed_crn,fixed_seed_across_windows,2f0551386c3480bb7676746d2387490c7623e474170c111e7c0fa1238c421a97,401dcbb27ea88a966cfbca7cd8063507f41f826f89d3b05dacd3c216b5c5e53a,canayxps15,1.0,1.0,0.9523809523809524,0.9874182571841894,1.0
electricity-temporal,rf,5,1,pi,0.626733921815889,0.2931978333427715,0.9139877247357449,0.6389734000003955,3172,100,1,bbe87735a98f61ec0d406e02eed4d6c88cde793c3d4455cc581032eabbc21384,81575bbfd0366f4205581e7dfd6b5c0b5609391e7355b4dc1b9eb4f9654cd78e,a56ffef72cbeddf7307b7ee6b0c7688b74b8aa965fce826079937135eb0a99a1,temporal-v2-raw-space-lime,v2-raw-lime-cell-keyed,raw_mixed_feature,window_position_keyed_crn,fixed_seed_across_windows,2f0551386c3480bb7676746d2387490c7623e474170c111e7c0fa1238c421a97,401dcbb27ea88a966cfbca7cd8063507f41f826f89d3b05dacd3c216b5c5e53a,canayxps15,0.6666666666666666,1.0,0.8648648648648649,0.7374225294257984,1.0
electricity-temporal,rf,5,1,shap,0.626733921815889,0.2931978333427715,0.9139877247357449,1.835713799999212,3172,100,1,bbe87735a98f61ec0d406e02eed4d6c88cde793c3d4455cc581032eabbc21384,81575bbfd0366f4205581e7dfd6b5c0b5609391e7355b4dc1b9eb4f9654cd78e,a56ffef72cbeddf7307b7ee6b0c7688b74b8aa965fce826079937135eb0a99a1,temporal-v2-raw-space-lime,v2-raw-lime-cell-keyed,raw_mixed_feature,window_position_keyed_crn,fixed_seed_across_windows,2f0551386c3480bb7676746d2387490c7623e474170c111e7c0fa1238c421a97,401dcbb27ea88a966cfbca7cd8063507f41f826f89d3b05dacd3c216b5c5e53a,canayxps15,1.0,1.0,0.975,0.9904497551556056,1.0
electricity-temporal,rf,5,2,lime,0.6276796973518285,0.2966979040199977,0.9174567788045056,1.1581811999985805,3172,30,1,bbe87735a98f61ec0d406e02eed4d6c88cde793c3d4455cc581032eabbc21384,e43de832e6a978e65b60edf2b629daa3e04f97ffabd07b7dee045bf37de9034e,a56ffef72cbeddf7307b7ee6b0c7688b74b8aa965fce826079937135eb0a99a1,temporal-v2-raw-space-lime,v2-raw-lime-cell-keyed,raw_mixed_feature,window_position_keyed_crn,fixed_seed_across_windows,2f0551386c3480bb7676746d2387490c7623e474170c111e7c0fa1238c421a97,401dcbb27ea88a966cfbca7cd8063507f41f826f89d3b05dacd3c216b5c5e53a,canayxps15,1.0,1.0,0.9047619047619048,0.9955670639610372,1.0
electricity-temporal,rf,5,2,pi,0.6276796973518285,0.2966979040199977,0.9174567788045056,0.4397293000001809,3172,100,1,bbe87735a98f61ec0d406e02eed4d6c88cde793c3d4455cc581032eabbc21384,e43de832e6a978e65b60edf2b629daa3e04f97ffabd07b7dee045bf37de9034e,a56ffef72cbeddf7307b7ee6b0c7688b74b8aa965fce826079937135eb0a99a1,temporal-v2-raw-space-lime,v2-raw-lime-cell-keyed,raw_mixed_feature,window_position_keyed_crn,fixed_seed_across_windows,2f0551386c3480bb7676746d2387490c7623e474170c111e7c0fa1238c421a97,401dcbb27ea88a966cfbca7cd8063507f41f826f89d3b05dacd3c216b5c5e53a,canayxps15,1.0,1.0,0.9189189189189187,0.6994483264011719,1.0
electricity-temporal,rf,5,2,shap,0.6276796973518285,0.2966979040199977,0.9174567788045056,1.8463541000000987,3172,100,1,bbe87735a98f61ec0d406e02eed4d6c88cde793c3d4455cc581032eabbc21384,e43de832e6a978e65b60edf2b629daa3e04f97ffabd07b7dee045bf37de9034e,a56ffef72cbeddf7307b7ee6b0c7688b74b8aa965fce826079937135eb0a99a1,temporal-v2-raw-space-lime,v2-raw-lime-cell-keyed,raw_mixed_feature,window_position_keyed_crn,fixed_seed_across_windows,2f0551386c3480bb7676746d2387490c7623e474170c111e7c0fa1238c421a97,401dcbb27ea88a966cfbca7cd8063507f41f826f89d3b05dacd3c216b5c5e53a,canayxps15,1.0,1.0,1.0,0.99705808667235,1.0
electricity-temporal,rf,5,3,lime,0.6270491803278688,0.2972459595864798,0.9170673813920894,0.92631640000036,3172,30,1,bbe87735a98f61ec0d406e02eed4d6c88cde793c3d4455cc581032eabbc21384,71185343a496fca9f2e8d1da8f16a34caa96fc52b0d18d2c3a44c6947fee3a72,a56ffef72cbeddf7307b7ee6b0c7688b74b8aa965fce826079937135eb0a99a1,temporal-v2-raw-space-lime,v2-raw-lime-cell-keyed,raw_mixed_feature,window_position_keyed_crn,fixed_seed_across_windows,2f0551386c3480bb7676746d2387490c7623e474170c111e7c0fa1238c421a97,401dcbb27ea88a966cfbca7cd8063507f41f826f89d3b05dacd3c216b5c5e53a,canayxps15,1.0,1.0,0.9047619047619048,0.983232671813717,1.0
electricity-temporal,rf,5,3,pi,0.6270491803278688,0.2972459595864798,0.9170673813920894,0.5936523000000307,3172,100,1,bbe87735a98f61ec0d406e02eed4d6c88cde793c3d4455cc581032eabbc21384,71185343a496fca9f2e8d1da8f16a34caa96fc52b0d18d2c3a44c6947fee3a72,a56ffef72cbeddf7307b7ee6b0c7688b74b8aa965fce826079937135eb0a99a1,temporal-v2-raw-space-lime,v2-raw-lime-cell-keyed,raw_mixed_feature,window_position_keyed_crn,fixed_seed_across_windows,2f0551386c3480bb7676746d2387490c7623e474170c111e7c0fa1238c421a97,401dcbb27ea88a966cfbca7cd8063507f41f826f89d3b05dacd3c216b5c5e53a,canayxps15,0.6666666666666666,1.0,0.5675675675675675,0.6801822149024939,1.0
electricity-temporal,rf,5,3,shap,0.6270491803278688,0.2972459595864798,0.9170673813920894,1.6613820000002306,3172,100,1,bbe87735a98f61ec0d406e02eed4d6c88cde793c3d4455cc581032eabbc21384,71185343a496fca9f2e8d1da8f16a34caa96fc52b0d18d2c3a44c6947fee3a72,a56ffef72cbeddf7307b7ee6b0c7688b74b8aa965fce826079937135eb0a99a1,temporal-v2-raw-space-lime,v2-raw-lime-cell-keyed,raw_mixed_feature,window_position_keyed_crn,fixed_seed_across_windows,2f0551386c3480bb7676746d2387490c7623e474170c111e7c0fa1238c421a97,401dcbb27ea88a966cfbca7cd8063507f41f826f89d3b05dacd3c216b5c5e53a,canayxps15,1.0,1.0,0.975,0.9931825713176048,1.0
electricity-temporal,rf,5,4,lime,0.6273644388398487,0.2943391023544629,0.9139126022986156,0.8992696000004798,3172,30,1,bbe87735a98f61ec0d406e02eed4d6c88cde793c3d4455cc581032eabbc21384,219065060b02b4ae503572b3f2fd66057cab2302c7290997c904f2b1124d3319,a56ffef72cbeddf7307b7ee6b0c7688b74b8aa965fce826079937135eb0a99a1,temporal-v2-raw-space-lime,v2-raw-lime-cell-keyed,raw_mixed_feature,window_position_keyed_crn,fixed_seed_across_windows,2f0551386c3480bb7676746d2387490c7623e474170c111e7c0fa1238c421a97,401dcbb27ea88a966cfbca7cd8063507f41f826f89d3b05dacd3c216b5c5e53a,canayxps15,1.0,1.0,0.9761904761904764,0.990367443639686,1.0
electricity-temporal,rf,5,4,pi,0.6273644388398487,0.2943391023544629,0.9139126022986156,0.4472813000011229,3172,100,1,bbe87735a98f61ec0d406e02eed4d6c88cde793c3d4455cc581032eabbc21384,219065060b02b4ae503572b3f2fd66057cab2302c7290997c904f2b1124d3319,a56ffef72cbeddf7307b7ee6b0c7688b74b8aa965fce826079937135eb0a99a1,temporal-v2-raw-space-lime,v2-raw-lime-cell-keyed,raw_mixed_feature,window_position_keyed_crn,fixed_seed_across_windows,2f0551386c3480bb7676746d2387490c7623e474170c111e7c0fa1238c421a97,401dcbb27ea88a966cfbca7cd8063507f41f826f89d3b05dacd3c216b5c5e53a,canayxps15,1.0,1.0,0.9189189189189187,0.5880915500939905,1.0
electricity-temporal,rf,5,4,shap,0.6273644388398487,0.2943391023544629,0.9139126022986156,1.7803853000004892,3172,100,1,bbe87735a98f61ec0d406e02eed4d6c88cde793c3d4455cc581032eabbc21384,219065060b02b4ae503572b3f2fd66057cab2302c7290997c904f2b1124d3319,a56ffef72cbeddf7307b7ee6b0c7688b74b8aa965fce826079937135eb0a99a1,temporal-v2-raw-space-lime,v2-raw-lime-cell-keyed,raw_mixed_feature,window_position_keyed_crn,fixed_seed_across_windows,2f0551386c3480bb7676746d2387490c7623e474170c111e7c0fa1238c421a97,401dcbb27ea88a966cfbca7cd8063507f41f826f89d3b05dacd3c216b5c5e53a,canayxps15,1.0,1.0,0.95,0.9951347797103612,1.0
electricity-temporal,rf,6,0,lime,0.599936948297604,0.3186764181217761,0.9161197090287132,1.335883499999909,3172,30,1,135fc514a1f7d8e2549db8ede06a0e3786bf20c9bafc753b279e2eaa026ab037,97a47da6fd701ae3526a216dd6ab10b1dbc388bcc21452d0b16081bb82b352f5,a56ffef72cbeddf7307b7ee6b0c7688b74b8aa965fce826079937135eb0a99a1,temporal-v2-raw-space-lime,v2-raw-lime-cell-keyed,raw_mixed_feature,window_position_keyed_crn,fixed_seed_across_windows,2f0551386c3480bb7676746d2387490c7623e474170c111e7c0fa1238c421a97,401dcbb27ea88a966cfbca7cd8063507f41f826f89d3b05dacd3c216b5c5e53a,canayxps15,0.6666666666666666,1.0,0.9047619047619048,0.9674858610542536,1.0
electricity-temporal,rf,6,0,pi,0.599936948297604,0.3186764181217761,0.9161197090287132,0.6556455999998434,3172,100,1,135fc514a1f7d8e2549db8ede06a0e3786bf20c9bafc753b279e2eaa026ab037,97a47da6fd701ae3526a216dd6ab10b1dbc388bcc21452d0b16081bb82b352f5,a56ffef72cbeddf7307b7ee6b0c7688b74b8aa965fce826079937135eb0a99a1,temporal-v2-raw-space-lime,v2-raw-lime-cell-keyed,raw_mixed_feature,window_position_keyed_crn,fixed_seed_across_windows,2f0551386c3480bb7676746d2387490c7623e474170c111e7c0fa1238c421a97,401dcbb27ea88a966cfbca7cd8063507f41f826f89d3b05dacd3c216b5c5e53a,canayxps15,0.6666666666666666,1.0,0.6486486486486486,0.1072647303723335,1.0
electricity-temporal,rf,6,0,shap,0.599936948297604,0.3186764181217761,0.9161197090287132,1.7996146000004956,3172,100,1,135fc514a1f7d8e2549db8ede06a0e3786bf20c9bafc753b279e2eaa026ab037,97a47da6fd701ae3526a216dd6ab10b1dbc388bcc21452d0b16081bb82b352f5,a56ffef72cbeddf7307b7ee6b0c7688b74b8aa965fce826079937135eb0a99a1,temporal-v2-raw-space-lime,v2-raw-lime-cell-keyed,raw_mixed_feature,window_position_keyed_crn,fixed_seed_across_windows,2f0551386c3480bb7676746d2387490c7623e474170c111e7c0fa1238c421a97,401dcbb27ea88a966cfbca7cd8063507f41f826f89d3b05dacd3c216b5c5e53a,canayxps15,1.0,1.0,0.975,0.9940415240505226,1.0
electricity-temporal,rf,6,1,lime,0.599936948297604,0.3156506763148362,0.9130109200362592,1.5018971000008603,3172,30,1,135fc514a1f7d8e2549db8ede06a0e3786bf20c9bafc753b279e2eaa026ab037,d9f6e9338e8224b17dc909349636c602c20642073588d5f4e713062f184e75f7,a56ffef72cbeddf7307b7ee6b0c7688b74b8aa965fce826079937135eb0a99a1,temporal-v2-raw-space-lime,v2-raw-lime-cell-keyed,raw_mixed_feature,window_position_keyed_crn,fixed_seed_across_windows,2f0551386c3480bb7676746d2387490c7623e474170c111e7c0fa1238c421a97,401dcbb27ea88a966cfbca7cd8063507f41f826f89d3b05dacd3c216b5c5e53a,canayxps15,1.0,0.8,0.880952380952381,0.9685531622671424,1.0
electricity-temporal,rf,6,1,pi,0.599936948297604,0.3156506763148362,0.9130109200362592,0.7071725000005245,3172,100,1,135fc514a1f7d8e2549db8ede06a0e3786bf20c9bafc753b279e2eaa026ab037,d9f6e9338e8224b17dc909349636c602c20642073588d5f4e713062f184e75f7,a56ffef72cbeddf7307b7ee6b0c7688b74b8aa965fce826079937135eb0a99a1,temporal-v2-raw-space-lime,v2-raw-lime-cell-keyed,raw_mixed_feature,window_position_keyed_crn,fixed_seed_across_windows,2f0551386c3480bb7676746d2387490c7623e474170c111e7c0fa1238c421a97,401dcbb27ea88a966cfbca7cd8063507f41f826f89d3b05dacd3c216b5c5e53a,canayxps15,1.0,1.0,0.6216216216216217,0.7043162986574915,1.0
electricity-temporal,rf,6,1,shap,0.599936948297604,0.3156506763148362,0.9130109200362592,2.0801635999996506,3172,100,1,135fc514a1f7d8e2549db8ede06a0e3786bf20c9bafc753b279e2eaa026ab037,d9f6e9338e8224b17dc909349636c602c20642073588d5f4e713062f184e75f7,a56ffef72cbeddf7307b7ee6b0c7688b74b8aa965fce826079937135eb0a99a1,temporal-v2-raw-space-lime,v2-raw-lime-cell-keyed,raw_mixed_feature,window_position_keyed_crn,fixed_seed_across_windows,2f0551386c3480bb7676746d2387490c7623e474170c111e7c0fa1238c421a97,401dcbb27ea88a966cfbca7cd8063507f41f826f89d3b05dacd3c216b5c5e53a,canayxps15,1.0,1.0,0.95,0.991919981879068,1.0
electricity-temporal,rf,6,2,lime,0.6002522068095839,0.3226790058241564,0.9203539592519792,1.1531333000002633,3172,30,1,135fc514a1f7d8e2549db8ede06a0e3786bf20c9bafc753b279e2eaa026ab037,a3dac773412e74feec6497c1db447bddb7823c006c2b4d440d533e350bfa6117,a56ffef72cbeddf7307b7ee6b0c7688b74b8aa965fce826079937135eb0a99a1,temporal-v2-raw-space-lime,v2-raw-lime-cell-keyed,raw_mixed_feature,window_position_keyed_crn,fixed_seed_across_windows,2f0551386c3480bb7676746d2387490c7623e474170c111e7c0fa1238c421a97,401dcbb27ea88a966cfbca7cd8063507f41f826f89d3b05dacd3c216b5c5e53a,canayxps15,1.0,0.8,0.9285714285714288,0.9874352576030776,1.0
electricity-temporal,rf,6,2,pi,0.6002522068095839,0.3226790058241564,0.9203539592519792,0.5514696999998705,3172,100,1,135fc514a1f7d8e2549db8ede06a0e3786bf20c9bafc753b279e2eaa026ab037,a3dac773412e74feec6497c1db447bddb7823c006c2b4d440d533e350bfa6117,a56ffef72cbeddf7307b7ee6b0c7688b74b8aa965fce826079937135eb0a99a1,temporal-v2-raw-space-lime,v2-raw-lime-cell-keyed,raw_mixed_feature,window_position_keyed_crn,fixed_seed_across_windows,2f0551386c3480bb7676746d2387490c7623e474170c111e7c0fa1238c421a97,401dcbb27ea88a966cfbca7cd8063507f41f826f89d3b05dacd3c216b5c5e53a,canayxps15,0.6666666666666666,1.0,0.4324324324324324,0.4331329556199691,1.0
electricity-temporal,rf,6,2,shap,0.6002522068095839,0.3226790058241564,0.9203539592519792,1.5295253999993292,3172,100,1,135fc514a1f7d8e2549db8ede06a0e3786bf20c9bafc753b279e2eaa026ab037,a3dac773412e74feec6497c1db447bddb7823c006c2b4d440d533e350bfa6117,a56ffef72cbeddf7307b7ee6b0c7688b74b8aa965fce826079937135eb0a99a1,temporal-v2-raw-space-lime,v2-raw-lime-cell-keyed,raw_mixed_feature,window_position_keyed_crn,fixed_seed_across_windows,2f0551386c3480bb7676746d2387490c7623e474170c111e7c0fa1238c421a97,401dcbb27ea88a966cfbca7cd8063507f41f826f89d3b05dacd3c216b5c5e53a,canayxps15,1.0,1.0,1.0,0.9945325799237734,1.0
electricity-temporal,rf,6,3,lime,0.6002522068095839,0.3152146384185493,0.9129762548438256,0.9880816000004417,3172,30,1,135fc514a1f7d8e2549db8ede06a0e3786bf20c9bafc753b279e2eaa026ab037,3cf49b7e7cffdab664297639f2ca7da9135ed1245b43f4e979dc30b83b8b9dab,a56ffef72cbeddf7307b7ee6b0c7688b74b8aa965fce826079937135eb0a99a1,temporal-v2-raw-space-lime,v2-raw-lime-cell-keyed,raw_mixed_feature,window_position_keyed_crn,fixed_seed_across_windows,2f0551386c3480bb7676746d2387490c7623e474170c111e7c0fa1238c421a97,401dcbb27ea88a966cfbca7cd8063507f41f826f89d3b05dacd3c216b5c5e53a,canayxps15,1.0,1.0,0.9047619047619048,0.9645898848836234,1.0
electricity-temporal,rf,6,3,pi,0.6002522068095839,0.3152146384185493,0.9129762548438256,0.4254256000003806,3172,100,1,135fc514a1f7d8e2549db8ede06a0e3786bf20c9bafc753b279e2eaa026ab037,3cf49b7e7cffdab664297639f2ca7da9135ed1245b43f4e979dc30b83b8b9dab,a56ffef72cbeddf7307b7ee6b0c7688b74b8aa965fce826079937135eb0a99a1,temporal-v2-raw-space-lime,v2-raw-lime-cell-keyed,raw_mixed_feature,window_position_keyed_crn,fixed_seed_across_windows,2f0551386c3480bb7676746d2387490c7623e474170c111e7c0fa1238c421a97,401dcbb27ea88a966cfbca7cd8063507f41f826f89d3b05dacd3c216b5c5e53a,canayxps15,0.6666666666666666,1.0,0.3243243243243243,0.1983322869153481,1.0
electricity-temporal,rf,6,3,shap,0.6002522068095839,0.3152146384185493,0.9129762548438256,1.7312898000000132,3172,100,1,135fc514a1f7d8e2549db8ede06a0e3786bf20c9bafc753b279e2eaa026ab037,3cf49b7e7cffdab664297639f2ca7da9135ed1245b43f4e979dc30b83b8b9dab,a56ffef72cbeddf7307b7ee6b0c7688b74b8aa965fce826079937135eb0a99a1,temporal-v2-raw-space-lime,v2-raw-lime-cell-keyed,raw_mixed_feature,window_position_keyed_crn,fixed_seed_across_windows,2f0551386c3480bb7676746d2387490c7623e474170c111e7c0fa1238c421a97,401dcbb27ea88a966cfbca7cd8063507f41f826f89d3b05dacd3c216b5c5e53a,canayxps15,1.0,1.0,1.0,0.9942408643351456,1.0
electricity-temporal,rf,6,4,lime,0.599936948297604,0.3105396297798288,0.9080931243471893,1.0278315999985352,3172,30,1,135fc514a1f7d8e2549db8ede06a0e3786bf20c9bafc753b279e2eaa026ab037,3733f857f3932b03d04d1fcda18b92f72661d472f194f59b02bf7db68ff3d9d2,a56ffef72cbeddf7307b7ee6b0c7688b74b8aa965fce826079937135eb0a99a1,temporal-v2-raw-space-lime,v2-raw-lime-cell-keyed,raw_mixed_feature,window_position_keyed_crn,fixed_seed_across_windows,2f0551386c3480bb7676746d2387490c7623e474170c111e7c0fa1238c421a97,401dcbb27ea88a966cfbca7cd8063507f41f826f89d3b05dacd3c216b5c5e53a,canayxps15,1.0,0.8,0.9285714285714288,0.9634324244436532,1.0
electricity-temporal,rf,6,4,pi,0.599936948297604,0.3105396297798288,0.9080931243471893,0.4322314000000915,3172,100,1,135fc514a1f7d8e2549db8ede06a0e3786bf20c9bafc753b279e2eaa026ab037,3733f857f3932b03d04d1fcda18b92f72661d472f194f59b02bf7db68ff3d9d2,a56ffef72cbeddf7307b7ee6b0c7688b74b8aa965fce826079937135eb0a99a1,temporal-v2-raw-space-lime,v2-raw-lime-cell-keyed,raw_mixed_feature,window_position_keyed_crn,fixed_seed_across_windows,2f0551386c3480bb7676746d2387490c7623e474170c111e7c0fa1238c421a97,401dcbb27ea88a966cfbca7cd8063507f41f826f89d3b05dacd3c216b5c5e53a,canayxps15,0.6666666666666666,1.0,0.2702702702702702,0.1507834489595006,1.0
electricity-temporal,rf,6,4,shap,0.599936948297604,0.3105396297798288,0.9080931243471893,1.7197901999988972,3172,100,1,135fc514a1f7d8e2549db8ede06a0e3786bf20c9bafc753b279e2eaa026ab037,3733f857f3932b03d04d1fcda18b92f72661d472f194f59b02bf7db68ff3d9d2,a56ffef72cbeddf7307b7ee6b0c7688b74b8aa965fce826079937135eb0a99a1,temporal-v2-raw-space-lime,v2-raw-lime-cell-keyed,raw_mixed_feature,window_position_keyed_crn,fixed_seed_across_windows,2f0551386c3480bb7676746d2387490c7623e474170c111e7c0fa1238c421a97,401dcbb27ea88a966cfbca7cd8063507f41f826f89d3b05dacd3c216b5c5e53a,canayxps15,1.0,1.0,0.95,0.996460870893218,1.0
electricity-temporal,rf,7,0,lime,0.6538461538461539,0.2710365182409546,0.9137155549864268,1.2348755999992136,3172,30,1,21be2dca3e2d0b609370266074332862a6eb49de974bfbef3105d00cc5fea7da,d2a117ff8a2e56572123ba6e5d706cb8f43cc905cec96f3db6112a673d2a8c68,a56ffef72cbeddf7307b7ee6b0c7688b74b8aa965fce826079937135eb0a99a1,temporal-v2-raw-space-lime,v2-raw-lime-cell-keyed,raw_mixed_feature,window_position_keyed_crn,fixed_seed_across_windows,2f0551386c3480bb7676746d2387490c7623e474170c111e7c0fa1238c421a97,401dcbb27ea88a966cfbca7cd8063507f41f826f89d3b05dacd3c216b5c5e53a,canayxps15,0.6666666666666666,0.8,0.8333333333333335,0.981634249709508,1.0
electricity-temporal,rf,7,0,pi,0.6538461538461539,0.2710365182409546,0.9137155549864268,0.6294750999986718,3172,100,1,21be2dca3e2d0b609370266074332862a6eb49de974bfbef3105d00cc5fea7da,d2a117ff8a2e56572123ba6e5d706cb8f43cc905cec96f3db6112a673d2a8c68,a56ffef72cbeddf7307b7ee6b0c7688b74b8aa965fce826079937135eb0a99a1,temporal-v2-raw-space-lime,v2-raw-lime-cell-keyed,raw_mixed_feature,window_position_keyed_crn,fixed_seed_across_windows,2f0551386c3480bb7676746d2387490c7623e474170c111e7c0fa1238c421a97,401dcbb27ea88a966cfbca7cd8063507f41f826f89d3b05dacd3c216b5c5e53a,canayxps15,1.0,1.0,0.9189189189189187,0.1770546582152945,1.0
electricity-temporal,rf,7,0,shap,0.6538461538461539,0.2710365182409546,0.9137155549864268,1.5191512999990664,3172,100,1,21be2dca3e2d0b609370266074332862a6eb49de974bfbef3105d00cc5fea7da,d2a117ff8a2e56572123ba6e5d706cb8f43cc905cec96f3db6112a673d2a8c68,a56ffef72cbeddf7307b7ee6b0c7688b74b8aa965fce826079937135eb0a99a1,temporal-v2-raw-space-lime,v2-raw-lime-cell-keyed,raw_mixed_feature,window_position_keyed_crn,fixed_seed_across_windows,2f0551386c3480bb7676746d2387490c7623e474170c111e7c0fa1238c421a97,401dcbb27ea88a966cfbca7cd8063507f41f826f89d3b05dacd3c216b5c5e53a,canayxps15,1.0,1.0,0.975,0.9935764351102528,1.0
electricity-temporal,rf,7,1,lime,0.6535308953341741,0.2674892167680856,0.9104914347753972,1.307841300000291,3172,30,1,21be2dca3e2d0b609370266074332862a6eb49de974bfbef3105d00cc5fea7da,9b33a96f1f2b77c326070ead9ea4bc5e5b3c4c6e2cccc655eb7a7fd497dc7ae8,a56ffef72cbeddf7307b7ee6b0c7688b74b8aa965fce826079937135eb0a99a1,temporal-v2-raw-space-lime,v2-raw-lime-cell-keyed,raw_mixed_feature,window_position_keyed_crn,fixed_seed_across_windows,2f0551386c3480bb7676746d2387490c7623e474170c111e7c0fa1238c421a97,401dcbb27ea88a966cfbca7cd8063507f41f826f89d3b05dacd3c216b5c5e53a,canayxps15,1.0,0.8,0.7380952380952381,0.976682452243084,1.0
electricity-temporal,rf,7,1,pi,0.6535308953341741,0.2674892167680856,0.9104914347753972,0.6469975999989401,3172,100,1,21be2dca3e2d0b609370266074332862a6eb49de974bfbef3105d00cc5fea7da,9b33a96f1f2b77c326070ead9ea4bc5e5b3c4c6e2cccc655eb7a7fd497dc7ae8,a56ffef72cbeddf7307b7ee6b0c7688b74b8aa965fce826079937135eb0a99a1,temporal-v2-raw-space-lime,v2-raw-lime-cell-keyed,raw_mixed_feature,window_position_keyed_crn,fixed_seed_across_windows,2f0551386c3480bb7676746d2387490c7623e474170c111e7c0fa1238c421a97,401dcbb27ea88a966cfbca7cd8063507f41f826f89d3b05dacd3c216b5c5e53a,canayxps15,1.0,1.0,0.9189189189189187,0.8155769710515847,1.0
electricity-temporal,rf,7,1,shap,0.6535308953341741,0.2674892167680856,0.9104914347753972,1.7010410000002594,3172,100,1,21be2dca3e2d0b609370266074332862a6eb49de974bfbef3105d00cc5fea7da,9b33a96f1f2b77c326070ead9ea4bc5e5b3c4c6e2cccc655eb7a7fd497dc7ae8,a56ffef72cbeddf7307b7ee6b0c7688b74b8aa965fce826079937135eb0a99a1,temporal-v2-raw-space-lime,v2-raw-lime-cell-keyed,raw_mixed_feature,window_position_keyed_crn,fixed_seed_across_windows,2f0551386c3480bb7676746d2387490c7623e474170c111e7c0fa1238c421a97,401dcbb27ea88a966cfbca7cd8063507f41f826f89d3b05dacd3c216b5c5e53a,canayxps15,1.0,1.0,0.95,0.992252117697246,1.0
electricity-temporal,rf,7,2,lime,0.6541614123581336,0.2723677101664919,0.9170475084010288,0.9366343000001508,3172,30,1,21be2dca3e2d0b609370266074332862a6eb49de974bfbef3105d00cc5fea7da,0cc30cb61b342c7ebc0e3cff01f7acbdad8bee0600667ca371dd11df37fd1205,a56ffef72cbeddf7307b7ee6b0c7688b74b8aa965fce826079937135eb0a99a1,temporal-v2-raw-space-lime,v2-raw-lime-cell-keyed,raw_mixed_feature,window_position_keyed_crn,fixed_seed_across_windows,2f0551386c3480bb7676746d2387490c7623e474170c111e7c0fa1238c421a97,401dcbb27ea88a966cfbca7cd8063507f41f826f89d3b05dacd3c216b5c5e53a,canayxps15,1.0,0.8,0.8571428571428572,0.978665767134452,1.0
electricity-temporal,rf,7,2,pi,0.6541614123581336,0.2723677101664919,0.9170475084010288,0.5747152999992977,3172,100,1,21be2dca3e2d0b609370266074332862a6eb49de974bfbef3105d00cc5fea7da,0cc30cb61b342c7ebc0e3cff01f7acbdad8bee0600667ca371dd11df37fd1205,a56ffef72cbeddf7307b7ee6b0c7688b74b8aa965fce826079937135eb0a99a1,temporal-v2-raw-space-lime,v2-raw-lime-cell-keyed,raw_mixed_feature,window_position_keyed_crn,fixed_seed_across_windows,2f0551386c3480bb7676746d2387490c7623e474170c111e7c0fa1238c421a97,401dcbb27ea88a966cfbca7cd8063507f41f826f89d3b05dacd3c216b5c5e53a,canayxps15,1.0,1.0,0.5675675675675675,0.7944541024630843,0.6666666666666666
electricity-temporal,rf,7,2,shap,0.6541614123581336,0.2723677101664919,0.9170475084010288,1.4556195999994088,3172,100,1,21be2dca3e2d0b609370266074332862a6eb49de974bfbef3105d00cc5fea7da,0cc30cb61b342c7ebc0e3cff01f7acbdad8bee0600667ca371dd11df37fd1205,a56ffef72cbeddf7307b7ee6b0c7688b74b8aa965fce826079937135eb0a99a1,temporal-v2-raw-space-lime,v2-raw-lime-cell-keyed,raw_mixed_feature,window_position_keyed_crn,fixed_seed_across_windows,2f0551386c3480bb7676746d2387490c7623e474170c111e7c0fa1238c421a97,401dcbb27ea88a966cfbca7cd8063507f41f826f89d3b05dacd3c216b5c5e53a,canayxps15,1.0,1.0,1.0,0.9933202083411856,1.0
electricity-temporal,rf,7,3,lime,0.6529003783102144,0.2706455610338788,0.9148164331176096,1.2100328000014997,3172,30,1,21be2dca3e2d0b609370266074332862a6eb49de974bfbef3105d00cc5fea7da,bdc7549f75d1ee84f34817965238e144845aaa65ce14764a9e11c15ae31eab8c,a56ffef72cbeddf7307b7ee6b0c7688b74b8aa965fce826079937135eb0a99a1,temporal-v2-raw-space-lime,v2-raw-lime-cell-keyed,raw_mixed_feature,window_position_keyed_crn,fixed_seed_across_windows,2f0551386c3480bb7676746d2387490c7623e474170c111e7c0fa1238c421a97,401dcbb27ea88a966cfbca7cd8063507f41f826f89d3b05dacd3c216b5c5e53a,canayxps15,1.0,0.8,0.880952380952381,0.9552592928965892,1.0
electricity-temporal,rf,7,3,pi,0.6529003783102144,0.2706455610338788,0.9148164331176096,0.5643471000003046,3172,100,1,21be2dca3e2d0b609370266074332862a6eb49de974bfbef3105d00cc5fea7da,bdc7549f75d1ee84f34817965238e144845aaa65ce14764a9e11c15ae31eab8c,a56ffef72cbeddf7307b7ee6b0c7688b74b8aa965fce826079937135eb0a99a1,temporal-v2-raw-space-lime,v2-raw-lime-cell-keyed,raw_mixed_feature,window_position_keyed_crn,fixed_seed_across_windows,2f0551386c3480bb7676746d2387490c7623e474170c111e7c0fa1238c421a97,401dcbb27ea88a966cfbca7cd8063507f41f826f89d3b05dacd3c216b5c5e53a,canayxps15,0.6666666666666666,1.0,0.3783783783783784,0.2684416823874078,1.0
electricity-temporal,rf,7,3,shap,0.6529003783102144,0.2706455610338788,0.9148164331176096,2.0898772999989887,3172,100,1,21be2dca3e2d0b609370266074332862a6eb49de974bfbef3105d00cc5fea7da,bdc7549f75d1ee84f34817965238e144845aaa65ce14764a9e11c15ae31eab8c,a56ffef72cbeddf7307b7ee6b0c7688b74b8aa965fce826079937135eb0a99a1,temporal-v2-raw-space-lime,v2-raw-lime-cell-keyed,raw_mixed_feature,window_position_keyed_crn,fixed_seed_across_windows,2f0551386c3480bb7676746d2387490c7623e474170c111e7c0fa1238c421a97,401dcbb27ea88a966cfbca7cd8063507f41f826f89d3b05dacd3c216b5c5e53a,canayxps15,1.0,1.0,0.95,0.9925232388996444,1.0
electricity-temporal,rf,7,4,lime,0.6544766708701135,0.266619655080513,0.9099936422009088,1.1342152999986863,3172,30,1,21be2dca3e2d0b609370266074332862a6eb49de974bfbef3105d00cc5fea7da,189f8592d02c276316ac00119b6b999038792e297d7e853393e87b47cbb75b12,a56ffef72cbeddf7307b7ee6b0c7688b74b8aa965fce826079937135eb0a99a1,temporal-v2-raw-space-lime,v2-raw-lime-cell-keyed,raw_mixed_feature,window_position_keyed_crn,fixed_seed_across_windows,2f0551386c3480bb7676746d2387490c7623e474170c111e7c0fa1238c421a97,401dcbb27ea88a966cfbca7cd8063507f41f826f89d3b05dacd3c216b5c5e53a,canayxps15,1.0,0.8,0.9285714285714288,0.97133601315035,1.0
electricity-temporal,rf,7,4,pi,0.6544766708701135,0.266619655080513,0.9099936422009088,0.5177652000002126,3172,100,1,21be2dca3e2d0b609370266074332862a6eb49de974bfbef3105d00cc5fea7da,189f8592d02c276316ac00119b6b999038792e297d7e853393e87b47cbb75b12,a56ffef72cbeddf7307b7ee6b0c7688b74b8aa965fce826079937135eb0a99a1,temporal-v2-raw-space-lime,v2-raw-lime-cell-keyed,raw_mixed_feature,window_position_keyed_crn,fixed_seed_across_windows,2f0551386c3480bb7676746d2387490c7623e474170c111e7c0fa1238c421a97,401dcbb27ea88a966cfbca7cd8063507f41f826f89d3b05dacd3c216b5c5e53a,canayxps15,0.6666666666666666,1.0,0.5945945945945946,0.8059912061250509,1.0
electricity-temporal,rf,7,4,shap,0.6544766708701135,0.266619655080513,0.9099936422009088,1.657711100000597,3172,100,1,21be2dca3e2d0b609370266074332862a6eb49de974bfbef3105d00cc5fea7da,189f8592d02c276316ac00119b6b999038792e297d7e853393e87b47cbb75b12,a56ffef72cbeddf7307b7ee6b0c7688b74b8aa965fce826079937135eb0a99a1,temporal-v2-raw-space-lime,v2-raw-lime-cell-keyed,raw_mixed_feature,window_position_keyed_crn,fixed_seed_across_windows,2f0551386c3480bb7676746d2387490c7623e474170c111e7c0fa1238c421a97,401dcbb27ea88a966cfbca7cd8063507f41f826f89d3b05dacd3c216b5c5e53a,canayxps15,1.0,1.0,0.95,0.9962276170403166,1.0
electricity-temporal,rf,8,0,lime,0.8058007566204287,0.0539604210237431,0.8432264602906657,1.6655703999986144,3172,30,1,be3ebb652f2fe028642011afb7b3eff9185212509cb43fdbafee3d386e26235e,9712345db9bb1ba2dcc63de755f30d7ded1c078bb5128dd89ba73d55f2900fce,a56ffef72cbeddf7307b7ee6b0c7688b74b8aa965fce826079937135eb0a99a1,temporal-v2-raw-space-lime,v2-raw-lime-cell-keyed,raw_mixed_feature,window_position_keyed_crn,fixed_seed_across_windows,2f0551386c3480bb7676746d2387490c7623e474170c111e7c0fa1238c421a97,401dcbb27ea88a966cfbca7cd8063507f41f826f89d3b05dacd3c216b5c5e53a,canayxps15,0.6666666666666666,0.8,0.7380952380952381,0.9910656981935152,1.0
electricity-temporal,rf,8,0,pi,0.8058007566204287,0.0539604210237431,0.8432264602906657,0.796058500000072,3172,100,1,be3ebb652f2fe028642011afb7b3eff9185212509cb43fdbafee3d386e26235e,9712345db9bb1ba2dcc63de755f30d7ded1c078bb5128dd89ba73d55f2900fce,a56ffef72cbeddf7307b7ee6b0c7688b74b8aa965fce826079937135eb0a99a1,temporal-v2-raw-space-lime,v2-raw-lime-cell-keyed,raw_mixed_feature,window_position_keyed_crn,fixed_seed_across_windows,2f0551386c3480bb7676746d2387490c7623e474170c111e7c0fa1238c421a97,401dcbb27ea88a966cfbca7cd8063507f41f826f89d3b05dacd3c216b5c5e53a,canayxps15,1.0,1.0,0.5945945945945946,0.992881328964902,0.6666666666666666
electricity-temporal,rf,8,0,shap,0.8058007566204287,0.0539604210237431,0.8432264602906657,1.845477300001221,3172,100,1,be3ebb652f2fe028642011afb7b3eff9185212509cb43fdbafee3d386e26235e,9712345db9bb1ba2dcc63de755f30d7ded1c078bb5128dd89ba73d55f2900fce,a56ffef72cbeddf7307b7ee6b0c7688b74b8aa965fce826079937135eb0a99a1,temporal-v2-raw-space-lime,v2-raw-lime-cell-keyed,raw_mixed_feature,window_position_keyed_crn,fixed_seed_across_windows,2f0551386c3480bb7676746d2387490c7623e474170c111e7c0fa1238c421a97,401dcbb27ea88a966cfbca7cd8063507f41f826f89d3b05dacd3c216b5c5e53a,canayxps15,1.0,1.0,0.95,0.9954129775202424,1.0
electricity-temporal,rf,8,1,lime,0.8058007566204287,0.0567213245445279,0.8427707943651848,1.146101599999383,3172,30,1,be3ebb652f2fe028642011afb7b3eff9185212509cb43fdbafee3d386e26235e,c738c3e43718045c5a53ec942b6a652721674d33387573f7a18ae5520199dd10,a56ffef72cbeddf7307b7ee6b0c7688b74b8aa965fce826079937135eb0a99a1,temporal-v2-raw-space-lime,v2-raw-lime-cell-keyed,raw_mixed_feature,window_position_keyed_crn,fixed_seed_across_windows,2f0551386c3480bb7676746d2387490c7623e474170c111e7c0fa1238c421a97,401dcbb27ea88a966cfbca7cd8063507f41f826f89d3b05dacd3c216b5c5e53a,canayxps15,1.0,0.8,0.880952380952381,0.989634351176392,1.0
electricity-temporal,rf,8,1,pi,0.8058007566204287,0.0567213245445279,0.8427707943651848,0.699880199999825,3172,100,1,be3ebb652f2fe028642011afb7b3eff9185212509cb43fdbafee3d386e26235e,c738c3e43718045c5a53ec942b6a652721674d33387573f7a18ae5520199dd10,a56ffef72cbeddf7307b7ee6b0c7688b74b8aa965fce826079937135eb0a99a1,temporal-v2-raw-space-lime,v2-raw-lime-cell-keyed,raw_mixed_feature,window_position_keyed_crn,fixed_seed_across_windows,2f0551386c3480bb7676746d2387490c7623e474170c111e7c0fa1238c421a97,401dcbb27ea88a966cfbca7cd8063507f41f826f89d3b05dacd3c216b5c5e53a,canayxps15,0.6666666666666666,1.0,0.9729729729729728,0.9238861092539082,1.0
electricity-temporal,rf,8,1,shap,0.8058007566204287,0.0567213245445279,0.8427707943651848,1.715456699999777,3172,100,1,be3ebb652f2fe028642011afb7b3eff9185212509cb43fdbafee3d386e26235e,c738c3e43718045c5a53ec942b6a652721674d33387573f7a18ae5520199dd10,a56ffef72cbeddf7307b7ee6b0c7688b74b8aa965fce826079937135eb0a99a1,temporal-v2-raw-space-lime,v2-raw-lime-cell-keyed,raw_mixed_feature,window_position_keyed_crn,fixed_seed_across_windows,2f0551386c3480bb7676746d2387490c7623e474170c111e7c0fa1238c421a97,401dcbb27ea88a966cfbca7cd8063507f41f826f89d3b05dacd3c216b5c5e53a,canayxps15,1.0,1.0,0.95,0.9951478961605272,1.0
electricity-temporal,rf,8,2,lime,0.805170239596469,0.0631396979991524,0.8536842598177056,0.8714063000006718,3172,30,1,be3ebb652f2fe028642011afb7b3eff9185212509cb43fdbafee3d386e26235e,7baf73caf2065b5940eb65eb7779ed1dc84b5cb9947839de12e964e4c1c037d0,a56ffef72cbeddf7307b7ee6b0c7688b74b8aa965fce826079937135eb0a99a1,temporal-v2-raw-space-lime,v2-raw-lime-cell-keyed,raw_mixed_feature,window_position_keyed_crn,fixed_seed_across_windows,2f0551386c3480bb7676746d2387490c7623e474170c111e7c0fa1238c421a97,401dcbb27ea88a966cfbca7cd8063507f41f826f89d3b05dacd3c216b5c5e53a,canayxps15,0.6666666666666666,0.8,0.880952380952381,0.9950963375831616,1.0
electricity-temporal,rf,8,2,pi,0.805170239596469,0.0631396979991524,0.8536842598177056,0.5803452999989531,3172,100,1,be3ebb652f2fe028642011afb7b3eff9185212509cb43fdbafee3d386e26235e,7baf73caf2065b5940eb65eb7779ed1dc84b5cb9947839de12e964e4c1c037d0,a56ffef72cbeddf7307b7ee6b0c7688b74b8aa965fce826079937135eb0a99a1,temporal-v2-raw-space-lime,v2-raw-lime-cell-keyed,raw_mixed_feature,window_position_keyed_crn,fixed_seed_across_windows,2f0551386c3480bb7676746d2387490c7623e474170c111e7c0fa1238c421a97,401dcbb27ea88a966cfbca7cd8063507f41f826f89d3b05dacd3c216b5c5e53a,canayxps15,1.0,1.0,0.5945945945945946,0.9621031975355188,0.6666666666666666
electricity-temporal,rf,8,2,shap,0.805170239596469,0.0631396979991524,0.8536842598177056,1.456242000000202,3172,100,1,be3ebb652f2fe028642011afb7b3eff9185212509cb43fdbafee3d386e26235e,7baf73caf2065b5940eb65eb7779ed1dc84b5cb9947839de12e964e4c1c037d0,a56ffef72cbeddf7307b7ee6b0c7688b74b8aa965fce826079937135eb0a99a1,temporal-v2-raw-space-lime,v2-raw-lime-cell-keyed,raw_mixed_feature,window_position_keyed_crn,fixed_seed_across_windows,2f0551386c3480bb7676746d2387490c7623e474170c111e7c0fa1238c421a97,401dcbb27ea88a966cfbca7cd8063507f41f826f89d3b05dacd3c216b5c5e53a,canayxps15,1.0,1.0,0.975,0.9978079700442848,1.0
electricity-temporal,rf,8,3,lime,0.8042244640605296,0.0594751380379693,0.8449205565247455,1.0797922000001563,3172,30,1,be3ebb652f2fe028642011afb7b3eff9185212509cb43fdbafee3d386e26235e,f53b8d54151ec17923373e8f56f4a7c0add4b8b9b52ae11de438afad00510d6a,a56ffef72cbeddf7307b7ee6b0c7688b74b8aa965fce826079937135eb0a99a1,temporal-v2-raw-space-lime,v2-raw-lime-cell-keyed,raw_mixed_feature,window_position_keyed_crn,fixed_seed_across_windows,2f0551386c3480bb7676746d2387490c7623e474170c111e7c0fa1238c421a97,401dcbb27ea88a966cfbca7cd8063507f41f826f89d3b05dacd3c216b5c5e53a,canayxps15,0.6666666666666666,1.0,0.880952380952381,0.992046873506146,1.0
electricity-temporal,rf,8,3,pi,0.8042244640605296,0.0594751380379693,0.8449205565247455,0.5374296999998478,3172,100,1,be3ebb652f2fe028642011afb7b3eff9185212509cb43fdbafee3d386e26235e,f53b8d54151ec17923373e8f56f4a7c0add4b8b9b52ae11de438afad00510d6a,a56ffef72cbeddf7307b7ee6b0c7688b74b8aa965fce826079937135eb0a99a1,temporal-v2-raw-space-lime,v2-raw-lime-cell-keyed,raw_mixed_feature,window_position_keyed_crn,fixed_seed_across_windows,2f0551386c3480bb7676746d2387490c7623e474170c111e7c0fa1238c421a97,401dcbb27ea88a966cfbca7cd8063507f41f826f89d3b05dacd3c216b5c5e53a,canayxps15,0.6666666666666666,1.0,0.5945945945945946,0.9748530026050926,1.0
electricity-temporal,rf,8,3,shap,0.8042244640605296,0.0594751380379693,0.8449205565247455,1.739180699998542,3172,100,1,be3ebb652f2fe028642011afb7b3eff9185212509cb43fdbafee3d386e26235e,f53b8d54151ec17923373e8f56f4a7c0add4b8b9b52ae11de438afad00510d6a,a56ffef72cbeddf7307b7ee6b0c7688b74b8aa965fce826079937135eb0a99a1,temporal-v2-raw-space-lime,v2-raw-lime-cell-keyed,raw_mixed_feature,window_position_keyed_crn,fixed_seed_across_windows,2f0551386c3480bb7676746d2387490c7623e474170c111e7c0fa1238c421a97,401dcbb27ea88a966cfbca7cd8063507f41f826f89d3b05dacd3c216b5c5e53a,canayxps15,1.0,1.0,0.95,0.9970995677039112,1.0
electricity-temporal,rf,8,4,lime,0.8058007566204287,0.0564332074674389,0.8402151685104416,0.9580151999998634,3172,30,1,be3ebb652f2fe028642011afb7b3eff9185212509cb43fdbafee3d386e26235e,4e9b94e573141e08b0d64de0cec76404b0cf9225bf5103f89b09f93c0b20157d,a56ffef72cbeddf7307b7ee6b0c7688b74b8aa965fce826079937135eb0a99a1,temporal-v2-raw-space-lime,v2-raw-lime-cell-keyed,raw_mixed_feature,window_position_keyed_crn,fixed_seed_across_windows,2f0551386c3480bb7676746d2387490c7623e474170c111e7c0fa1238c421a97,401dcbb27ea88a966cfbca7cd8063507f41f826f89d3b05dacd3c216b5c5e53a,canayxps15,1.0,0.8,0.8571428571428572,0.9939909479473764,1.0
electricity-temporal,rf,8,4,pi,0.8058007566204287,0.0564332074674389,0.8402151685104416,0.5032322999995813,3172,100,1,be3ebb652f2fe028642011afb7b3eff9185212509cb43fdbafee3d386e26235e,4e9b94e573141e08b0d64de0cec76404b0cf9225bf5103f89b09f93c0b20157d,a56ffef72cbeddf7307b7ee6b0c7688b74b8aa965fce826079937135eb0a99a1,temporal-v2-raw-space-lime,v2-raw-lime-cell-keyed,raw_mixed_feature,window_position_keyed_crn,fixed_seed_across_windows,2f0551386c3480bb7676746d2387490c7623e474170c111e7c0fa1238c421a97,401dcbb27ea88a966cfbca7cd8063507f41f826f89d3b05dacd3c216b5c5e53a,canayxps15,0.6666666666666666,1.0,0.5405405405405405,0.9805201497597188,1.0
electricity-temporal,rf,8,4,shap,0.8058007566204287,0.0564332074674389,0.8402151685104416,1.7776333000001614,3172,100,1,be3ebb652f2fe028642011afb7b3eff9185212509cb43fdbafee3d386e26235e,4e9b94e573141e08b0d64de0cec76404b0cf9225bf5103f89b09f93c0b20157d,a56ffef72cbeddf7307b7ee6b0c7688b74b8aa965fce826079937135eb0a99a1,temporal-v2-raw-space-lime,v2-raw-lime-cell-keyed,raw_mixed_feature,window_position_keyed_crn,fixed_seed_across_windows,2f0551386c3480bb7676746d2387490c7623e474170c111e7c0fa1238c421a97,401dcbb27ea88a966cfbca7cd8063507f41f826f89d3b05dacd3c216b5c5e53a,canayxps15,1.0,1.0,0.975,0.9976892962657864,1.0
electricity-temporal,rf,9,0,lime,0.8464691046658259,0.0576392526870189,0.8350589254222212,0.9081177999996726,3172,30,1,336ad2466db122a5c852d07c2a5e32aad62937f93c5683eea7ef13f64ce5d60c,c6332e1fa90de0456b7059c51a5d51209274883f2052c05caed2d2cc84bc3d59,a56ffef72cbeddf7307b7ee6b0c7688b74b8aa965fce826079937135eb0a99a1,temporal-v2-raw-space-lime,v2-raw-lime-cell-keyed,raw_mixed_feature,window_position_keyed_crn,fixed_seed_across_windows,2f0551386c3480bb7676746d2387490c7623e474170c111e7c0fa1238c421a97,401dcbb27ea88a966cfbca7cd8063507f41f826f89d3b05dacd3c216b5c5e53a,canayxps15,0.6666666666666666,0.8,0.7142857142857144,0.991300483503323,1.0
electricity-temporal,rf,9,0,pi,0.8464691046658259,0.0576392526870189,0.8350589254222212,0.4982980000004318,3172,100,1,336ad2466db122a5c852d07c2a5e32aad62937f93c5683eea7ef13f64ce5d60c,c6332e1fa90de0456b7059c51a5d51209274883f2052c05caed2d2cc84bc3d59,a56ffef72cbeddf7307b7ee6b0c7688b74b8aa965fce826079937135eb0a99a1,temporal-v2-raw-space-lime,v2-raw-lime-cell-keyed,raw_mixed_feature,window_position_keyed_crn,fixed_seed_across_windows,2f0551386c3480bb7676746d2387490c7623e474170c111e7c0fa1238c421a97,401dcbb27ea88a966cfbca7cd8063507f41f826f89d3b05dacd3c216b5c5e53a,canayxps15,0.6666666666666666,1.0,0.9189189189189187,0.9929124381786054,1.0
electricity-temporal,rf,9,0,shap,0.8464691046658259,0.0576392526870189,0.8350589254222212,2.0522614999990765,3172,100,1,336ad2466db122a5c852d07c2a5e32aad62937f93c5683eea7ef13f64ce5d60c,c6332e1fa90de0456b7059c51a5d51209274883f2052c05caed2d2cc84bc3d59,a56ffef72cbeddf7307b7ee6b0c7688b74b8aa965fce826079937135eb0a99a1,temporal-v2-raw-space-lime,v2-raw-lime-cell-keyed,raw_mixed_feature,window_position_keyed_crn,fixed_seed_across_windows,2f0551386c3480bb7676746d2387490c7623e474170c111e7c0fa1238c421a97,401dcbb27ea88a966cfbca7cd8063507f41f826f89d3b05dacd3c216b5c5e53a,canayxps15,1.0,1.0,0.975,0.9961811870385208,1.0
electricity-temporal,rf,9,1,lime,0.8480453972257251,0.0585628880311927,0.8379753793353797,1.339379900000495,3172,30,1,336ad2466db122a5c852d07c2a5e32aad62937f93c5683eea7ef13f64ce5d60c,f3e352490ea4eb56eaa5c3e787ff04be3b9173a5b8278ae72d636bc692ad46a8,a56ffef72cbeddf7307b7ee6b0c7688b74b8aa965fce826079937135eb0a99a1,temporal-v2-raw-space-lime,v2-raw-lime-cell-keyed,raw_mixed_feature,window_position_keyed_crn,fixed_seed_across_windows,2f0551386c3480bb7676746d2387490c7623e474170c111e7c0fa1238c421a97,401dcbb27ea88a966cfbca7cd8063507f41f826f89d3b05dacd3c216b5c5e53a,canayxps15,0.6666666666666666,0.8,0.880952380952381,0.9931192160600472,1.0
electricity-temporal,rf,9,1,pi,0.8480453972257251,0.0585628880311927,0.8379753793353797,0.7375468999998702,3172,100,1,336ad2466db122a5c852d07c2a5e32aad62937f93c5683eea7ef13f64ce5d60c,f3e352490ea4eb56eaa5c3e787ff04be3b9173a5b8278ae72d636bc692ad46a8,a56ffef72cbeddf7307b7ee6b0c7688b74b8aa965fce826079937135eb0a99a1,temporal-v2-raw-space-lime,v2-raw-lime-cell-keyed,raw_mixed_feature,window_position_keyed_crn,fixed_seed_across_windows,2f0551386c3480bb7676746d2387490c7623e474170c111e7c0fa1238c421a97,401dcbb27ea88a966cfbca7cd8063507f41f826f89d3b05dacd3c216b5c5e53a,canayxps15,0.6666666666666666,1.0,-0.1621621621621621,0.8639294088266067,0.3333333333333333
electricity-temporal,rf,9,1,shap,0.8480453972257251,0.0585628880311927,0.8379753793353797,2.103117000000566,3172,100,1,336ad2466db122a5c852d07c2a5e32aad62937f93c5683eea7ef13f64ce5d60c,f3e352490ea4eb56eaa5c3e787ff04be3b9173a5b8278ae72d636bc692ad46a8,a56ffef72cbeddf7307b7ee6b0c7688b74b8aa965fce826079937135eb0a99a1,temporal-v2-raw-space-lime,v2-raw-lime-cell-keyed,raw_mixed_feature,window_position_keyed_crn,fixed_seed_across_windows,2f0551386c3480bb7676746d2387490c7623e474170c111e7c0fa1238c421a97,401dcbb27ea88a966cfbca7cd8063507f41f826f89d3b05dacd3c216b5c5e53a,canayxps15,1.0,1.0,1.0,0.9988279394704032,1.0
electricity-temporal,rf,9,2,lime,0.8521437578814628,0.0505226358954061,0.8443961460458913,1.028202000001329,3172,30,1,336ad2466db122a5c852d07c2a5e32aad62937f93c5683eea7ef13f64ce5d60c,5b93e3f6a28270020745ddeab8e8c28abba41dd54b83b7f97157088e33518471,a56ffef72cbeddf7307b7ee6b0c7688b74b8aa965fce826079937135eb0a99a1,temporal-v2-raw-space-lime,v2-raw-lime-cell-keyed,raw_mixed_feature,window_position_keyed_crn,fixed_seed_across_windows,2f0551386c3480bb7676746d2387490c7623e474170c111e7c0fa1238c421a97,401dcbb27ea88a966cfbca7cd8063507f41f826f89d3b05dacd3c216b5c5e53a,canayxps15,0.6666666666666666,0.8,0.8095238095238096,0.987462580061322,1.0
electricity-temporal,rf,9,2,pi,0.8521437578814628,0.0505226358954061,0.8443961460458913,0.4558453999998164,3172,100,1,336ad2466db122a5c852d07c2a5e32aad62937f93c5683eea7ef13f64ce5d60c,5b93e3f6a28270020745ddeab8e8c28abba41dd54b83b7f97157088e33518471,a56ffef72cbeddf7307b7ee6b0c7688b74b8aa965fce826079937135eb0a99a1,temporal-v2-raw-space-lime,v2-raw-lime-cell-keyed,raw_mixed_feature,window_position_keyed_crn,fixed_seed_across_windows,2f0551386c3480bb7676746d2387490c7623e474170c111e7c0fa1238c421a97,401dcbb27ea88a966cfbca7cd8063507f41f826f89d3b05dacd3c216b5c5e53a,canayxps15,1.0,1.0,0.7027027027027026,0.9536122788759996,1.0
electricity-temporal,rf,9,2,shap,0.8521437578814628,0.0505226358954061,0.8443961460458913,1.779336499999772,3172,100,1,336ad2466db122a5c852d07c2a5e32aad62937f93c5683eea7ef13f64ce5d60c,5b93e3f6a28270020745ddeab8e8c28abba41dd54b83b7f97157088e33518471,a56ffef72cbeddf7307b7ee6b0c7688b74b8aa965fce826079937135eb0a99a1,temporal-v2-raw-space-lime,v2-raw-lime-cell-keyed,raw_mixed_feature,window_position_keyed_crn,fixed_seed_across_windows,2f0551386c3480bb7676746d2387490c7623e474170c111e7c0fa1238c421a97,401dcbb27ea88a966cfbca7cd8063507f41f826f89d3b05dacd3c216b5c5e53a,canayxps15,1.0,1.0,0.975,0.998781531728039,1.0
electricity-temporal,rf,9,3,lime,0.8505674653215637,0.0523837987443151,0.8416402391099409,1.152418800000305,3172,30,1,336ad2466db122a5c852d07c2a5e32aad62937f93c5683eea7ef13f64ce5d60c,1d6cf7b4b5a0f697b38cbf8e95a95450d2312517619784b3878d3e3272f8b89f,a56ffef72cbeddf7307b7ee6b0c7688b74b8aa965fce826079937135eb0a99a1,temporal-v2-raw-space-lime,v2-raw-lime-cell-keyed,raw_mixed_feature,window_position_keyed_crn,fixed_seed_across_windows,2f0551386c3480bb7676746d2387490c7623e474170c111e7c0fa1238c421a97,401dcbb27ea88a966cfbca7cd8063507f41f826f89d3b05dacd3c216b5c5e53a,canayxps15,0.6666666666666666,0.8,0.7380952380952381,0.9950232798152124,1.0
electricity-temporal,rf,9,3,pi,0.8505674653215637,0.0523837987443151,0.8416402391099409,0.5264793999995163,3172,100,1,336ad2466db122a5c852d07c2a5e32aad62937f93c5683eea7ef13f64ce5d60c,1d6cf7b4b5a0f697b38cbf8e95a95450d2312517619784b3878d3e3272f8b89f,a56ffef72cbeddf7307b7ee6b0c7688b74b8aa965fce826079937135eb0a99a1,temporal-v2-raw-space-lime,v2-raw-lime-cell-keyed,raw_mixed_feature,window_position_keyed_crn,fixed_seed_across_windows,2f0551386c3480bb7676746d2387490c7623e474170c111e7c0fa1238c421a97,401dcbb27ea88a966cfbca7cd8063507f41f826f89d3b05dacd3c216b5c5e53a,canayxps15,0.6666666666666666,1.0,0.4324324324324324,0.989882477313946,1.0
electricity-temporal,rf,9,3,shap,0.8505674653215637,0.0523837987443151,0.8416402391099409,1.604180399999677,3172,100,1,336ad2466db122a5c852d07c2a5e32aad62937f93c5683eea7ef13f64ce5d60c,1d6cf7b4b5a0f697b38cbf8e95a95450d2312517619784b3878d3e3272f8b89f,a56ffef72cbeddf7307b7ee6b0c7688b74b8aa965fce826079937135eb0a99a1,temporal-v2-raw-space-lime,v2-raw-lime-cell-keyed,raw_mixed_feature,window_position_keyed_crn,fixed_seed_across_windows,2f0551386c3480bb7676746d2387490c7623e474170c111e7c0fa1238c421a97,401dcbb27ea88a966cfbca7cd8063507f41f826f89d3b05dacd3c216b5c5e53a,canayxps15,1.0,1.0,1.0,0.998583567853862,1.0
electricity-temporal,rf,9,4,lime,0.8534047919293821,0.060732938026764,0.8386915382743864,1.3964448000006089,3172,30,1,336ad2466db122a5c852d07c2a5e32aad62937f93c5683eea7ef13f64ce5d60c,5f2642f1e2b344e8e7a1bed6ead81702cd7cdea9b4e6b10085edc168322ee83f,a56ffef72cbeddf7307b7ee6b0c7688b74b8aa965fce826079937135eb0a99a1,temporal-v2-raw-space-lime,v2-raw-lime-cell-keyed,raw_mixed_feature,window_position_keyed_crn,fixed_seed_across_windows,2f0551386c3480bb7676746d2387490c7623e474170c111e7c0fa1238c421a97,401dcbb27ea88a966cfbca7cd8063507f41f826f89d3b05dacd3c216b5c5e53a,canayxps15,0.6666666666666666,0.8,0.880952380952381,0.9933074472741704,1.0
electricity-temporal,rf,9,4,pi,0.8534047919293821,0.060732938026764,0.8386915382743864,0.8251612999993085,3172,100,1,336ad2466db122a5c852d07c2a5e32aad62937f93c5683eea7ef13f64ce5d60c,5f2642f1e2b344e8e7a1bed6ead81702cd7cdea9b4e6b10085edc168322ee83f,a56ffef72cbeddf7307b7ee6b0c7688b74b8aa965fce826079937135eb0a99a1,temporal-v2-raw-space-lime,v2-raw-lime-cell-keyed,raw_mixed_feature,window_position_keyed_crn,fixed_seed_across_windows,2f0551386c3480bb7676746d2387490c7623e474170c111e7c0fa1238c421a97,401dcbb27ea88a966cfbca7cd8063507f41f826f89d3b05dacd3c216b5c5e53a,canayxps15,1.0,1.0,0.7297297297297297,0.9856645273137452,1.0
electricity-temporal,rf,9,4,shap,0.8534047919293821,0.060732938026764,0.8386915382743864,2.178523900000073,3172,100,1,336ad2466db122a5c852d07c2a5e32aad62937f93c5683eea7ef13f64ce5d60c,5f2642f1e2b344e8e7a1bed6ead81702cd7cdea9b4e6b10085edc168322ee83f,a56ffef72cbeddf7307b7ee6b0c7688b74b8aa965fce826079937135eb0a99a1,temporal-v2-raw-space-lime,v2-raw-lime-cell-keyed,raw_mixed_feature,window_position_keyed_crn,fixed_seed_across_windows,2f0551386c3480bb7676746d2387490c7623e474170c111e7c0fa1238c421a97,401dcbb27ea88a966cfbca7cd8063507f41f826f89d3b05dacd3c216b5c5e53a,canayxps15,1.0,1.0,0.975,0.9971835202715108,1.0
electricity-temporal,rf,10,0,lime,0.7912330495111952,0.136101627287255,0.8795512677197485,1.343838799999503,3171,30,1,01b06c03ad0a731c9cdc69c99c906a4a1b3729ed8b65d1e468f4816b3909dccd,291c4335489e5d7ce962c9eef3cdd2017b4485f24e4aa1f3511ffda08b57d231,a56ffef72cbeddf7307b7ee6b0c7688b74b8aa965fce826079937135eb0a99a1,temporal-v2-raw-space-lime,v2-raw-lime-cell-keyed,raw_mixed_feature,window_position_keyed_crn,fixed_seed_across_windows,2f0551386c3480bb7676746d2387490c7623e474170c111e7c0fa1238c421a97,401dcbb27ea88a966cfbca7cd8063507f41f826f89d3b05dacd3c216b5c5e53a,canayxps15,0.6666666666666666,1.0,0.9285714285714288,0.9874240028842356,1.0
electricity-temporal,rf,10,0,pi,0.7912330495111952,0.136101627287255,0.8795512677197485,0.7542420999998285,3171,100,1,01b06c03ad0a731c9cdc69c99c906a4a1b3729ed8b65d1e468f4816b3909dccd,291c4335489e5d7ce962c9eef3cdd2017b4485f24e4aa1f3511ffda08b57d231,a56ffef72cbeddf7307b7ee6b0c7688b74b8aa965fce826079937135eb0a99a1,temporal-v2-raw-space-lime,v2-raw-lime-cell-keyed,raw_mixed_feature,window_position_keyed_crn,fixed_seed_across_windows,2f0551386c3480bb7676746d2387490c7623e474170c111e7c0fa1238c421a97,401dcbb27ea88a966cfbca7cd8063507f41f826f89d3b05dacd3c216b5c5e53a,canayxps15,1.0,1.0,0.9729729729729728,0.9931389396144172,1.0
electricity-temporal,rf,10,0,shap,0.7912330495111952,0.136101627287255,0.8795512677197485,2.048167200000534,3171,100,1,01b06c03ad0a731c9cdc69c99c906a4a1b3729ed8b65d1e468f4816b3909dccd,291c4335489e5d7ce962c9eef3cdd2017b4485f24e4aa1f3511ffda08b57d231,a56ffef72cbeddf7307b7ee6b0c7688b74b8aa965fce826079937135eb0a99a1,temporal-v2-raw-space-lime,v2-raw-lime-cell-keyed,raw_mixed_feature,window_position_keyed_crn,fixed_seed_across_windows,2f0551386c3480bb7676746d2387490c7623e474170c111e7c0fa1238c421a97,401dcbb27ea88a966cfbca7cd8063507f41f826f89d3b05dacd3c216b5c5e53a,canayxps15,1.0,1.0,0.975,0.9978017530994084,1.0
electricity-temporal,rf,10,1,lime,0.793755912961211,0.1320662641869743,0.880300978858595,1.3125596000008954,3171,30,1,01b06c03ad0a731c9cdc69c99c906a4a1b3729ed8b65d1e468f4816b3909dccd,14ad0c4d7511fa905a363d349e0dd547a6bb819c3ae93b357e54f9eb49aa3842,a56ffef72cbeddf7307b7ee6b0c7688b74b8aa965fce826079937135eb0a99a1,temporal-v2-raw-space-lime,v2-raw-lime-cell-keyed,raw_mixed_feature,window_position_keyed_crn,fixed_seed_across_windows,2f0551386c3480bb7676746d2387490c7623e474170c111e7c0fa1238c421a97,401dcbb27ea88a966cfbca7cd8063507f41f826f89d3b05dacd3c216b5c5e53a,canayxps15,0.6666666666666666,0.8,0.6428571428571429,0.9951319043531204,1.0
electricity-temporal,rf,10,1,pi,0.793755912961211,0.1320662641869743,0.880300978858595,0.6242689999999129,3171,100,1,01b06c03ad0a731c9cdc69c99c906a4a1b3729ed8b65d1e468f4816b3909dccd,14ad0c4d7511fa905a363d349e0dd547a6bb819c3ae93b357e54f9eb49aa3842,a56ffef72cbeddf7307b7ee6b0c7688b74b8aa965fce826079937135eb0a99a1,temporal-v2-raw-space-lime,v2-raw-lime-cell-keyed,raw_mixed_feature,window_position_keyed_crn,fixed_seed_across_windows,2f0551386c3480bb7676746d2387490c7623e474170c111e7c0fa1238c421a97,401dcbb27ea88a966cfbca7cd8063507f41f826f89d3b05dacd3c216b5c5e53a,canayxps15,0.6666666666666666,1.0,0.9189189189189187,0.933178948536206,1.0
electricity-temporal,rf,10,1,shap,0.793755912961211,0.1320662641869743,0.880300978858595,1.9702656000008567,3171,100,1,01b06c03ad0a731c9cdc69c99c906a4a1b3729ed8b65d1e468f4816b3909dccd,14ad0c4d7511fa905a363d349e0dd547a6bb819c3ae93b357e54f9eb49aa3842,a56ffef72cbeddf7307b7ee6b0c7688b74b8aa965fce826079937135eb0a99a1,temporal-v2-raw-space-lime,v2-raw-lime-cell-keyed,raw_mixed_feature,window_position_keyed_crn,fixed_seed_across_windows,2f0551386c3480bb7676746d2387490c7623e474170c111e7c0fa1238c421a97,401dcbb27ea88a966cfbca7cd8063507f41f826f89d3b05dacd3c216b5c5e53a,canayxps15,1.0,1.0,0.975,0.9965101654984808,1.0
electricity-temporal,rf,10,2,lime,0.7959634184799748,0.1292397721723469,0.8830703825564287,1.1149306999996045,3171,30,1,01b06c03ad0a731c9cdc69c99c906a4a1b3729ed8b65d1e468f4816b3909dccd,96f7562a735259dff6da5c52d379aaad758f422b5c20b792ad01cbde0941faad,a56ffef72cbeddf7307b7ee6b0c7688b74b8aa965fce826079937135eb0a99a1,temporal-v2-raw-space-lime,v2-raw-lime-cell-keyed,raw_mixed_feature,window_position_keyed_crn,fixed_seed_across_windows,2f0551386c3480bb7676746d2387490c7623e474170c111e7c0fa1238c421a97,401dcbb27ea88a966cfbca7cd8063507f41f826f89d3b05dacd3c216b5c5e53a,canayxps15,1.0,1.0,0.880952380952381,0.992162797257524,1.0
electricity-temporal,rf,10,2,pi,0.7959634184799748,0.1292397721723469,0.8830703825564287,0.6158794999992097,3171,100,1,01b06c03ad0a731c9cdc69c99c906a4a1b3729ed8b65d1e468f4816b3909dccd,96f7562a735259dff6da5c52d379aaad758f422b5c20b792ad01cbde0941faad,a56ffef72cbeddf7307b7ee6b0c7688b74b8aa965fce826079937135eb0a99a1,temporal-v2-raw-space-lime,v2-raw-lime-cell-keyed,raw_mixed_feature,window_position_keyed_crn,fixed_seed_across_windows,2f0551386c3480bb7676746d2387490c7623e474170c111e7c0fa1238c421a97,401dcbb27ea88a966cfbca7cd8063507f41f826f89d3b05dacd3c216b5c5e53a,canayxps15,1.0,1.0,1.0,0.9799195932876976,1.0
electricity-temporal,rf,10,2,shap,0.7959634184799748,0.1292397721723469,0.8830703825564287,1.7429842999990797,3171,100,1,01b06c03ad0a731c9cdc69c99c906a4a1b3729ed8b65d1e468f4816b3909dccd,96f7562a735259dff6da5c52d379aaad758f422b5c20b792ad01cbde0941faad,a56ffef72cbeddf7307b7ee6b0c7688b74b8aa965fce826079937135eb0a99a1,temporal-v2-raw-space-lime,v2-raw-lime-cell-keyed,raw_mixed_feature,window_position_keyed_crn,fixed_seed_across_windows,2f0551386c3480bb7676746d2387490c7623e474170c111e7c0fa1238c421a97,401dcbb27ea88a966cfbca7cd8063507f41f826f89d3b05dacd3c216b5c5e53a,canayxps15,1.0,1.0,1.0,0.9975397810170308,1.0
electricity-temporal,rf,10,3,lime,0.793440555029959,0.1354025903899857,0.8828424815175873,1.154555999999502,3171,30,1,01b06c03ad0a731c9cdc69c99c906a4a1b3729ed8b65d1e468f4816b3909dccd,339a48fb0d60f051afa27d2c57e66baacf248aa7ad6d55a7f0280d0f37512c50,a56ffef72cbeddf7307b7ee6b0c7688b74b8aa965fce826079937135eb0a99a1,temporal-v2-raw-space-lime,v2-raw-lime-cell-keyed,raw_mixed_feature,window_position_keyed_crn,fixed_seed_across_windows,2f0551386c3480bb7676746d2387490c7623e474170c111e7c0fa1238c421a97,401dcbb27ea88a966cfbca7cd8063507f41f826f89d3b05dacd3c216b5c5e53a,canayxps15,0.6666666666666666,1.0,0.880952380952381,0.9888515228453956,1.0
electricity-temporal,rf,10,3,pi,0.793440555029959,0.1354025903899857,0.8828424815175873,0.5452392999995936,3171,100,1,01b06c03ad0a731c9cdc69c99c906a4a1b3729ed8b65d1e468f4816b3909dccd,339a48fb0d60f051afa27d2c57e66baacf248aa7ad6d55a7f0280d0f37512c50,a56ffef72cbeddf7307b7ee6b0c7688b74b8aa965fce826079937135eb0a99a1,temporal-v2-raw-space-lime,v2-raw-lime-cell-keyed,raw_mixed_feature,window_position_keyed_crn,fixed_seed_across_windows,2f0551386c3480bb7676746d2387490c7623e474170c111e7c0fa1238c421a97,401dcbb27ea88a966cfbca7cd8063507f41f826f89d3b05dacd3c216b5c5e53a,canayxps15,1.0,1.0,0.7297297297297297,0.990582529723007,1.0
electricity-temporal,rf,10,3,shap,0.793440555029959,0.1354025903899857,0.8828424815175873,1.5389854999993986,3171,100,1,01b06c03ad0a731c9cdc69c99c906a4a1b3729ed8b65d1e468f4816b3909dccd,339a48fb0d60f051afa27d2c57e66baacf248aa7ad6d55a7f0280d0f37512c50,a56ffef72cbeddf7307b7ee6b0c7688b74b8aa965fce826079937135eb0a99a1,temporal-v2-raw-space-lime,v2-raw-lime-cell-keyed,raw_mixed_feature,window_position_keyed_crn,fixed_seed_across_windows,2f0551386c3480bb7676746d2387490c7623e474170c111e7c0fa1238c421a97,401dcbb27ea88a966cfbca7cd8063507f41f826f89d3b05dacd3c216b5c5e53a,canayxps15,1.0,1.0,1.0,0.9977110671977228,1.0
electricity-temporal,rf,10,4,lime,0.7924944812362031,0.1340055625411109,0.881498885365241,1.0870649000007688,3171,30,1,01b06c03ad0a731c9cdc69c99c906a4a1b3729ed8b65d1e468f4816b3909dccd,8f2e4abda1a9c505b1cc18eb8a28078a7c5301be3f92c3f694bbc138add076e3,a56ffef72cbeddf7307b7ee6b0c7688b74b8aa965fce826079937135eb0a99a1,temporal-v2-raw-space-lime,v2-raw-lime-cell-keyed,raw_mixed_feature,window_position_keyed_crn,fixed_seed_across_windows,2f0551386c3480bb7676746d2387490c7623e474170c111e7c0fa1238c421a97,401dcbb27ea88a966cfbca7cd8063507f41f826f89d3b05dacd3c216b5c5e53a,canayxps15,0.6666666666666666,0.8,0.8095238095238096,0.9937528368266412,1.0
electricity-temporal,rf,10,4,pi,0.7924944812362031,0.1340055625411109,0.881498885365241,0.923336300000301,3171,100,1,01b06c03ad0a731c9cdc69c99c906a4a1b3729ed8b65d1e468f4816b3909dccd,8f2e4abda1a9c505b1cc18eb8a28078a7c5301be3f92c3f694bbc138add076e3,a56ffef72cbeddf7307b7ee6b0c7688b74b8aa965fce826079937135eb0a99a1,temporal-v2-raw-space-lime,v2-raw-lime-cell-keyed,raw_mixed_feature,window_position_keyed_crn,fixed_seed_across_windows,2f0551386c3480bb7676746d2387490c7623e474170c111e7c0fa1238c421a97,401dcbb27ea88a966cfbca7cd8063507f41f826f89d3b05dacd3c216b5c5e53a,canayxps15,1.0,1.0,0.7027027027027026,0.9890908077128834,1.0
electricity-temporal,rf,10,4,shap,0.7924944812362031,0.1340055625411109,0.881498885365241,1.707241600000998,3171,100,1,01b06c03ad0a731c9cdc69c99c906a4a1b3729ed8b65d1e468f4816b3909dccd,8f2e4abda1a9c505b1cc18eb8a28078a7c5301be3f92c3f694bbc138add076e3,a56ffef72cbeddf7307b7ee6b0c7688b74b8aa965fce826079937135eb0a99a1,temporal-v2-raw-space-lime,v2-raw-lime-cell-keyed,raw_mixed_feature,window_position_keyed_crn,fixed_seed_across_windows,2f0551386c3480bb7676746d2387490c7623e474170c111e7c0fa1238c421a97,401dcbb27ea88a966cfbca7cd8063507f41f826f89d3b05dacd3c216b5c5e53a,canayxps15,1.0,1.0,0.975,0.9987653326542756,1.0
