dataset,model,seed,budget_instances,budget_samples,scenario,severity,n_explained,method,fit_time_s,pred_base_time_s,pred_time_s,expl_time_s,context_cache_hit,base_cache_hit,acc,flip,dconf,ece,mean_conf,stable_frac,top3_all,top5_all,spearman_all,cosine_all,sign_all,top3_stable,top5_stable,spearman_stable,cosine_stable,sign_stable
adult,hgb,0,30,500,baseline,0.0,30,lime,1.7812511920928955,0.18909215927124023,0.2860298156738281,1.3367676734924316,True,False,0.8705384562888145,0.0,0.0,0.009458071601792573,0.8776564011522708,1.0,1.0,1.0,1.0,1.0,1.0,1.0,1.0,1.0,1.0,1.0
adult,hgb,0,30,500,gradual,1.0,30,lime,1.7812511920928955,0.18909215927124023,0.2212526798248291,0.8175623416900635,True,False,0.3575377055892991,0.640619668327305,0.5764360584023832,0.5293085778927609,0.8405003957228647,0.3333333333333333,0.5333333333333333,0.52,0.3302564102564102,0.7482353791947235,0.6244115144115143,0.5333333333333332,0.44000000000000006,0.3151648351648352,0.6749134785309339,0.5792446442446442
adult,hgb,0,30,500,mean_shift,2.0,30,lime,1.7812511920928955,0.18909215927124023,0.29033470153808594,0.6405000686645508,True,False,0.23926840919948134,0.8036579540025933,0.7588359677001136,0.7542435450611209,0.9935021640892122,0.2,0.48888888888888893,0.5399999999999999,0.2413186813186813,0.6774022440704203,0.5771632071632072,0.38888888888888884,0.5666666666666668,0.23663003663003668,0.42824051692611725,0.5455738705738705
adult,hgb,0,30,500,missing,0.5,30,lime,1.7812511920928955,0.18909215927124023,0.2966141700744629,0.809497594833374,True,False,0.8366204872722309,0.07923292158602334,0.07219923037976263,0.02169280928711229,0.8516404140759795,0.9666666666666667,0.5555555555555555,0.6466666666666666,0.4666666666666667,0.742420943767226,0.6902506752506753,0.5632183908045978,0.6413793103448276,0.4723758999621069,0.7567985534695199,0.695484783415818
adult,hgb,0,30,500,noise,1.0,30,lime,1.7812511920928955,0.18909215927124023,0.2285628318786621,0.8483941555023193,True,False,0.7092063058759298,0.252371528014741,0.2392423457941619,0.20756644409672775,0.9130093548351728,0.7,0.5555555555555555,0.5399999999999999,0.4657875457875458,0.7050087871687203,0.6851193251193253,0.5396825396825397,0.5333333333333333,0.4585034013605442,0.6884199104350851,0.6681968824825968
adult,hgb,0,30,500,quantize,2.0,30,lime,1.7812511920928955,0.18909215927124023,0.2804989814758301,0.849207878112793,True,False,0.7926704429127142,0.16426670306421892,0.1878881779957984,0.19076851629454394,0.983426460706375,0.8333333333333334,0.611111111111111,0.5666666666666667,0.404981684981685,0.7924250970793085,0.6505057905057906,0.6,0.5760000000000001,0.39604395604395604,0.8301908286797789,0.6474421134421136
adult,hgb,0,75,1000,baseline,0.0,75,lime,1.7812511920928955,0.247511625289917,0.36745214462280273,3.1968719959259033,True,False,0.8705384562888145,0.0,0.0,0.009458071601792573,0.8776564011522708,1.0,1.0,1.0,1.0,1.0,1.0,1.0,1.0,1.0,1.0,1.0
adult,hgb,0,75,1000,gradual,1.0,75,lime,1.7812511920928955,0.247511625289917,0.7109041213989258,4.753581523895264,True,False,0.3575377055892991,0.640619668327305,0.5764360584023832,0.5293085778927609,0.8405003957228647,0.36,0.5333333333333332,0.5200000000000001,0.37213186813186816,0.7995325300473585,0.657963924963925,0.48148148148148157,0.4740740740740741,0.2768416768416769,0.6737831201094496,0.587295420628754
adult,hgb,0,75,1000,mean_shift,2.0,75,lime,1.7812511920928955,0.247511625289917,0.23699545860290527,3.0339958667755127,True,False,0.23926840919948134,0.8036579540025933,0.7588359677001136,0.7542435450611209,0.9935021640892122,0.2,0.4799999999999999,0.49066666666666653,0.25866666666666666,0.7570347039065957,0.6064346394346396,0.4666666666666666,0.5066666666666667,0.2665201465201465,0.5082263102214557,0.6063079513079513
adult,hgb,0,75,1000,missing,0.5,75,lime,1.7812511920928955,0.247511625289917,0.3592374324798584,2.8637945652008057,True,False,0.8366204872722309,0.07923292158602334,0.07219923037976263,0.02169280928711229,0.8516404140759795,0.9333333333333333,0.6088888888888888,0.6266666666666668,0.527912087912088,0.8631354402743862,0.7272127872127873,0.6047619047619046,0.62,0.5275981161695449,0.8749311552594421,0.7268297179011464
adult,hgb,0,75,1000,noise,1.0,75,lime,1.7812511920928955,0.247511625289917,0.2569890022277832,2.869431972503662,True,False,0.7092063058759298,0.252371528014741,0.2392423457941619,0.20756644409672775,0.9130093548351728,0.7733333333333333,0.5244444444444444,0.5653333333333334,0.45769963369963385,0.7211287991915672,0.6797147297147297,0.5172413793103449,0.5689655172413793,0.43592269799166355,0.6977441397561693,0.6572016106498865
adult,hgb,0,75,1000,quantize,2.0,75,lime,1.7812511920928955,0.247511625289917,0.2877979278564453,2.738131523132324,True,False,0.7926704429127142,0.16426670306421892,0.1878881779957984,0.19076851629454394,0.983426460706375,0.84,0.6266666666666667,0.6133333333333333,0.5261538461538463,0.872040169034697,0.7272107522107522,0.6137566137566135,0.6158730158730159,0.516971916971917,0.8917541543803886,0.7348943384657669
adult,hgb,0,150,2000,baseline,0.0,150,lime,1.7812511920928955,0.5084409713745117,0.4116060733795166,15.532047748565674,True,False,0.8705384562888145,0.0,0.0,0.009458071601792573,0.8776564011522708,1.0,1.0,1.0,1.0,1.0,1.0,1.0,1.0,1.0,1.0,1.0
adult,hgb,0,150,2000,gradual,1.0,150,lime,1.7812511920928955,0.5084409713745117,0.3457505702972412,9.865085124969482,True,False,0.3575377055892991,0.640619668327305,0.5764360584023832,0.5293085778927609,0.8405003957228647,0.41333333333333333,0.5466666666666666,0.556,0.45515018315018324,0.8500013245540972,0.7068291523291522,0.5053763440860215,0.5161290322580645,0.360723147819922,0.7509663286956296,0.6470392958296184
adult,hgb,0,150,2000,mean_shift,2.0,150,lime,1.7812511920928955,0.5084409713745117,0.3178544044494629,11.581886053085327,True,False,0.23926840919948134,0.8036579540025933,0.7588359677001136,0.7542435450611209,0.9935021640892122,0.21333333333333335,0.5111111111111112,0.5439999999999999,0.3325421245421245,0.8191634604034258,0.652528527028527,0.49999999999999994,0.525,0.27582417582417584,0.5678395946002335,0.5838345682095682
adult,hgb,0,150,2000,missing,0.5,150,lime,1.7812511920928955,0.5084409713745117,0.39089488983154297,12.369855880737305,True,False,0.8366204872722309,0.07923292158602334,0.07219923037976263,0.02169280928711229,0.8516404140759795,0.9333333333333333,0.6977777777777777,0.6933333333333331,0.6071208791208792,0.9076850503638036,0.777101713101713,0.7,0.6957142857142855,0.60574568288854,0.9196589146828749,0.7749051543694401
adult,hgb,0,150,2000,noise,1.0,150,lime,1.7812511920928955,0.5084409713745117,0.5360095500946045,9.035319089889526,True,False,0.7092063058759298,0.252371528014741,0.2392423457941619,0.20756644409672775,0.9130093548351728,0.7533333333333333,0.6133333333333333,0.6613333333333332,0.534007326007326,0.7769589808889912,0.7450673585673585,0.6253687315634219,0.6672566371681417,0.5251969269668385,0.7563266997962753,0.7395968338446215
adult,hgb,0,150,2000,quantize,2.0,150,lime,1.7812511920928955,0.5084409713745117,0.23099851608276367,13.257670164108276,True,False,0.7926704429127142,0.16426670306421892,0.1878881779957984,0.19076851629454394,0.983426460706375,0.82,0.6933333333333334,0.6546666666666666,0.5920000000000001,0.9086999887996323,0.7774111999111998,0.6856368563685638,0.6504065040650407,0.5817028499955329,0.9339635674922894,0.7808690857471344
adult,hgb,1,30,500,baseline,0.0,30,lime,1.837573766708374,0.136873722076416,0.1590666770935058,2.3342018127441406,False,False,0.8755886166655292,0.0,0.0,0.0096424524558152,0.8783168590876912,1.0,1.0,1.0,1.0,1.0,1.0,1.0,1.0,1.0,1.0,1.0
adult,hgb,1,30,500,gradual,1.0,30,lime,1.837573766708374,0.136873722076416,0.1301922798156738,2.149897813796997,False,False,0.239609636251962,0.7913055347027912,0.7501386356634471,0.7497391428172652,0.9891086855161948,0.2333333333333333,0.5111111111111111,0.5133333333333333,0.3356776556776557,0.6976415703838267,0.6229884929884931,0.3333333333333333,0.4857142857142857,0.1039246467817896,0.3032988530223974,0.5248323105465963
adult,hgb,1,30,500,mean_shift,2.0,30,lime,1.837573766708374,0.136873722076416,0.1024041175842285,2.2669131755828857,False,False,0.239131918378489,0.7920562342182488,0.7551742782984979,0.7544754134819908,0.9935404489740968,0.2333333333333333,0.4555555555555555,0.4866666666666666,0.1547252747252747,0.6037201952020681,0.5476911976911976,0.3333333333333333,0.4857142857142857,0.2131868131868131,0.3385240418546017,0.5044241472812901
adult,hgb,1,30,500,missing,0.5,30,lime,1.837573766708374,0.136873722076416,0.1367175579071045,2.4263336658477783,False,False,0.8439227461953184,0.0750699515457585,0.0708958693864838,0.015033992631506,0.854701313795038,0.9333333333333332,0.6111111111111112,0.5800000000000001,0.4757509157509157,0.7657631321660305,0.6996498871498871,0.6071428571428573,0.5714285714285714,0.478021978021978,0.7695292661428629,0.7039205833848691
adult,hgb,1,30,500,noise,1.0,30,lime,1.837573766708374,0.136873722076416,0.1488122940063476,2.40325665473938,False,False,0.7135740121476831,0.2545553811506176,0.2442129014828784,0.2096192503020614,0.917657486638542,0.8666666666666667,0.5333333333333333,0.5533333333333333,0.4212454212454212,0.6104074743186751,0.6675855625855626,0.5256410256410257,0.5461538461538462,0.401352493660186,0.592169921532327,0.6601261985877371
adult,hgb,1,30,500,quantize,2.0,30,lime,1.837573766708374,0.136873722076416,0.1362128257751464,2.4893569946289062,False,False,0.7947178052275985,0.1732750972497099,0.2000411648261593,0.1984357199479062,0.9931354088971944,0.8333333333333334,0.6,0.6133333333333334,0.379047619047619,0.7791370812324708,0.6510318385318385,0.6266666666666666,0.6080000000000001,0.3819780219780219,0.8242956540300912,0.6454140304140304
adult,hgb,1,75,1000,baseline,0.0,75,lime,1.837573766708374,0.1260960102081298,0.1613035202026367,6.831557750701904,False,False,0.8755886166655292,0.0,0.0,0.0096424524558152,0.8783168590876912,1.0,1.0,1.0,1.0,1.0,1.0,1.0,1.0,1.0,1.0,1.0
adult,hgb,1,75,1000,gradual,1.0,75,lime,1.837573766708374,0.1260960102081298,0.1064269542694091,6.63226580619812,False,False,0.239609636251962,0.7913055347027912,0.7501386356634471,0.7497391428172652,0.9891086855161948,0.2133333333333333,0.5377777777777777,0.5093333333333334,0.3995604395604395,0.7999574717542055,0.6624633144633144,0.4583333333333332,0.4125,0.2744505494505495,0.5237019903112753,0.5887508325008325
adult,hgb,1,75,1000,mean_shift,2.0,75,lime,1.837573766708374,0.1260960102081298,0.1056900024414062,6.894357442855835,False,False,0.239131918378489,0.7920562342182488,0.7551742782984979,0.7544754134819908,0.9935404489740968,0.2,0.4622222222222223,0.5279999999999999,0.2532747252747253,0.7350728840232531,0.593992118992119,0.4444444444444443,0.5066666666666667,0.1038827838827838,0.4421085419138402,0.4950989750989751
adult,hgb,1,75,1000,missing,0.5,75,lime,1.837573766708374,0.1260960102081298,0.1182498931884765,6.919877767562866,False,False,0.8439227461953184,0.0750699515457585,0.0708958693864838,0.015033992631506,0.854701313795038,0.9333333333333332,0.631111111111111,0.6079999999999999,0.5398095238095239,0.8754208514201323,0.7489012099012099,0.6238095238095237,0.6057142857142856,0.5400313971742544,0.8761101755821782,0.7510899021613309
adult,hgb,1,75,1000,noise,1.0,75,lime,1.837573766708374,0.1260960102081298,0.1297910213470459,6.873134613037109,False,False,0.7135740121476831,0.2545553811506176,0.2442129014828784,0.2096192503020614,0.917657486638542,0.8,0.5333333333333332,0.5653333333333334,0.4714725274725275,0.7287640766441705,0.7177797017797017,0.5277777777777778,0.5766666666666667,0.4847619047619046,0.7133516954414095,0.7215728253228252
adult,hgb,1,75,1000,quantize,2.0,75,lime,1.837573766708374,0.1260960102081298,0.1137471199035644,6.974968910217285,False,False,0.7947178052275985,0.1732750972497099,0.2000411648261593,0.1984357199479062,0.9931354088971944,0.84,0.6488888888888888,0.5973333333333334,0.5020659340659341,0.8822475724708545,0.7139455359455359,0.64021164021164,0.5968253968253968,0.484458398744113,0.9010983014436974,0.7057188842903127
adult,hgb,1,150,2000,baseline,0.0,150,lime,1.837573766708374,0.0966660976409912,0.1562027931213379,14.731764793395996,False,False,0.8755886166655292,0.0,0.0,0.0096424524558152,0.8783168590876912,1.0,1.0,1.0,1.0,1.0,1.0,1.0,1.0,1.0,1.0,1.0
adult,hgb,1,150,2000,gradual,1.0,150,lime,1.837573766708374,0.0966660976409912,0.1025178432464599,14.629903554916382,False,False,0.239609636251962,0.7913055347027912,0.7501386356634471,0.7497391428172652,0.9891086855161948,0.2133333333333333,0.56,0.5666666666666665,0.4588424908424909,0.8534863818248025,0.7036657231657232,0.5,0.5375,0.3884615384615384,0.584474408738336,0.639635884948385
adult,hgb,1,150,2000,mean_shift,2.0,150,lime,1.837573766708374,0.0966660976409912,0.1023828983306884,14.636871337890623,False,False,0.239131918378489,0.7920562342182488,0.7551742782984979,0.7544754134819908,0.9935404489740968,0.2066666666666666,0.4933333333333333,0.5279999999999999,0.3404249084249084,0.7968502437875385,0.6505135975135975,0.4516129032258064,0.5161290322580645,0.2477844735909252,0.4970923507003529,0.5773634967183354
adult,hgb,1,150,2000,missing,0.5,150,lime,1.837573766708374,0.0966660976409912,0.1175591945648193,14.646920442581177,False,False,0.8439227461953184,0.0750699515457585,0.0708958693864838,0.015033992631506,0.854701313795038,0.9466666666666668,0.6666666666666666,0.6546666666666666,0.5813919413919414,0.9081864236448686,0.7639100344100344,0.6643192488262911,0.6535211267605634,0.5821389877727906,0.9129153772758876,0.7682421451787649
adult,hgb,1,150,2000,noise,1.0,150,lime,1.837573766708374,0.0966660976409912,0.1167027950286865,14.74335765838623,False,False,0.7135740121476831,0.2545553811506176,0.2442129014828784,0.2096192503020614,0.917657486638542,0.76,0.5444444444444446,0.604,0.5285567765567766,0.7480333836704248,0.7355676545676545,0.5409356725146198,0.6087719298245613,0.5265856950067477,0.7281937140304457,0.7358449299238773
adult,hgb,1,150,2000,quantize,2.0,150,lime,1.837573766708374,0.0966660976409912,0.114450454711914,14.83715271949768,False,False,0.7947178052275985,0.1732750972497099,0.2000411648261593,0.1984357199479062,0.9931354088971944,0.8333333333333334,0.6444444444444444,0.6133333333333333,0.5751208791208793,0.90835306593126,0.7439875864875866,0.6426666666666668,0.5904,0.5657846153846153,0.9388221416359708,0.7511656121656121
adult,hgb,2,30,500,baseline,0.0,30,lime,1.7471742630004885,0.1372418403625488,0.155689001083374,2.4509425163269043,False,False,0.8689005664369072,0.0,0.0,0.0098631358604977,0.8763767434889361,1.0,1.0,1.0,1.0,1.0,1.0,1.0,1.0,1.0,1.0,1.0
adult,hgb,2,30,500,gradual,1.0,30,lime,1.7471742630004885,0.1372418403625488,0.1262753009796142,2.293351650238037,False,False,0.245751723196615,0.793079915375691,0.6985841971712634,0.693667552879816,0.934314361259492,0.2,0.5444444444444444,0.52,0.3473992673992674,0.8127064686992906,0.6222402597402596,0.5555555555555556,0.5333333333333333,0.4952380952380952,0.7032414939942037,0.6815832315832315
adult,hgb,2,30,500,mean_shift,2.0,30,lime,1.7471742630004885,0.1372418403625488,0.0961141586303711,2.2418344020843506,False,False,0.239131918378489,0.8014741008667167,0.7571201876562227,0.753972391199693,0.9928606656546404,0.2,0.5444444444444444,0.4733333333333333,0.2646153846153846,0.7348729369392757,0.5707513782513782,0.5000000000000001,0.4333333333333333,0.271062271062271,0.6369883995556443,0.5594017094017094
adult,hgb,2,30,500,missing,0.5,30,lime,1.7471742630004885,0.1372418403625488,0.1373951435089111,2.445434808731079,False,False,0.8426260833958916,0.0687231283696171,0.0690420953459455,0.0184567047913239,0.8522308661996892,0.8333333333333334,0.5888888888888888,0.6266666666666668,0.4665201465201464,0.8316175144253758,0.6927592777592778,0.56,0.624,0.4507252747252747,0.8325538709072707,0.6827641247641247
adult,hgb,2,30,500,noise,1.0,30,lime,1.7471742630004885,0.1372418403625488,0.1431608200073242,2.42450213432312,False,False,0.7244932778270662,0.2448645328601651,0.2329757116124509,0.1930387682962815,0.9148561767691412,0.7666666666666667,0.5222222222222223,0.5,0.404102564102564,0.724400535689347,0.6614414289414291,0.5507246376811594,0.4956521739130435,0.4069756330625894,0.7366948100755453,0.6712051233790363
adult,hgb,2,30,500,quantize,2.0,30,lime,1.7471742630004885,0.1372418403625488,0.1342122554779052,2.346843004226685,False,False,0.7937623694806524,0.1650856479901726,0.190853486324531,0.1916452359061689,0.9854076053868216,0.8,0.6,0.5733333333333335,0.4136263736263735,0.8458450459008766,0.6405763680763681,0.5972222222222222,0.5750000000000001,0.3826007326007326,0.8709650912411385,0.6129050347800348
adult,hgb,2,75,1000,baseline,0.0,75,lime,1.7471742630004885,0.1189260482788086,0.158158540725708,6.901082992553711,False,False,0.8689005664369072,0.0,0.0,0.0098631358604977,0.8763767434889361,1.0,1.0,1.0,1.0,1.0,1.0,1.0,1.0,1.0,1.0,1.0
adult,hgb,2,75,1000,gradual,1.0,75,lime,1.7471742630004885,0.1189260482788086,0.1015517711639404,6.819621801376343,False,False,0.245751723196615,0.793079915375691,0.6985841971712634,0.693667552879816,0.934314361259492,0.2533333333333333,0.5288888888888889,0.4906666666666667,0.4374798534798534,0.8341484743870935,0.717983497983498,0.4210526315789473,0.4210526315789473,0.329786003470214,0.6115247680506988,0.6846996570680781
adult,hgb,2,75,1000,mean_shift,2.0,75,lime,1.7471742630004885,0.1189260482788086,0.1002345085144043,6.63199257850647,False,False,0.239131918378489,0.8014741008667167,0.7571201876562227,0.753972391199693,0.9928606656546404,0.24,0.4755555555555557,0.5066666666666667,0.3237216117216117,0.7799525437514925,0.6196155696155695,0.4074074074074074,0.4444444444444444,0.3724053724053724,0.547879218675398,0.6098376931710265
adult,hgb,2,75,1000,missing,0.5,75,lime,1.7471742630004885,0.1189260482788086,0.1107127666473388,6.940194606781006,False,False,0.8426260833958916,0.0687231283696171,0.0690420953459455,0.0184567047913239,0.8522308661996892,0.8533333333333334,0.6488888888888887,0.6453333333333332,0.4882930402930404,0.8940260621830407,0.7279888999889,0.6510416666666666,0.6437499999999999,0.4781593406593406,0.9043151063513236,0.7244667658730158
adult,hgb,2,75,1000,noise,1.0,75,lime,1.7471742630004885,0.1189260482788086,0.1203854084014892,6.801066637039185,False,False,0.7244932778270662,0.2448645328601651,0.2329757116124509,0.1930387682962815,0.9148561767691412,0.76,0.6088888888888888,0.608,0.5137289377289378,0.8126739227179788,0.7249396899396899,0.6257309941520467,0.6070175438596491,0.5049161364950839,0.8111623570239599,0.715367429841114
adult,hgb,2,75,1000,quantize,2.0,75,lime,1.7471742630004885,0.1189260482788086,0.1064648628234863,6.833295583724976,False,False,0.7937623694806524,0.1650856479901726,0.190853486324531,0.1916452359061689,0.9854076053868216,0.8,0.6311111111111112,0.5653333333333334,0.4695384615384616,0.89296200150585,0.714067636067636,0.6111111111111109,0.56,0.4432234432234432,0.9053209586022593,0.7106386206386206
adult,hgb,2,150,2000,baseline,0.0,150,lime,1.7471742630004885,0.0912835597991943,0.1573326587677002,14.740772008895874,False,False,0.8689005664369072,0.0,0.0,0.0098631358604977,0.8763767434889361,1.0,1.0,1.0,1.0,1.0,1.0,1.0,1.0,1.0,1.0,1.0
adult,hgb,2,150,2000,gradual,1.0,150,lime,1.7471742630004885,0.0912835597991943,0.0975792407989502,14.632485389709473,False,False,0.245751723196615,0.793079915375691,0.6985841971712634,0.693667552879816,0.934314361259492,0.2266666666666666,0.5777777777777776,0.5626666666666668,0.4552673992673993,0.8849372002692651,0.7125777185777186,0.5392156862745099,0.5235294117647059,0.4016806722689075,0.6795195196718818,0.6872412718000954
adult,hgb,2,150,2000,mean_shift,2.0,150,lime,1.7471742630004885,0.0912835597991943,0.0996620655059814,14.648494720458984,False,False,0.239131918378489,0.8014741008667167,0.7571201876562227,0.753972391199693,0.9928606656546404,0.2133333333333333,0.5111111111111111,0.508,0.3547838827838828,0.8463265363889728,0.6624320494320495,0.5,0.5125,0.3234890109890109,0.6040784483385168,0.6248618568931068
adult,hgb,2,150,2000,missing,0.5,150,lime,1.7471742630004885,0.0912835597991943,0.1107497215270996,14.678815603256226,False,False,0.8426260833958916,0.0687231283696171,0.0690420953459455,0.0184567047913239,0.8522308661996892,0.8866666666666667,0.68,0.6813333333333332,0.5812161172161173,0.9358927826804956,0.7721404891404892,0.681704260651629,0.6766917293233081,0.570321407915393,0.9411839215982633,0.7679808286951143
adult,hgb,2,150,2000,noise,1.0,150,lime,1.7471742630004885,0.0912835597991943,0.1129899024963378,14.638914823532104,False,False,0.7244932778270662,0.2448645328601651,0.2329757116124509,0.1930387682962815,0.9148561767691412,0.74,0.6533333333333332,0.6359999999999999,0.5254212454212456,0.8637465019434634,0.7547475857475857,0.6456456456456459,0.6360360360360358,0.5311751311751313,0.8661798352521503,0.7671788671788671
adult,hgb,2,150,2000,quantize,2.0,150,lime,1.7471742630004885,0.0912835597991943,0.1067712306976318,14.610565900802612,False,False,0.7937623694806524,0.1650856479901726,0.190853486324531,0.1916452359061689,0.9854076053868216,0.8266666666666667,0.6644444444444444,0.6266666666666667,0.555985347985348,0.9394135655954804,0.771608077108077,0.6586021505376345,0.6225806451612901,0.5393831974477135,0.9517146929814309,0.7774094632965601
adult,hgb,3,30,500,baseline,0.0,30,lime,1.816476583480835,0.1424307823181152,0.1592040061950683,2.38002610206604,False,False,0.8729952910666757,0.0,0.0,0.0089385482863503,0.8789284786984894,1.0,1.0,1.0,1.0,1.0,1.0,1.0,1.0,1.0,1.0,1.0
adult,hgb,3,30,500,gradual,1.0,30,lime,1.816476583480835,0.1424307823181152,0.1327357292175293,2.3456075191497803,False,False,0.2913396574080393,0.7455811096703747,0.7076971710113638,0.7057035614948206,0.9682769405906628,0.3666666666666666,0.5444444444444444,0.5000000000000001,0.4147985347985347,0.7339119200735865,0.6752562252562254,0.4848484848484848,0.5272727272727273,0.4097902097902098,0.5538884128348442,0.6636590682045228
adult,hgb,3,30,500,mean_shift,2.0,30,lime,1.816476583480835,0.1424307823181152,0.1068372726440429,2.345956563949585,False,False,0.2505971473418412,0.7863236197365727,0.7340712720694724,0.7324218277705281,0.9743400632172322,0.3666666666666666,0.5333333333333333,0.56,0.3434432234432235,0.663890953248621,0.6329453879453879,0.4848484848484847,0.4909090909090909,0.2779220779220779,0.5223636796119958,0.6166197438924712
adult,hgb,3,30,500,missing,0.5,30,lime,1.816476583480835,0.1424307823181152,0.1415290832519531,2.4540960788726807,False,False,0.8431038012693647,0.0702927728110284,0.0713086174647915,0.0191385522457554,0.8523336814745938,0.9,0.4888888888888889,0.5133333333333333,0.4420512820512821,0.8071282037964933,0.7032480482480481,0.4938271604938271,0.525925925925926,0.4472934472934473,0.8148927756267684,0.7117760839983063
adult,hgb,3,30,500,noise,1.0,30,lime,1.816476583480835,0.1424307823181152,0.1448805332183838,2.388781785964966,False,False,0.7118678768852794,0.2634955299256125,0.2485798318776074,0.2079812246322938,0.9173079340736224,0.6666666666666666,0.5111111111111111,0.5933333333333334,0.3643956043956044,0.6704999738519697,0.6647012247012248,0.4666666666666666,0.57,0.2727472527472527,0.5938268821235,0.6521790709290709
adult,hgb,3,30,500,quantize,2.0,30,lime,1.816476583480835,0.1424307823181152,0.1348440647125244,2.4202842712402344,False,False,0.7928751791442026,0.1696580904934143,0.1953307347346941,0.1961400838324969,0.988986507344822,0.7,0.5111111111111111,0.5400000000000001,0.3884249084249084,0.7979031948219484,0.62732868982869,0.5238095238095238,0.5714285714285714,0.425431711145997,0.8550438641811337,0.642766624909482
adult,hgb,3,75,1000,baseline,0.0,75,lime,1.816476583480835,0.1246039867401123,0.1570003032684326,7.011396408081055,False,False,0.8729952910666757,0.0,0.0,0.0089385482863503,0.8789284786984894,1.0,1.0,1.0,1.0,1.0,1.0,1.0,1.0,1.0,1.0,1.0
adult,hgb,3,75,1000,gradual,1.0,75,lime,1.816476583480835,0.1246039867401123,0.1066970825195312,6.815460443496704,False,False,0.2913396574080393,0.7455811096703747,0.7076971710113638,0.7057035614948206,0.9682769405906628,0.24,0.5955555555555555,0.5359999999999999,0.4003223443223443,0.8432614188510492,0.6921825581825582,0.5555555555555555,0.4888888888888889,0.3267399267399268,0.6854481086540425,0.6510047051713719
adult,hgb,3,75,1000,mean_shift,2.0,75,lime,1.816476583480835,0.1246039867401123,0.1070635318756103,6.782320022583008,False,False,0.2505971473418412,0.7863236197365727,0.7340712720694724,0.7324218277705281,0.9743400632172322,0.2133333333333333,0.5333333333333332,0.5386666666666666,0.3517362637362637,0.8012364720783076,0.6428370518370518,0.4791666666666666,0.4375,0.3162087912087912,0.6458574855599172,0.6238599941724943
adult,hgb,3,75,1000,missing,0.5,75,lime,1.816476583480835,0.1246039867401123,0.1224737167358398,7.020210027694702,False,False,0.8431038012693647,0.0702927728110284,0.0713086174647915,0.0191385522457554,0.8523336814745938,0.9066666666666666,0.6444444444444444,0.6373333333333334,0.510974358974359,0.9033109708617892,0.7212878232878231,0.6519607843137254,0.638235294117647,0.5065934065934068,0.906469281669344,0.7241810885193238
adult,hgb,3,75,1000,noise,1.0,75,lime,1.816476583480835,0.1246039867401123,0.1335933208465576,6.670934438705444,False,False,0.7118678768852794,0.2634955299256125,0.2485798318776074,0.2079812246322938,0.9173079340736224,0.7066666666666667,0.5599999999999999,0.5893333333333333,0.4687179487179488,0.8008414694154279,0.709029045029045,0.5471698113207548,0.5849056603773586,0.4439145759900476,0.7927787126992941,0.6870129870129871
adult,hgb,3,75,1000,quantize,2.0,75,lime,1.816476583480835,0.1246039867401123,0.1175048351287841,6.9294867515563965,False,False,0.7928751791442026,0.1696580904934143,0.1953307347346941,0.1961400838324969,0.988986507344822,0.8266666666666667,0.6088888888888889,0.56,0.4588131868131868,0.8888809357076712,0.7144077034077034,0.6129032258064515,0.5709677419354838,0.4631690889755406,0.9143603701806862,0.7276813240522918
adult,hgb,3,150,2000,baseline,0.0,150,lime,1.816476583480835,0.1121866703033447,0.1600463390350341,14.76580047607422,False,False,0.8729952910666757,0.0,0.0,0.0089385482863503,0.8789284786984894,1.0,1.0,1.0,1.0,1.0,1.0,1.0,1.0,1.0,1.0,1.0
adult,hgb,3,150,2000,gradual,1.0,150,lime,1.816476583480835,0.1121866703033447,0.1079874038696289,14.699010610580444,False,False,0.2913396574080393,0.7455811096703747,0.7076971710113638,0.7057035614948206,0.9682769405906628,0.2333333333333333,0.6377777777777778,0.5960000000000001,0.5180659340659342,0.9041990520851604,0.7199322529322529,0.5619047619047619,0.5314285714285715,0.4335949764521193,0.7756283703366635,0.6610021724307438
adult,hgb,3,150,2000,mean_shift,2.0,150,lime,1.816476583480835,0.1121866703033447,0.1070208549499511,14.750127792358398,False,False,0.2505971473418412,0.7863236197365727,0.7340712720694724,0.7324218277705281,0.9743400632172322,0.2066666666666666,0.611111111111111,0.5666666666666667,0.4866227106227107,0.8706927029327571,0.7178594553594553,0.5053763440860214,0.4709677419354838,0.3738390641616448,0.7319143778738837,0.638993175283498
adult,hgb,3,150,2000,missing,0.5,150,lime,1.816476583480835,0.1121866703033447,0.1183423995971679,14.801466703414915,False,False,0.8431038012693647,0.0702927728110284,0.0713086174647915,0.0191385522457554,0.8523336814745938,0.9133333333333332,0.6844444444444444,0.6666666666666666,0.5912087912087912,0.935792494909626,0.778064898064898,0.6788321167883211,0.6613138686131387,0.5856902221865726,0.9374493556439067,0.7740904472656298
adult,hgb,3,150,2000,noise,1.0,150,lime,1.816476583480835,0.1121866703033447,0.1253106594085693,14.828460693359377,False,False,0.7118678768852794,0.2634955299256125,0.2485798318776074,0.2079812246322938,0.9173079340736224,0.7133333333333334,0.6266666666666665,0.624,0.5435604395604396,0.8347486799489388,0.7341784141784142,0.6137071651090344,0.6299065420560745,0.5484440792852008,0.8384783706798307,0.7357502829465445
adult,hgb,3,150,2000,quantize,2.0,150,lime,1.816476583480835,0.1121866703033447,0.1131672859191894,14.802061796188354,False,False,0.7928751791442026,0.1696580904934143,0.1953307347346941,0.1961400838324969,0.988986507344822,0.84,0.6288888888888888,0.5893333333333334,0.5233992673992675,0.9247894487314988,0.7292514522514522,0.626984126984127,0.576190476190476,0.5108320251177394,0.9396150401459408,0.733903662475091
adult,hgb,4,30,500,baseline,0.0,30,lime,1.745326280593872,0.1392619609832763,0.1546318531036377,2.376650094985962,False,False,0.8691735480788917,0.0,0.0,0.0108414431224331,0.8799152917626248,1.0,1.0,1.0,1.0,1.0,1.0,1.0,1.0,1.0,1.0,1.0
adult,hgb,4,30,500,gradual,1.0,30,lime,1.745326280593872,0.1392619609832763,0.1229543685913086,2.3510210514068604,False,False,0.2472531222275302,0.7874837917150072,0.6923423623385505,0.686715704440057,0.9284740729009168,0.1,0.5666666666666667,0.5399999999999999,0.3862271062271061,0.788384927044795,0.6742899692899694,0.4444444444444444,0.5333333333333333,0.1721611721611721,0.548442290793034,0.5317460317460317
adult,hgb,4,30,500,mean_shift,2.0,30,lime,1.745326280593872,0.1392619609832763,0.1011419296264648,2.3326587677001958,False,False,0.2392684091994813,0.7976523578789326,0.7594383334683488,0.7558390991592945,0.9948427889285564,0.1,0.5222222222222221,0.52,0.3170695970695971,0.7328778181962207,0.5817291042291043,0.6666666666666666,0.5333333333333333,0.3304029304029304,0.5923697451472622,0.626984126984127
adult,hgb,4,30,500,missing,0.5,30,lime,1.745326280593872,0.1392619609832763,0.137566328048706,2.397597312927246,False,False,0.8423531017539071,0.0692690916535863,0.0693736080089083,0.0195905438825125,0.8545171852726852,1.0,0.5888888888888889,0.5866666666666668,0.4294505494505494,0.7751855993069864,0.7023167573167572,0.5888888888888889,0.5866666666666668,0.4294505494505494,0.7751855993069864,0.7023167573167572
adult,hgb,4,30,500,noise,1.0,30,lime,1.745326280593872,0.1392619609832763,0.1516015529632568,2.399566650390625,False,False,0.7236743329011124,0.2458199686071111,0.2357011818046898,0.1958540317009028,0.9156591273456722,0.8333333333333334,0.5111111111111112,0.5733333333333335,0.4186080586080586,0.6642840660756396,0.6826786176786176,0.5066666666666666,0.5840000000000001,0.3948131868131868,0.6703283241371949,0.6833571983571984
adult,hgb,4,30,500,quantize,2.0,30,lime,1.745326280593872,0.1392619609832763,0.1304917335510254,2.365126848220825,False,False,0.793079915375691,0.1697263359039104,0.1968133589632386,0.1985392350785463,0.991609134258434,0.9333333333333332,0.6111111111111112,0.6266666666666669,0.5062271062271062,0.8371682308739868,0.6828173678173679,0.5952380952380951,0.6214285714285716,0.5048665620094192,0.8465680356169116,0.6809947988519418
adult,hgb,4,75,1000,baseline,0.0,75,lime,1.745326280593872,0.1175744533538818,0.1550514698028564,6.884033918380737,False,False,0.8691735480788917,0.0,0.0,0.0108414431224331,0.8799152917626248,1.0,1.0,1.0,1.0,1.0,1.0,1.0,1.0,1.0,1.0,1.0
adult,hgb,4,75,1000,gradual,1.0,75,lime,1.745326280593872,0.1175744533538818,0.1040384769439697,6.89183783531189,False,False,0.2472531222275302,0.7874837917150072,0.6923423623385505,0.686715704440057,0.9284740729009168,0.16,0.5466666666666665,0.576,0.4077069597069596,0.8634002191758191,0.6548031598031598,0.5,0.5,0.3377289377289377,0.7167468162531926,0.614303058053058
adult,hgb,4,75,1000,mean_shift,2.0,75,lime,1.745326280593872,0.1175744533538818,0.0969555377960205,6.649321556091309,False,False,0.2392684091994813,0.7976523578789326,0.7594383334683488,0.7558390991592945,0.9948427889285564,0.1466666666666666,0.4622222222222222,0.4640000000000001,0.359062271062271,0.8240926329505756,0.629100159100159,0.3939393939393939,0.4363636363636364,0.158041958041958,0.5955539352850308,0.5461568734296006
adult,hgb,4,75,1000,missing,0.5,75,lime,1.745326280593872,0.1175744533538818,0.1095035076141357,7.015973806381226,False,False,0.8423531017539071,0.0692690916535863,0.0693736080089083,0.0195905438825125,0.8545171852726852,0.9866666666666668,0.6000000000000001,0.6293333333333332,0.5764395604395606,0.8850756929188008,0.7781740851740852,0.5990990990990991,0.6324324324324324,0.5762399762399764,0.8846640550394688,0.778554816054816
adult,hgb,4,75,1000,noise,1.0,75,lime,1.745326280593872,0.1175744533538818,0.1279394626617431,6.880135536193848,False,False,0.7236743329011124,0.2458199686071111,0.2357011818046898,0.1958540317009028,0.9156591273456722,0.7466666666666667,0.551111111111111,0.5999999999999999,0.5006007326007327,0.783459796696728,0.7381847041847042,0.5654761904761905,0.6142857142857144,0.4891679748822606,0.7836757270638317,0.7399414077985507
adult,hgb,4,75,1000,quantize,2.0,75,lime,1.745326280593872,0.1175744533538818,0.1081857681274414,6.872328042984009,False,False,0.793079915375691,0.1697263359039104,0.1968133589632386,0.1985392350785463,0.991609134258434,0.8666666666666667,0.6355555555555555,0.592,0.5418608058608059,0.895853104605912,0.7282932622932622,0.6512820512820512,0.6123076923076923,0.5444801352493661,0.9161917592165532,0.7319093726786033
adult,hgb,4,150,2000,baseline,0.0,150,lime,1.745326280593872,0.0920584201812744,0.1585698127746582,14.60147190093994,False,False,0.8691735480788917,0.0,0.0,0.0108414431224331,0.8799152917626248,1.0,1.0,1.0,1.0,1.0,1.0,1.0,1.0,1.0,1.0,1.0
adult,hgb,4,150,2000,gradual,1.0,150,lime,1.745326280593872,0.0920584201812744,0.1003961563110351,14.583280801773071,False,False,0.2472531222275302,0.7874837917150072,0.6923423623385505,0.686715704440057,0.9284740729009168,0.1733333333333333,0.5577777777777777,0.5866666666666666,0.4487619047619048,0.8774852739377194,0.695513764013764,0.4743589743589743,0.5153846153846154,0.3795435333896872,0.663015328553558,0.6164868251406713
adult,hgb,4,150,2000,mean_shift,2.0,150,lime,1.745326280593872,0.0920584201812744,0.1004865169525146,14.485926389694214,False,False,0.2392684091994813,0.7976523578789326,0.7594383334683488,0.7558390991592945,0.9948427889285564,0.1533333333333333,0.4888888888888887,0.512,0.3636923076923077,0.8483300692271502,0.661544104044104,0.4202898550724637,0.4260869565217391,0.2087912087912087,0.588419633298296,0.5430871061305844
adult,hgb,4,150,2000,missing,0.5,150,lime,1.745326280593872,0.0920584201812744,0.1104981899261474,14.749462127685549,False,False,0.8423531017539071,0.0692690916535863,0.0693736080089083,0.0195905438825125,0.8545171852726852,0.9466666666666668,0.6866666666666666,0.6719999999999999,0.6110183150183152,0.9207071332174472,0.758504218004218,0.6924882629107981,0.6732394366197183,0.6121343445287108,0.9217504754565958,0.7575476948716384
adult,hgb,4,150,2000,noise,1.0,150,lime,1.745326280593872,0.0920584201812744,0.1137082576751709,14.697770357131958,False,False,0.7236743329011124,0.2458199686071111,0.2357011818046898,0.1958540317009028,0.9156591273456722,0.7866666666666666,0.6066666666666667,0.6306666666666666,0.5392527472527473,0.7934144046219769,0.7383626188626189,0.6214689265536723,0.6322033898305083,0.5369715030731981,0.7894805297382478,0.740486467393247
adult,hgb,4,150,2000,quantize,2.0,150,lime,1.745326280593872,0.0920584201812744,0.1048357486724853,14.57013773918152,False,False,0.793079915375691,0.1697263359039104,0.1968133589632386,0.1985392350785463,0.991609134258434,0.88,0.6644444444444444,0.6839999999999999,0.5970695970695971,0.9213952804238844,0.754923261923262,0.6691919191919191,0.6803030303030303,0.5928737928737929,0.9351672928167124,0.755733744370108
adult,logreg,0,30,500,baseline,0.0,30,lime,0.2515327930450439,0.002992391586303711,0.07575607299804688,0.29174280166625977,True,False,0.8524534225073364,0.0,0.0,0.008536429528820534,0.8558282934545165,1.0,1.0,1.0,1.0,1.0,1.0,1.0,1.0,1.0,1.0,1.0
adult,logreg,0,30,500,gradual,1.0,30,lime,0.2515327930450439,0.002992391586303711,0.04200029373168945,0.21375417709350586,True,False,0.4224390909711322,0.6230123524192998,0.5452614443140437,0.5439471042696651,0.8713060532341873,0.36666666666666664,0.711111111111111,0.7200000000000002,0.8347252747252748,0.8982380259014554,0.8863064713064713,0.5151515151515151,0.6363636363636362,0.7530469530469529,0.8206812737593921,0.8347031756122665
adult,logreg,0,30,500,mean_shift,2.0,30,lime,0.2515327930450439,0.002992391586303711,0.07179403305053711,0.30764174461364746,True,False,0.2658158738824814,0.7804545144339043,0.6922985634733462,0.6909842234289675,0.9373737637157175,0.23333333333333334,0.6333333333333333,0.6266666666666668,0.7714285714285717,0.863670288964774,0.8726873126873127,0.5714285714285714,0.5714285714285714,0.6502354788069074,0.7534767554005094,0.8271847200418628
adult,logreg,0,30,500,missing,0.5,30,lime,0.2515327930450439,0.002992391586303711,0.04274797439575195,0.18290257453918457,True,False,0.8194226438272026,0.08735412543506449,0.0597285322028353,0.04040761941133439,0.8478546805822423,0.9333333333333333,0.7555555555555556,0.6933333333333335,0.8300366300366302,0.9071070259881088,0.8934582084582084,0.75,0.6857142857142858,0.8233908948194663,0.9020794414216855,0.8858480804909377
adult,logreg,0,30,500,noise,1.0,30,lime,0.2515327930450439,0.002992391586303711,0.0652470588684082,0.22377228736877441,True,False,0.7640073705043335,0.19299802088309562,0.17861961670519003,0.13927811458422779,0.88369380097744,0.8333333333333334,0.7444444444444444,0.7266666666666669,0.8005860805860807,0.9026262680390698,0.8943545343545344,0.6933333333333332,0.7120000000000001,0.7709010989010988,0.8860723719112632,0.8732254412254413
adult,logreg,0,30,500,quantize,2.0,30,lime,0.2515327930450439,0.002992391586303711,0.0397496223449707,0.2100081443786621,True,False,0.7967651675424827,0.16228758615983074,0.1451492465474095,0.1343860433209917,0.8294138221476063,0.8333333333333334,0.7888888888888889,0.7533333333333336,0.8323809523809526,0.917110808587174,0.9101875901875902,0.7466666666666666,0.7760000000000001,0.8141538461538462,0.9057710560957143,0.8998614718614718
adult,logreg,0,75,1000,baseline,0.0,75,lime,0.2515327930450439,0.002248525619506836,0.06762504577636719,0.8642330169677734,True,False,0.8524534225073364,0.0,0.0,0.008536429528820534,0.8558282934545165,1.0,1.0,1.0,1.0,1.0,1.0,1.0,1.0,1.0,1.0,1.0
adult,logreg,0,75,1000,gradual,1.0,75,lime,0.2515327930450439,0.002248525619506836,0.12468433380126953,1.1635499000549316,True,False,0.4224390909711322,0.6230123524192998,0.5452614443140437,0.5439471042696651,0.8713060532341873,0.38666666666666666,0.8177777777777777,0.7759999999999998,0.8918681318681317,0.9548971328128393,0.9313879453879456,0.7011494252873566,0.7310344827586209,0.8308450170519137,0.9210244097734798,0.8834137127240576
adult,logreg,0,75,1000,mean_shift,2.0,75,lime,0.2515327930450439,0.002248525619506836,0.05925273895263672,0.8041353225708008,True,False,0.2658158738824814,0.7804545144339043,0.6922985634733462,0.6909842234289675,0.9373737637157175,0.24,0.7822222222222222,0.736,0.8779194139194139,0.941652205660951,0.9087181707181706,0.7037037037037036,0.6888888888888889,0.7978021978021977,0.8928499428843752,0.8412346912346913
adult,logreg,0,75,1000,missing,0.5,75,lime,0.2515327930450439,0.002248525619506836,0.04800105094909668,0.7357831001281738,True,False,0.8194226438272026,0.08735412543506449,0.0597285322028353,0.04040761941133439,0.8478546805822423,0.9066666666666666,0.88,0.8026666666666665,0.9048205128205131,0.9611490778356966,0.9441789321789322,0.8676470588235293,0.791176470588235,0.8989010989010989,0.9581235460862866,0.9394830659536542
adult,logreg,0,75,1000,noise,1.0,75,lime,0.2515327930450439,0.002248525619506836,0.052504539489746094,0.7018272876739502,True,False,0.7640073705043335,0.19299802088309562,0.17861961670519003,0.13927811458422779,0.88369380097744,0.84,0.8533333333333333,0.7866666666666665,0.8935091575091574,0.9524254653271337,0.939209235209235,0.8253968253968254,0.7650793650793649,0.8802023373451946,0.945727507112065,0.9313075813075813
adult,logreg,0,75,1000,quantize,2.0,75,lime,0.2515327930450439,0.002248525619506836,0.044997215270996094,1.402437686920166,True,False,0.7967651675424827,0.16228758615983074,0.1451492465474095,0.1343860433209917,0.8294138221476063,0.8533333333333334,0.8977777777777777,0.7786666666666665,0.9167179487179489,0.9643627416069781,0.9590174270174271,0.8802083333333334,0.765625,0.9075549450549452,0.9597542726048751,0.9545777139527141
adult,logreg,0,150,2000,baseline,0.0,150,lime,0.2515327930450439,0.0022525787353515625,0.05775904655456543,3.1520986557006836,True,False,0.8524534225073364,0.0,0.0,0.008536429528820534,0.8558282934545165,1.0,1.0,1.0,1.0,1.0,1.0,1.0,1.0,1.0,1.0,1.0
adult,logreg,0,150,2000,gradual,1.0,150,lime,0.2515327930450439,0.0022525787353515625,0.041313886642456055,2.4426021575927734,True,False,0.4224390909711322,0.6230123524192998,0.5452614443140437,0.5439471042696651,0.8713060532341873,0.31333333333333335,0.9266666666666666,0.8146666666666665,0.9385201465201465,0.9734234162261498,0.9633422133422134,0.8226950354609925,0.7446808510638298,0.8968435819499649,0.945721844630747,0.9278841725650235
adult,logreg,0,150,2000,mean_shift,2.0,150,lime,0.2515327930450439,0.0022525787353515625,0.0584869384765625,2.386932373046875,True,False,0.2658158738824814,0.7804545144339043,0.6922985634733462,0.6909842234289675,0.9373737637157175,0.19333333333333333,0.8666666666666667,0.7906666666666664,0.9132893772893772,0.9635885609795508,0.9505488955488954,0.7241379310344829,0.7172413793103452,0.8566123531640775,0.9218182041283057,0.9094583577342199
adult,logreg,0,150,2000,missing,0.5,150,lime,0.2515327930450439,0.0022525787353515625,0.04786229133605957,2.567525863647461,True,False,0.8194226438272026,0.08735412543506449,0.0597285322028353,0.04040761941133439,0.8478546805822423,0.9133333333333333,0.9444444444444445,0.8266666666666664,0.9477509157509155,0.9817760870565893,0.9727622377622379,0.9416058394160584,0.8204379562043796,0.9458731049971926,0.9808996941399654,0.9718620795263132
adult,logreg,0,150,2000,noise,1.0,150,lime,0.2515327930450439,0.0022525787353515625,0.04949951171875,2.432814359664917,True,False,0.7640073705043335,0.19299802088309562,0.17861961670519003,0.13927811458422779,0.88369380097744,0.8333333333333334,0.92,0.8146666666666665,0.9440879120879121,0.9755535578828858,0.9674557664557665,0.9066666666666666,0.8064,0.9380043956043956,0.9725747656267333,0.9658406926406927
adult,logreg,0,150,2000,quantize,2.0,150,lime,0.2515327930450439,0.0022525787353515625,0.04800724983215332,2.7965948581695557,True,False,0.7967651675424827,0.16228758615983074,0.1451492465474095,0.1343860433209917,0.8294138221476063,0.82,0.9644444444444445,0.8386666666666666,0.9547545787545789,0.9847941422818045,0.9762608502608504,0.9566395663956639,0.8341463414634146,0.949182524792281,0.9825347524394245,0.9723527150356419
adult,logreg,1,30,500,baseline,0.0,30,lime,0.832362174987793,0.0012142658233642,0.0252552032470703,0.1735966205596923,False,False,0.8543642940012284,0.0,0.0,0.0073071926808553,0.8561910824440621,1.0,1.0,1.0,1.0,1.0,1.0,1.0,1.0,1.0,1.0,1.0
adult,logreg,1,30,500,gradual,1.0,30,lime,0.832362174987793,0.0012142658233642,0.025348424911499,0.1733229160308838,False,False,0.4266703064218931,0.6079983621101481,0.5379504367044702,0.5411608979889317,0.8738028227467509,0.4333333333333333,0.611111111111111,0.6000000000000001,0.7796336996336997,0.8922289566392693,0.8907620157620159,0.5128205128205128,0.5384615384615384,0.7024513947590871,0.8294001960334393,0.8439317093163249
adult,logreg,1,30,500,mean_shift,2.0,30,lime,0.832362174987793,0.0012142658233642,0.0250673294067382,0.1729087829589843,False,False,0.267999727018358,0.7680338497236061,0.6848896888720526,0.688100150156514,0.9352326395200644,0.3333333333333333,0.5777777777777776,0.5066666666666666,0.6921611721611723,0.8178018396556908,0.8437756687756687,0.4,0.42,0.6140659340659341,0.709054542945356,0.8031801531801532
adult,logreg,1,30,500,missing,0.5,30,lime,0.832362174987793,0.0012142658233642,0.0253138542175292,0.173398733139038,False,False,0.8263836756978094,0.0848972906572033,0.0602042963366336,0.0368270502288565,0.8480342774564834,0.9,0.7444444444444446,0.6266666666666668,0.8142124542124543,0.9143798175447188,0.9138700188700188,0.7407407407407407,0.6148148148148148,0.8082214082214082,0.9083208915125376,0.9136024469357802
adult,logreg,1,30,500,noise,1.0,30,lime,0.832362174987793,0.0012142658233642,0.0252294540405273,0.1764147281646728,False,False,0.7644168429673105,0.1928615300621033,0.1769067866000311,0.135001602264656,0.881911130159712,0.7333333333333333,0.688888888888889,0.6600000000000001,0.816849816849817,0.9173931456982084,0.9071461871461872,0.6818181818181818,0.6454545454545454,0.8003996003996005,0.9013699241994004,0.8989056398147306
adult,logreg,1,30,500,quantize,2.0,30,lime,0.832362174987793,0.0012142658233642,0.0250558853149414,0.1744043827056884,False,False,0.8015423462772129,0.1538251552583088,0.1400680732964339,0.1338303683196603,0.8310177226294434,0.9,0.7222222222222222,0.6733333333333336,0.8108424908424909,0.9231473904223108,0.9159290709290708,0.7160493827160493,0.6740740740740742,0.8000814000814002,0.9167208864584192,0.9094368594368596
adult,logreg,1,75,1000,baseline,0.0,75,lime,0.832362174987793,0.0012104511260986,0.0243878364562988,0.5455942153930664,False,False,0.8543642940012284,0.0,0.0,0.0073071926808553,0.8561910824440621,1.0,1.0,1.0,1.0,1.0,1.0,1.0,1.0,1.0,1.0,1.0
adult,logreg,1,75,1000,gradual,1.0,75,lime,0.832362174987793,0.0012104511260986,0.0241518020629882,0.5488004684448242,False,False,0.4266703064218931,0.6079983621101481,0.5379504367044702,0.5411608979889317,0.8738028227467509,0.4533333333333333,0.7022222222222222,0.6639999999999999,0.8343736263736264,0.9258534129208156,0.9093169053169052,0.6274509803921569,0.6411764705882355,0.77879767291532,0.878017180204159,0.877609155550332
adult,logreg,1,75,1000,mean_shift,2.0,75,lime,0.832362174987793,0.0012104511260986,0.023918867111206,0.5469875335693359,False,False,0.267999727018358,0.7680338497236061,0.6848896888720526,0.688100150156514,0.9352326395200644,0.2933333333333333,0.6666666666666666,0.6533333333333333,0.8127472527472528,0.9194122399073672,0.8942326562326564,0.606060606060606,0.5909090909090908,0.7474525474525474,0.8600846954245589,0.8322503254321436
adult,logreg,1,75,1000,missing,0.5,75,lime,0.832362174987793,0.0012104511260986,0.0240445137023925,0.545844554901123,False,False,0.8263836756978094,0.0848972906572033,0.0602042963366336,0.0368270502288565,0.8480342774564834,0.8666666666666667,0.8,0.7119999999999999,0.8708278388278389,0.9544513687799584,0.9327088467088466,0.7743589743589743,0.7046153846153845,0.8598140321217244,0.9491729521329804,0.9247232254924562
adult,logreg,1,75,1000,noise,1.0,75,lime,0.832362174987793,0.0012104511260986,0.0240023136138916,0.5448942184448242,False,False,0.7644168429673105,0.1928615300621033,0.1769067866000311,0.135001602264656,0.881911130159712,0.7866666666666666,0.7644444444444444,0.7066666666666666,0.848849816849817,0.9434910900942696,0.9182217782217782,0.7175141242937852,0.6915254237288135,0.8250698454088284,0.9319033168497024,0.905497045327554
adult,logreg,1,75,1000,quantize,2.0,75,lime,0.832362174987793,0.0012104511260986,0.024388313293457,0.5470809936523438,False,False,0.8015423462772129,0.1538251552583088,0.1400680732964339,0.1338303683196603,0.8310177226294434,0.84,0.7955555555555556,0.7333333333333333,0.8922783882783882,0.9651229406351252,0.9577080697080697,0.7724867724867723,0.7238095238095237,0.8828536542822258,0.9603720987525324,0.9508734651591793
adult,logreg,1,150,2000,baseline,0.0,150,lime,0.832362174987793,0.0012915134429931,0.0249967575073242,1.735105276107788,False,False,0.8543642940012284,0.0,0.0,0.0073071926808553,0.8561910824440621,1.0,1.0,1.0,1.0,1.0,1.0,1.0,1.0,1.0,1.0,1.0
adult,logreg,1,150,2000,gradual,1.0,150,lime,0.832362174987793,0.0012915134429931,0.0252628326416015,1.7163968086242676,False,False,0.4266703064218931,0.6079983621101481,0.5379504367044702,0.5411608979889317,0.8738028227467509,0.4733333333333333,0.811111111111111,0.7173333333333333,0.8974260638690167,0.9675824112449232,0.9457936137936138,0.7605633802816901,0.6760563380281689,0.8629199372056515,0.9490091265363224,0.9113432733151042
adult,logreg,1,150,2000,mean_shift,2.0,150,lime,0.832362174987793,0.0012915134429931,0.0254139900207519,1.716825008392334,False,False,0.267999727018358,0.7680338497236061,0.6848896888720526,0.688100150156514,0.9352326395200644,0.3133333333333333,0.7488888888888889,0.688,0.8657582417582417,0.9551959239308224,0.9308077108077109,0.6453900709219859,0.6170212765957448,0.7953705868599487,0.9171605995869572,0.8658003934599676
adult,logreg,1,150,2000,missing,0.5,150,lime,0.832362174987793,0.0012915134429931,0.0247566699981689,1.707441806793213,False,False,0.8263836756978094,0.0848972906572033,0.0602042963366336,0.0368270502288565,0.8480342774564834,0.8933333333333333,0.8555555555555556,0.7493333333333332,0.910124542124542,0.9744414189396688,0.9594553224553226,0.8407960199004976,0.7432835820895521,0.9063145809414468,0.9732362413879502,0.9559710190307206
adult,logreg,1,150,2000,noise,1.0,150,lime,0.832362174987793,0.0012915134429931,0.0254223346710205,1.712920904159546,False,False,0.7644168429673105,0.1928615300621033,0.1769067866000311,0.135001602264656,0.881911130159712,0.8066666666666666,0.8288888888888889,0.7426666666666665,0.9043516483516484,0.9698810114080182,0.9534387464387464,0.8181818181818182,0.7322314049586777,0.8957769503224049,0.9655448790978608,0.9455640319276682
adult,logreg,1,150,2000,quantize,2.0,150,lime,0.832362174987793,0.0012915134429931,0.0251383781433105,1.7091357707977295,False,False,0.8015423462772129,0.1538251552583088,0.1400680732964339,0.1338303683196603,0.8310177226294434,0.86,0.8688888888888889,0.7586666666666666,0.9195018315018316,0.9793050383729992,0.9700724830724832,0.8578811369509044,0.7565891472868217,0.9124968055200614,0.976971927603931,0.9669965693221508
adult,logreg,2,30,500,baseline,0.0,30,lime,0.72359299659729,0.0012288093566894,0.0245273113250732,0.1617727279663086,False,False,0.849450624445506,0.0,0.0,0.012195721500126,0.8548776990119408,1.0,1.0,1.0,1.0,1.0,1.0,1.0,1.0,1.0,1.0,1.0
adult,logreg,2,30,500,gradual,1.0,30,lime,0.72359299659729,0.0012288093566894,0.0240778923034667,0.1610300540924072,False,False,0.4276257421688391,0.615095884801747,0.5405672899487534,0.539983993228824,0.871778407995109,0.2333333333333333,0.6666666666666666,0.6533333333333335,0.7854945054945056,0.9421232221796773,0.8777376327376326,0.5714285714285714,0.6285714285714287,0.7262166405023548,0.9213323406161998,0.8156981906981906
adult,logreg,2,30,500,mean_shift,2.0,30,lime,0.72359299659729,0.0012288093566894,0.0242955684661865,0.1608829498291015,False,False,0.2677949907868696,0.7758820719306626,0.6890133884449662,0.6884300917250368,0.934499951812145,0.1333333333333333,0.5777777777777776,0.5399999999999999,0.6830769230769232,0.8920594161801356,0.8266886816886816,0.5833333333333333,0.65,0.6043956043956045,0.8437677419205581,0.7838966588966589
adult,logreg,2,30,500,missing,0.5,30,lime,0.72359299659729,0.0012288093566894,0.0239255428314209,0.16176438331604,False,False,0.8194908892376987,0.0867399167405992,0.0607549474894784,0.0405780464818016,0.8482040870954264,1.0,0.6777777777777778,0.6466666666666668,0.8086446886446887,0.9436843542125276,0.9033929033929032,0.6777777777777778,0.6466666666666668,0.8086446886446887,0.9436843542125276,0.9033929033929032
adult,logreg,2,30,500,noise,1.0,30,lime,0.72359299659729,0.0012288093566894,0.0242683887481689,0.1618463993072509,False,False,0.7629836893468914,0.1888350508428308,0.1722227176424775,0.1299920304190796,0.8803025236018699,0.7333333333333333,0.6888888888888889,0.6266666666666668,0.7343589743589745,0.9125380051564652,0.8496477596477597,0.6515151515151514,0.5909090909090909,0.691908091908092,0.8930513347344657,0.8249470226742954
adult,logreg,2,30,500,quantize,2.0,30,lime,0.72359299659729,0.0012288093566894,0.0244712829589843,0.1622014045715332,False,False,0.8029072544871357,0.1501399030915171,0.1381943791055867,0.1274898370342339,0.8301143913366279,0.7333333333333333,0.688888888888889,0.6466666666666667,0.8114285714285716,0.952859158490708,0.9128949753949752,0.6818181818181817,0.6272727272727273,0.8033966033966035,0.9471217590473234,0.9071916719643992
adult,logreg,2,75,1000,baseline,0.0,75,lime,0.72359299659729,0.0011405944824218,0.0244390964508056,0.5415408611297607,False,False,0.849450624445506,0.0,0.0,0.012195721500126,0.8548776990119408,1.0,1.0,1.0,1.0,1.0,1.0,1.0,1.0,1.0,1.0,1.0
adult,logreg,2,75,1000,gradual,1.0,75,lime,0.72359299659729,0.0011405944824218,0.0245604515075683,0.5439655780792236,False,False,0.4276257421688391,0.615095884801747,0.5405672899487534,0.539983993228824,0.871778407995109,0.32,0.7377777777777778,0.6613333333333333,0.8290466290466291,0.956052642971478,0.890118252118252,0.6527777777777778,0.5916666666666667,0.7500238891543239,0.9168493148322472,0.8281468531468533
adult,logreg,2,75,1000,mean_shift,2.0,75,lime,0.72359299659729,0.0011405944824218,0.0239222049713134,0.5420365333557129,False,False,0.2677949907868696,0.7758820719306626,0.6890133884449662,0.6884300917250368,0.934499951812145,0.1733333333333333,0.6666666666666666,0.6266666666666666,0.7834432234432236,0.931809639909373,0.8995730935730937,0.564102564102564,0.5692307692307692,0.6351648351648351,0.8318399766671407,0.8304942920327534
adult,logreg,2,75,1000,missing,0.5,75,lime,0.72359299659729,0.0011405944824218,0.0244128704071044,0.542724609375,False,False,0.8194908892376987,0.0867399167405992,0.0607549474894784,0.0405780464818016,0.8482040870954264,0.9466666666666668,0.7777777777777777,0.6826666666666665,0.8571135531135531,0.9608935120731048,0.9272582232582232,0.7746478873239434,0.684507042253521,0.8530258473920447,0.9592218033751612,0.9243338039112686
adult,logreg,2,75,1000,noise,1.0,75,lime,0.72359299659729,0.0011405944824218,0.0241413116455078,0.548126220703125,False,False,0.7629836893468914,0.1888350508428308,0.1722227176424775,0.1299920304190796,0.8803025236018699,0.8266666666666667,0.7377777777777778,0.696,0.8271062271062272,0.9455240015420082,0.9105855625855628,0.7096774193548386,0.674193548387097,0.8106345267635591,0.9370623938829968,0.8995917165272004
adult,logreg,2,75,1000,quantize,2.0,75,lime,0.72359299659729,0.0011405944824218,0.0242421627044677,0.5421712398529053,False,False,0.8029072544871357,0.1501399030915171,0.1381943791055867,0.1274898370342339,0.8301143913366279,0.7733333333333333,0.7911111111111111,0.6906666666666667,0.8533040293040294,0.9683094418422096,0.9234216154216156,0.7701149425287356,0.6793103448275863,0.8391057218643425,0.9636161615116874,0.9164851432092812
adult,logreg,2,150,2000,baseline,0.0,150,lime,0.72359299659729,0.0012190341949462,0.0241968631744384,1.6454041004180908,False,False,0.849450624445506,0.0,0.0,0.012195721500126,0.8548776990119408,1.0,1.0,1.0,1.0,1.0,1.0,1.0,1.0,1.0,1.0,1.0
adult,logreg,2,150,2000,gradual,1.0,150,lime,0.72359299659729,0.0012190341949462,0.0239732265472412,1.623908519744873,False,False,0.4276257421688391,0.615095884801747,0.5405672899487534,0.539983993228824,0.871778407995109,0.36,0.8022222222222222,0.7333333333333332,0.8902278929124567,0.9774137386243416,0.9492026492026492,0.6975308641975305,0.7037037037037034,0.8405142027783538,0.9583086098284004,0.9032241421130308
adult,logreg,2,150,2000,mean_shift,2.0,150,lime,0.72359299659729,0.0012190341949462,0.0243334770202636,1.6169250011444092,False,False,0.2677949907868696,0.7758820719306626,0.6890133884449662,0.6884300917250368,0.934499951812145,0.18,0.7577777777777777,0.6973333333333332,0.8658461538461537,0.96842563124739,0.936049062049062,0.6790123456790123,0.6444444444444445,0.7704517704517705,0.9169009459381094,0.8702840369507037
adult,logreg,2,150,2000,missing,0.5,150,lime,0.72359299659729,0.0012190341949462,0.0243053436279296,1.6225554943084717,False,False,0.8194908892376987,0.0867399167405992,0.0607549474894784,0.0405780464818016,0.8482040870954264,0.92,0.8511111111111112,0.7653333333333332,0.9054065934065936,0.9824889397247876,0.9642078477078476,0.8454106280193237,0.7681159420289854,0.9027552157986942,0.9815799487284926,0.9617542481672916
adult,logreg,2,150,2000,noise,1.0,150,lime,0.72359299659729,0.0012190341949462,0.0247719287872314,1.6177504062652588,False,False,0.7629836893468914,0.1888350508428308,0.1722227176424775,0.1299920304190796,0.8803025236018699,0.7933333333333333,0.7866666666666666,0.7279999999999999,0.879970695970696,0.9748397381196288,0.9502416472416474,0.761904761904762,0.710924369747899,0.8645858343337336,0.9703723115205498,0.9418121094591684
adult,logreg,2,150,2000,quantize,2.0,150,lime,0.72359299659729,0.0012190341949462,0.0244293212890625,1.6182515621185305,False,False,0.8029072544871357,0.1501399030915171,0.1381943791055867,0.1274898370342339,0.8301143913366279,0.8266666666666667,0.8533333333333334,0.7693333333333332,0.9122344322344323,0.985469704834222,0.970954674954675,0.8306451612903225,0.7596774193548386,0.9035093938319746,0.9835798296882006,0.9691016868436224
adult,logreg,3,30,500,baseline,0.0,30,lime,0.8247690200805664,0.0012235641479492,0.0269274711608886,0.1648280620574951,False,False,0.8510202688869174,0.0,0.0,0.009689125277727,0.8553088211937617,1.0,1.0,1.0,1.0,1.0,1.0,1.0,1.0,1.0,1.0,1.0
adult,logreg,3,30,500,gradual,1.0,30,lime,0.8247690200805664,0.0012235641479492,0.0264112949371337,0.1654927730560302,False,False,0.4172524397734252,0.6273118132805569,0.5507020362107825,0.5504381062661501,0.8764029400234067,0.5333333333333333,0.5555555555555555,0.6000000000000001,0.6710622710622711,0.8650350032786698,0.8212481962481964,0.4791666666666666,0.5625,0.660989010989011,0.8251770124526598,0.8076538045288046
adult,logreg,3,30,500,mean_shift,2.0,30,lime,0.8247690200805664,0.0012235641479492,0.0276710987091064,0.1646995544433593,False,False,0.2649969289565276,0.7803862690234081,0.6940799473709598,0.6938160174263275,0.9393503521663356,0.3,0.5666666666666665,0.5866666666666667,0.6810256410256411,0.8603849110854226,0.8310929810929811,0.4814814814814814,0.5555555555555556,0.6498168498168497,0.7883669275942441,0.7983645983645985
adult,logreg,3,30,500,missing,0.5,30,lime,0.8247690200805664,0.0012235641479492,0.0263452529907226,0.1669726371765136,False,False,0.8229031597625059,0.0803930935644577,0.059036337210823,0.0393500243736629,0.8482792149306099,0.8,0.7,0.7000000000000001,0.7973626373626373,0.9241076699198184,0.857998667998668,0.6527777777777777,0.6666666666666666,0.767032967032967,0.9098489457447538,0.8335463147963148
adult,logreg,3,30,500,noise,1.0,30,lime,0.8247690200805664,0.0012235641479492,0.0267636775970459,0.1643083095550537,False,False,0.7659182419982257,0.1974339725653449,0.1808806843362386,0.1358151095941536,0.8811032124699636,0.8,0.6555555555555556,0.6600000000000001,0.7516483516483519,0.901683472053993,0.8663216413216414,0.6527777777777777,0.6333333333333333,0.7221611721611723,0.88418112725111,0.8471551596551596
adult,logreg,3,30,500,quantize,2.0,30,lime,0.8247690200805664,0.0012235641479492,0.0265514850616455,0.1652736663818359,False,False,0.8042721626970586,0.1575786528355968,0.1372645296492784,0.1269337794321751,0.8286501646059459,0.8666666666666667,0.6222222222222221,0.6666666666666667,0.8000000000000002,0.9272660994837943,0.8758149258149258,0.5897435897435898,0.6692307692307692,0.7851225697379542,0.9196799436140058,0.8698662448662449
adult,logreg,3,75,1000,baseline,0.0,75,lime,0.8247690200805664,0.0012357234954833,0.0282323360443115,0.5857691764831543,False,False,0.8510202688869174,0.0,0.0,0.009689125277727,0.8553088211937617,1.0,1.0,1.0,1.0,1.0,1.0,1.0,1.0,1.0,1.0,1.0
adult,logreg,3,75,1000,gradual,1.0,75,lime,0.8247690200805664,0.0012357234954833,0.027531623840332,0.5834574699401855,False,False,0.4172524397734252,0.6273118132805569,0.5507020362107825,0.5504381062661501,0.8764029400234067,0.3733333333333333,0.6844444444444444,0.6586666666666665,0.8105138105138106,0.9454632092006068,0.8845407925407924,0.5833333333333331,0.6,0.7473341473341475,0.9116261966510518,0.8366397491397491
adult,logreg,3,75,1000,mean_shift,2.0,75,lime,0.8247690200805664,0.0012357234954833,0.027778148651123,0.5888700485229492,False,False,0.2649969289565276,0.7803862690234081,0.6940799473709598,0.6938160174263275,0.9393503521663356,0.1866666666666666,0.6488888888888887,0.6266666666666665,0.7613479853479853,0.9201870816171008,0.875088467088467,0.5476190476190477,0.5285714285714286,0.6492935635792778,0.8164045045113341,0.8153957153957155
adult,logreg,3,75,1000,missing,0.5,75,lime,0.8247690200805664,0.0012357234954833,0.0271830558776855,0.5822968482971191,False,False,0.8229031597625059,0.0803930935644577,0.059036337210823,0.0393500243736629,0.8482792149306099,0.92,0.7733333333333333,0.7199999999999999,0.8460952380952382,0.9597720439423169,0.9258937728937728,0.7632850241545894,0.7130434782608694,0.83768115942029,0.9571845039603992,0.9207672762020588
adult,logreg,3,75,1000,noise,1.0,75,lime,0.8247690200805664,0.0012357234954833,0.0277647972106933,0.583916187286377,False,False,0.7659182419982257,0.1974339725653449,0.1808806843362386,0.1358151095941536,0.8811032124699636,0.7466666666666667,0.7644444444444444,0.6639999999999998,0.8319706959706961,0.9483229062453488,0.92788566988567,0.744047619047619,0.6535714285714286,0.8177394034536893,0.9392043318494409,0.9194085676228534
adult,logreg,3,75,1000,quantize,2.0,75,lime,0.8247690200805664,0.0012357234954833,0.0275244712829589,0.5863218307495117,False,False,0.8042721626970586,0.1575786528355968,0.1372645296492784,0.1269337794321751,0.8286501646059459,0.8266666666666667,0.7866666666666666,0.7093333333333331,0.8551208791208793,0.9612357806577334,0.9328756428756428,0.7634408602150535,0.6999999999999998,0.8414746543778803,0.9556813292135636,0.9239707425191296
adult,logreg,3,150,2000,baseline,0.0,150,lime,0.8247690200805664,0.0012087821960449,0.0266783237457275,1.6509978771209717,False,False,0.8510202688869174,0.0,0.0,0.009689125277727,0.8553088211937617,1.0,1.0,1.0,1.0,1.0,1.0,1.0,1.0,1.0,1.0,1.0
adult,logreg,3,150,2000,gradual,1.0,150,lime,0.8247690200805664,0.0012087821960449,0.0267548561096191,1.6506435871124268,False,False,0.4172524397734252,0.6273118132805569,0.5507020362107825,0.5504381062661501,0.8764029400234067,0.36,0.7933333333333333,0.7426666666666665,0.8855063855063855,0.9725660033245423,0.9340371480371482,0.6975308641975309,0.674074074074074,0.8437869822485209,0.9501203560173036,0.8754151198595643
adult,logreg,3,150,2000,mean_shift,2.0,150,lime,0.8247690200805664,0.0012087821960449,0.0268313884735107,1.6485629081726074,False,False,0.2649969289565276,0.7803862690234081,0.6940799473709598,0.6938160174263275,0.9393503521663356,0.2066666666666666,0.7399999999999999,0.7,0.8431941391941391,0.9590223420702236,0.9148788988788988,0.6559139784946237,0.6064516129032259,0.7290322580645162,0.9082925660084444,0.8453943905556808
adult,logreg,3,150,2000,missing,0.5,150,lime,0.8247690200805664,0.0012087821960449,0.0265636444091796,1.643401861190796,False,False,0.8229031597625059,0.0803930935644577,0.059036337210823,0.0393500243736629,0.8482792149306099,0.9533333333333334,0.8533333333333334,0.7666666666666666,0.8987252747252747,0.9755844326601602,0.955792281792282,0.8508158508158508,0.7650349650349649,0.8961653730884499,0.9746769776951284,0.9553846697203342
adult,logreg,3,150,2000,noise,1.0,150,lime,0.8247690200805664,0.0012087821960449,0.0266726016998291,1.6509685516357422,False,False,0.7659182419982257,0.1974339725653449,0.1808806843362386,0.1358151095941536,0.8811032124699636,0.7733333333333333,0.8266666666666665,0.7599999999999999,0.8774212454212454,0.9672896635552248,0.9403324083324084,0.8045977011494254,0.7379310344827584,0.8630920803334597,0.9605370402753226,0.9323513651099858
adult,logreg,3,150,2000,quantize,2.0,150,lime,0.8247690200805664,0.0012087821960449,0.0267479419708251,1.6467664241790771,False,False,0.8042721626970586,0.1575786528355968,0.1372645296492784,0.1269337794321751,0.8286501646059459,0.84,0.8844444444444446,0.7786666666666665,0.9094212454212453,0.9804633511891304,0.9598350168350168,0.8730158730158731,0.7682539682539681,0.902075702075702,0.9779608483994652,0.9541686708353376
adult,logreg,4,30,500,baseline,0.0,30,lime,0.652252197265625,0.0013048648834228,0.0241456031799316,0.1631646156311035,False,False,0.8508837780659251,0.0,0.0,0.008364930278258,0.8561681282325877,1.0,1.0,1.0,1.0,1.0,1.0,1.0,1.0,1.0,1.0,1.0
adult,logreg,4,30,500,gradual,1.0,30,lime,0.652252197265625,0.0013048648834228,0.0239901542663574,0.1623632907867431,False,False,0.4403876339316181,0.6052685456903023,0.5313536250895692,0.529056760798881,0.8693696707753997,0.3666666666666666,0.7444444444444446,0.6333333333333334,0.8203663003663004,0.9229367642800456,0.92999666999667,0.6666666666666666,0.5636363636363637,0.7982017982017983,0.8857600824077714,0.9202282565918928
adult,logreg,4,30,500,mean_shift,2.0,30,lime,0.652252197265625,0.0013048648834228,0.0241439342498779,0.1617183685302734,False,False,0.2751654951204531,0.7718555927113901,0.6821004026276908,0.6798035383370025,0.9292855295674256,0.1666666666666666,0.6333333333333333,0.6466666666666667,0.7872527472527474,0.9062832811754205,0.8887767787767789,0.5333333333333333,0.56,0.752087912087912,0.8599962527117955,0.8742424242424243
adult,logreg,4,30,500,missing,0.5,30,lime,0.652252197265625,0.0013048648834228,0.0240952968597412,0.1640880107879638,False,False,0.8209240428581178,0.0829181737528151,0.059505295377266,0.0407624736674861,0.8479310129660078,0.9,0.7777777777777779,0.6933333333333336,0.8112820512820513,0.9192877641459803,0.9054134754134754,0.7654320987654321,0.6962962962962964,0.8035002035002036,0.9136283493627744,0.9016378683045352
adult,logreg,4,30,500,noise,1.0,30,lime,0.652252197265625,0.0013048648834228,0.0241446495056152,0.1616420745849609,False,False,0.7672149047976523,0.1905411861052344,0.1708269218671559,0.1237601014227364,0.879733090288062,0.8,0.7333333333333333,0.6066666666666667,0.7591208791208792,0.8930021020594932,0.8875191475191475,0.6944444444444443,0.5916666666666667,0.7293040293040294,0.8750319445528539,0.870825702075702
adult,logreg,4,30,500,quantize,2.0,30,lime,0.652252197265625,0.0013048648834228,0.0241415500640869,0.1623988151550293,False,False,0.8002456834777861,0.1587388248140312,0.1375918084250136,0.1260961935352018,0.832044721979344,0.7666666666666667,0.7333333333333335,0.686666666666667,0.8574358974358974,0.9483309361420824,0.9306848706848708,0.7246376811594202,0.6782608695652175,0.8486383182035359,0.9411285143051769,0.924183063313498
adult,logreg,4,75,1000,baseline,0.0,75,lime,0.652252197265625,0.0012722015380859,0.0252642631530761,0.5767490863800049,False,False,0.8508837780659251,0.0,0.0,0.008364930278258,0.8561681282325877,1.0,1.0,1.0,1.0,1.0,1.0,1.0,1.0,1.0,1.0,1.0
adult,logreg,4,75,1000,gradual,1.0,75,lime,0.652252197265625,0.0012722015380859,0.0250566005706787,0.5773024559020996,False,False,0.4403876339316181,0.6052685456903023,0.5313536250895692,0.529056760798881,0.8693696707753997,0.3466666666666667,0.7955555555555556,0.6906666666666667,0.8736996336996337,0.9623731642457598,0.9506138306138306,0.7051282051282051,0.676923076923077,0.8216398985629756,0.9369353822939076,0.9252638387253772
adult,logreg,4,75,1000,mean_shift,2.0,75,lime,0.652252197265625,0.0012722015380859,0.0249350070953369,0.5757861137390137,False,False,0.2751654951204531,0.7718555927113901,0.6821004026276908,0.6798035383370025,0.9292855295674256,0.1866666666666666,0.7244444444444443,0.6613333333333333,0.8373040293040294,0.9438112608380032,0.9109446109446108,0.6428571428571429,0.6428571428571429,0.7513343799058084,0.9005640602781478,0.8216783216783217
adult,logreg,4,75,1000,missing,0.5,75,lime,0.652252197265625,0.0012722015380859,0.025418996810913,0.5759193897247314,False,False,0.8209240428581178,0.0829181737528151,0.059505295377266,0.0407624736674861,0.8479310129660078,0.9333333333333332,0.8044444444444445,0.736,0.8906373626373626,0.9656366313650444,0.9422826062826064,0.7999999999999999,0.7257142857142855,0.8869701726844585,0.9638016009035352,0.9392588364016936
adult,logreg,4,75,1000,noise,1.0,75,lime,0.652252197265625,0.0012722015380859,0.0253853797912597,0.5772984027862549,False,False,0.7672149047976523,0.1905411861052344,0.1708269218671559,0.1237601014227364,0.879733090288062,0.84,0.7777777777777778,0.6933333333333331,0.8581098901098901,0.9399313947315744,0.9222668442668444,0.7566137566137565,0.6825396825396824,0.8430839002267574,0.9313629630535089,0.9162110376396088
adult,logreg,4,75,1000,quantize,2.0,75,lime,0.652252197265625,0.0012722015380859,0.0254292488098144,0.5792763233184814,False,False,0.8002456834777861,0.1587388248140312,0.1375918084250136,0.1260961935352018,0.832044721979344,0.76,0.8533333333333334,0.7333333333333333,0.882959706959707,0.9683209302556972,0.9442206682206682,0.8187134502923976,0.7087719298245613,0.8642760748023905,0.9614820688283658,0.9347193741930584
adult,logreg,4,150,2000,baseline,0.0,150,lime,0.652252197265625,0.0012991428375244,0.0256686210632324,1.7201027870178225,False,False,0.8508837780659251,0.0,0.0,0.008364930278258,0.8561681282325877,1.0,1.0,1.0,1.0,1.0,1.0,1.0,1.0,1.0,1.0,1.0
adult,logreg,4,150,2000,gradual,1.0,150,lime,0.652252197265625,0.0012991428375244,0.0249807834625244,1.6861615180969238,False,False,0.4403876339316181,0.6052685456903023,0.5313536250895692,0.529056760798881,0.8693696707753997,0.4066666666666667,0.8399999999999999,0.7373333333333332,0.9064827789660002,0.9757088982669592,0.957005772005772,0.7868852459016391,0.6819672131147542,0.8623443223443223,0.9583152117704886,0.9204729696532976
adult,logreg,4,150,2000,mean_shift,2.0,150,lime,0.652252197265625,0.0012991428375244,0.0256073474884033,1.691298484802246,False,False,0.2751654951204531,0.7718555927113901,0.6821004026276908,0.6798035383370025,0.9292855295674256,0.24,0.8155555555555555,0.7173333333333333,0.8913992673992674,0.9694186413894148,0.94705772005772,0.7314814814814814,0.6611111111111111,0.8350427350427352,0.9412030451289414,0.9001567876567876
adult,logreg,4,150,2000,missing,0.5,150,lime,0.652252197265625,0.0012991428375244,0.0251989364624023,1.6900770664215088,False,False,0.8209240428581178,0.0829181737528151,0.059505295377266,0.0407624736674861,0.8479310129660078,0.92,0.8711111111111113,0.7479999999999999,0.909978021978022,0.9764846254888684,0.9579674769674772,0.859903381642512,0.7391304347826086,0.9051122790253224,0.9748820388720484,0.9559913516435256
adult,logreg,4,150,2000,noise,1.0,150,lime,0.652252197265625,0.0012991428375244,0.0250580310821533,1.6906163692474363,False,False,0.7672149047976523,0.1905411861052344,0.1708269218671559,0.1237601014227364,0.879733090288062,0.8733333333333333,0.8377777777777777,0.7186666666666665,0.8916923076923077,0.964784633746576,0.95391452991453,0.8167938931297709,0.7099236641221374,0.8825266336716718,0.9607073877027044,0.948453709140732
adult,logreg,4,150,2000,quantize,2.0,150,lime,0.652252197265625,0.0012991428375244,0.0252087116241455,1.6844117641448977,False,False,0.8002456834777861,0.1587388248140312,0.1375918084250136,0.1260961935352018,0.832044721979344,0.8133333333333334,0.8955555555555558,0.7426666666666665,0.92,0.9796116779599836,0.9736351426351428,0.8770491803278687,0.7327868852459016,0.9108629075842192,0.976231656770091,0.968897768897769
adult,rf,0,30,500,baseline,0.0,30,lime,2.60076904296875,0.1762406826019287,0.19049811363220215,0.9780421257019043,True,False,0.8598921722514161,0.0,0.0,0.031608802522837334,0.83300289035888,1.0,1.0,1.0,1.0,1.0,1.0,1.0,1.0,1.0,1.0,1.0
adult,rf,0,30,500,gradual,1.0,30,lime,2.60076904296875,0.1762406826019287,0.18599224090576172,0.85636305809021,True,False,0.26281307582065105,0.8094588138947656,0.48152564128532377,0.47899856042324473,0.719246896183466,0.26666666666666666,0.5777777777777777,0.5733333333333331,0.4644688644688645,0.8476530496727507,0.704137529137529,0.5,0.5,0.4901098901098901,0.7680241703947509,0.6956879925629926
adult,rf,0,30,500,mean_shift,2.0,30,lime,2.60076904296875,0.1762406826019287,0.18339323997497559,0.6112396717071533,True,False,0.2602879956322937,0.8118474032621307,0.4953066089893506,0.4930055788223666,0.7329607163824204,0.26666666666666666,0.5444444444444444,0.5800000000000001,0.36820512820512813,0.7248831635157471,0.6356241906241908,0.4583333333333333,0.55,0.3835164835164835,0.5856802593396054,0.6361971361971361
adult,rf,0,30,500,missing,0.5,30,lime,2.60076904296875,0.1762406826019287,0.2588036060333252,0.8911075592041016,True,False,0.8297959462226165,0.06012420664710298,0.041439547006242396,0.04197103970046129,0.8200322756178053,0.9333333333333333,0.5888888888888889,0.6666666666666667,0.5173626373626373,0.8531123880631175,0.7153748103748104,0.5952380952380952,0.6642857142857145,0.5124018838304553,0.8590770417746532,0.7218301539730111
adult,rf,0,30,500,noise,1.0,30,lime,2.60076904296875,0.1762406826019287,0.20864248275756836,0.8925402164459229,True,False,0.7430560294820173,0.19818467208080257,0.13818551314168884,0.08143639199275493,0.789250866446619,0.8666666666666667,0.611111111111111,0.62,0.5015384615384616,0.7667721088237419,0.713457005957006,0.6025641025641024,0.6230769230769231,0.5139475908706678,0.757505048717041,0.7345055585440202
adult,rf,0,30,500,quantize,2.0,30,lime,2.60076904296875,0.1762406826019287,0.30733442306518555,0.7018661499023438,True,False,0.8310926090220433,0.08476079983621101,0.061513725980642114,0.043687222064263356,0.8183233772000268,0.9666666666666667,0.6333333333333332,0.6533333333333334,0.49318681318681323,0.8850572565379233,0.698079698079698,0.6206896551724137,0.6551724137931034,0.49268662372110644,0.8857545724322914,0.6970730419006281
adult,rf,0,75,1000,baseline,0.0,75,lime,2.60076904296875,0.19917702674865723,0.18228864669799805,2.8138980865478516,True,False,0.8598921722514161,0.0,0.0,0.031608802522837334,0.83300289035888,1.0,1.0,1.0,1.0,1.0,1.0,1.0,1.0,1.0,1.0,1.0
adult,rf,0,75,1000,gradual,1.0,75,lime,2.60076904296875,0.19917702674865723,0.32773590087890625,5.412883996963501,True,False,0.26281307582065105,0.8094588138947656,0.48152564128532377,0.47899856042324473,0.719246896183466,0.25333333333333335,0.591111111111111,0.6026666666666665,0.4364835164835165,0.8628241159145534,0.6922971472971472,0.5087719298245613,0.505263157894737,0.47137073452862926,0.7358429713788376,0.712950499792605
adult,rf,0,75,1000,mean_shift,2.0,75,lime,2.60076904296875,0.19917702674865723,0.13500022888183594,2.9435055255889893,True,False,0.2602879956322937,0.8118474032621307,0.4953066089893506,0.4930055788223666,0.7329607163824204,0.24,0.5555555555555555,0.5813333333333334,0.43742124542124555,0.790827636506055,0.662988640988641,0.5,0.5333333333333334,0.482051282051282,0.6496598792943301,0.6925873509206844
adult,rf,0,75,1000,missing,0.5,75,lime,2.60076904296875,0.19917702674865723,0.33544921875,2.7728774547576904,True,False,0.8297959462226165,0.06012420664710298,0.041439547006242396,0.04197103970046129,0.8200322756178053,0.9466666666666667,0.6888888888888888,0.7226666666666666,0.5801904761904763,0.9208587320575173,0.7543572353572353,0.6948356807511736,0.723943661971831,0.5770314192849405,0.9306069020828085,0.7577681707963397
adult,rf,0,75,1000,noise,1.0,75,lime,2.60076904296875,0.19917702674865723,0.38310933113098145,3.0495107173919678,True,False,0.7430560294820173,0.19818467208080257,0.13818551314168884,0.08143639199275493,0.789250866446619,0.88,0.6222222222222221,0.6426666666666666,0.5446739926739926,0.8106248555172969,0.7528781958781959,0.6060606060606061,0.6424242424242425,0.5445887445887447,0.805545619116746,0.7519779883416248
adult,rf,0,75,1000,quantize,2.0,75,lime,2.60076904296875,0.19917702674865723,0.2924067974090576,3.137129306793213,True,False,0.8310926090220433,0.08476079983621101,0.061513725980642114,0.043687222064263356,0.8183233772000268,0.9333333333333333,0.6888888888888888,0.6426666666666665,0.5181245421245422,0.9232431717205795,0.7319824249824249,0.6666666666666666,0.637142857142857,0.5099529042386186,0.9243861533708958,0.7249414870843441
adult,rf,0,150,2000,baseline,0.0,150,lime,2.60076904296875,0.26775217056274414,0.22207260131835938,9.834247589111328,True,False,0.8598921722514161,0.0,0.0,0.031608802522837334,0.83300289035888,1.0,1.0,1.0,1.0,1.0,1.0,1.0,1.0,1.0,1.0,1.0
adult,rf,0,150,2000,gradual,1.0,150,lime,2.60076904296875,0.26775217056274414,0.2340104579925537,7.428911447525024,True,False,0.26281307582065105,0.8094588138947656,0.48152564128532377,0.47899856042324473,0.719246896183466,0.19333333333333333,0.6777777777777777,0.688,0.5711941391941392,0.9084429798059489,0.7553436748436748,0.528735632183908,0.6137931034482758,0.5719590754073512,0.7677273450128539,0.7233890630442354
adult,rf,0,150,2000,mean_shift,2.0,150,lime,2.60076904296875,0.26775217056274414,0.2107534408569336,8.365553379058838,True,False,0.2602879956322937,0.8118474032621307,0.4953066089893506,0.4930055788223666,0.7329607163824204,0.18666666666666668,0.5888888888888888,0.6639999999999998,0.4930402930402931,0.8505418602674525,0.7087825877825878,0.488095238095238,0.5928571428571427,0.5208791208791208,0.7265528853285972,0.7165867862296433
adult,rf,0,150,2000,missing,0.5,150,lime,2.60076904296875,0.26775217056274414,0.19400238990783691,8.379835605621338,True,False,0.8297959462226165,0.06012420664710298,0.041439547006242396,0.04197103970046129,0.8200322756178053,0.9466666666666667,0.7622222222222222,0.7693333333333332,0.6406446886446887,0.9495112380924496,0.7961245791245791,0.7676056338028169,0.7690140845070422,0.6465562606407679,0.9598056037878884,0.8012920960104059
adult,rf,0,150,2000,noise,1.0,150,lime,2.60076904296875,0.26775217056274414,0.31410694122314453,8.692444801330566,True,False,0.7430560294820173,0.19818467208080257,0.13818551314168884,0.08143639199275493,0.789250866446619,0.88,0.6777777777777778,0.7173333333333332,0.6113406593406594,0.8351077163569292,0.8023458393458394,0.6717171717171716,0.718181818181818,0.6205128205128205,0.8251208858649052,0.8079799619572346
adult,rf,0,150,2000,quantize,2.0,150,lime,2.60076904296875,0.26775217056274414,0.22208714485168457,10.41689682006836,True,False,0.8310926090220433,0.08476079983621101,0.061513725980642114,0.043687222064263356,0.8183233772000268,0.92,0.72,0.6813333333333332,0.6143296703296705,0.9426673576156194,0.8072708032708031,0.7053140096618358,0.6768115942028985,0.6132823698041089,0.9439123560846474,0.8151852374678462
adult,rf,1,30,500,baseline,0.0,30,lime,2.5739738941192627,0.0971632003784179,0.1198241710662841,0.4631125926971435,False,False,0.863645669828704,0.0,0.0,0.0324109396980433,0.8339096769964236,1.0,1.0,1.0,1.0,1.0,1.0,1.0,1.0,1.0,1.0,1.0
adult,rf,1,30,500,gradual,1.0,30,lime,2.5739738941192627,0.0971632003784179,0.1017122268676757,0.4547591209411621,False,False,0.2393366546099774,0.8226301781205214,0.5226251673988104,0.524016968628095,0.7632873528681324,0.2666666666666666,0.5777777777777777,0.6133333333333333,0.4745787545787546,0.8094291867637907,0.6737374662374663,0.5833333333333333,0.55,0.5065934065934066,0.6821658491639384,0.6617424242424242
adult,rf,1,30,500,mean_shift,2.0,30,lime,2.5739738941192627,0.0971632003784179,0.0996732711791992,0.4476585388183594,False,False,0.2394731454309697,0.8224936872995291,0.5326191818384503,0.5341396367444579,0.7734120743164841,0.2666666666666666,0.5444444444444445,0.52,0.3617582417582418,0.7106526633116775,0.6465221815221815,0.4999999999999999,0.45,0.3967032967032967,0.6014098258085864,0.675
adult,rf,1,30,500,missing,0.5,30,lime,2.5739738941192627,0.0971632003784179,0.1144125461578369,0.4653561115264892,False,False,0.8447416911212721,0.0434723264860438,0.0410275062030621,0.0359031439047798,0.8178389487387805,0.9666666666666668,0.5777777777777777,0.6333333333333333,0.5512087912087913,0.8641614886434427,0.7240778665778667,0.586206896551724,0.6344827586206897,0.5524062144751801,0.8760777374601532,0.7302372914441879
adult,rf,1,30,500,noise,1.0,30,lime,2.5739738941192627,0.0971632003784179,0.1218581199645996,0.4609253406524658,False,False,0.7227871425646625,0.2178393503036921,0.1529882443168463,0.1024763928726039,0.797514296372317,0.8333333333333334,0.5444444444444445,0.62,0.4893772893772893,0.7890640696687183,0.7182036482036482,0.5466666666666666,0.6240000000000001,0.5250989010989011,0.7696323675862444,0.7273999333999335
adult,rf,1,30,500,quantize,2.0,30,lime,2.5739738941192627,0.0971632003784179,0.1145789623260498,0.4652855396270752,False,False,0.8334129529789122,0.0718624172524397,0.0604281191148693,0.0495229331299712,0.8211625517057728,0.8666666666666667,0.5666666666666665,0.58,0.4597802197802198,0.8660715636711226,0.6700415325415325,0.5512820512820513,0.5692307692307692,0.4366863905325444,0.8693464252151611,0.6752227473381319
adult,rf,1,75,1000,baseline,0.0,75,lime,2.5739738941192627,0.0932364463806152,0.1163678169250488,1.4870827198028564,False,False,0.863645669828704,0.0,0.0,0.0324109396980433,0.8339096769964236,1.0,1.0,1.0,1.0,1.0,1.0,1.0,1.0,1.0,1.0,1.0
adult,rf,1,75,1000,gradual,1.0,75,lime,2.5739738941192627,0.0932364463806152,0.0988228321075439,1.404712200164795,False,False,0.2393366546099774,0.8226301781205214,0.5226251673988104,0.524016968628095,0.7632873528681324,0.2266666666666666,0.5733333333333333,0.6133333333333333,0.4837802197802199,0.878516124645706,0.6994896584896584,0.5686274509803921,0.5647058823529412,0.4629605688429218,0.7312600791323163,0.6412995501230795
adult,rf,1,75,1000,mean_shift,2.0,75,lime,2.5739738941192627,0.0932364463806152,0.0955519676208496,1.374642848968506,False,False,0.2394731454309697,0.8224936872995291,0.5326191818384503,0.5341396367444579,0.7734120743164841,0.2266666666666666,0.4888888888888889,0.5626666666666666,0.434959706959707,0.8114046697344389,0.6985122655122655,0.4509803921568626,0.5058823529411764,0.4513251454427925,0.6527136754048299,0.6850097614803496
adult,rf,1,75,1000,missing,0.5,75,lime,2.5739738941192627,0.0932364463806152,0.1113317012786865,1.482574224472046,False,False,0.8447416911212721,0.0434723264860438,0.0410275062030621,0.0359031439047798,0.8178389487387805,0.96,0.6844444444444444,0.7119999999999999,0.5677069597069598,0.9296131402375304,0.7595324675324675,0.6805555555555556,0.7083333333333334,0.5684371184371185,0.9328152257622332,0.7647907647907647
adult,rf,1,75,1000,noise,1.0,75,lime,2.5739738941192627,0.0932364463806152,0.1189732551574707,1.4332897663116455,False,False,0.7227871425646625,0.2178393503036921,0.1529882443168463,0.1024763928726039,0.797514296372317,0.7866666666666666,0.6,0.6453333333333332,0.5117362637362639,0.8260999505062574,0.7330274170274169,0.5932203389830508,0.6576271186440678,0.5260197429688955,0.7982707505890034,0.7448516643431897
adult,rf,1,75,1000,quantize,2.0,75,lime,2.5739738941192627,0.0932364463806152,0.1117224693298339,1.4704556465148926,False,False,0.8334129529789122,0.0718624172524397,0.0604281191148693,0.0495229331299712,0.8211625517057728,0.92,0.6755555555555555,0.6586666666666665,0.5514139194139194,0.9275920489371884,0.7496772486772486,0.6666666666666665,0.6405797101449273,0.5445771619684664,0.9294739911201468,0.7525090449003492
adult,rf,1,150,2000,baseline,0.0,150,lime,2.5739738941192627,0.0953152179718017,0.1200246810913086,4.511960029602051,False,False,0.863645669828704,0.0,0.0,0.0324109396980433,0.8339096769964236,1.0,1.0,1.0,1.0,1.0,1.0,1.0,1.0,1.0,1.0,1.0
adult,rf,1,150,2000,gradual,1.0,150,lime,2.5739738941192627,0.0953152179718017,0.1011714935302734,4.287356376647949,False,False,0.2393366546099774,0.8226301781205214,0.5226251673988104,0.524016968628095,0.7632873528681324,0.24,0.6,0.6493333333333332,0.5288205128205129,0.9062072698726304,0.7549319384319385,0.5833333333333335,0.6111111111111113,0.5329670329670331,0.7717200644766238,0.7185515873015873
adult,rf,1,150,2000,mean_shift,2.0,150,lime,2.5739738941192627,0.0953152179718017,0.0975327491760253,4.181598663330078,False,False,0.2394731454309697,0.8224936872995291,0.5326191818384503,0.5341396367444579,0.7734120743164841,0.24,0.5488888888888888,0.6213333333333334,0.4859780219780221,0.8611239992960914,0.7342784992784992,0.5277777777777778,0.5944444444444446,0.5087912087912089,0.7236021826980148,0.7002304793971461
adult,rf,1,150,2000,missing,0.5,150,lime,2.5739738941192627,0.0953152179718017,0.114140510559082,4.524045705795288,False,False,0.8447416911212721,0.0434723264860438,0.0410275062030621,0.0359031439047798,0.8178389487387805,0.9333333333333332,0.7,0.7386666666666666,0.631912087912088,0.95216362193819,0.8311695526695526,0.6952380952380951,0.7342857142857143,0.6360753532182104,0.9573445516600112,0.8380558132343846
adult,rf,1,150,2000,noise,1.0,150,lime,2.5739738941192627,0.0953152179718017,0.1223382949829101,4.421610593795776,False,False,0.7227871425646625,0.2178393503036921,0.1529882443168463,0.1024763928726039,0.797514296372317,0.7866666666666666,0.62,0.6746666666666666,0.5757362637362639,0.8455653375495656,0.8103848003848003,0.6355932203389831,0.6864406779661014,0.5962004097597315,0.8240889706121922,0.8228599554870742
adult,rf,1,150,2000,quantize,2.0,150,lime,2.5739738941192627,0.0953152179718017,0.1147377490997314,4.461428165435791,False,False,0.8334129529789122,0.0718624172524397,0.0604281191148693,0.0495229331299712,0.8211625517057728,0.9333333333333332,0.6955555555555556,0.68,0.5823003663003664,0.9451014283108004,0.7938352573352574,0.6952380952380953,0.6714285714285714,0.5800313971742543,0.948050397064414,0.80093820861678
adult,rf,2,30,500,baseline,0.0,30,lime,2.577021837234497,0.095942735671997,0.1180672645568847,0.4443261623382568,False,False,0.8583225278100047,0.0,0.0,0.0314788697014337,0.8341127752553179,1.0,1.0,1.0,1.0,1.0,1.0,1.0,1.0,1.0,1.0,1.0
adult,rf,2,30,500,gradual,1.0,30,lime,2.577021837234497,0.095942735671997,0.1012368202209472,0.4389731884002685,False,False,0.2485497850269569,0.8216064969630792,0.5181963803981395,0.5163655003499227,0.75601608396326,0.1666666666666666,0.5777777777777777,0.6,0.4606593406593406,0.8877802940341991,0.7098322048322048,0.5999999999999999,0.64,0.4320879120879121,0.8175760562197434,0.6113597513597513
adult,rf,2,30,500,mean_shift,2.0,30,lime,2.577021837234497,0.095942735671997,0.0967762470245361,0.4363923072814941,False,False,0.2392684091994813,0.8308878727905549,0.5284688580451607,0.5265535291255885,0.7658219383250698,0.1666666666666666,0.5,0.5666666666666667,0.3684981684981684,0.8434889878793693,0.6707830132830134,0.5999999999999999,0.6799999999999999,0.3898901098901098,0.7964556025016394,0.6123387723387723
adult,rf,2,30,500,missing,0.5,30,lime,2.577021837234497,0.095942735671997,0.1139473915100097,0.4507927894592285,False,False,0.8368252235037194,0.048795468504743,0.0420778574591756,0.0368224531202587,0.8176159611622891,0.9333333333333332,0.6,0.6733333333333336,0.4694505494505494,0.9007973528126068,0.6715810115810116,0.6071428571428571,0.6857142857142859,0.4654631083202512,0.9010014003128226,0.6688517831374974
adult,rf,2,30,500,noise,1.0,30,lime,2.577021837234497,0.095942735671997,0.1205494403839111,0.4356496334075928,False,False,0.7379376236948065,0.205964648877363,0.147520358985357,0.093410071292244,0.7955848287531885,0.7333333333333333,0.4777777777777777,0.5933333333333334,0.4253479853479854,0.8431553344956657,0.7053443778443779,0.4242424242424242,0.5818181818181819,0.4183816183816183,0.8292907153192934,0.7134543486816215
adult,rf,2,30,500,quantize,2.0,30,lime,2.577021837234497,0.095942735671997,0.1123671531677246,0.4446883201599121,False,False,0.8315703268955162,0.0708387360949976,0.0629376448688728,0.0427926099077583,0.822268269059386,0.8666666666666667,0.5666666666666667,0.6000000000000002,0.4653479853479853,0.9024009217357384,0.7040545565545565,0.5256410256410255,0.5846153846153845,0.4750633981403213,0.9114785749124816,0.7171731046731047
adult,rf,2,75,1000,baseline,0.0,75,lime,2.577021837234497,0.0966584682464599,0.1181292533874511,1.471064567565918,False,False,0.8583225278100047,0.0,0.0,0.0314788697014337,0.8341127752553179,1.0,1.0,1.0,1.0,1.0,1.0,1.0,1.0,1.0,1.0,1.0
adult,rf,2,75,1000,gradual,1.0,75,lime,2.577021837234497,0.0966584682464599,0.1015534400939941,1.4282164573669434,False,False,0.2485497850269569,0.8216064969630792,0.5181963803981395,0.5163655003499227,0.75601608396326,0.2,0.6177777777777778,0.6266666666666666,0.4772747252747253,0.8956728522176544,0.716912346912347,0.6222222222222222,0.6666666666666667,0.4977289377289377,0.737241589705358,0.7185492285492285
adult,rf,2,75,1000,mean_shift,2.0,75,lime,2.577021837234497,0.0966584682464599,0.096914529800415,1.4021978378295898,False,False,0.2392684091994813,0.8308878727905549,0.5284688580451607,0.5265535291255885,0.7658219383250698,0.1866666666666666,0.5377777777777778,0.5786666666666668,0.37992673992674,0.8593397144621916,0.6838296148296148,0.5476190476190476,0.6285714285714284,0.3814756671899529,0.6462875255118175,0.6693510854225141
adult,rf,2,75,1000,missing,0.5,75,lime,2.577021837234497,0.0966584682464599,0.1132309436798095,1.482733964920044,False,False,0.8368252235037194,0.048795468504743,0.0420778574591756,0.0368224531202587,0.8176159611622891,0.92,0.6977777777777778,0.6799999999999999,0.561846153846154,0.9445347156340892,0.7622609242609242,0.6908212560386472,0.6782608695652174,0.5596114030896642,0.946881510668566,0.7668368266194353
adult,rf,2,75,1000,noise,1.0,75,lime,2.577021837234497,0.0966584682464599,0.1205167770385742,1.4495244026184082,False,False,0.7379376236948065,0.205964648877363,0.147520358985357,0.093410071292244,0.7955848287531885,0.7333333333333333,0.6488888888888887,0.6346666666666666,0.4974945054945056,0.8759631895450599,0.7478122988122988,0.63030303030303,0.6218181818181817,0.4738861138861137,0.8681662411173175,0.7538579097670006
adult,rf,2,75,1000,quantize,2.0,75,lime,2.577021837234497,0.0966584682464599,0.1128087043762207,1.465603590011597,False,False,0.8315703268955162,0.0708387360949976,0.0629376448688728,0.0427926099077583,0.822268269059386,0.92,0.6799999999999999,0.624,0.5393992673992675,0.94036885056107,0.7588608798608798,0.6859903381642511,0.6231884057971014,0.5280140149705368,0.940057188327678,0.755111555111555
adult,rf,2,150,2000,baseline,0.0,150,lime,2.577021837234497,0.0959169864654541,0.1180677413940429,4.318769931793213,False,False,0.8583225278100047,0.0,0.0,0.0314788697014337,0.8341127752553179,1.0,1.0,1.0,1.0,1.0,1.0,1.0,1.0,1.0,1.0,1.0
adult,rf,2,150,2000,gradual,1.0,150,lime,2.577021837234497,0.0959169864654541,0.1018869876861572,4.183958530426025,False,False,0.2485497850269569,0.8216064969630792,0.5181963803981395,0.5163655003499227,0.75601608396326,0.1866666666666666,0.64,0.6759999999999999,0.539809523809524,0.9263204369752251,0.7804533429533429,0.5952380952380951,0.6,0.4838304552590267,0.7679772209015167,0.7496225005153577
adult,rf,2,150,2000,mean_shift,2.0,150,lime,2.577021837234497,0.0959169864654541,0.0964391231536865,4.043198347091675,False,False,0.2392684091994813,0.8308878727905549,0.5284688580451607,0.5265535291255885,0.7658219383250698,0.18,0.5666666666666667,0.6186666666666666,0.4416703296703297,0.8987940480537702,0.6916166426166425,0.5679012345679011,0.6148148148148147,0.4262922262922262,0.7185603853959015,0.6635080968414302
adult,rf,2,150,2000,missing,0.5,150,lime,2.577021837234497,0.0959169864654541,0.1133952140808105,4.3437416553497314,False,False,0.8368252235037194,0.048795468504743,0.0420778574591756,0.0368224531202587,0.8176159611622891,0.94,0.7066666666666667,0.7519999999999999,0.6671062271062271,0.9693010989169484,0.8527763347763346,0.7021276595744681,0.753191489361702,0.6659652404333256,0.9701124272481526,0.85157246221076
adult,rf,2,150,2000,noise,1.0,150,lime,2.577021837234497,0.0959169864654541,0.1211218833923339,4.200575113296509,False,False,0.7379376236948065,0.205964648877363,0.147520358985357,0.093410071292244,0.7955848287531885,0.78,0.6822222222222223,0.692,0.6082930402930404,0.9028761449826488,0.8239302549302548,0.6837606837606838,0.7059829059829058,0.6167934629473091,0.8986876485086369,0.8308268891602224
adult,rf,2,150,2000,quantize,2.0,150,lime,2.577021837234497,0.0959169864654541,0.1136040687561035,4.294711112976074,False,False,0.8315703268955162,0.0708387360949976,0.0629376448688728,0.0427926099077583,0.822268269059386,0.94,0.6955555555555555,0.6719999999999999,0.5913846153846154,0.9628247681251584,0.8318559403559403,0.6903073286052009,0.6652482269503545,0.5952614761125399,0.9638153015089036,0.8340640447023425
adult,rf,3,30,500,baseline,0.0,30,lime,2.4291014671325684,0.0936372280120849,0.1192643642425537,0.4486110210418701,False,False,0.8586637548624855,0.0,0.0,0.0334268629940078,0.8361420920955415,1.0,1.0,1.0,1.0,1.0,1.0,1.0,1.0,1.0,1.0,1.0
adult,rf,3,30,500,gradual,1.0,30,lime,2.4291014671325684,0.0936372280120849,0.1004917621612548,0.4361176490783691,False,False,0.2683409540708387,0.8037944448235856,0.5191903012258353,0.5185086387708882,0.759748166834571,0.2333333333333333,0.4666666666666667,0.5466666666666667,0.4372161172161172,0.8267382277903915,0.7041402116402117,0.3809523809523809,0.4857142857142857,0.4712715855572998,0.645996341317347,0.6313852813852814
adult,rf,3,30,500,mean_shift,2.0,30,lime,2.4291014671325684,0.0936372280120849,0.0962965488433837,0.4280507564544678,False,False,0.2423394526718078,0.8297959462226165,0.5354978226792474,0.5348644794575032,0.7742192134832855,0.2333333333333333,0.4777777777777777,0.5133333333333333,0.3308424908424908,0.76165042495553,0.6146837421837421,0.4285714285714285,0.4571428571428572,0.3023547880690738,0.5835281125614731,0.5932900432900433
adult,rf,3,30,500,missing,0.5,30,lime,2.4291014671325684,0.0936372280120849,0.1136219501495361,0.450554609298706,False,False,0.8365522418617348,0.0457244250324165,0.0409784655313622,0.0403889358934794,0.821750986553774,0.9333333333333332,0.6888888888888889,0.6266666666666668,0.498021978021978,0.878126948207368,0.7096164021164021,0.6904761904761906,0.6214285714285716,0.4976452119309262,0.8810728312590282,0.7037556689342404
adult,rf,3,30,500,noise,1.0,30,lime,2.4291014671325684,0.0936372280120849,0.1239411830902099,0.4404680728912353,False,False,0.7278373029413772,0.2157237425783116,0.1562018066223622,0.098260133058139,0.7938399703524175,0.7666666666666667,0.5555555555555555,0.5533333333333333,0.4871794871794871,0.8244055967779716,0.7310497835497836,0.5507246376811593,0.5565217391304348,0.4887720974677496,0.8115931352107942,0.7263739883305099
adult,rf,3,30,500,quantize,2.0,30,lime,2.4291014671325684,0.0936372280120849,0.1135461330413818,0.4531378746032715,False,False,0.8289087558861666,0.0803930935644577,0.0671768680069431,0.0493494650657514,0.8231587241987247,0.9,0.5777777777777777,0.5733333333333334,0.4392673992673994,0.8941118698854359,0.6779978354978357,0.5679012345679012,0.5703703703703704,0.4328042328042328,0.8957815854899772,0.687000962000962
adult,rf,3,75,1000,baseline,0.0,75,lime,2.4291014671325684,0.0960264205932617,0.1227452754974365,1.5673391819000244,False,False,0.8586637548624855,0.0,0.0,0.0334268629940078,0.8361420920955415,1.0,1.0,1.0,1.0,1.0,1.0,1.0,1.0,1.0,1.0,1.0
adult,rf,3,75,1000,gradual,1.0,75,lime,2.4291014671325684,0.0960264205932617,0.1035718917846679,1.5141754150390625,False,False,0.2683409540708387,0.8037944448235856,0.5191903012258353,0.5185086387708882,0.759748166834571,0.16,0.5822222222222222,0.5813333333333333,0.4797948717948719,0.8984260684954074,0.7154146224146224,0.5555555555555555,0.4833333333333332,0.4846153846153846,0.7623770423172763,0.6887445887445888
adult,rf,3,75,1000,mean_shift,2.0,75,lime,2.4291014671325684,0.0960264205932617,0.0992703437805175,1.4726076126098633,False,False,0.2423394526718078,0.8297959462226165,0.5354978226792474,0.5348644794575032,0.7742192134832855,0.12,0.4844444444444444,0.5493333333333332,0.4296849816849816,0.862249220003337,0.6902568542568542,0.5185185185185185,0.5333333333333334,0.4735042735042735,0.7217709500956642,0.7071709155042488
adult,rf,3,75,1000,missing,0.5,75,lime,2.4291014671325684,0.0960264205932617,0.1165990829467773,1.5712857246398926,False,False,0.8365522418617348,0.0457244250324165,0.0409784655313622,0.0403889358934794,0.821750986553774,0.96,0.6577777777777777,0.664,0.5471941391941393,0.929004113765992,0.7629345839345838,0.6527777777777778,0.6638888888888889,0.5420634920634921,0.9277023213257268,0.7633908529741862
adult,rf,3,75,1000,noise,1.0,75,lime,2.4291014671325684,0.0960264205932617,0.1256947517395019,1.5441005229949951,False,False,0.7278373029413772,0.2157237425783116,0.1562018066223622,0.098260133058139,0.7938399703524175,0.7866666666666666,0.6,0.6346666666666666,0.5173626373626374,0.8705769028653877,0.7635613275613276,0.6045197740112994,0.6338983050847458,0.4974110635127584,0.8600015210127476,0.7548248832147137
adult,rf,3,75,1000,quantize,2.0,75,lime,2.4291014671325684,0.0960264205932617,0.1160848140716552,1.5401980876922607,False,False,0.8289087558861666,0.0803930935644577,0.0671768680069431,0.0493494650657514,0.8231587241987247,0.9333333333333332,0.6311111111111111,0.6213333333333333,0.5058754578754581,0.927918459090962,0.7337205387205387,0.6238095238095237,0.6228571428571428,0.5005337519623236,0.9289645708715752,0.7366960420531848
adult,rf,3,150,2000,baseline,0.0,150,lime,2.4291014671325684,0.0935862064361572,0.1195321083068847,4.345227003097534,False,False,0.8586637548624855,0.0,0.0,0.0334268629940078,0.8361420920955415,1.0,1.0,1.0,1.0,1.0,1.0,1.0,1.0,1.0,1.0,1.0
adult,rf,3,150,2000,gradual,1.0,150,lime,2.4291014671325684,0.0935862064361572,0.1004352569580078,4.146274566650391,False,False,0.2683409540708387,0.8037944448235856,0.5191903012258353,0.5185086387708882,0.759748166834571,0.1933333333333333,0.6266666666666666,0.644,0.535970695970696,0.9268652544053732,0.7681200096200095,0.528735632183908,0.5655172413793103,0.5284577491474043,0.8182945104434082,0.7547270736925911
adult,rf,3,150,2000,mean_shift,2.0,150,lime,2.4291014671325684,0.0935862064361572,0.0968406200408935,4.001267671585083,False,False,0.2423394526718078,0.8297959462226165,0.5354978226792474,0.5348644794575032,0.7742192134832855,0.16,0.5866666666666667,0.5746666666666667,0.4946520146520148,0.9013616911105664,0.740167869167869,0.5277777777777778,0.5083333333333334,0.5195970695970696,0.777394687081939,0.6968449374699374
adult,rf,3,150,2000,missing,0.5,150,lime,2.4291014671325684,0.0935862064361572,0.1141834259033203,4.379501104354858,False,False,0.8365522418617348,0.0457244250324165,0.0409784655313622,0.0403889358934794,0.821750986553774,0.9666666666666668,0.731111111111111,0.7559999999999999,0.6838388278388279,0.9633682696132426,0.8712479557479558,0.7310344827586207,0.7544827586206895,0.6824857900719971,0.9635223182652304,0.8701579837786734
adult,rf,3,150,2000,noise,1.0,150,lime,2.4291014671325684,0.0935862064361572,0.1224114894866943,4.238760232925415,False,False,0.7278373029413772,0.2157237425783116,0.1562018066223622,0.098260133058139,0.7938399703524175,0.76,0.6822222222222223,0.7053333333333333,0.6301831501831502,0.9017613351400328,0.8484634439634439,0.6666666666666667,0.7105263157894736,0.650819356082514,0.8989246734931121,0.8566811599706337
adult,rf,3,150,2000,quantize,2.0,150,lime,2.4291014671325684,0.0935862064361572,0.1134092807769775,4.309012174606323,False,False,0.8289087558861666,0.0803930935644577,0.0671768680069431,0.0493494650657514,0.8231587241987247,0.9333333333333332,0.7133333333333334,0.6826666666666666,0.6126300366300367,0.955526081541987,0.8397534872534872,0.7023809523809523,0.6799999999999999,0.6151962323390896,0.9568425322975052,0.8431032261389404
adult,rf,4,30,500,baseline,0.0,30,lime,2.419121742248535,0.0942039489746093,0.1169075965881347,0.4445827007293701,False,False,0.8591414727359585,0.0,0.0,0.0304938374585694,0.8353363724149075,1.0,1.0,1.0,1.0,1.0,1.0,1.0,1.0,1.0,1.0,1.0
adult,rf,4,30,500,gradual,1.0,30,lime,2.419121742248535,0.0942039489746093,0.1010384559631347,0.4385273456573486,False,False,0.2511431106258104,0.8183307172592643,0.5078249108017441,0.5047474326910307,0.7445482537431038,0.1333333333333333,0.4555555555555556,0.5800000000000001,0.5038827838827838,0.8613243390002269,0.7130747955747957,0.3333333333333333,0.4499999999999999,0.4637362637362637,0.7569250095135047,0.7474747474747475
adult,rf,4,30,500,mean_shift,2.0,30,lime,2.419121742248535,0.0942039489746093,0.0960726737976074,0.4234554767608642,False,False,0.2409062990513888,0.8285675288336859,0.524111337229621,0.5210027494350289,0.7602874912508911,0.0666666666666666,0.5,0.5333333333333333,0.3202930402930404,0.7883050016710096,0.5862085137085136,0.5,0.5,0.167032967032967,0.4584306968683856,0.4494949494949495
adult,rf,4,30,500,missing,0.5,30,lime,2.419121742248535,0.0942039489746093,0.1116282939910888,0.4446978569030761,False,False,0.8396915307445574,0.0415614549921517,0.0402364298012267,0.0318804929806748,0.8196802443139236,0.9666666666666668,0.5888888888888889,0.5933333333333335,0.51003663003663,0.8895308866392372,0.7310064935064936,0.5747126436781609,0.5862068965517241,0.5087533156498674,0.8883958661838827,0.7311352440662786
adult,rf,4,30,500,noise,1.0,30,lime,2.419121742248535,0.0942039489746093,0.1202259063720703,0.438579797744751,False,False,0.7382788507472873,0.2019381696580905,0.1445727443550818,0.0856228061645137,0.7955488229680396,0.8,0.5222222222222221,0.5666666666666668,0.4788278388278389,0.8463505656854519,0.7233164983164984,0.4861111111111111,0.575,0.4531135531135531,0.8380476247944898,0.7132575757575758
adult,rf,4,30,500,quantize,2.0,30,lime,2.419121742248535,0.0942039489746093,0.111356496810913,0.4414587020874023,False,False,0.8284310380126937,0.0747969699037739,0.0652445891865093,0.0528431701534533,0.825272178457778,0.9666666666666668,0.5666666666666667,0.56,0.4968498168498169,0.9051957612287064,0.7233032708032708,0.5632183908045977,0.5517241379310345,0.4848048503220917,0.9048280926521916,0.7231663929939792
adult,rf,4,75,1000,baseline,0.0,75,lime,2.419121742248535,0.0964119434356689,0.1202664375305175,1.556126594543457,False,False,0.8591414727359585,0.0,0.0,0.0304938374585694,0.8353363724149075,1.0,1.0,1.0,1.0,1.0,1.0,1.0,1.0,1.0,1.0,1.0
adult,rf,4,75,1000,gradual,1.0,75,lime,2.419121742248535,0.0964119434356689,0.103386640548706,1.5192415714263916,False,False,0.2511431106258104,0.8183307172592643,0.5078249108017441,0.5047474326910307,0.7445482537431038,0.12,0.6355555555555555,0.6826666666666665,0.5106813186813187,0.911980229074097,0.711061161061161,0.6296296296296297,0.6,0.4725274725274725,0.8180562354699621,0.7326278659611992
adult,rf,4,75,1000,mean_shift,2.0,75,lime,2.419121742248535,0.0964119434356689,0.0994825363159179,1.4778838157653809,False,False,0.2409062990513888,0.8285675288336859,0.524111337229621,0.5210027494350289,0.7602874912508911,0.0933333333333333,0.5733333333333333,0.6053333333333332,0.4066520146520146,0.8600236104618574,0.6721915121915122,0.4761904761904761,0.5428571428571428,0.2967032967032967,0.6728347960000491,0.6240362811791382
adult,rf,4,75,1000,missing,0.5,75,lime,2.419121742248535,0.0964119434356689,0.1143643856048584,1.5590715408325195,False,False,0.8396915307445574,0.0415614549921517,0.0402364298012267,0.0318804929806748,0.8196802443139236,0.9733333333333334,0.6933333333333334,0.7226666666666666,0.5627252747252748,0.9373189770900524,0.7632352462352462,0.684931506849315,0.7178082191780821,0.5597772090922776,0.9371892294153812,0.7632553899677187
adult,rf,4,75,1000,noise,1.0,75,lime,2.419121742248535,0.0964119434356689,0.1234173774719238,1.530038595199585,False,False,0.7382788507472873,0.2019381696580905,0.1445727443550818,0.0856228061645137,0.7955488229680396,0.76,0.5999999999999999,0.6559999999999998,0.5643663003663005,0.8635431994756635,0.7616197506197505,0.5847953216374269,0.6561403508771929,0.5758627337574707,0.8611687657182506,0.7681419457735247
adult,rf,4,75,1000,quantize,2.0,75,lime,2.419121742248535,0.0964119434356689,0.1143310070037841,1.5424962043762207,False,False,0.8284310380126937,0.0747969699037739,0.0652445891865093,0.0528431701534533,0.825272178457778,0.9733333333333334,0.6533333333333331,0.6346666666666666,0.514901098901099,0.9363321269188318,0.7440932030932031,0.6484018264840183,0.6273972602739727,0.5122083396056,0.9379510524874612,0.7466710990683594
adult,rf,4,150,2000,baseline,0.0,150,lime,2.419121742248535,0.0960962772369384,0.1205346584320068,4.486064672470093,False,False,0.8591414727359585,0.0,0.0,0.0304938374585694,0.8353363724149075,1.0,1.0,1.0,1.0,1.0,1.0,1.0,1.0,1.0,1.0,1.0
adult,rf,4,150,2000,gradual,1.0,150,lime,2.419121742248535,0.0960962772369384,0.1041743755340576,4.353126764297485,False,False,0.2511431106258104,0.8183307172592643,0.5078249108017441,0.5047474326910307,0.7445482537431038,0.1533333333333333,0.6533333333333333,0.6813333333333332,0.5610842490842493,0.9164081543179328,0.7743400673400674,0.5362318840579711,0.6086956521739131,0.5073100812231247,0.7328820277055427,0.7142982621243491
adult,rf,4,150,2000,mean_shift,2.0,150,lime,2.419121742248535,0.0960962772369384,0.1003880500793457,4.221575975418091,False,False,0.2409062990513888,0.8285675288336859,0.524111337229621,0.5210027494350289,0.7602874912508911,0.1266666666666666,0.5466666666666666,0.632,0.4753406593406594,0.8809586613516598,0.7343219928219927,0.543859649122807,0.6,0.3964141122035858,0.6458945527380993,0.6651379322431954
adult,rf,4,150,2000,missing,0.5,150,lime,2.419121742248535,0.0960962772369384,0.1143279075622558,4.5423901081085205,False,False,0.8396915307445574,0.0415614549921517,0.0402364298012267,0.0318804929806748,0.8196802443139236,0.9733333333333334,0.7222222222222221,0.7479999999999999,0.6605128205128207,0.9613103950589988,0.8529279794279794,0.7168949771689497,0.7438356164383562,0.6563600782778866,0.962533652106682,0.8534845861900656
adult,rf,4,150,2000,noise,1.0,150,lime,2.419121742248535,0.0960962772369384,0.1240043640136718,4.382637977600098,False,False,0.7382788507472873,0.2019381696580905,0.1445727443550818,0.0856228061645137,0.7955488229680396,0.86,0.6466666666666666,0.7066666666666666,0.6393260073260074,0.8691470311521485,0.8507417397417398,0.6356589147286822,0.7007751937984497,0.6484197972570066,0.8612295228941531,0.8582452861522628
adult,rf,4,150,2000,quantize,2.0,150,lime,2.419121742248535,0.0960962772369384,0.1146306991577148,4.462855577468872,False,False,0.8284310380126937,0.0747969699037739,0.0652445891865093,0.0528431701534533,0.825272178457778,0.9466666666666668,0.7066666666666666,0.7146666666666666,0.6420512820512821,0.9550609176209222,0.8457709142709141,0.6995305164319248,0.7098591549295775,0.6424392508899551,0.9561587576501482,0.8472467868594628
bank-marketing,hgb,0,30,500,baseline,0.0,30,lime,1.452550172805786,0.1211521625518798,0.1446225643157959,2.321063280105591,False,False,0.9091713358891182,0.0,0.0,0.0102591388697742,0.9182624231665748,1.0,1.0,1.0,1.0,1.0,1.0,1.0,1.0,1.0,1.0,1.0
bank-marketing,hgb,0,30,500,gradual,1.0,30,lime,1.452550172805786,0.1211521625518798,0.1275312900543213,2.223390579223633,False,False,0.7142435859628428,0.2795635505750516,0.2720394648579273,0.2629448732612524,0.7419243177362838,0.6666666666666666,0.5444444444444444,0.4666666666666667,0.3808823529411764,0.7508931288250953,0.6247415547415548,0.55,0.47,0.3455882352941176,0.7741709710680846,0.6083333333333333
bank-marketing,hgb,0,30,500,mean_shift,2.0,30,lime,1.452550172805786,0.1211521625518798,0.0975849628448486,2.162473440170288,False,False,0.6702300206428782,0.3160572102624595,0.3402937652319523,0.3257658947312017,0.6687520691578378,0.6333333333333333,0.5111111111111112,0.5066666666666667,0.3332352941176471,0.698845466325921,0.6205769230769231,0.5087719298245614,0.5157894736842105,0.3029411764705882,0.7133029903995576,0.612280701754386
bank-marketing,hgb,0,30,500,missing,0.5,30,lime,1.452550172805786,0.1211521625518798,0.1234416961669921,2.348231315612793,False,False,0.893320554408729,0.0618549100560306,0.0639463249098652,0.0325576663476294,0.9236374778345338,0.8333333333333334,0.5666666666666665,0.5266666666666667,0.4152941176470587,0.8707062226611344,0.6563929588929589,0.56,0.544,0.4255294117647058,0.8774982214055355,0.6712747252747253
bank-marketing,hgb,0,30,500,noise,1.0,30,lime,1.452550172805786,0.1211521625518798,0.1321144104003906,2.212198495864868,False,False,0.8563845473311708,0.1157475670893541,0.1196122930190973,0.0841482449526021,0.8825423763254296,0.8,0.5333333333333333,0.52,0.433921568627451,0.8413677539300757,0.6817897842897842,0.5555555555555555,0.5333333333333333,0.4240196078431373,0.8429891017417751,0.6693369708994709
bank-marketing,hgb,0,30,500,quantize,2.0,30,lime,1.452550172805786,0.1211521625518798,0.1239140033721923,2.327919006347656,False,False,0.8301386021822471,0.1439103509289295,0.1711071837556003,0.1494154064434417,0.8234174051090287,0.8,0.6,0.56,0.5014705882352941,0.8792046584230493,0.7176358363858364,0.611111111111111,0.5583333333333333,0.4911764705882353,0.891277378218204,0.720692791005291
bank-marketing,hgb,0,75,1000,baseline,0.0,75,lime,1.452550172805786,0.0958473682403564,0.1484310626983642,6.860990047454834,False,False,0.9091713358891182,0.0,0.0,0.0102591388697742,0.9182624231665748,1.0,1.0,1.0,1.0,1.0,1.0,1.0,1.0,1.0,1.0,1.0
bank-marketing,hgb,0,75,1000,gradual,1.0,75,lime,1.452550172805786,0.0958473682403564,0.1033143997192382,6.984968423843384,False,False,0.7142435859628428,0.2795635505750516,0.2720394648579273,0.2629448732612524,0.7419243177362838,0.6933333333333334,0.5777777777777777,0.5813333333333334,0.4968235294117648,0.8478806501088048,0.7233264883264883,0.5961538461538461,0.5769230769230769,0.4821832579185521,0.8684402719950015,0.7037238936277397
bank-marketing,hgb,0,75,1000,mean_shift,2.0,75,lime,1.452550172805786,0.0958473682403564,0.1016566753387451,6.767157316207886,False,False,0.6702300206428782,0.3160572102624595,0.3402937652319523,0.3257658947312017,0.6687520691578378,0.64,0.5555555555555555,0.568,0.4238431372549019,0.7654132956857087,0.6997370407370408,0.5555555555555555,0.5708333333333334,0.4340073529411763,0.7829113839480657,0.7094548391423392
bank-marketing,hgb,0,75,1000,missing,0.5,75,lime,1.452550172805786,0.0958473682403564,0.1028401851654052,6.917990922927856,False,False,0.893320554408729,0.0618549100560306,0.0639463249098652,0.0325576663476294,0.9236374778345338,0.92,0.6133333333333333,0.6266666666666665,0.516235294117647,0.9149582041017006,0.7571872201872202,0.6183574879227053,0.6347826086956521,0.5164961636828643,0.9155473692494428,0.7559541505193679
bank-marketing,hgb,0,75,1000,noise,1.0,75,lime,1.452550172805786,0.0958473682403564,0.1074328422546386,6.959214925765991,False,False,0.8563845473311708,0.1157475670893541,0.1196122930190973,0.0841482449526021,0.8825423763254296,0.84,0.5377777777777776,0.576,0.467843137254902,0.8717704225964413,0.7345784585784585,0.5502645502645502,0.580952380952381,0.465499533146592,0.8757445732016899,0.731264987217368
bank-marketing,hgb,0,75,1000,quantize,2.0,75,lime,1.452550172805786,0.0958473682403564,0.0958926677703857,6.922616243362427,False,False,0.8301386021822471,0.1439103509289295,0.1711071837556003,0.1494154064434417,0.8234174051090287,0.8533333333333334,0.5911111111111111,0.6666666666666665,0.571843137254902,0.9347923042922816,0.782061494061494,0.59375,0.671875,0.5587316176470588,0.9396760019803378,0.7796798687423687
bank-marketing,hgb,0,150,2000,baseline,0.0,150,lime,1.452550172805786,0.0813574790954589,0.1459569931030273,14.634634256362917,False,False,0.9091713358891182,0.0,0.0,0.0102591388697742,0.9182624231665748,1.0,1.0,1.0,1.0,1.0,1.0,1.0,1.0,1.0,1.0,1.0
bank-marketing,hgb,0,150,2000,gradual,1.0,150,lime,1.452550172805786,0.0813574790954589,0.0988819599151611,14.65446639060974,False,False,0.7142435859628428,0.2795635505750516,0.2720394648579273,0.2629448732612524,0.7419243177362838,0.68,0.5555555555555556,0.5946666666666667,0.5379803921568627,0.8681103796896953,0.7916897916897917,0.5620915032679739,0.588235294117647,0.519867358708189,0.8877096732998353,0.7782010473186943
bank-marketing,hgb,0,150,2000,mean_shift,2.0,150,lime,1.452550172805786,0.0813574790954589,0.1000466346740722,14.568092584609984,False,False,0.6702300206428782,0.3160572102624595,0.3402937652319523,0.3257658947312017,0.6687520691578378,0.6266666666666667,0.5244444444444444,0.6026666666666666,0.4629215686274509,0.7941996585507839,0.7355265845265846,0.5354609929078014,0.604255319148936,0.4454943679599499,0.809666217390491,0.7247446111807815
bank-marketing,hgb,0,150,2000,missing,0.5,150,lime,1.452550172805786,0.0813574790954589,0.1020929813385009,14.572638511657717,False,False,0.893320554408729,0.0618549100560306,0.0639463249098652,0.0325576663476294,0.9236374778345338,0.92,0.6711111111111111,0.6573333333333333,0.6135686274509804,0.9513479088201972,0.8258448588448588,0.678743961352657,0.6594202898550725,0.610848252344416,0.9522935756447192,0.8286683525813959
bank-marketing,hgb,0,150,2000,noise,1.0,150,lime,1.452550172805786,0.0813574790954589,0.1032938957214355,14.36192774772644,False,False,0.8563845473311708,0.1157475670893541,0.1196122930190973,0.0841482449526021,0.8825423763254296,0.8333333333333334,0.6,0.5733333333333333,0.5049019607843137,0.9158392722064764,0.763559422059422,0.6053333333333334,0.576,0.4932470588235295,0.9198044459222904,0.7562276168276167
bank-marketing,hgb,0,150,2000,quantize,2.0,150,lime,1.452550172805786,0.0813574790954589,0.0964448451995849,14.580156564712524,False,False,0.8301386021822471,0.1439103509289295,0.1711071837556003,0.1494154064434417,0.8234174051090287,0.8533333333333334,0.6688888888888889,0.6639999999999999,0.6345686274509803,0.958576400259692,0.8288915528915529,0.6588541666666666,0.6625,0.6292049632352941,0.9600441343094396,0.8216736822205573
bank-marketing,hgb,1,30,500,baseline,0.0,30,lime,1.481184005737305,0.1260960102081298,0.1531188488006591,2.254232883453369,False,False,0.9079917428487172,0.0,0.0,0.0121571048693567,0.920053139152442,1.0,1.0,1.0,1.0,1.0,1.0,1.0,1.0,1.0,1.0,1.0
bank-marketing,hgb,1,30,500,gradual,1.0,30,lime,1.481184005737305,0.1260960102081298,0.12650728225708,2.327815532684326,False,False,0.77226481863757,0.213432615747567,0.2362105889098813,0.221521780590392,0.7537523162418419,0.8,0.5777777777777777,0.5466666666666667,0.4205882352941176,0.8221229726472349,0.6737271062271064,0.5694444444444444,0.5666666666666668,0.3995098039215686,0.8361301128312254,0.6511154354904355
bank-marketing,hgb,1,30,500,mean_shift,2.0,30,lime,1.481184005737305,0.1260960102081298,0.1025111675262451,2.2348694801330566,False,False,0.5984222943084636,0.3995134178708345,0.3715562400444326,0.361372042157411,0.6812070430498469,0.5,0.4333333333333333,0.5066666666666667,0.3523529411764706,0.7570218956436415,0.6410413660413661,0.3999999999999999,0.4666666666666667,0.3131372549019607,0.7414995435348286,0.629952454952455
bank-marketing,hgb,1,30,500,missing,0.5,30,lime,1.481184005737305,0.1260960102081298,0.126023530960083,2.3316376209259038,False,False,0.893320554408729,0.0569890887643762,0.063583072087423,0.0365773831561209,0.9240500199732083,0.9666666666666668,0.6000000000000001,0.6066666666666669,0.4215686274509804,0.8859776244316152,0.6887284937284938,0.5977011494252873,0.606896551724138,0.4200811359026369,0.8852207006582294,0.684264585988724
bank-marketing,hgb,1,30,500,noise,1.0,30,lime,1.481184005737305,0.1260960102081298,0.136636734008789,2.2389066219329834,False,False,0.8587437334119729,0.1098496018873488,0.1165152021214104,0.0813675406817507,0.8863894549147125,0.9,0.5777777777777777,0.6000000000000001,0.4558823529411765,0.841601702430476,0.7035861360861362,0.5802469135802467,0.6222222222222222,0.4659041394335513,0.8341244992059083,0.7137208470541805
bank-marketing,hgb,1,30,500,quantize,2.0,30,lime,1.481184005737305,0.1260960102081298,0.1225447654724121,2.246601104736328,False,False,0.8703184901209083,0.0969478030079622,0.1371666283117204,0.1084967413346768,0.8355183168729058,0.8333333333333334,0.5555555555555555,0.56,0.4472549019607843,0.8896058510402758,0.6900948125948128,0.5466666666666666,0.56,0.448470588235294,0.8882584390730456,0.6858713508713508
bank-marketing,hgb,1,75,1000,baseline,0.0,75,lime,1.481184005737305,0.091642141342163,0.1478242874145507,6.958392858505249,False,False,0.9079917428487172,0.0,0.0,0.0121571048693567,0.920053139152442,1.0,1.0,1.0,1.0,1.0,1.0,1.0,1.0,1.0,1.0,1.0
bank-marketing,hgb,1,75,1000,gradual,1.0,75,lime,1.481184005737305,0.091642141342163,0.1047828197479248,6.962078809738159,False,False,0.77226481863757,0.213432615747567,0.2362105889098813,0.221521780590392,0.7537523162418419,0.8,0.6088888888888888,0.5573333333333333,0.4760392156862745,0.8553507976444484,0.7277233507233507,0.622222222222222,0.5633333333333332,0.4638235294117647,0.8748393525393845,0.7115986328486329
bank-marketing,hgb,1,75,1000,mean_shift,2.0,75,lime,1.481184005737305,0.091642141342163,0.0976879596710205,6.930286407470703,False,False,0.5984222943084636,0.3995134178708345,0.3715562400444326,0.361372042157411,0.6812070430498469,0.48,0.5822222222222221,0.5733333333333334,0.358078431372549,0.7925384480959929,0.6563799163799164,0.601851851851852,0.5777777777777778,0.3520424836601307,0.7939227809254757,0.6565504711338046
bank-marketing,hgb,1,75,1000,missing,0.5,75,lime,1.481184005737305,0.091642141342163,0.0981965065002441,6.953898668289185,False,False,0.893320554408729,0.0569890887643762,0.063583072087423,0.0365773831561209,0.9240500199732083,0.96,0.6711111111111111,0.6266666666666667,0.5836862745098039,0.937480107321038,0.7773312983312982,0.6666666666666666,0.6277777777777778,0.583578431372549,0.9396892430384052,0.781479361687695
bank-marketing,hgb,1,75,1000,noise,1.0,75,lime,1.481184005737305,0.091642141342163,0.106436014175415,6.833130836486816,False,False,0.8587437334119729,0.1098496018873488,0.1165152021214104,0.0813675406817507,0.8863894549147125,0.9066666666666666,0.6177777777777778,0.5893333333333334,0.4543921568627451,0.8814119827651133,0.6925568875568875,0.6176470588235293,0.588235294117647,0.4502162629757786,0.8742102139410839,0.6852313944225709
bank-marketing,hgb,1,75,1000,quantize,2.0,75,lime,1.481184005737305,0.091642141342163,0.0959718227386474,6.889255046844482,False,False,0.8703184901209083,0.0969478030079622,0.1371666283117204,0.1084967413346768,0.8355183168729058,0.88,0.64,0.5973333333333334,0.582156862745098,0.9384545487492424,0.773133755133755,0.6363636363636364,0.6060606060606061,0.5799465240641711,0.9366275012100104,0.7760779203961023
bank-marketing,hgb,1,150,2000,baseline,0.0,150,lime,1.481184005737305,0.0822253227233886,0.1492044925689697,14.666409969329834,False,False,0.9079917428487172,0.0,0.0,0.0121571048693567,0.920053139152442,1.0,1.0,1.0,1.0,1.0,1.0,1.0,1.0,1.0,1.0,1.0
bank-marketing,hgb,1,150,2000,gradual,1.0,150,lime,1.481184005737305,0.0822253227233886,0.1001162528991699,14.45880937576294,False,False,0.77226481863757,0.213432615747567,0.2362105889098813,0.221521780590392,0.7537523162418419,0.7466666666666667,0.6155555555555556,0.6266666666666665,0.5402941176470588,0.8623279182371929,0.7733706478706478,0.6220238095238094,0.6178571428571429,0.5359506302521009,0.898022685085288,0.7732848748473747
bank-marketing,hgb,1,150,2000,mean_shift,2.0,150,lime,1.481184005737305,0.0822253227233886,0.1023478507995605,14.658743619918823,False,False,0.5984222943084636,0.3995134178708345,0.3715562400444326,0.361372042157411,0.6812070430498469,0.5333333333333333,0.5644444444444445,0.604,0.4128039215686274,0.8026928743984711,0.6846631701631702,0.5375,0.5650000000000001,0.3972058823529411,0.8040744807520868,0.6791655219780219
bank-marketing,hgb,1,150,2000,missing,0.5,150,lime,1.481184005737305,0.0822253227233886,0.097830057144165,14.51231074333191,False,False,0.893320554408729,0.0569890887643762,0.063583072087423,0.0365773831561209,0.9240500199732083,0.94,0.7066666666666667,0.6813333333333332,0.6142745098039215,0.9549244373518974,0.8194736744736745,0.7092198581560284,0.6865248226950355,0.6210888610763453,0.9609484973695986,0.8263429635770061
bank-marketing,hgb,1,150,2000,noise,1.0,150,lime,1.481184005737305,0.0822253227233886,0.1033148765563964,14.461308479309082,False,False,0.8587437334119729,0.1098496018873488,0.1165152021214104,0.0813675406817507,0.8863894549147125,0.8733333333333333,0.6266666666666667,0.6226666666666666,0.5243725490196077,0.9016793424928468,0.7740659895659895,0.6208651399491094,0.6244274809160304,0.5202739110911541,0.8981993617543129,0.764736895843766
bank-marketing,hgb,1,150,2000,quantize,2.0,150,lime,1.481184005737305,0.0822253227233886,0.0960187911987304,14.60403823852539,False,False,0.8703184901209083,0.0969478030079622,0.1371666283117204,0.1084967413346768,0.8355183168729058,0.8533333333333334,0.6933333333333334,0.6919999999999998,0.6298627450980392,0.9571562084706332,0.8337118252118252,0.6927083333333334,0.684375,0.6310891544117647,0.9601267538124156,0.8361110460719836
bank-marketing,hgb,2,30,500,baseline,0.0,30,lime,1.431774377822876,0.1187489032745361,0.1469359397888183,2.214378595352173,False,False,0.9074019463285168,0.0,0.0,0.0130540562171143,0.9202245204523476,1.0,1.0,1.0,1.0,1.0,1.0,1.0,1.0,1.0,1.0,1.0
bank-marketing,hgb,2,30,500,gradual,1.0,30,lime,1.431774377822876,0.1187489032745361,0.1209430694580078,2.296864748001098,False,False,0.735623709820112,0.262312002359186,0.2689796857378613,0.2559988252599836,0.7364863203958958,0.9666666666666668,0.6777777777777777,0.5733333333333334,0.4697058823529411,0.8509342235332904,0.6641079291079292,0.6781609195402298,0.5724137931034483,0.4798174442190669,0.857308363087526,0.6678511144028386
bank-marketing,hgb,2,30,500,mean_shift,2.0,30,lime,1.431774377822876,0.1187489032745361,0.0975053310394287,2.057713270187378,False,False,0.623341197286936,0.3732674727219109,0.3633375933760716,0.3480355944556989,0.6765178958755148,0.7333333333333333,0.4888888888888889,0.5133333333333334,0.3650980392156862,0.7680549612642018,0.6488190513190514,0.4848484848484848,0.4909090909090909,0.3624331550802139,0.7683963431118855,0.6233799029253574
bank-marketing,hgb,2,30,500,missing,0.5,30,lime,1.431774377822876,0.1187489032745361,0.1254196166992187,2.267549753189087,False,False,0.8908139191978768,0.0621498083161309,0.0641112969774317,0.0391500843611666,0.9276611516463988,1.0,0.6333333333333333,0.56,0.4548039215686275,0.8661595097110847,0.6816162541162544,0.6333333333333333,0.56,0.4548039215686275,0.8661595097110847,0.6816162541162544
bank-marketing,hgb,2,30,500,noise,1.0,30,lime,1.431774377822876,0.1187489032745361,0.1271402835845947,2.3146626949310303,False,False,0.8498967856089649,0.1141256266588027,0.1210335869553981,0.0938110736266264,0.8823852850981012,0.8666666666666667,0.6444444444444445,0.5733333333333334,0.4070588235294118,0.8637203916271193,0.6386571761571762,0.6410256410256411,0.5692307692307692,0.4036199095022624,0.8599350362750887,0.6328425847656618
bank-marketing,hgb,2,30,500,quantize,2.0,30,lime,1.431774377822876,0.1187489032745361,0.1179304122924804,2.300986051559448,False,False,0.8461368327926865,0.1310085520495429,0.1737304302736362,0.1519555332242349,0.8274372660290934,0.9666666666666668,0.611111111111111,0.5666666666666667,0.4950980392156862,0.8782038073845831,0.7060988085988086,0.6206896551724138,0.5655172413793103,0.4977687626774847,0.8781553261331461,0.6997957023819092
bank-marketing,hgb,2,75,1000,baseline,0.0,75,lime,1.431774377822876,0.0927569866180419,0.1416597366333007,6.917271137237549,False,False,0.9074019463285168,0.0,0.0,0.0130540562171143,0.9202245204523476,1.0,1.0,1.0,1.0,1.0,1.0,1.0,1.0,1.0,1.0,1.0
bank-marketing,hgb,2,75,1000,gradual,1.0,75,lime,1.431774377822876,0.0927569866180419,0.1026155948638916,7.009113311767578,False,False,0.735623709820112,0.262312002359186,0.2689796857378613,0.2559988252599836,0.7364863203958958,0.8266666666666667,0.5911111111111111,0.6186666666666667,0.5452549019607844,0.8777651342328489,0.7591283531283531,0.5860215053763439,0.6064516129032258,0.551470588235294,0.906082688069199,0.7654254795383828
bank-marketing,hgb,2,75,1000,mean_shift,2.0,75,lime,1.431774377822876,0.0927569866180419,0.0979249477386474,6.933952331542969,False,False,0.623341197286936,0.3732674727219109,0.3633375933760716,0.3480355944556989,0.6765178958755148,0.6666666666666666,0.56,0.5999999999999999,0.4635294117647059,0.8021087102045265,0.7028538128538129,0.5533333333333333,0.588,0.4696470588235295,0.821424463166396,0.6986726606726609
bank-marketing,hgb,2,75,1000,missing,0.5,75,lime,1.431774377822876,0.0927569866180419,0.0966856479644775,6.834791898727417,False,False,0.8908139191978768,0.0621498083161309,0.0641112969774317,0.0391500843611666,0.9276611516463988,0.9733333333333334,0.6755555555555556,0.6346666666666666,0.5506274509803921,0.9302948960920648,0.7464093684093684,0.680365296803653,0.6328767123287671,0.5505640612409348,0.9305934057118436,0.746310994941132
bank-marketing,hgb,2,75,1000,noise,1.0,75,lime,1.431774377822876,0.0927569866180419,0.1045570373535156,6.802764177322388,False,False,0.8498967856089649,0.1141256266588027,0.1210335869553981,0.0938110736266264,0.8823852850981012,0.9066666666666666,0.5955555555555555,0.5840000000000001,0.4684313725490196,0.8949375765041518,0.7121334961334961,0.6029411764705881,0.5764705882352942,0.466219723183391,0.8957213244784306,0.7074619824619826
bank-marketing,hgb,2,75,1000,quantize,2.0,75,lime,1.431774377822876,0.0927569866180419,0.0948867797851562,6.873539686203003,False,False,0.8461368327926865,0.1310085520495429,0.1737304302736362,0.1519555332242349,0.8274372660290934,0.9466666666666668,0.6711111111111111,0.6506666666666665,0.522,0.9323925215298464,0.7278418248418248,0.6713615023474178,0.6422535211267605,0.5253935376967689,0.9341716929264118,0.726571120585205
bank-marketing,hgb,2,150,2000,baseline,0.0,150,lime,1.431774377822876,0.0797209739685058,0.1420803070068359,14.518766403198242,False,False,0.9074019463285168,0.0,0.0,0.0130540562171143,0.9202245204523476,1.0,1.0,1.0,1.0,1.0,1.0,1.0,1.0,1.0,1.0,1.0
bank-marketing,hgb,2,150,2000,gradual,1.0,150,lime,1.431774377822876,0.0797209739685058,0.0984423160552978,14.49144721031189,False,False,0.735623709820112,0.262312002359186,0.2689796857378613,0.2559988252599836,0.7364863203958958,0.7466666666666667,0.6355555555555555,0.6359999999999999,0.5626078431372549,0.878501287607081,0.7958572353572354,0.6428571428571429,0.65,0.5637079831932773,0.9152936645913886,0.7941540354486784
bank-marketing,hgb,2,150,2000,mean_shift,2.0,150,lime,1.431774377822876,0.0797209739685058,0.1010830402374267,14.529260635375977,False,False,0.623341197286936,0.3732674727219109,0.3633375933760716,0.3480355944556989,0.6765178958755148,0.6266666666666667,0.5777777777777777,0.6106666666666666,0.5014313725490196,0.8152981307226332,0.7473737558737559,0.5886524822695036,0.6042553191489363,0.4998748435544431,0.847689145100402,0.730922092092305
bank-marketing,hgb,2,150,2000,missing,0.5,150,lime,1.431774377822876,0.0797209739685058,0.0964102745056152,14.540192365646362,False,False,0.8908139191978768,0.0621498083161309,0.0641112969774317,0.0391500843611666,0.9276611516463988,0.96,0.7177777777777778,0.7093333333333331,0.6017254901960783,0.9516533982525096,0.802509287009287,0.7268518518518517,0.7111111111111111,0.6080269607843136,0.9598026084195944,0.8074289522206188
bank-marketing,hgb,2,150,2000,noise,1.0,150,lime,1.431774377822876,0.0797209739685058,0.1035165786743164,14.474456071853638,False,False,0.8498967856089649,0.1141256266588027,0.1210335869553981,0.0938110736266264,0.8823852850981012,0.8933333333333333,0.6377777777777778,0.6213333333333333,0.5476274509803921,0.930626694594057,0.7819729344729345,0.6318407960199004,0.6134328358208956,0.5357769973661107,0.930118245866118,0.7742412024128442
bank-marketing,hgb,2,150,2000,quantize,2.0,150,lime,1.431774377822876,0.0797209739685058,0.0986635684967041,14.52800750732422,False,False,0.8461368327926865,0.1310085520495429,0.1737304302736362,0.1519555332242349,0.8274372660290934,0.8866666666666667,0.7044444444444444,0.6866666666666665,0.6314509803921569,0.956718408205788,0.8318024938024937,0.6992481203007519,0.6857142857142856,0.6310039805395844,0.9573637077378698,0.8298106655249511
bank-marketing,hgb,3,30,500,baseline,0.0,30,lime,1.436992645263672,0.1176786422729492,0.1447381973266601,2.279304027557373,False,False,0.9069595989383664,0.0,0.0,0.0136286273203173,0.9197893844197508,1.0,1.0,1.0,1.0,1.0,1.0,1.0,1.0,1.0,1.0,1.0
bank-marketing,hgb,3,30,500,gradual,1.0,30,lime,1.436992645263672,0.1176786422729492,0.1260299682617187,2.2862579822540283,False,False,0.7694632851666175,0.2147596579180183,0.2364939509679212,0.2216534331206609,0.7483974245231387,0.8,0.611111111111111,0.5800000000000001,0.4403921568627451,0.8161466784632057,0.6991483516483519,0.611111111111111,0.5666666666666668,0.4138480392156863,0.8597995075946594,0.6814942002442003
bank-marketing,hgb,3,30,500,mean_shift,2.0,30,lime,1.436992645263672,0.1176786422729492,0.0974373817443847,2.14905858039856,False,False,0.7218372161604246,0.2637127690946623,0.3106267342659922,0.2935059362339426,0.6772300576102426,0.7,0.5555555555555555,0.5333333333333333,0.3747058823529411,0.7547239806809645,0.6553766603766605,0.5555555555555556,0.5047619047619049,0.357983193277311,0.8031946438602345,0.6427317391603106
bank-marketing,hgb,3,30,500,missing,0.5,30,lime,1.436992645263672,0.1176786422729492,0.1278371810913086,2.2305984497070312,False,False,0.8913299911530522,0.0592745502801533,0.0632754538529562,0.0383351043882448,0.9207113635091342,1.0,0.5222222222222223,0.5666666666666667,0.4326470588235295,0.8751403232599118,0.6570037370037372,0.5222222222222223,0.5666666666666667,0.4326470588235295,0.8751403232599118,0.6570037370037372
bank-marketing,hgb,3,30,500,noise,1.0,30,lime,1.436992645263672,0.1176786422729492,0.1310701370239257,2.2573354244232178,False,False,0.8563108227661457,0.1127248599233264,0.1161974226079652,0.0792396328964013,0.8870005548151025,0.9,0.5555555555555556,0.5866666666666667,0.4635294117647059,0.8318821020986713,0.6997259222259223,0.5555555555555556,0.5925925925925926,0.4521786492374728,0.8516722033010466,0.6984134178578623
bank-marketing,hgb,3,30,500,quantize,2.0,30,lime,1.436992645263672,0.1176786422729492,0.1229078769683837,2.2674977779388428,False,False,0.8538041875552934,0.1128723090533765,0.1411315662982042,0.1126622702570701,0.8425751641672341,0.8666666666666667,0.5444444444444444,0.5800000000000001,0.4839215686274509,0.8816293178375609,0.701348558848559,0.5384615384615384,0.5692307692307692,0.4605203619909502,0.8747639058501032,0.6941924528462989
bank-marketing,hgb,3,75,1000,baseline,0.0,75,lime,1.436992645263672,0.098780870437622,0.1484365463256836,6.905068397521973,False,False,0.9069595989383664,0.0,0.0,0.0136286273203173,0.9197893844197508,1.0,1.0,1.0,1.0,1.0,1.0,1.0,1.0,1.0,1.0,1.0
bank-marketing,hgb,3,75,1000,gradual,1.0,75,lime,1.436992645263672,0.098780870437622,0.1034562587738037,6.8436009883880615,False,False,0.7694632851666175,0.2147596579180183,0.2364939509679212,0.2216534331206609,0.7483974245231387,0.7733333333333333,0.5733333333333333,0.5680000000000001,0.522078431372549,0.8348521619404907,0.7365548895548896,0.5747126436781609,0.5620689655172414,0.5210953346855983,0.8602335003526138,0.7340974159939677
bank-marketing,hgb,3,75,1000,mean_shift,2.0,75,lime,1.436992645263672,0.098780870437622,0.0985794067382812,6.83831524848938,False,False,0.7218372161604246,0.2637127690946623,0.3106267342659922,0.2935059362339426,0.6772300576102426,0.7333333333333333,0.5244444444444444,0.5413333333333333,0.3896862745098039,0.7652858439813799,0.6410790320790322,0.5333333333333333,0.5236363636363637,0.389144385026738,0.7973985827068014,0.6322985600258328
bank-marketing,hgb,3,75,1000,missing,0.5,75,lime,1.436992645263672,0.098780870437622,0.1028125286102294,6.875334024429321,False,False,0.8913299911530522,0.0592745502801533,0.0632754538529562,0.0383351043882448,0.9207113635091342,1.0,0.6577777777777777,0.6373333333333332,0.5769411764705883,0.9309231646542464,0.7665251415251416,0.6577777777777777,0.6373333333333332,0.5769411764705883,0.9309231646542464,0.7665251415251416
bank-marketing,hgb,3,75,1000,noise,1.0,75,lime,1.436992645263672,0.098780870437622,0.1065669059753418,6.812725067138672,False,False,0.8563108227661457,0.1127248599233264,0.1161974226079652,0.0792396328964013,0.8870005548151025,0.9333333333333332,0.6177777777777778,0.5599999999999999,0.4648235294117647,0.8828987546703201,0.7013223813223814,0.619047619047619,0.5628571428571428,0.4638655462184873,0.8978414015046491,0.7051220208363066
bank-marketing,hgb,3,75,1000,quantize,2.0,75,lime,1.436992645263672,0.098780870437622,0.1015307903289794,6.771559000015259,False,False,0.8538041875552934,0.1128723090533765,0.1411315662982042,0.1126622702570701,0.8425751641672341,0.9066666666666666,0.6088888888888888,0.6053333333333332,0.5673725490196078,0.9313555648829002,0.7619335109335109,0.6078431372549019,0.6088235294117645,0.5605103806228373,0.9321692252377516,0.7617762139820964
bank-marketing,hgb,3,150,2000,baseline,0.0,150,lime,1.436992645263672,0.0816569328308105,0.1497516632080078,14.49169898033142,False,False,0.9069595989383664,0.0,0.0,0.0136286273203173,0.9197893844197508,1.0,1.0,1.0,1.0,1.0,1.0,1.0,1.0,1.0,1.0,1.0
bank-marketing,hgb,3,150,2000,gradual,1.0,150,lime,1.436992645263672,0.0816569328308105,0.0995962619781494,14.526866674423218,False,False,0.7694632851666175,0.2147596579180183,0.2364939509679212,0.2216534331206609,0.7483974245231387,0.8,0.6155555555555555,0.62,0.5517843137254901,0.8714057744067709,0.7661495726495726,0.6222222222222221,0.6199999999999999,0.5497303921568627,0.8986439788266679,0.7567948949198949
bank-marketing,hgb,3,150,2000,mean_shift,2.0,150,lime,1.436992645263672,0.0816569328308105,0.1129367351531982,14.570078134536743,False,False,0.7218372161604246,0.2637127690946623,0.3106267342659922,0.2935059362339426,0.6772300576102426,0.7333333333333333,0.5422222222222222,0.5506666666666666,0.4601960784313724,0.8047785888080078,0.7211297961297961,0.5424242424242423,0.5418181818181819,0.4520588235294117,0.820131400850416,0.7153818151545422
bank-marketing,hgb,3,150,2000,missing,0.5,150,lime,1.436992645263672,0.0816569328308105,0.1030330657958984,14.426388263702393,False,False,0.8913299911530522,0.0592745502801533,0.0632754538529562,0.0383351043882448,0.9207113635091342,0.9866666666666668,0.7555555555555554,0.6693333333333332,0.6122156862745098,0.9560497811986924,0.796056425056425,0.7545045045045045,0.6702702702702702,0.6106120826709063,0.9562302406364712,0.7975475350475351
bank-marketing,hgb,3,150,2000,noise,1.0,150,lime,1.436992645263672,0.0816569328308105,0.1028547286987304,14.493667364120483,False,False,0.8563108227661457,0.1127248599233264,0.1161974226079652,0.0792396328964013,0.8870005548151025,0.94,0.6355555555555555,0.6120000000000001,0.5299607843137255,0.915786723862203,0.7547704887704888,0.6335697399527186,0.6099290780141844,0.5248644138506466,0.9218831466461754,0.7524865008907562
bank-marketing,hgb,3,150,2000,quantize,2.0,150,lime,1.436992645263672,0.0816569328308105,0.0970206260681152,14.574474096298218,False,False,0.8538041875552934,0.1128723090533765,0.1411315662982042,0.1126622702570701,0.8425751641672341,0.9333333333333332,0.6555555555555554,0.6533333333333333,0.6273921568627451,0.9482356933266476,0.8079306249306248,0.6595238095238095,0.6514285714285714,0.6243697478991597,0.9490296416382148,0.8056546429760715
bank-marketing,hgb,4,30,500,baseline,0.0,30,lime,1.4807236194610596,0.1178889274597168,0.1513071060180664,2.294267177581787,False,False,0.907844293718667,0.0,0.0,0.0122647615866283,0.9182138079221056,1.0,1.0,1.0,1.0,1.0,1.0,1.0,1.0,1.0,1.0,1.0
bank-marketing,hgb,4,30,500,gradual,1.0,30,lime,1.4807236194610596,0.1178889274597168,0.1291010379791259,2.3212811946868896,False,False,0.7168976703037452,0.2757298731937481,0.2753612990540426,0.2658861875430248,0.7381572590657745,0.8333333333333334,0.5444444444444445,0.5533333333333332,0.4538235294117646,0.7573838572184622,0.6718511118511119,0.56,0.536,0.4309411764705882,0.7943428606485857,0.6502386502386502
bank-marketing,hgb,4,30,500,mean_shift,2.0,30,lime,1.4807236194610596,0.1178889274597168,0.0988025665283203,2.274914503097534,False,False,0.6659539958714243,0.3251990563255676,0.3373087347125316,0.3239294598920341,0.6794199794245018,0.8666666666666667,0.5555555555555555,0.52,0.3846078431372549,0.7075808361867418,0.6121589521589521,0.5769230769230769,0.5153846153846153,0.377601809954751,0.7336667312106859,0.6083102794641255
bank-marketing,hgb,4,30,500,missing,0.5,30,lime,1.4807236194610596,0.1178889274597168,0.1289887428283691,2.232584953308105,False,False,0.8882335594219994,0.0663521085225597,0.0664559017718543,0.0376449123576761,0.9229298227115535,0.9333333333333332,0.6333333333333332,0.5933333333333335,0.514705882352941,0.8440743459224753,0.7400827875827876,0.6071428571428569,0.5857142857142857,0.5090336134453781,0.8379297027885164,0.7274696533625107
bank-marketing,hgb,4,30,500,noise,1.0,30,lime,1.4807236194610596,0.1178889274597168,0.1264126300811767,2.275845050811768,False,False,0.8540990858153937,0.1164110881745797,0.1181209098967666,0.085600132936879,0.882826299485415,0.9,0.5555555555555555,0.52,0.423921568627451,0.7609491100478478,0.6651185851185851,0.5679012345679012,0.525925925925926,0.4103485838779956,0.7535668949300572,0.665788326899438
bank-marketing,hgb,4,30,500,quantize,2.0,30,lime,1.4807236194610596,0.1178889274597168,0.1190800666809082,2.3673484325408936,False,False,0.8673695075199056,0.10564730168092,0.1294263491753707,0.1011118947453172,0.8501551027888715,0.9333333333333332,0.5888888888888889,0.5266666666666667,0.4632352941176471,0.8373821412529859,0.6879710104710105,0.5833333333333333,0.5214285714285715,0.4723739495798319,0.8428828027207838,0.6924689397903684
bank-marketing,hgb,4,75,1000,baseline,0.0,75,lime,1.4807236194610596,0.0926780700683593,0.1543755531311035,6.967983245849609,False,False,0.907844293718667,0.0,0.0,0.0122647615866283,0.9182138079221056,1.0,1.0,1.0,1.0,1.0,1.0,1.0,1.0,1.0,1.0,1.0
bank-marketing,hgb,4,75,1000,gradual,1.0,75,lime,1.4807236194610596,0.0926780700683593,0.0996649265289306,6.953979015350342,False,False,0.7168976703037452,0.2757298731937481,0.2753612990540426,0.2658861875430248,0.7381572590657745,0.72,0.5644444444444444,0.5946666666666666,0.5280392156862745,0.8136215279184578,0.7387908757908758,0.5802469135802468,0.6,0.5320261437908498,0.8457535363023405,0.7248951665618334
bank-marketing,hgb,4,75,1000,mean_shift,2.0,75,lime,1.4807236194610596,0.0926780700683593,0.1022043228149414,6.806846380233765,False,False,0.6659539958714243,0.3251990563255676,0.3373087347125316,0.3239294598920341,0.6794199794245018,0.7333333333333333,0.4977777777777778,0.5759999999999998,0.4715294117647059,0.7329062299569497,0.7124844784844785,0.5272727272727272,0.570909090909091,0.4445989304812834,0.7525187035949461,0.6807313898222987
bank-marketing,hgb,4,75,1000,missing,0.5,75,lime,1.4807236194610596,0.0926780700683593,0.1022329330444336,6.99299168586731,False,False,0.8882335594219994,0.0663521085225597,0.0664559017718543,0.0376449123576761,0.9229298227115535,0.9466666666666668,0.662222222222222,0.6426666666666665,0.5800392156862745,0.9165472297934352,0.7833674103674104,0.6525821596244131,0.6338028169014084,0.5729494614747307,0.9150999022594374,0.7806377894406065
bank-marketing,hgb,4,75,1000,noise,1.0,75,lime,1.4807236194610596,0.0926780700683593,0.1066577434539794,6.915661334991455,False,False,0.8540990858153937,0.1164110881745797,0.1181209098967666,0.085600132936879,0.882826299485415,0.9333333333333332,0.5955555555555556,0.5866666666666666,0.4989019607843137,0.8525648428267429,0.7116681096681097,0.6047619047619047,0.5942857142857141,0.4946638655462185,0.8485471435685447,0.7107158317872603
bank-marketing,hgb,4,75,1000,quantize,2.0,75,lime,1.4807236194610596,0.0926780700683593,0.095217227935791,6.927569150924683,False,False,0.8673695075199056,0.10564730168092,0.1294263491753707,0.1011118947453172,0.8501551027888715,0.92,0.6266666666666666,0.5999999999999999,0.5684705882352942,0.9116775014662096,0.7617030377030377,0.6328502415458935,0.6057971014492753,0.5632566069906224,0.9118585793633838,0.7577595914552436
bank-marketing,hgb,4,150,2000,baseline,0.0,150,lime,1.4807236194610596,0.0825657844543457,0.1455543041229248,14.577083349227903,False,False,0.907844293718667,0.0,0.0,0.0122647615866283,0.9182138079221056,1.0,1.0,1.0,1.0,1.0,1.0,1.0,1.0,1.0,1.0,1.0
bank-marketing,hgb,4,150,2000,gradual,1.0,150,lime,1.4807236194610596,0.0825657844543457,0.0997805595397949,14.530513286590576,False,False,0.7168976703037452,0.2757298731937481,0.2753612990540426,0.2658861875430248,0.7381572590657745,0.7066666666666667,0.6244444444444444,0.6586666666666665,0.6053333333333334,0.8359269262071707,0.791989713989714,0.6257861635220127,0.6641509433962262,0.5849056603773585,0.8701256103650975,0.7688202782542405
bank-marketing,hgb,4,150,2000,mean_shift,2.0,150,lime,1.4807236194610596,0.0825657844543457,0.10249924659729,14.613970756530762,False,False,0.6659539958714243,0.3251990563255676,0.3373087347125316,0.3239294598920341,0.6794199794245018,0.7,0.5644444444444444,0.6,0.5229019607843136,0.7490624448756218,0.7413452658452657,0.5650793650793651,0.6,0.4823249299719888,0.7782646276606702,0.7071642907357193
bank-marketing,hgb,4,150,2000,missing,0.5,150,lime,1.4807236194610596,0.0825657844543457,0.0983457565307617,14.545586109161375,False,False,0.8882335594219994,0.0663521085225597,0.0664559017718543,0.0376449123576761,0.9229298227115535,0.9333333333333332,0.7377777777777778,0.7186666666666666,0.6445490196078432,0.9310051918469868,0.8066510156510156,0.738095238095238,0.7257142857142855,0.6543487394957982,0.94325079597371,0.8152993038707325
bank-marketing,hgb,4,150,2000,noise,1.0,150,lime,1.4807236194610596,0.0825657844543457,0.1023025512695312,14.551571130752563,False,False,0.8540990858153937,0.1164110881745797,0.1181209098967666,0.085600132936879,0.882826299485415,0.9,0.6155555555555555,0.6413333333333333,0.5752549019607843,0.8819165997448268,0.7774673104673104,0.619753086419753,0.6385185185185185,0.5685838779956427,0.8801116128145645,0.7747092824870602
bank-marketing,hgb,4,150,2000,quantize,2.0,150,lime,1.4807236194610596,0.0825657844543457,0.0994443893432617,14.6539409160614,False,False,0.8673695075199056,0.10564730168092,0.1294263491753707,0.1011118947453172,0.8501551027888715,0.9333333333333332,0.6822222222222221,0.6773333333333333,0.6472156862745098,0.9293588750354989,0.8123508343508342,0.6833333333333332,0.6771428571428572,0.6367016806722691,0.9300819014727484,0.8063676799391084
bank-marketing,logreg,0,30,500,baseline,0.0,30,lime,0.4130966663360595,0.0010015964508056,0.0247089862823486,0.1477522850036621,False,False,0.901135358301386,0.0,0.0,0.0300051630100745,0.910876763990536,1.0,1.0,1.0,1.0,1.0,1.0,1.0,1.0,1.0,1.0,1.0
bank-marketing,logreg,0,30,500,gradual,1.0,30,lime,0.4130966663360595,0.0010015964508056,0.0238583087921142,0.1466410160064697,False,False,0.8557210262459451,0.151135358301386,0.1699491993575855,0.171545373262799,0.8291005565511533,0.7666666666666667,0.7888888888888891,0.6933333333333334,0.878921568627451,0.9696135028060334,0.951926961926962,0.7246376811594202,0.6782608695652176,0.856521739130435,0.962821904011286,0.9372960372960372
bank-marketing,logreg,0,30,500,mean_shift,2.0,30,lime,0.4130966663360595,0.0010015964508056,0.0239639282226562,0.1470015048980713,False,False,0.8219551754644647,0.2018578590386316,0.2457499506461372,0.2473461245513507,0.7664355823358956,0.7666666666666667,0.8222222222222223,0.7000000000000003,0.8804901960784312,0.9728307097628948,0.9644910644910644,0.7681159420289854,0.6956521739130435,0.8616368286445012,0.9669858587679564,0.9570284787676092
bank-marketing,logreg,0,30,500,missing,0.5,30,lime,0.4130966663360595,0.0010015964508056,0.0239975452423095,0.1470115184783935,False,False,0.8961220878796815,0.0241816573282217,0.0328969936865636,0.0264791071678741,0.9224690760250216,0.9666666666666668,0.8000000000000002,0.7266666666666668,0.8451960784313726,0.9595428621366088,0.9385791985791986,0.8045977011494254,0.7310344827586207,0.8430020283975659,0.9584978800141916,0.9364612399095158
bank-marketing,logreg,0,30,500,noise,1.0,30,lime,0.4130966663360595,0.0010015964508056,0.0239605903625488,0.1469795703887939,False,False,0.8875700383367738,0.0471837216160424,0.0656030811878296,0.0267498199750033,0.8987563960598577,0.9666666666666668,0.8333333333333335,0.6866666666666669,0.8464705882352941,0.9595370155213826,0.9457770007770008,0.8275862068965518,0.6827586206896553,0.8437119675456389,0.9583012135489458,0.9439072421831042
bank-marketing,logreg,0,30,500,quantize,2.0,30,lime,0.4130966663360595,0.0010015964508056,0.0238974094390869,0.1470663547515869,False,False,0.895532291359481,0.0355352403420819,0.0475999501955778,0.0287333882149124,0.8937730847483148,1.0,0.8111111111111112,0.7000000000000001,0.8395098039215685,0.9607170198389068,0.9433127983127984,0.8111111111111112,0.7000000000000001,0.8395098039215685,0.9607170198389068,0.9433127983127984
bank-marketing,logreg,0,75,1000,baseline,0.0,75,lime,0.4130966663360595,0.0009870529174804,0.0239317417144775,0.4819111824035644,False,False,0.901135358301386,0.0,0.0,0.0300051630100745,0.910876763990536,1.0,1.0,1.0,1.0,1.0,1.0,1.0,1.0,1.0,1.0,1.0
bank-marketing,logreg,0,75,1000,gradual,1.0,75,lime,0.4130966663360595,0.0009870529174804,0.0238382816314697,0.478243350982666,False,False,0.8557210262459451,0.151135358301386,0.1699491993575855,0.171545373262799,0.8291005565511533,0.84,0.8711111111111111,0.7546666666666667,0.9180784313725492,0.9862226677722578,0.9793728493728492,0.8518518518518517,0.7333333333333333,0.90859010270775,0.9843623993639324,0.9754438683010112
bank-marketing,logreg,0,75,1000,mean_shift,2.0,75,lime,0.4130966663360595,0.0009870529174804,0.0234956741333007,0.4776277542114258,False,False,0.8219551754644647,0.2018578590386316,0.2457499506461372,0.2473461245513507,0.7664355823358956,0.7733333333333333,0.8622222222222223,0.7626666666666666,0.921098039215686,0.9859465235087844,0.9800055500055502,0.8390804597701149,0.7413793103448275,0.911764705882353,0.9834247827310978,0.9741451077657974
bank-marketing,logreg,0,75,1000,missing,0.5,75,lime,0.4130966663360595,0.0009870529174804,0.0238869190216064,0.4797606468200683,False,False,0.8961220878796815,0.0241816573282217,0.0328969936865636,0.0264791071678741,0.9224690760250216,0.96,0.8622222222222221,0.7413333333333334,0.8958039215686274,0.9795513707278068,0.9777400377400376,0.8611111111111112,0.7416666666666666,0.8942401960784314,0.9790966996153864,0.977969946719947
bank-marketing,logreg,0,75,1000,noise,1.0,75,lime,0.4130966663360595,0.0009870529174804,0.023970603942871,0.4796347618103027,False,False,0.8875700383367738,0.0471837216160424,0.0656030811878296,0.0267498199750033,0.8987563960598577,0.96,0.8088888888888889,0.7226666666666666,0.8855686274509804,0.9792024959080352,0.968268398268398,0.8055555555555556,0.7166666666666666,0.883047385620915,0.9786108339651274,0.966946248196248
bank-marketing,logreg,0,75,1000,quantize,2.0,75,lime,0.4130966663360595,0.0009870529174804,0.0242035388946533,0.4796826839447021,False,False,0.895532291359481,0.0355352403420819,0.0475999501955778,0.0287333882149124,0.8937730847483148,0.9866666666666668,0.8355555555555555,0.7413333333333333,0.9028235294117646,0.9810720101092752,0.9807869907869906,0.8333333333333333,0.7405405405405404,0.902027027027027,0.9808434115733669,0.9805273555273556
bank-marketing,logreg,0,150,2000,baseline,0.0,150,lime,0.4130966663360595,0.0010254383087158,0.0247697830200195,1.4486618041992188,False,False,0.901135358301386,0.0,0.0,0.0300051630100745,0.910876763990536,1.0,1.0,1.0,1.0,1.0,1.0,1.0,1.0,1.0,1.0,1.0
bank-marketing,logreg,0,150,2000,gradual,1.0,150,lime,0.4130966663360595,0.0010254383087158,0.0247488021850585,1.4335968494415283,False,False,0.8557210262459451,0.151135358301386,0.1699491993575855,0.171545373262799,0.8291005565511533,0.8466666666666667,0.9022222222222224,0.7959999999999998,0.9447450980392156,0.9919955046639378,0.9882179764679766,0.8897637795275589,0.7937007874015747,0.9396711440481704,0.991034019607333,0.9860842241747751
bank-marketing,logreg,0,150,2000,mean_shift,2.0,150,lime,0.4130966663360595,0.0010254383087158,0.0248153209686279,1.4354140758514404,False,False,0.8219551754644647,0.2018578590386316,0.2457499506461372,0.2473461245513507,0.7664355823358956,0.7733333333333333,0.92,0.8253333333333333,0.9513921568627453,0.9928863964890045,0.9948010045510044,0.8994252873563218,0.8241379310344829,0.94579107505071,0.9915723682658534,0.9932771610573334
bank-marketing,logreg,0,150,2000,missing,0.5,150,lime,0.4130966663360595,0.0010254383087158,0.0251636505126953,1.4439425468444824,False,False,0.8961220878796815,0.0241816573282217,0.0328969936865636,0.0264791071678741,0.9224690760250216,0.9666666666666668,0.8755555555555556,0.7959999999999999,0.9300196078431372,0.989060376667015,0.987285298035298,0.8735632183908045,0.7917241379310344,0.928316430020284,0.9888104680284614,0.9868468600365152
bank-marketing,logreg,0,150,2000,noise,1.0,150,lime,0.4130966663360595,0.0010254383087158,0.024937629699707,1.433490514755249,False,False,0.8875700383367738,0.0471837216160424,0.0656030811878296,0.0267498199750033,0.8987563960598577,0.96,0.902222222222222,0.7946666666666665,0.9303529411764706,0.9883037261502478,0.990358114108114,0.898148148148148,0.7902777777777776,0.9283088235294118,0.9879023561473947,0.9899563688626188
bank-marketing,logreg,0,150,2000,quantize,2.0,150,lime,0.4130966663360595,0.0010254383087158,0.0249593257904052,1.4289207458496094,False,False,0.895532291359481,0.0355352403420819,0.0475999501955778,0.0287333882149124,0.8937730847483148,0.98,0.9,0.8133333333333331,0.9388823529411764,0.9902380411407968,0.992453601953602,0.8979591836734694,0.8108843537414965,0.9378351340536216,0.9900768730100512,0.992299593830206
bank-marketing,logreg,1,30,500,baseline,0.0,30,lime,0.2197785377502441,0.0010547637939453,0.0250344276428222,0.1575922966003418,False,False,0.9002506635210852,0.0,0.0,0.031900456880898,0.9128137292601448,1.0,1.0,1.0,1.0,1.0,1.0,1.0,1.0,1.0,1.0,1.0
bank-marketing,logreg,1,30,500,gradual,1.0,30,lime,0.2197785377502441,0.0010547637939453,0.02471923828125,0.1565148830413818,False,False,0.8534355647301681,0.1504718372161604,0.1745647379980845,0.1742398398528954,0.8288117069775206,0.8666666666666667,0.8000000000000002,0.7533333333333336,0.8765686274509803,0.9643684498696742,0.9510656010656012,0.782051282051282,0.7461538461538463,0.8661764705882352,0.9607925835392028,0.9435372319987704
bank-marketing,logreg,1,30,500,mean_shift,2.0,30,lime,0.2197785377502441,0.0010547637939453,0.0250782966613769,0.1587073802947998,False,False,0.8131819522264818,0.2091565909761132,0.2554847109766407,0.2551598128314516,0.7632424025903339,0.8333333333333334,0.8000000000000002,0.7333333333333335,0.8868627450980392,0.9710214751678504,0.9600826950826952,0.76,0.7040000000000001,0.8723529411764706,0.9674738712875328,0.9551761571761572
bank-marketing,logreg,1,30,500,missing,0.5,30,lime,0.2197785377502441,0.0010547637939453,0.0247111320495605,0.1578860282897949,False,False,0.892288410498378,0.0260984960188734,0.0339660859829215,0.0329948283429434,0.9249186002895616,1.0,0.7666666666666668,0.6800000000000003,0.8276470588235294,0.9595480621238416,0.9287856587856588,0.7666666666666668,0.6800000000000003,0.8276470588235294,0.9595480621238416,0.9287856587856588
bank-marketing,logreg,1,30,500,noise,1.0,30,lime,0.2197785377502441,0.0010547637939453,0.0252597332000732,0.157111644744873,False,False,0.8902978472427012,0.0440135653199646,0.0660743612917512,0.0284395627803556,0.90098763125725,0.9333333333333332,0.7666666666666668,0.6933333333333336,0.8104901960784313,0.9464042715766242,0.9365173715173716,0.761904761904762,0.6785714285714287,0.7996848739495798,0.9430577447331572,0.9319828980543268
bank-marketing,logreg,1,30,500,quantize,2.0,30,lime,0.2197785377502441,0.0010547637939453,0.0246927738189697,0.1597099304199218,False,False,0.8951636685343557,0.0354615157770569,0.0481301860762458,0.0297147274288794,0.8944726353369415,1.0,0.7555555555555558,0.6866666666666668,0.845,0.9542422726130866,0.9546714396714396,0.7555555555555558,0.6866666666666668,0.845,0.9542422726130866,0.9546714396714396
bank-marketing,logreg,1,75,1000,baseline,0.0,75,lime,0.2197785377502441,0.0010430812835693,0.0249960422515869,0.5103476047515869,False,False,0.9002506635210852,0.0,0.0,0.031900456880898,0.9128137292601448,1.0,1.0,1.0,1.0,1.0,1.0,1.0,1.0,1.0,1.0,1.0
bank-marketing,logreg,1,75,1000,gradual,1.0,75,lime,0.2197785377502441,0.0010430812835693,0.0248792171478271,0.5074272155761719,False,False,0.8534355647301681,0.1504718372161604,0.1745647379980845,0.1742398398528954,0.8288117069775206,0.8266666666666667,0.8666666666666667,0.7973333333333333,0.918,0.9807967080434726,0.9825152625152628,0.8494623655913977,0.7741935483870966,0.9078273244781784,0.9779290715474144,0.978849107881366
bank-marketing,logreg,1,75,1000,mean_shift,2.0,75,lime,0.2197785377502441,0.0010430812835693,0.0248308181762695,0.5066330432891846,False,False,0.8131819522264818,0.2091565909761132,0.2554847109766407,0.2551598128314516,0.7632424025903339,0.7733333333333333,0.8933333333333333,0.7839999999999999,0.922,0.9841665265421052,0.9874114774114776,0.8793103448275862,0.7482758620689655,0.9093813387423936,0.9811782615081348,0.9837217380320828
bank-marketing,logreg,1,75,1000,missing,0.5,75,lime,0.2197785377502441,0.0010430812835693,0.0249347686767578,0.5048906803131104,False,False,0.892288410498378,0.0260984960188734,0.0339660859829215,0.0329948283429434,0.9249186002895616,0.9866666666666668,0.8622222222222221,0.7786666666666666,0.909686274509804,0.9784898713420868,0.9622857142857144,0.8648648648648648,0.7783783783783784,0.909220985691574,0.9783834631585656,0.961776061776062
bank-marketing,logreg,1,75,1000,noise,1.0,75,lime,0.2197785377502441,0.0010430812835693,0.0250945091247558,0.5053009986877441,False,False,0.8902978472427012,0.0440135653199646,0.0660743612917512,0.0284395627803556,0.90098763125725,0.9333333333333332,0.84,0.752,0.8883529411764703,0.975104810696076,0.96584126984127,0.8285714285714285,0.7342857142857141,0.8813865546218488,0.9734719348115706,0.9634013605442177
bank-marketing,logreg,1,75,1000,quantize,2.0,75,lime,0.2197785377502441,0.0010430812835693,0.0250642299652099,0.5042316913604736,False,False,0.8951636685343557,0.0354615157770569,0.0481301860762458,0.0297147274288794,0.8944726353369415,0.9866666666666668,0.84,0.7866666666666665,0.9118431372549016,0.9810730406452368,0.9743165723165724,0.8378378378378377,0.7837837837837837,0.9108505564387916,0.980832276460926,0.9739694989694992
bank-marketing,logreg,1,150,2000,baseline,0.0,150,lime,0.2197785377502441,0.0010528564453125,0.0249927043914794,1.4308524131774902,False,False,0.9002506635210852,0.0,0.0,0.031900456880898,0.9128137292601448,1.0,1.0,1.0,1.0,1.0,1.0,1.0,1.0,1.0,1.0,1.0
bank-marketing,logreg,1,150,2000,gradual,1.0,150,lime,0.2197785377502441,0.0010528564453125,0.0248878002166748,1.4372615814208984,False,False,0.8534355647301681,0.1504718372161604,0.1745647379980845,0.1742398398528954,0.8288117069775206,0.7933333333333333,0.9244444444444446,0.8386666666666667,0.9477843137254904,0.9913014513110312,0.9927267177267178,0.9047619047619048,0.8184873949579832,0.9393475037073652,0.9898026640554184,0.990831997134518
bank-marketing,logreg,1,150,2000,mean_shift,2.0,150,lime,0.2197785377502441,0.0010528564453125,0.0249853134155273,1.434021234512329,False,False,0.8131819522264818,0.2091565909761132,0.2554847109766407,0.2551598128314516,0.7632424025903339,0.76,0.931111111111111,0.8533333333333333,0.9570196078431372,0.9926343085701324,0.9995238095238096,0.915204678362573,0.8333333333333334,0.9479102167182664,0.9911009821138894,0.99937343358396
bank-marketing,logreg,1,150,2000,missing,0.5,150,lime,0.2197785377502441,0.0010528564453125,0.0246758460998535,1.437690019607544,False,False,0.892288410498378,0.0260984960188734,0.0339660859829215,0.0329948283429434,0.9249186002895616,0.98,0.9044444444444444,0.8333333333333333,0.940372549019608,0.9877305858615542,0.9914629814629814,0.9047619047619048,0.8340136054421768,0.9401360544217686,0.987699547479684,0.9912887565948793
bank-marketing,logreg,1,150,2000,noise,1.0,150,lime,0.2197785377502441,0.0010528564453125,0.0251557826995849,1.434380292892456,False,False,0.8902978472427012,0.0440135653199646,0.0660743612917512,0.0284395627803556,0.90098763125725,0.9333333333333332,0.9022222222222224,0.8333333333333333,0.9374705882352942,0.9877490682219948,0.9900214230214228,0.8952380952380952,0.8242857142857142,0.9337605042016808,0.9869789038049612,0.9893086675229532
bank-marketing,logreg,1,150,2000,quantize,2.0,150,lime,0.2197785377502441,0.0010528564453125,0.0249269008636474,1.4370124340057373,False,False,0.8951636685343557,0.0354615157770569,0.0481301860762458,0.0297147274288794,0.8944726353369415,0.9733333333333334,0.9288888888888888,0.8373333333333332,0.94821568627451,0.9902233927533628,0.9941619491619492,0.9269406392694064,0.832876712328767,0.9470588235294118,0.9899749225601712,0.9940020025636466
bank-marketing,logreg,2,30,500,baseline,0.0,30,lime,0.2842757701873779,0.0010788440704345,0.0239503383636474,0.1460628509521484,False,False,0.9018726039516368,0.0,0.0,0.0306078501967468,0.9149243502524784,1.0,1.0,1.0,1.0,1.0,1.0,1.0,1.0,1.0,1.0,1.0
bank-marketing,logreg,2,30,500,gradual,1.0,30,lime,0.2842757701873779,0.0010788440704345,0.0237798690795898,0.1477537155151367,False,False,0.8575641403715718,0.1429519315836036,0.1682923746637887,0.166589486142824,0.8313735422245078,0.9,0.8000000000000002,0.7266666666666669,0.8465686274509803,0.9498801127251252,0.9434004884004884,0.7777777777777779,0.725925925925926,0.8367102396514162,0.945463353538503,0.9371116537783204
bank-marketing,logreg,2,30,500,mean_shift,2.0,30,lime,0.2842757701873779,0.0010788440704345,0.0238556861877441,0.1465356349945068,False,False,0.8206281332940135,0.1980241816573282,0.2459109257717524,0.2442080372507877,0.7678131377409354,0.8666666666666667,0.8222222222222223,0.7333333333333335,0.862156862745098,0.9602150073323604,0.9584798534798536,0.8076923076923077,0.7153846153846154,0.8490950226244343,0.9559917872912992,0.9548393913778528
bank-marketing,logreg,2,30,500,missing,0.5,30,lime,0.2842757701873779,0.0010788440704345,0.0237748622894287,0.1472141742706298,False,False,0.896638159834857,0.026762017104099,0.0328359603424706,0.0304013038476628,0.9253881661368296,1.0,0.7666666666666667,0.6799999999999999,0.8105882352941177,0.9423551757987142,0.9279709179709178,0.7666666666666667,0.6799999999999999,0.8105882352941177,0.9423551757987142,0.9279709179709178
bank-marketing,logreg,2,30,500,noise,1.0,30,lime,0.2842757701873779,0.0010788440704345,0.0243313312530517,0.1463055610656738,False,False,0.8909613683279268,0.0426127985844883,0.0632831361750049,0.0231517842431882,0.9032648946200016,0.9666666666666668,0.7444444444444446,0.7266666666666669,0.8150980392156861,0.9385537658489742,0.9229035779035778,0.7356321839080461,0.724137931034483,0.8095334685598378,0.9365873537952706,0.920245080589908
bank-marketing,logreg,2,30,500,quantize,2.0,30,lime,0.2842757701873779,0.0010788440704345,0.0238783359527587,0.1470413208007812,False,False,0.896638159834857,0.0307431436154526,0.0466552411208347,0.0306018127721448,0.8977332583691975,1.0,0.8111111111111112,0.7066666666666669,0.8344117647058824,0.9466290479248778,0.9375783475783476,0.8111111111111112,0.7066666666666669,0.8344117647058824,0.9466290479248778,0.9375783475783476
bank-marketing,logreg,2,75,1000,baseline,0.0,75,lime,0.2842757701873779,0.0010266304016113,0.0250203609466552,0.5017881393432617,False,False,0.9018726039516368,0.0,0.0,0.0306078501967468,0.9149243502524784,1.0,1.0,1.0,1.0,1.0,1.0,1.0,1.0,1.0,1.0,1.0
bank-marketing,logreg,2,75,1000,gradual,1.0,75,lime,0.2842757701873779,0.0010266304016113,0.0250079631805419,0.5050957202911377,False,False,0.8575641403715718,0.1429519315836036,0.1682923746637887,0.166589486142824,0.8313735422245078,0.8933333333333333,0.9111111111111112,0.8133333333333331,0.9127058823529414,0.9819599267328788,0.9736505716505716,0.9004975124378108,0.8089552238805968,0.9052677787532925,0.9803838349736224,0.9719969085640726
bank-marketing,logreg,2,75,1000,mean_shift,2.0,75,lime,0.2842757701873779,0.0010266304016113,0.0246615409851074,0.5015764236450195,False,False,0.8206281332940135,0.1980241816573282,0.2459109257717524,0.2442080372507877,0.7678131377409354,0.8533333333333334,0.9111111111111112,0.8133333333333331,0.9285098039215688,0.9835522292641596,0.9736963036963036,0.8958333333333334,0.809375,0.9208180147058824,0.9816037503559044,0.970377278971029
bank-marketing,logreg,2,75,1000,missing,0.5,75,lime,0.2842757701873779,0.0010266304016113,0.02474045753479,0.5050156116485596,False,False,0.896638159834857,0.026762017104099,0.0328359603424706,0.0304013038476628,0.9253881661368296,0.9866666666666668,0.8711111111111113,0.7733333333333332,0.8915686274509805,0.9744237123680952,0.9527694527694528,0.8693693693693693,0.772972972972973,0.8925675675675677,0.9744978282227502,0.9542102042102044
bank-marketing,logreg,2,75,1000,noise,1.0,75,lime,0.2842757701873779,0.0010266304016113,0.0248019695281982,0.5034520626068115,False,False,0.8909613683279268,0.0426127985844883,0.0632831361750049,0.0231517842431882,0.9032648946200016,0.96,0.8977777777777779,0.7733333333333331,0.8836470588235293,0.9732411425623696,0.9608145188145188,0.8935185185185186,0.7666666666666666,0.8795343137254902,0.972257627461684,0.9591817904317904
bank-marketing,logreg,2,75,1000,quantize,2.0,75,lime,0.2842757701873779,0.0010266304016113,0.0252420902252197,0.5062205791473389,False,False,0.896638159834857,0.0307431436154526,0.0466552411208347,0.0306018127721448,0.8977332583691975,1.0,0.8755555555555558,0.7893333333333332,0.9058039215686274,0.9780762033541204,0.9657742257742256,0.8755555555555558,0.7893333333333332,0.9058039215686274,0.9780762033541204,0.9657742257742256
bank-marketing,logreg,2,150,2000,baseline,0.0,150,lime,0.2842757701873779,0.0010781288146972,0.0248346328735351,1.4359934329986572,False,False,0.9018726039516368,0.0,0.0,0.0306078501967468,0.9149243502524784,1.0,1.0,1.0,1.0,1.0,1.0,1.0,1.0,1.0,1.0,1.0
bank-marketing,logreg,2,150,2000,gradual,1.0,150,lime,0.2842757701873779,0.0010781288146972,0.0250601768493652,1.444209098815918,False,False,0.8575641403715718,0.1429519315836036,0.1682923746637887,0.166589486142824,0.8313735422245078,0.86,0.9733333333333334,0.8426666666666666,0.950372549019608,0.990757845826614,0.9898261738261738,0.9689922480620154,0.8248062015503875,0.944642042863657,0.989647562643515,0.9881699695653184
bank-marketing,logreg,2,150,2000,mean_shift,2.0,150,lime,0.2842757701873779,0.0010781288146972,0.0256507396697998,1.4367752075195312,False,False,0.8206281332940135,0.1980241816573282,0.2459109257717524,0.2442080372507877,0.7678131377409354,0.8133333333333334,0.9777777777777776,0.8546666666666666,0.9584509803921568,0.9920650237785272,0.993965367965368,0.9726775956284152,0.8360655737704918,0.9521697203471552,0.9907695602604252,0.9925803704492228
bank-marketing,logreg,2,150,2000,missing,0.5,150,lime,0.2842757701873779,0.0010781288146972,0.024538516998291,1.4315121173858645,False,False,0.896638159834857,0.026762017104099,0.0328359603424706,0.0304013038476628,0.9253881661368296,0.98,0.9644444444444444,0.8066666666666665,0.9400196078431372,0.9884774515349192,0.9844704184704188,0.963718820861678,0.8068027210884353,0.9402961184473788,0.9885085121085392,0.9841534882351208
bank-marketing,logreg,2,150,2000,noise,1.0,150,lime,0.2842757701873779,0.0010781288146972,0.024993896484375,1.4410288333892822,False,False,0.8909613683279268,0.0426127985844883,0.0632831361750049,0.0231517842431882,0.9032648946200016,0.9733333333333334,0.962222222222222,0.8333333333333333,0.9388627450980394,0.9876180203764872,0.9853173493173496,0.961187214611872,0.8301369863013698,0.9373690572119258,0.9873280168015482,0.9849150849150852
bank-marketing,logreg,2,150,2000,quantize,2.0,150,lime,0.2842757701873779,0.0010781288146972,0.0248830318450927,1.4453742504119873,False,False,0.896638159834857,0.0307431436154526,0.0466552411208347,0.0306018127721448,0.8977332583691975,0.98,0.96,0.8186666666666664,0.9437843137254902,0.9892643898805696,0.9902746142746144,0.9591836734693876,0.8149659863945578,0.942717086834734,0.9890583323874496,0.9900761370149124
bank-marketing,logreg,3,30,500,baseline,0.0,30,lime,0.2136018276214599,0.0011084079742431,0.0240712165832519,0.1465389728546142,False,False,0.9003243880861103,0.0,0.0,0.0282727988330941,0.9135791762023326,1.0,1.0,1.0,1.0,1.0,1.0,1.0,1.0,1.0,1.0,1.0
bank-marketing,logreg,3,30,500,gradual,1.0,30,lime,0.2136018276214599,0.0011084079742431,0.0239608287811279,0.1462459564208984,False,False,0.8619138897080507,0.1339575346505455,0.1536077563090225,0.1524182290377373,0.8391565615282877,0.9,0.777777777777778,0.7733333333333334,0.8740196078431371,0.9510009454896232,0.935992895992896,0.7654320987654322,0.7703703703703705,0.8657952069716776,0.9468689016412464,0.931729998396665
bank-marketing,logreg,3,30,500,mean_shift,2.0,30,lime,0.2136018276214599,0.0011084079742431,0.023543357849121,0.1468970775604248,False,False,0.8364051902093778,0.1727366558537304,0.2184674520869979,0.2172779248157128,0.7822462516104853,0.9,0.7444444444444446,0.7733333333333335,0.8757843137254903,0.960388412676939,0.9460966810966812,0.7407407407407407,0.7629629629629631,0.8705882352941177,0.9582085589221444,0.9429564262897596
bank-marketing,logreg,3,30,500,missing,0.5,30,lime,0.2136018276214599,0.0011084079742431,0.0239949226379394,0.1471209526062011,False,False,0.8942052491890298,0.0239604836331465,0.0330968578915321,0.0311721715317117,0.9241976126918244,1.0,0.7555555555555558,0.7400000000000002,0.846470588235294,0.9388504191815988,0.9193262293262292,0.7555555555555558,0.7400000000000002,0.846470588235294,0.9388504191815988,0.9193262293262292
bank-marketing,logreg,3,30,500,noise,1.0,30,lime,0.2136018276214599,0.0011084079742431,0.0239734649658203,0.1471331119537353,False,False,0.8874225892067237,0.0428339722795635,0.0636553564146304,0.0306577581718724,0.9038614081513754,0.9666666666666668,0.7333333333333333,0.7266666666666668,0.821078431372549,0.9361606761841288,0.9241980241980242,0.7241379310344828,0.7241379310344829,0.8179513184584178,0.9348268748273356,0.9215841629634732
bank-marketing,logreg,3,30,500,quantize,2.0,30,lime,0.2136018276214599,0.0011084079742431,0.0238075256347656,0.1460072994232177,False,False,0.8940578000589796,0.0314803892657033,0.0464517222192093,0.0236962242725191,0.8977543087366978,0.9666666666666668,0.7222222222222222,0.7400000000000002,0.853627450980392,0.9467325010650314,0.9225008325008324,0.7241379310344828,0.7379310344827588,0.8517241379310343,0.9456700053674169,0.9224809673085536
bank-marketing,logreg,3,75,1000,baseline,0.0,75,lime,0.2136018276214599,0.0009679794311523,0.0244925022125244,0.4743149280548095,False,False,0.9003243880861103,0.0,0.0,0.0282727988330941,0.9135791762023326,1.0,1.0,1.0,1.0,1.0,1.0,1.0,1.0,1.0,1.0,1.0
bank-marketing,logreg,3,75,1000,gradual,1.0,75,lime,0.2136018276214599,0.0009679794311523,0.0240428447723388,0.4755165576934814,False,False,0.8619138897080507,0.1339575346505455,0.1536077563090225,0.1524182290377373,0.8391565615282877,0.88,0.7777777777777777,0.8266666666666665,0.9206666666666669,0.9776595047767322,0.968497557997558,0.7626262626262625,0.8212121212121212,0.915909090909091,0.975606270586039,0.9642017704517704
bank-marketing,logreg,3,75,1000,mean_shift,2.0,75,lime,0.2136018276214599,0.0009679794311523,0.0240728855133056,0.4754865169525146,False,False,0.8364051902093778,0.1727366558537304,0.2184674520869979,0.2172779248157128,0.7822462516104853,0.8933333333333333,0.7511111111111111,0.8159999999999998,0.927921568627451,0.9811733105147304,0.9727197802197802,0.7562189054726367,0.8059701492537312,0.9230465320456542,0.979857602002985,0.96946244054453
bank-marketing,logreg,3,75,1000,missing,0.5,75,lime,0.2136018276214599,0.0009679794311523,0.0237283706665039,0.4783642292022705,False,False,0.8942052491890298,0.0239604836331465,0.0330968578915321,0.0311721715317117,0.9241976126918244,1.0,0.751111111111111,0.7786666666666665,0.9085490196078432,0.9753742043188606,0.9707515262515264,0.751111111111111,0.7786666666666665,0.9085490196078432,0.9753742043188606,0.9707515262515264
bank-marketing,logreg,3,75,1000,noise,1.0,75,lime,0.2136018276214599,0.0009679794311523,0.0241918563842773,0.4793765544891357,False,False,0.8874225892067237,0.0428339722795635,0.0636553564146304,0.0306577581718724,0.9038614081513754,0.9866666666666668,0.7688888888888888,0.7733333333333332,0.9010588235294118,0.9727003548809048,0.948726495726496,0.7702702702702703,0.7702702702702702,0.900039745627981,0.9724087672987624,0.9480336105336103
bank-marketing,logreg,3,75,1000,quantize,2.0,75,lime,0.2136018276214599,0.0009679794311523,0.0243616104125976,0.4770073890686035,False,False,0.8940578000589796,0.0314803892657033,0.0464517222192093,0.0236962242725191,0.8977543087366978,0.9733333333333334,0.7555555555555556,0.7919999999999998,0.902745098039216,0.9733384947970632,0.9578095793095794,0.7534246575342466,0.7863013698630136,0.9003626107977437,0.9726721631883416,0.9566536773728552
bank-marketing,logreg,3,150,2000,baseline,0.0,150,lime,0.2136018276214599,0.0010058879852294,0.0250866413116455,1.434910774230957,False,False,0.9003243880861103,0.0,0.0,0.0282727988330941,0.9135791762023326,1.0,1.0,1.0,1.0,1.0,1.0,1.0,1.0,1.0,1.0,1.0
bank-marketing,logreg,3,150,2000,gradual,1.0,150,lime,0.2136018276214599,0.0010058879852294,0.0249254703521728,1.434004545211792,False,False,0.8619138897080507,0.1339575346505455,0.1536077563090225,0.1524182290377373,0.8391565615282877,0.8666666666666667,0.7777777777777778,0.8666666666666667,0.9563921568627454,0.9891940828057282,0.9923663003663004,0.7794871794871796,0.8538461538461538,0.951425339366516,0.987965144751392,0.9911918850380388
bank-marketing,logreg,3,150,2000,mean_shift,2.0,150,lime,0.2136018276214599,0.0010058879852294,0.0250146389007568,1.4377589225769043,False,False,0.8364051902093778,0.1727366558537304,0.2184674520869979,0.2172779248157128,0.7822462516104853,0.86,0.8111111111111111,0.8853333333333331,0.9622156862745096,0.9903447376224562,0.9952303252303254,0.8036175710594314,0.8744186046511626,0.9576607387140904,0.9891794618673152,0.99445386654689
bank-marketing,logreg,3,150,2000,missing,0.5,150,lime,0.2136018276214599,0.0010058879852294,0.0248003005981445,1.4420104026794434,False,False,0.8942052491890298,0.0239604836331465,0.0330968578915321,0.0311721715317117,0.9241976126918244,0.98,0.7777777777777777,0.8586666666666666,0.9447450980392156,0.9867219729393812,0.9844166944166944,0.7777777777777778,0.857142857142857,0.9441776710684276,0.9865393674726434,0.9840986677721372
bank-marketing,logreg,3,150,2000,noise,1.0,150,lime,0.2136018276214599,0.0010058879852294,0.0250563621520996,1.4331238269805908,False,False,0.8874225892067237,0.0428339722795635,0.0636553564146304,0.0306577581718724,0.9038614081513754,0.98,0.7777777777777777,0.8386666666666666,0.9428235294117648,0.9860044883680256,0.986958818958819,0.7732426303854875,0.8353741496598638,0.9417366946778712,0.9857449723703344,0.986692672406958
bank-marketing,logreg,3,150,2000,quantize,2.0,150,lime,0.2136018276214599,0.0010058879852294,0.0251455307006835,1.4401161670684814,False,False,0.8940578000589796,0.0314803892657033,0.0464517222192093,0.0236962242725191,0.8977543087366978,0.9733333333333334,0.8066666666666666,0.8693333333333332,0.9541764705882352,0.9883881838514018,0.990914085914086,0.8013698630136986,0.8671232876712328,0.9530620467365026,0.9880947068056932,0.9906651567610472
bank-marketing,logreg,4,30,500,baseline,0.0,30,lime,0.215449571609497,0.0010907649993896,0.0255138874053955,0.1571176052093505,False,False,0.9015777056915364,0.0,0.0,0.0288814671085345,0.9117865787867452,1.0,1.0,1.0,1.0,1.0,1.0,1.0,1.0,1.0,1.0,1.0
bank-marketing,logreg,4,30,500,gradual,1.0,30,lime,0.215449571609497,0.0010907649993896,0.0250580310821533,0.1575748920440673,False,False,0.8584488351518726,0.1450162194043055,0.1638306519046489,0.1660799524779181,0.8345123039566432,0.8666666666666667,0.7888888888888891,0.7733333333333334,0.8869607843137254,0.963571098338903,0.947968697968698,0.7692307692307693,0.7615384615384617,0.8812217194570136,0.9601369054029288,0.9459162632239556
bank-marketing,logreg,4,30,500,mean_shift,2.0,30,lime,0.215449571609497,0.0010907649993896,0.0246515274047851,0.1574306488037109,False,False,0.8268209967561191,0.1928634621055736,0.2362720190094311,0.2385213195827003,0.7733037383115027,0.8333333333333334,0.8333333333333335,0.7733333333333334,0.8963725490196078,0.9697158848988164,0.9501559551559552,0.8,0.752,0.8838823529411765,0.965697547993476,0.9435204795204796
bank-marketing,logreg,4,30,500,missing,0.5,30,lime,0.215449571609497,0.0010907649993896,0.0245931148529052,0.1586101055145263,False,False,0.8982601002654085,0.0252875258035977,0.0347971982319161,0.0275993783992588,0.923747700719487,1.0,0.8,0.6933333333333335,0.869313725490196,0.9575369040110074,0.932984792984793,0.8,0.6933333333333335,0.869313725490196,0.9575369040110074,0.932984792984793
bank-marketing,logreg,4,30,500,noise,1.0,30,lime,0.215449571609497,0.0010907649993896,0.0248498916625976,0.1578817367553711,False,False,0.8905190209377765,0.048953111176644,0.0661489773787632,0.0295480807550391,0.901432017152252,1.0,0.8000000000000002,0.7466666666666668,0.8562745098039214,0.95215935255802,0.914956524956525,0.8000000000000002,0.7466666666666668,0.8562745098039214,0.95215935255802,0.914956524956525
bank-marketing,logreg,4,30,500,quantize,2.0,30,lime,0.215449571609497,0.0010907649993896,0.0248610973358154,0.1574397087097168,False,False,0.8973016809200826,0.0355352403420819,0.0475467814168175,0.0290796929211588,0.8957127542912245,0.9333333333333332,0.8444444444444446,0.7733333333333335,0.8687254901960783,0.9581778551967818,0.9437234987234988,0.8333333333333333,0.7642857142857145,0.8611344537815125,0.9555867059863556,0.9397037486323202
bank-marketing,logreg,4,75,1000,baseline,0.0,75,lime,0.215449571609497,0.0010480880737304,0.0252676010131835,0.5067508220672607,False,False,0.9015777056915364,0.0,0.0,0.0288814671085345,0.9117865787867452,1.0,1.0,1.0,1.0,1.0,1.0,1.0,1.0,1.0,1.0,1.0
bank-marketing,logreg,4,75,1000,gradual,1.0,75,lime,0.215449571609497,0.0010480880737304,0.0248000621795654,0.5054934024810791,False,False,0.8584488351518726,0.1450162194043055,0.1638306519046489,0.1660799524779181,0.8345123039566432,0.84,0.8977777777777777,0.8559999999999999,0.9419607843137254,0.984881338854226,0.978160284160284,0.8783068783068783,0.8380952380952379,0.9336134453781512,0.982631894031292,0.9740003382860526
bank-marketing,logreg,4,75,1000,mean_shift,2.0,75,lime,0.215449571609497,0.0010480880737304,0.0247161388397216,0.5107729434967041,False,False,0.8268209967561191,0.1928634621055736,0.2362720190094311,0.2385213195827003,0.7733037383115027,0.8133333333333334,0.9200000000000002,0.8533333333333332,0.9501176470588234,0.987340308142542,0.980830946830947,0.901639344262295,0.8393442622950817,0.9428640308582452,0.9853617452660788,0.9764314920052626
bank-marketing,logreg,4,75,1000,missing,0.5,75,lime,0.215449571609497,0.0010480880737304,0.0251638889312744,0.5120913982391357,False,False,0.8982601002654085,0.0252875258035977,0.0347971982319161,0.0275993783992588,0.923747700719487,0.9866666666666668,0.8755555555555556,0.8266666666666664,0.920313725490196,0.9786584713670584,0.9589228549228548,0.8738738738738739,0.8243243243243241,0.919316375198728,0.9784042454398874,0.9583677583677586
bank-marketing,logreg,4,75,1000,noise,1.0,75,lime,0.215449571609497,0.0010480880737304,0.0251686573028564,0.5115199089050293,False,False,0.8905190209377765,0.048953111176644,0.0661489773787632,0.0295480807550391,0.901432017152252,1.0,0.8888888888888887,0.8213333333333331,0.9188627450980392,0.9760289135020502,0.9684695304695308,0.8888888888888887,0.8213333333333331,0.9188627450980392,0.9760289135020502,0.9684695304695308
bank-marketing,logreg,4,75,1000,quantize,2.0,75,lime,0.215449571609497,0.0010480880737304,0.0247876644134521,0.511427640914917,False,False,0.8973016809200826,0.0355352403420819,0.0475467814168175,0.0290796929211588,0.8957127542912245,0.9333333333333332,0.8844444444444446,0.8239999999999998,0.9330588235294118,0.981869484259824,0.9739207459207458,0.8761904761904761,0.8142857142857142,0.9297478991596638,0.9808111156371973,0.972057942057942
bank-marketing,logreg,4,150,2000,baseline,0.0,150,lime,0.215449571609497,0.0010721683502197,0.0251326560974121,1.441389799118042,False,False,0.9015777056915364,0.0,0.0,0.0288814671085345,0.9117865787867452,1.0,1.0,1.0,1.0,1.0,1.0,1.0,1.0,1.0,1.0,1.0
bank-marketing,logreg,4,150,2000,gradual,1.0,150,lime,0.215449571609497,0.0010721683502197,0.0251376628875732,1.4366717338562012,False,False,0.8584488351518726,0.1450162194043055,0.1638306519046489,0.1660799524779181,0.8345123039566432,0.86,0.9288888888888892,0.8813333333333333,0.965294117647059,0.9918821381194616,0.994119214119214,0.9198966408268734,0.875968992248062,0.9615139078887368,0.9909625974245064,0.9931618768828072
bank-marketing,logreg,4,150,2000,mean_shift,2.0,150,lime,0.215449571609497,0.0010721683502197,0.0254204273223876,1.4440457820892334,False,False,0.8268209967561191,0.1928634621055736,0.2362720190094311,0.2385213195827003,0.7733037383115027,0.8066666666666666,0.9466666666666668,0.8853333333333332,0.9697450980392154,0.9930860891071552,0.9953235653235654,0.9338842975206612,0.869421487603306,0.9651191054934368,0.9919189167773304,0.9942027669300396
bank-marketing,logreg,4,150,2000,missing,0.5,150,lime,0.215449571609497,0.0010721683502197,0.0249230861663818,1.4365644454956057,False,False,0.8982601002654085,0.0252875258035977,0.0347971982319161,0.0275993783992588,0.923747700719487,0.98,0.917777777777778,0.8733333333333333,0.955078431372549,0.9889010062887512,0.9869958929958929,0.9183673469387756,0.8734693877551019,0.9546818727490994,0.9888210320254098,0.9872537892946056
bank-marketing,logreg,4,150,2000,noise,1.0,150,lime,0.215449571609497,0.0010721683502197,0.0249803066253662,1.4376308917999268,False,False,0.8905190209377765,0.048953111176644,0.0661489773787632,0.0295480807550391,0.901432017152252,0.98,0.9111111111111112,0.8759999999999999,0.952588235294118,0.988128981052366,0.985964146964147,0.9092970521541952,0.8748299319727891,0.9518207282913168,0.987901112337162,0.9856777009838236
bank-marketing,logreg,4,150,2000,quantize,2.0,150,lime,0.215449571609497,0.0010721683502197,0.0252079963684082,1.439985275268555,False,False,0.8973016809200826,0.0355352403420819,0.0475467814168175,0.0290796929211588,0.8957127542912245,0.9466666666666668,0.9466666666666668,0.8746666666666666,0.9603137254901962,0.990987197899268,0.9917903207903206,0.943661971830986,0.8690140845070421,0.9584507042253524,0.9905715092074644,0.9913278036517472
bank-marketing,rf,0,30,500,baseline,0.0,30,lime,2.598823547363281,0.0894396305084228,0.1125631332397461,0.4372258186340332,False,False,0.8985549985255087,0.0,0.0,0.0349736559223621,0.8917816388304541,1.0,1.0,1.0,1.0,1.0,1.0,1.0,1.0,1.0,1.0,1.0
bank-marketing,rf,0,30,500,gradual,1.0,30,lime,2.598823547363281,0.0894396305084228,0.1140189170837402,0.4319674968719482,False,False,0.8605868475375995,0.1140519020937776,0.2155192914941922,0.2158343064611279,0.6902933799797545,0.8333333333333334,0.5333333333333332,0.5666666666666667,0.4739215686274509,0.7726012728965421,0.6958022995522994,0.5333333333333333,0.584,0.4452941176470588,0.765825554045378,0.6795396825396827
bank-marketing,rf,0,30,500,mean_shift,2.0,30,lime,2.598823547363281,0.0894396305084228,0.1086344718933105,0.4343721866607666,False,False,0.8299174284871719,0.1457534650545562,0.2882481170303014,0.2885208907524997,0.6193332034069714,0.7666666666666667,0.5222222222222223,0.5400000000000001,0.4623529411764705,0.7468808586155954,0.7202187627187627,0.5507246376811594,0.5652173913043479,0.4544757033248082,0.748316192912038,0.7219328980198546
bank-marketing,rf,0,30,500,missing,0.5,30,lime,2.598823547363281,0.0894396305084228,0.1063816547393798,0.4394493103027344,False,False,0.8925833087584784,0.018947213211442,0.0354590090105845,0.0233817647192119,0.9101412520467164,0.9666666666666668,0.7222222222222222,0.7066666666666668,0.6103921568627452,0.9017673408124626,0.7627516927516927,0.7241379310344828,0.7103448275862071,0.6035496957403651,0.8996479409813442,0.7608403091161713
bank-marketing,rf,0,30,500,noise,1.0,30,lime,2.598823547363281,0.0894396305084228,0.1176040172576904,0.4338564872741699,False,False,0.8902241226776763,0.0326599823061043,0.0968636463904076,0.0747630808291359,0.8170025017946276,0.9333333333333332,0.5888888888888889,0.5866666666666666,0.552843137254902,0.8454227216494005,0.761713009213009,0.5714285714285713,0.5785714285714285,0.5365546218487396,0.8367050816059771,0.7524035488321202
bank-marketing,rf,0,30,500,quantize,2.0,30,lime,2.598823547363281,0.0894396305084228,0.0964841842651367,0.4349100589752197,False,False,0.8984812739604836,0.0331023296962547,0.1635063510944889,0.1609152632798064,0.7413670701278977,0.8666666666666667,0.7000000000000001,0.7066666666666669,0.638921568627451,0.9150833132874148,0.7713013838013839,0.7307692307692306,0.730769230769231,0.6158371040723982,0.918851772692678,0.7632731584654662
bank-marketing,rf,0,75,1000,baseline,0.0,75,lime,2.598823547363281,0.0894205570220947,0.1130390167236328,1.443129301071167,False,False,0.8985549985255087,0.0,0.0,0.0349736559223621,0.8917816388304541,1.0,1.0,1.0,1.0,1.0,1.0,1.0,1.0,1.0,1.0,1.0
bank-marketing,rf,0,75,1000,gradual,1.0,75,lime,2.598823547363281,0.0894205570220947,0.1149301528930664,1.451078176498413,False,False,0.8605868475375995,0.1140519020937776,0.2155192914941922,0.2158343064611279,0.6902933799797545,0.88,0.5822222222222221,0.6026666666666666,0.5793333333333333,0.8437474463887983,0.7778900728900731,0.5959595959595959,0.609090909090909,0.5693404634581105,0.8444143101175967,0.7653824290187927
bank-marketing,rf,0,75,1000,mean_shift,2.0,75,lime,2.598823547363281,0.0894205570220947,0.1086382865905761,1.4190926551818848,False,False,0.8299174284871719,0.1457534650545562,0.2882481170303014,0.2885208907524997,0.6193332034069714,0.8266666666666667,0.5822222222222221,0.5866666666666668,0.5145490196078432,0.8194135675712881,0.7439723239723238,0.5645161290322579,0.5741935483870968,0.5015180265654648,0.8189476929290411,0.7378819657045463
bank-marketing,rf,0,75,1000,missing,0.5,75,lime,2.598823547363281,0.0894205570220947,0.1057422161102294,1.438077688217163,False,False,0.8925833087584784,0.018947213211442,0.0354590090105845,0.0233817647192119,0.9101412520467164,0.96,0.7822222222222222,0.7173333333333333,0.6754509803921568,0.9349370517316852,0.8187692307692308,0.7916666666666666,0.7194444444444444,0.673406862745098,0.9452802617527448,0.8196462488129155
bank-marketing,rf,0,75,1000,noise,1.0,75,lime,2.598823547363281,0.0894205570220947,0.1182692050933837,1.4059443473815918,False,False,0.8902241226776763,0.0326599823061043,0.0968636463904076,0.0747630808291359,0.8170025017946276,0.96,0.6533333333333333,0.6346666666666667,0.6176470588235293,0.8706982665759928,0.7993667443667444,0.6574074074074073,0.6305555555555555,0.6082924836601307,0.8664297127091891,0.7941320253820253
bank-marketing,rf,0,75,1000,quantize,2.0,75,lime,2.598823547363281,0.0894205570220947,0.0966596603393554,1.468533992767334,False,False,0.8984812739604836,0.0331023296962547,0.1635063510944889,0.1609152632798064,0.7413670701278977,0.9333333333333332,0.7377777777777778,0.6933333333333334,0.6692156862745098,0.9420359764561133,0.833082621082621,0.7428571428571428,0.6885714285714285,0.6644537815126049,0.9443892277970812,0.8348504273504272
bank-marketing,rf,0,150,2000,baseline,0.0,150,lime,2.598823547363281,0.0914094448089599,0.1154592037200927,4.307735919952393,False,False,0.8985549985255087,0.0,0.0,0.0349736559223621,0.8917816388304541,1.0,1.0,1.0,1.0,1.0,1.0,1.0,1.0,1.0,1.0,1.0
bank-marketing,rf,0,150,2000,gradual,1.0,150,lime,2.598823547363281,0.0914094448089599,0.1164240837097168,4.281385183334351,False,False,0.8605868475375995,0.1140519020937776,0.2155192914941922,0.2158343064611279,0.6902933799797545,0.8666666666666667,0.6422222222222221,0.6333333333333332,0.6315294117647059,0.8809024001977427,0.8313831538831539,0.6487179487179486,0.6446153846153845,0.6243891402714933,0.8845352879718614,0.8283736776044468
bank-marketing,rf,0,150,2000,mean_shift,2.0,150,lime,2.598823547363281,0.0914094448089599,0.1111133098602294,4.233871698379517,False,False,0.8299174284871719,0.1457534650545562,0.2882481170303014,0.2885208907524997,0.6193332034069714,0.82,0.5955555555555556,0.5973333333333333,0.5550784313725491,0.8496731203013886,0.7833744218744219,0.6043360433604336,0.6,0.5357245337159253,0.8504015382493831,0.7721934118275581
bank-marketing,rf,0,150,2000,missing,0.5,150,lime,2.598823547363281,0.0914094448089599,0.108018159866333,4.316690444946289,False,False,0.8925833087584784,0.018947213211442,0.0354590090105845,0.0233817647192119,0.9101412520467164,0.98,0.8466666666666668,0.7786666666666665,0.732607843137255,0.9556837278377776,0.8817341732341731,0.8503401360544217,0.7809523809523808,0.7330332132853141,0.9607614047278898,0.8814137298831176
bank-marketing,rf,0,150,2000,noise,1.0,150,lime,2.598823547363281,0.0914094448089599,0.1204504966735839,4.173220157623291,False,False,0.8902241226776763,0.0326599823061043,0.0968636463904076,0.0747630808291359,0.8170025017946276,0.96,0.6577777777777777,0.6866666666666666,0.6541176470588236,0.8721564433306981,0.8512331372331372,0.6574074074074073,0.6861111111111111,0.648733660130719,0.8685315084562907,0.8473493327659996
bank-marketing,rf,0,150,2000,quantize,2.0,150,lime,2.598823547363281,0.0914094448089599,0.0982618331909179,4.32414174079895,False,False,0.8984812739604836,0.0331023296962547,0.1635063510944889,0.1609152632798064,0.7413670701278977,0.94,0.8,0.7519999999999999,0.7370000000000001,0.9597840447954192,0.8911295001295002,0.8085106382978723,0.753191489361702,0.7293074676679183,0.9609009783372066,0.8871096397692142
bank-marketing,rf,1,30,500,baseline,0.0,30,lime,2.4742472171783447,0.0907795429229736,0.1156337261199951,0.4597887992858886,False,False,0.9014302565614865,0.0,0.0,0.0337879774071918,0.8941006725313217,1.0,1.0,1.0,1.0,1.0,1.0,1.0,1.0,1.0,1.0,1.0
bank-marketing,rf,1,30,500,gradual,1.0,30,lime,2.4742472171783447,0.0907795429229736,0.117847204208374,0.4635376930236816,False,False,0.8762164553229136,0.0793276319669714,0.2129810186630538,0.2114798131215958,0.6913106454585374,0.9666666666666668,0.5222222222222223,0.5333333333333333,0.5575490196078431,0.8669180834434941,0.7793626743626745,0.5172413793103449,0.5241379310344827,0.5515212981744422,0.865117790002168,0.7717544907200079
bank-marketing,rf,1,30,500,mean_shift,2.0,30,lime,2.4742472171783447,0.0907795429229736,0.112375259399414,0.4559268951416015,False,False,0.8476113240931878,0.1216455322913594,0.2860041065044756,0.2836288067135161,0.6219858427978922,0.9666666666666668,0.5222222222222221,0.52,0.3922549019607844,0.820950156051055,0.685806045806046,0.528735632183908,0.5241379310344827,0.3766734279918864,0.8173930797353042,0.6749717715234959
bank-marketing,rf,1,30,500,missing,0.5,30,lime,2.4742472171783447,0.0907795429229736,0.1076035499572753,0.4545052051544189,False,False,0.8950899439693306,0.0206428782070185,0.0353416387914615,0.0258602602177738,0.9126463045690628,1.0,0.6666666666666667,0.7066666666666669,0.6657843137254902,0.92314343925845,0.8213836163836165,0.6666666666666667,0.7066666666666669,0.6657843137254902,0.92314343925845,0.8213836163836165
bank-marketing,rf,1,30,500,noise,1.0,30,lime,2.4742472171783447,0.0907795429229736,0.1285936832427978,0.4536035060882568,False,False,0.8920672368033029,0.0345768209967561,0.0940987749316263,0.0712836817618527,0.8220376443114085,0.9666666666666668,0.5888888888888887,0.6000000000000001,0.5013725490196078,0.8674618201556378,0.7425677100677102,0.586206896551724,0.5931034482758621,0.4943204868154157,0.8647586932500048,0.7380010793803897
bank-marketing,rf,1,30,500,quantize,2.0,30,lime,2.4742472171783447,0.0907795429229736,0.0983333587646484,0.4617347717285156,False,False,0.8959009141846063,0.0425390740194632,0.1582998209232751,0.1499172643608993,0.7474622589625529,0.9666666666666668,0.6444444444444445,0.6600000000000003,0.6668627450980392,0.934289688189234,0.8124882524882525,0.6436781609195402,0.6689655172413796,0.6781947261663286,0.934872321612618,0.823263709470606
bank-marketing,rf,1,75,1000,baseline,0.0,75,lime,2.4742472171783447,0.090904951095581,0.1148288249969482,1.4827935695648191,False,False,0.9014302565614865,0.0,0.0,0.0337879774071918,0.8941006725313217,1.0,1.0,1.0,1.0,1.0,1.0,1.0,1.0,1.0,1.0,1.0
bank-marketing,rf,1,75,1000,gradual,1.0,75,lime,2.4742472171783447,0.090904951095581,0.1179733276367187,1.4942686557769775,False,False,0.8762164553229136,0.0793276319669714,0.2129810186630538,0.2114798131215958,0.6913106454585374,0.9466666666666668,0.6044444444444443,0.6053333333333333,0.5932549019607843,0.8591097173303388,0.7737810337810338,0.5962441314553989,0.6056338028169014,0.5948218724109362,0.8637274377635383,0.7729075306540095
bank-marketing,rf,1,75,1000,mean_shift,2.0,75,lime,2.4742472171783447,0.090904951095581,0.1115050315856933,1.4854857921600342,False,False,0.8476113240931878,0.1216455322913594,0.2860041065044756,0.2836288067135161,0.6219858427978922,0.8666666666666667,0.5733333333333334,0.5893333333333333,0.4870196078431372,0.8284970892499717,0.7099588559588561,0.5641025641025641,0.5815384615384614,0.4888235294117647,0.8356969680251044,0.7170221231759693
bank-marketing,rf,1,75,1000,missing,0.5,75,lime,2.4742472171783447,0.090904951095581,0.1073849201202392,1.4876112937927246,False,False,0.8950899439693306,0.0206428782070185,0.0353416387914615,0.0258602602177738,0.9126463045690628,0.9733333333333334,0.7288888888888888,0.6986666666666665,0.7170196078431373,0.936894706003712,0.8375100455100456,0.7305936073059361,0.7013698630136986,0.7211522965350523,0.94061250225835,0.8403642020080376
bank-marketing,rf,1,75,1000,noise,1.0,75,lime,2.4742472171783447,0.090904951095581,0.1198232173919677,1.4565324783325195,False,False,0.8920672368033029,0.0345768209967561,0.0940987749316263,0.0712836817618527,0.8220376443114085,0.96,0.6622222222222223,0.6266666666666667,0.623921568627451,0.8854086172267098,0.8065713545713545,0.6666666666666666,0.6277777777777778,0.6236928104575163,0.8882342592941209,0.8028328153328155
bank-marketing,rf,1,75,1000,quantize,2.0,75,lime,2.4742472171783447,0.090904951095581,0.0983061790466308,1.5213797092437744,False,False,0.8959009141846063,0.0425390740194632,0.1582998209232751,0.1499172643608993,0.7474622589625529,0.96,0.7022222222222222,0.6986666666666665,0.6940000000000001,0.9352506574436308,0.8305700225700225,0.7083333333333334,0.6972222222222222,0.6977532679738562,0.9354119948346912,0.8337893202476536
bank-marketing,rf,1,150,2000,baseline,0.0,150,lime,2.4742472171783447,0.0913949012756347,0.1151959896087646,4.312246561050415,False,False,0.9014302565614865,0.0,0.0,0.0337879774071918,0.8941006725313217,1.0,1.0,1.0,1.0,1.0,1.0,1.0,1.0,1.0,1.0,1.0
bank-marketing,rf,1,150,2000,gradual,1.0,150,lime,2.4742472171783447,0.0913949012756347,0.118861436843872,4.3128502368927,False,False,0.8762164553229136,0.0793276319669714,0.2129810186630538,0.2114798131215958,0.6913106454585374,0.9066666666666666,0.611111111111111,0.6186666666666666,0.6649019607843137,0.8651498090389573,0.8561864061864064,0.6151960784313725,0.623529411764706,0.6663927335640139,0.8775597539651855,0.8546990591108238
bank-marketing,rf,1,150,2000,mean_shift,2.0,150,lime,2.4742472171783447,0.0913949012756347,0.1115553379058837,4.285597562789917,False,False,0.8476113240931878,0.1216455322913594,0.2860041065044756,0.2836288067135161,0.6219858427978922,0.8466666666666667,0.58,0.6133333333333333,0.5737058823529412,0.8415681383843215,0.8251697376697377,0.5774278215223099,0.6188976377952754,0.5694071329319128,0.8501821652020914,0.8142518461416098
bank-marketing,rf,1,150,2000,missing,0.5,150,lime,2.4742472171783447,0.0913949012756347,0.1085586547851562,4.334213972091675,False,False,0.8950899439693306,0.0206428782070185,0.0353416387914615,0.0258602602177738,0.9126463045690628,0.98,0.8133333333333334,0.7639999999999998,0.7770588235294118,0.95603192021492,0.9070549450549452,0.8117913832199546,0.7646258503401359,0.777751100440176,0.9562610696661256,0.9093909114317276
bank-marketing,rf,1,150,2000,noise,1.0,150,lime,2.4742472171783447,0.0913949012756347,0.119974136352539,4.219416379928589,False,False,0.8920672368033029,0.0345768209967561,0.0940987749316263,0.0712836817618527,0.8220376443114085,0.9466666666666668,0.6866666666666665,0.7133333333333334,0.7052745098039215,0.907233778897554,0.8745053465053466,0.6901408450704224,0.7126760563380281,0.7077671913835957,0.9100579682098392,0.8770484601470518
bank-marketing,rf,1,150,2000,quantize,2.0,150,lime,2.4742472171783447,0.0913949012756347,0.0981686115264892,4.335578680038452,False,False,0.8959009141846063,0.0425390740194632,0.1582998209232751,0.1499172643608993,0.7474622589625529,0.9733333333333334,0.7488888888888888,0.7426666666666666,0.7782156862745098,0.9523544078580028,0.9182156547156546,0.7465753424657534,0.7424657534246576,0.7803384367445608,0.9520183935558044,0.9202150399068209
bank-marketing,rf,2,30,500,baseline,0.0,30,lime,2.459752082824707,0.0888917446136474,0.112194538116455,0.4323189258575439,False,False,0.8995134178708346,0.0,0.0,0.0331360687641048,0.8958573466313168,1.0,1.0,1.0,1.0,1.0,1.0,1.0,1.0,1.0,1.0,1.0
bank-marketing,rf,2,30,500,gradual,1.0,30,lime,2.459752082824707,0.0888917446136474,0.1139404773712158,0.4380261898040771,False,False,0.8801238572692421,0.0795488056620466,0.2168929900771084,0.2132381465143714,0.6883050537699974,0.9333333333333332,0.5666666666666667,0.5666666666666667,0.5059803921568627,0.8858405622910388,0.7495475820475819,0.5714285714285714,0.5642857142857143,0.5007352941176471,0.8845010629072332,0.744058917273203
bank-marketing,rf,2,30,500,mean_shift,2.0,30,lime,2.459752082824707,0.0888917446136474,0.1082985401153564,0.4322566986083984,False,False,0.8540990858153937,0.1150103214391035,0.2930286720876223,0.2891846041481926,0.6139844207180803,0.9666666666666668,0.5222222222222221,0.5133333333333333,0.4592156862745098,0.8452848628626037,0.7486621711621712,0.528735632183908,0.5103448275862068,0.4531440162271806,0.8436646198013105,0.7399953494781081
bank-marketing,rf,2,30,500,missing,0.5,30,lime,2.459752082824707,0.0888917446136474,0.1057319641113281,0.4348719120025635,False,False,0.8942052491890298,0.0216750221173695,0.0342285654318796,0.0256098506782031,0.9124798651239548,1.0,0.8000000000000002,0.6800000000000002,0.6033333333333334,0.91113021844381,0.7711749361749362,0.8000000000000002,0.6800000000000002,0.6033333333333334,0.91113021844381,0.7711749361749362
bank-marketing,rf,2,30,500,noise,1.0,30,lime,2.459752082824707,0.0888917446136474,0.1178560256958007,0.4244203567504883,False,False,0.8918460631082277,0.0306694190504276,0.0954284848390803,0.0712574538829057,0.8220599603765745,1.0,0.5666666666666667,0.6333333333333333,0.5223529411764706,0.8495360408477096,0.7164109964109963,0.5666666666666667,0.6333333333333333,0.5223529411764706,0.8495360408477096,0.7164109964109963
bank-marketing,rf,2,30,500,quantize,2.0,30,lime,2.459752082824707,0.0888917446136474,0.0961275100708007,0.4358727931976318,False,False,0.8964169861397818,0.0287525803597758,0.1438895793536128,0.138233337538862,0.7635999554955398,1.0,0.6555555555555556,0.686666666666667,0.6364705882352941,0.9247315204683912,0.8116859991859993,0.6555555555555556,0.686666666666667,0.6364705882352941,0.9247315204683912,0.8116859991859993
bank-marketing,rf,2,75,1000,baseline,0.0,75,lime,2.459752082824707,0.0913896560668945,0.1148483753204345,1.5007786750793457,False,False,0.8995134178708346,0.0,0.0,0.0331360687641048,0.8958573466313168,1.0,1.0,1.0,1.0,1.0,1.0,1.0,1.0,1.0,1.0,1.0
bank-marketing,rf,2,75,1000,gradual,1.0,75,lime,2.459752082824707,0.0913896560668945,0.117260456085205,1.4988458156585691,False,False,0.8801238572692421,0.0795488056620466,0.2168929900771084,0.2132381465143714,0.6883050537699974,0.9333333333333332,0.591111111111111,0.6106666666666666,0.6201176470588237,0.8927360520071731,0.792012691012691,0.6047619047619047,0.6257142857142857,0.619453781512605,0.8939333427890511,0.7894580419580419
bank-marketing,rf,2,75,1000,mean_shift,2.0,75,lime,2.459752082824707,0.0913896560668945,0.1118624210357666,1.515040159225464,False,False,0.8540990858153937,0.1150103214391035,0.2930286720876223,0.2891846041481926,0.6139844207180803,0.9066666666666666,0.5777777777777778,0.56,0.5320392156862745,0.8563748518230043,0.7440345210345211,0.5735294117647058,0.5676470588235294,0.5266435986159169,0.851481306431054,0.7367210812063753
bank-marketing,rf,2,75,1000,missing,0.5,75,lime,2.459752082824707,0.0913896560668945,0.1079785823822021,1.5124318599700928,False,False,0.8942052491890298,0.0216750221173695,0.0342285654318796,0.0256098506782031,0.9124798651239548,1.0,0.7777777777777777,0.7546666666666666,0.7340784313725491,0.936443098638746,0.8543109853109854,0.7777777777777777,0.7546666666666666,0.7340784313725491,0.936443098638746,0.8543109853109854
bank-marketing,rf,2,75,1000,noise,1.0,75,lime,2.459752082824707,0.0913896560668945,0.1201670169830322,1.4791591167449951,False,False,0.8918460631082277,0.0306694190504276,0.0954284848390803,0.0712574538829057,0.8220599603765745,1.0,0.6533333333333334,0.6906666666666664,0.6370588235294117,0.9043039387617856,0.8062997002997003,0.6533333333333334,0.6906666666666664,0.6370588235294117,0.9043039387617856,0.8062997002997003
bank-marketing,rf,2,75,1000,quantize,2.0,75,lime,2.459752082824707,0.0913896560668945,0.09934663772583,1.4991462230682373,False,False,0.8964169861397818,0.0287525803597758,0.1438895793536128,0.138233337538862,0.7635999554955398,0.9866666666666668,0.7733333333333332,0.7519999999999999,0.7401568627450981,0.939627457670242,0.8507770007770009,0.7747747747747747,0.754054054054054,0.7435214626391098,0.9487095456610672,0.85499747999748
bank-marketing,rf,2,150,2000,baseline,0.0,150,lime,2.459752082824707,0.0908632278442382,0.1155955791473388,4.296185255050659,False,False,0.8995134178708346,0.0,0.0,0.0331360687641048,0.8958573466313168,1.0,1.0,1.0,1.0,1.0,1.0,1.0,1.0,1.0,1.0,1.0
bank-marketing,rf,2,150,2000,gradual,1.0,150,lime,2.459752082824707,0.0908632278442382,0.1177043914794921,4.303180456161499,False,False,0.8801238572692421,0.0795488056620466,0.2168929900771084,0.2132381465143714,0.6883050537699974,0.9133333333333332,0.6,0.6466666666666666,0.6773725490196078,0.874073025252156,0.8444306804306805,0.608272506082725,0.6583941605839415,0.6757621296693859,0.8796871854092113,0.842219317584281
bank-marketing,rf,2,150,2000,mean_shift,2.0,150,lime,2.459752082824707,0.0908632278442382,0.1115193367004394,4.276047229766846,False,False,0.8540990858153937,0.1150103214391035,0.2930286720876223,0.2891846041481926,0.6139844207180803,0.88,0.5688888888888888,0.5960000000000001,0.6307254901960785,0.8546649336490687,0.819990897990898,0.5782828282828283,0.603030303030303,0.6304144385026739,0.8579076115511624,0.8176724369906188
bank-marketing,rf,2,150,2000,missing,0.5,150,lime,2.459752082824707,0.0908632278442382,0.1076710224151611,4.3073272705078125,False,False,0.8942052491890298,0.0216750221173695,0.0342285654318796,0.0256098506782031,0.9124798651239548,1.0,0.8244444444444444,0.7906666666666665,0.776,0.9478707122325444,0.8799273874273873,0.8244444444444444,0.7906666666666665,0.776,0.9478707122325444,0.8799273874273873
bank-marketing,rf,2,150,2000,noise,1.0,150,lime,2.459752082824707,0.0908632278442382,0.1206064224243164,4.204525232315064,False,False,0.8918460631082277,0.0306694190504276,0.0954284848390803,0.0712574538829057,0.8220599603765745,0.9866666666666668,0.7,0.7119999999999999,0.7239803921568627,0.906304508261848,0.8647905427905429,0.7027027027027026,0.7135135135135134,0.7255961844197139,0.9058679887332216,0.8647651897651898
bank-marketing,rf,2,150,2000,quantize,2.0,150,lime,2.459752082824707,0.0908632278442382,0.0987830162048339,4.337236404418945,False,False,0.8964169861397818,0.0287525803597758,0.1438895793536128,0.138233337538862,0.7635999554955398,0.96,0.7911111111111111,0.7839999999999999,0.7875882352941176,0.9481310589743116,0.8947792577792578,0.8032407407407407,0.7902777777777776,0.7909722222222222,0.9584191836200392,0.8957852718269385
bank-marketing,rf,3,30,500,baseline,0.0,30,lime,2.458486318588257,0.0890841484069824,0.1117846965789794,0.4237475395202636,False,False,0.9009141846063108,0.0,0.0,0.0291923117226607,0.894847079785558,1.0,1.0,1.0,1.0,1.0,1.0,1.0,1.0,1.0,1.0,1.0
bank-marketing,rf,3,30,500,gradual,1.0,30,lime,2.458486318588257,0.0890841484069824,0.1146094799041748,0.4400918483734131,False,False,0.8664848127396049,0.1097758773223238,0.2250538749858235,0.223105811919373,0.6823201866613687,0.9,0.5444444444444444,0.5666666666666668,0.5938235294117648,0.8328967342229326,0.7616691641691644,0.5555555555555555,0.5629629629629629,0.5991285403050108,0.849517876072016,0.7651420595865042
bank-marketing,rf,3,30,500,mean_shift,2.0,30,lime,2.458486318588257,0.0890841484069824,0.1091270446777343,0.4331028461456299,False,False,0.8187850191683869,0.1652904747861987,0.3029103824272018,0.3009927385970508,0.6072306840481813,0.9666666666666668,0.4777777777777778,0.5600000000000002,0.5116666666666666,0.8047457937650413,0.7448085248085248,0.471264367816092,0.5517241379310345,0.5140973630831642,0.8013427924278939,0.7489398532501981
bank-marketing,rf,3,30,500,missing,0.5,30,lime,2.458486318588257,0.0890841484069824,0.1056756973266601,0.4334228038787842,False,False,0.8937629017988794,0.0198319079917428,0.0341546151496028,0.0228220911718572,0.9110268930935562,1.0,0.7222222222222224,0.6733333333333336,0.653235294117647,0.9238475681494428,0.7841274466274466,0.7222222222222224,0.6733333333333336,0.653235294117647,0.9238475681494428,0.7841274466274466
bank-marketing,rf,3,30,500,noise,1.0,30,lime,2.458486318588257,0.0890841484069824,0.1172640323638916,0.4282186031341553,False,False,0.8895606015924507,0.0370097316425833,0.0936509140843141,0.0670506257354769,0.825419821572686,0.9666666666666668,0.6333333333333333,0.6,0.6013725490196078,0.8496497627582859,0.7456617456617457,0.632183908045977,0.593103448275862,0.5998985801217039,0.8493421580494492,0.7475015406049889
bank-marketing,rf,3,30,500,quantize,2.0,30,lime,2.458486318588257,0.0890841484069824,0.0965998172760009,0.4359955787658691,False,False,0.896711884399882,0.0328074314361545,0.1566561216301816,0.1493401250750566,0.7486071311030777,0.9666666666666668,0.7000000000000001,0.6199999999999999,0.6916666666666665,0.9329129158953424,0.831870166870167,0.7011494252873564,0.6137931034482758,0.6901622718052738,0.934185681814076,0.8366826659930109
bank-marketing,rf,3,75,1000,baseline,0.0,75,lime,2.458486318588257,0.0894742012023925,0.1127362251281738,1.4221360683441162,False,False,0.9009141846063108,0.0,0.0,0.0291923117226607,0.894847079785558,1.0,1.0,1.0,1.0,1.0,1.0,1.0,1.0,1.0,1.0,1.0
bank-marketing,rf,3,75,1000,gradual,1.0,75,lime,2.458486318588257,0.0894742012023925,0.1144461631774902,1.444814682006836,False,False,0.8664848127396049,0.1097758773223238,0.2250538749858235,0.223105811919373,0.6823201866613687,0.9466666666666668,0.5555555555555555,0.6106666666666667,0.6314901960784315,0.8426613707527078,0.7966658526658527,0.5633802816901409,0.6084507042253522,0.6285418392709197,0.847414380831235,0.7881838036767613
bank-marketing,rf,3,75,1000,mean_shift,2.0,75,lime,2.458486318588257,0.0894742012023925,0.1093122959136962,1.4055488109588623,False,False,0.8187850191683869,0.1652904747861987,0.3029103824272018,0.3009927385970508,0.6072306840481813,0.96,0.4622222222222222,0.6026666666666667,0.5856862745098039,0.8231832194703848,0.7826512746512746,0.4675925925925925,0.6111111111111112,0.5860702614379085,0.8205053961501849,0.7783569825236493
bank-marketing,rf,3,75,1000,missing,0.5,75,lime,2.458486318588257,0.0894742012023925,0.1060075759887695,1.4203860759735107,False,False,0.8937629017988794,0.0198319079917428,0.0341546151496028,0.0228220911718572,0.9110268930935562,1.0,0.7911111111111111,0.7439999999999999,0.7123921568627452,0.9417366455969952,0.8210921670921669,0.7911111111111111,0.7439999999999999,0.7123921568627452,0.9417366455969952,0.8210921670921669
bank-marketing,rf,3,75,1000,noise,1.0,75,lime,2.458486318588257,0.0894742012023925,0.1174368858337402,1.395374774932861,False,False,0.8895606015924507,0.0370097316425833,0.0936509140843141,0.0670506257354769,0.825419821572686,0.9733333333333334,0.6622222222222222,0.68,0.6710588235294117,0.8762393558990512,0.8185749435749435,0.6621004566210045,0.6821917808219178,0.676631748589847,0.8755133902652303,0.821595261663755
bank-marketing,rf,3,75,1000,quantize,2.0,75,lime,2.458486318588257,0.0894742012023925,0.0988936424255371,1.45878005027771,False,False,0.896711884399882,0.0328074314361545,0.1566561216301816,0.1493401250750566,0.7486071311030777,0.9733333333333334,0.7555555555555555,0.7199999999999999,0.7289803921568628,0.9416450826034284,0.8505962185962185,0.7625570776255708,0.7205479452054794,0.7288879935535858,0.9419684068482737,0.8495471043416248
bank-marketing,rf,3,150,2000,baseline,0.0,150,lime,2.458486318588257,0.0912477970123291,0.1157698631286621,4.302116870880127,False,False,0.9009141846063108,0.0,0.0,0.0291923117226607,0.894847079785558,1.0,1.0,1.0,1.0,1.0,1.0,1.0,1.0,1.0,1.0,1.0
bank-marketing,rf,3,150,2000,gradual,1.0,150,lime,2.458486318588257,0.0912477970123291,0.1176862716674804,4.327115058898926,False,False,0.8664848127396049,0.1097758773223238,0.2250538749858235,0.223105811919373,0.6823201866613687,0.9333333333333332,0.5977777777777777,0.6826666666666665,0.6796862745098039,0.8637096893160535,0.8383880563880564,0.6023809523809525,0.6842857142857142,0.6861764705882353,0.8769307363254496,0.8408806273091987
bank-marketing,rf,3,150,2000,mean_shift,2.0,150,lime,2.458486318588257,0.0912477970123291,0.1119046211242675,4.2850117683410645,False,False,0.8187850191683869,0.1652904747861987,0.3029103824272018,0.3009927385970508,0.6072306840481813,0.92,0.5466666666666666,0.6253333333333332,0.5828431372549019,0.8383426355003055,0.8087084767084767,0.5483091787439613,0.6333333333333334,0.5830562659846548,0.8464999568032293,0.8103754538537147
bank-marketing,rf,3,150,2000,missing,0.5,150,lime,2.458486318588257,0.0912477970123291,0.1090731620788574,4.290540933609009,False,False,0.8937629017988794,0.0198319079917428,0.0341546151496028,0.0228220911718572,0.9110268930935562,0.9866666666666668,0.7977777777777778,0.7773333333333332,0.7674901960784314,0.959169339025694,0.8783260813260813,0.8018018018018017,0.7783783783783783,0.7741653418124006,0.9603763831754392,0.8822802947802947
bank-marketing,rf,3,150,2000,noise,1.0,150,lime,2.458486318588257,0.0912477970123291,0.12056565284729,4.208470344543457,False,False,0.8895606015924507,0.0370097316425833,0.0936509140843141,0.0670506257354769,0.825419821572686,0.9733333333333334,0.7022222222222222,0.7106666666666666,0.7169019607843137,0.8886212939814542,0.8657979427979429,0.7009132420091325,0.710958904109589,0.7203263497179695,0.8869289069408107,0.8702296561885603
bank-marketing,rf,3,150,2000,quantize,2.0,150,lime,2.458486318588257,0.0912477970123291,0.0995154380798339,4.369663000106812,False,False,0.896711884399882,0.0328074314361545,0.1566561216301816,0.1493401250750566,0.7486071311030777,0.9666666666666668,0.7511111111111111,0.7359999999999999,0.7793921568627451,0.9500193173593694,0.889527861027861,0.7563218390804598,0.7406896551724137,0.7797160243407708,0.949644333862982,0.8857184769253734
bank-marketing,rf,4,30,500,baseline,0.0,30,lime,2.5900661945343018,0.0918595790863037,0.1160206794738769,0.4521491527557373,False,False,0.901135358301386,0.0,0.0,0.0343491933888421,0.8927969565022117,1.0,1.0,1.0,1.0,1.0,1.0,1.0,1.0,1.0,1.0,1.0
bank-marketing,rf,4,30,500,gradual,1.0,30,lime,2.5900661945343018,0.0918595790863037,0.1179358959197998,0.4666957855224609,False,False,0.8779121203184901,0.0873636095547036,0.2214229994900914,0.2206300915799375,0.6811926742334299,0.9666666666666668,0.5666666666666667,0.6066666666666667,0.542156862745098,0.7853440093039088,0.7512198912198913,0.5862068965517241,0.6068965517241378,0.5481744421906694,0.8007177842807441,0.7495378185033358
bank-marketing,rf,4,30,500,mean_shift,2.0,30,lime,2.5900661945343018,0.0918595790863037,0.112762451171875,0.4633705615997314,False,False,0.8448097906222354,0.1281332940135653,0.2893967368175108,0.2885797741409913,0.6151283969682954,0.9333333333333332,0.5444444444444445,0.5933333333333335,0.5104901960784314,0.7601120346652299,0.7311174011174012,0.5476190476190477,0.5857142857142856,0.5076680672268907,0.7775195846885581,0.7256870114012972
bank-marketing,rf,4,30,500,missing,0.5,30,lime,2.5900661945343018,0.0918595790863037,0.1088416576385498,0.4552376270294189,False,False,0.8945001474491301,0.0179887938661161,0.0350570494033772,0.0237617052522712,0.910992093069095,1.0,0.7555555555555556,0.686666666666667,0.6386274509803921,0.8937279192983701,0.7691070966070968,0.7555555555555556,0.686666666666667,0.6386274509803921,0.8937279192983701,0.7691070966070968
bank-marketing,rf,4,30,500,noise,1.0,30,lime,2.5900661945343018,0.0918595790863037,0.1213183403015136,0.4488599300384521,False,False,0.8958271896195813,0.031111766440578,0.0937134527043025,0.0738883407581276,0.8207375758425529,1.0,0.5666666666666668,0.6000000000000001,0.602843137254902,0.7824165559228075,0.7632529507529509,0.5666666666666668,0.6000000000000001,0.602843137254902,0.7824165559228075,0.7632529507529509
bank-marketing,rf,4,30,500,quantize,2.0,30,lime,2.5900661945343018,0.0918595790863037,0.0992226600646972,0.4555702209472656,False,False,0.8982601002654085,0.0286788557947508,0.1468291047477476,0.1449368390887791,0.7566572433074124,1.0,0.6777777777777778,0.6800000000000003,0.6494117647058825,0.8710150169865438,0.7661541236541237,0.6777777777777778,0.6800000000000003,0.6494117647058825,0.8710150169865438,0.7661541236541237
bank-marketing,rf,4,75,1000,baseline,0.0,75,lime,2.5900661945343018,0.0919315814971923,0.1157886981964111,1.4919216632843018,False,False,0.901135358301386,0.0,0.0,0.0343491933888421,0.8927969565022117,1.0,1.0,1.0,1.0,1.0,1.0,1.0,1.0,1.0,1.0,1.0
bank-marketing,rf,4,75,1000,gradual,1.0,75,lime,2.5900661945343018,0.0919315814971923,0.1192877292633056,1.509359359741211,False,False,0.8779121203184901,0.0873636095547036,0.2214229994900914,0.2206300915799375,0.6811926742334299,0.9466666666666668,0.5999999999999999,0.6426666666666667,0.6222745098039214,0.8077054124616628,0.7718996928996928,0.6009389671361501,0.6366197183098591,0.6186826843413421,0.8066380901076938,0.7653087522805833
bank-marketing,rf,4,75,1000,mean_shift,2.0,75,lime,2.5900661945343018,0.0919315814971923,0.112607717514038,1.4977426528930664,False,False,0.8448097906222354,0.1281332940135653,0.2893967368175108,0.2885797741409913,0.6151283969682954,0.84,0.5377777777777777,0.6053333333333332,0.5515686274509803,0.7836709551599371,0.7521054131054131,0.5343915343915343,0.603174603174603,0.5570494864612512,0.7887885169095685,0.7508916568440378
bank-marketing,rf,4,75,1000,missing,0.5,75,lime,2.5900661945343018,0.0919315814971923,0.1088335514068603,1.487074375152588,False,False,0.8945001474491301,0.0179887938661161,0.0350570494033772,0.0237617052522712,0.910992093069095,1.0,0.7644444444444443,0.7573333333333331,0.7236078431372549,0.9206811822090148,0.8113224553224552,0.7644444444444443,0.7573333333333331,0.7236078431372549,0.9206811822090148,0.8113224553224552
bank-marketing,rf,4,75,1000,noise,1.0,75,lime,2.5900661945343018,0.0919315814971923,0.1214053630828857,1.4648170471191406,False,False,0.8958271896195813,0.031111766440578,0.0937134527043025,0.0738883407581276,0.8207375758425529,0.9866666666666668,0.68,0.688,0.6707058823529412,0.8595199140278947,0.7970745920745919,0.6801801801801801,0.6837837837837837,0.6713434022257552,0.858082813999967,0.7962628587628587
bank-marketing,rf,4,75,1000,quantize,2.0,75,lime,2.5900661945343018,0.0919315814971923,0.099116563796997,1.4978792667388916,False,False,0.8982601002654085,0.0286788557947508,0.1468291047477476,0.1449368390887791,0.7566572433074124,1.0,0.791111111111111,0.7306666666666665,0.7187058823529411,0.9156594963789604,0.819029674029674,0.791111111111111,0.7306666666666665,0.7187058823529411,0.9156594963789604,0.819029674029674
bank-marketing,rf,4,150,2000,baseline,0.0,150,lime,2.5900661945343018,0.0917830467224121,0.1156568527221679,4.306930065155029,False,False,0.901135358301386,0.0,0.0,0.0343491933888421,0.8927969565022117,1.0,1.0,1.0,1.0,1.0,1.0,1.0,1.0,1.0,1.0,1.0
bank-marketing,rf,4,150,2000,gradual,1.0,150,lime,2.5900661945343018,0.0917830467224121,0.1182653903961181,4.3066277503967285,False,False,0.8779121203184901,0.0873636095547036,0.2214229994900914,0.2206300915799375,0.6811926742334299,0.9,0.6044444444444443,0.6866666666666666,0.689529411764706,0.8317269634745537,0.8284130129130128,0.6123456790123456,0.6962962962962963,0.6921350762527233,0.8328403149784943,0.8269684430795541
bank-marketing,rf,4,150,2000,mean_shift,2.0,150,lime,2.5900661945343018,0.0917830467224121,0.1125597953796386,4.255421161651611,False,False,0.8448097906222354,0.1281332940135653,0.2893967368175108,0.2885797741409913,0.6151283969682954,0.8266666666666667,0.5288888888888889,0.6359999999999999,0.6255490196078433,0.7978929627660416,0.8145546675546677,0.532258064516129,0.6435483870967741,0.62407495256167,0.798654870579675,0.8074757679596388
bank-marketing,rf,4,150,2000,missing,0.5,150,lime,2.5900661945343018,0.0917830467224121,0.108661413192749,4.324377059936523,False,False,0.8945001474491301,0.0179887938661161,0.0350570494033772,0.0237617052522712,0.910992093069095,1.0,0.8177777777777777,0.8093333333333331,0.7762549019607843,0.934997646765616,0.87102701002701,0.8177777777777777,0.8093333333333331,0.7762549019607843,0.934997646765616,0.87102701002701
bank-marketing,rf,4,150,2000,noise,1.0,150,lime,2.5900661945343018,0.0917830467224121,0.1218419075012207,4.206230163574219,False,False,0.8958271896195813,0.031111766440578,0.0937134527043025,0.0738883407581276,0.8207375758425529,0.9866666666666668,0.7088888888888888,0.7279999999999999,0.7289411764705882,0.8704335740691177,0.8422421837421837,0.7117117117117115,0.7270270270270269,0.731856120826709,0.8695446195894144,0.8429256366756367
bank-marketing,rf,4,150,2000,quantize,2.0,150,lime,2.5900661945343018,0.0917830467224121,0.0987777709960937,4.328591585159302,False,False,0.8982601002654085,0.0286788557947508,0.1468291047477476,0.1449368390887791,0.7566572433074124,0.9933333333333332,0.8022222222222222,0.7853333333333332,0.7787058823529412,0.927748118967588,0.8665669515669515,0.803131991051454,0.7865771812080536,0.7793920252664824,0.9310152226743216,0.8674611369242242
electricity,hgb,0,30,500,baseline,0.0,30,lime,0.8293685913085938,0.0728561878204345,0.0792512893676757,0.2605316638946533,False,False,0.903707518022657,0.0,0.0,0.0451491057907635,0.8612496434546866,1.0,1.0,1.0,1.0,1.0,1.0,1.0,1.0,1.0,1.0,1.0
electricity,hgb,0,30,500,gradual,1.0,30,lime,0.8293685913085938,0.0728561878204345,0.0695598125457763,0.2534172534942627,False,False,0.4769015742239223,0.5225834927173754,0.464694336543614,0.4564904613596894,0.9046596669165178,0.5333333333333333,0.5666666666666667,0.6666666666666669,0.4500000000000001,0.9542966831981444,0.6794444444444444,0.5625,0.675,0.4613095238095238,0.9485031539415164,0.64375
electricity,hgb,0,30,500,mean_shift,2.0,30,lime,0.8293685913085938,0.0728561878204345,0.0658037662506103,0.2483742237091064,False,False,0.4245255259673385,0.5796675003678093,0.5572519852656693,0.5556573044486763,0.9801828304160148,0.5,0.5333333333333333,0.6866666666666669,0.438888888888889,0.951500445818742,0.7266666666666667,0.5777777777777778,0.6799999999999999,0.4952380952380952,0.9440107664451332,0.7377777777777778
electricity,hgb,0,30,500,missing,0.5,30,lime,0.8293685913085938,0.0728561878204345,0.0757315158843994,0.2621238231658935,False,False,0.6750036780932764,0.299323230837134,0.2533998880682359,0.1533224642422937,0.8072545125746462,0.8,0.6222222222222222,0.7000000000000003,0.5920634920634922,0.9806881212035796,0.8288888888888889,0.6388888888888888,0.7083333333333334,0.5972222222222223,0.9813446900639492,0.8458333333333332
electricity,hgb,0,30,500,noise,1.0,30,lime,0.8293685913085938,0.0728561878204345,0.0764305591583252,0.2559621334075928,False,False,0.5971752243636899,0.3908341915550978,0.3624174585619846,0.334853853449961,0.9291035808781364,0.5666666666666667,0.6222222222222221,0.6866666666666669,0.5619047619047619,0.9791055712825888,0.7716666666666667,0.6666666666666666,0.6941176470588236,0.5854341736694679,0.9795872650669598,0.7999999999999999
electricity,hgb,0,30,500,quantize,2.0,30,lime,0.8293685913085938,0.0728561878204345,0.0728693008422851,0.2609448432922363,False,False,0.5456083566279241,0.4528468441959688,0.3708714787482856,0.3244211116280627,0.8684922141496484,0.5333333333333333,0.5555555555555556,0.6933333333333334,0.5976190476190477,0.9816097060905664,0.8377777777777778,0.5208333333333333,0.675,0.5714285714285714,0.9793551145017464,0.7979166666666666
electricity,hgb,0,75,1000,baseline,0.0,75,lime,0.8293685913085938,0.0728731155395507,0.0792393684387207,0.8697834014892578,False,False,0.903707518022657,0.0,0.0,0.0451491057907635,0.8612496434546866,1.0,1.0,1.0,1.0,1.0,1.0,1.0,1.0,1.0,1.0,1.0
electricity,hgb,0,75,1000,gradual,1.0,75,lime,0.8293685913085938,0.0728731155395507,0.0699021816253662,0.8409218788146973,False,False,0.4769015742239223,0.5225834927173754,0.464694336543614,0.4564904613596894,0.9046596669165178,0.48,0.6,0.688,0.4717460317460318,0.9552132438178226,0.7522222222222222,0.6111111111111112,0.7055555555555557,0.4252645502645503,0.9273476539954838,0.7217592592592593
electricity,hgb,0,75,1000,mean_shift,2.0,75,lime,0.8293685913085938,0.0728731155395507,0.0656421184539794,0.827239990234375,False,False,0.4245255259673385,0.5796675003678093,0.5572519852656693,0.5556573044486763,0.9801828304160148,0.44,0.5733333333333333,0.6746666666666665,0.5015873015873017,0.9609219418870952,0.7673333333333333,0.5959595959595959,0.6848484848484849,0.4891774891774892,0.9446074788623726,0.7858585858585858
electricity,hgb,0,75,1000,missing,0.5,75,lime,0.8293685913085938,0.0728731155395507,0.0758421421051025,0.8695647716522217,False,False,0.6750036780932764,0.299323230837134,0.2533998880682359,0.1533224642422937,0.8072545125746462,0.7866666666666666,0.7333333333333333,0.7306666666666666,0.6142857142857143,0.9862368029186824,0.86,0.7231638418079095,0.7254237288135591,0.6339790153349475,0.9877213717846236,0.8805084745762711
electricity,hgb,0,75,1000,noise,1.0,75,lime,0.8293685913085938,0.0728731155395507,0.0769731998443603,0.8518393039703369,False,False,0.5971752243636899,0.3908341915550978,0.3624174585619846,0.334853853449961,0.9291035808781364,0.6,0.6666666666666665,0.712,0.6203174603174605,0.9821251709510948,0.8546666666666666,0.6592592592592593,0.7200000000000001,0.6391534391534393,0.97956984701294,0.8492592592592593
electricity,hgb,0,75,1000,quantize,2.0,75,lime,0.8293685913085938,0.0728731155395507,0.0728344917297363,0.9176852703094482,False,False,0.5456083566279241,0.4528468441959688,0.3708714787482856,0.3244211116280627,0.8684922141496484,0.5466666666666666,0.6311111111111111,0.7146666666666666,0.6028571428571429,0.9891130871782364,0.8337777777777776,0.5934959349593496,0.7121951219512195,0.5993031358885018,0.9887593494763612,0.7926829268292683
electricity,hgb,0,150,2000,baseline,0.0,150,lime,0.8293685913085938,0.0726370811462402,0.0791468620300293,2.6094393730163574,False,False,0.903707518022657,0.0,0.0,0.0451491057907635,0.8612496434546866,1.0,1.0,1.0,1.0,1.0,1.0,1.0,1.0,1.0,1.0,1.0
electricity,hgb,0,150,2000,gradual,1.0,150,lime,0.8293685913085938,0.0726370811462402,0.0698244571685791,2.674266815185547,False,False,0.4769015742239223,0.5225834927173754,0.464694336543614,0.4564904613596894,0.9046596669165178,0.5,0.6311111111111111,0.708,0.5423809523809524,0.9681537013234516,0.7614444444444445,0.6177777777777778,0.7146666666666666,0.4955555555555556,0.9496471212747748,0.7473333333333333
electricity,hgb,0,150,2000,mean_shift,2.0,150,lime,0.8293685913085938,0.0726370811462402,0.0659933090209961,2.463186740875244,False,False,0.4245255259673385,0.5796675003678093,0.5572519852656693,0.5556573044486763,0.9801828304160148,0.4266666666666667,0.551111111111111,0.6853333333333333,0.544920634920635,0.9700360504823916,0.7819999999999999,0.53125,0.6875,0.4888392857142858,0.9525637980942708,0.7559895833333333
electricity,hgb,0,150,2000,missing,0.5,150,lime,0.8293685913085938,0.0726370811462402,0.0760016441345214,2.6271743774414062,False,False,0.6750036780932764,0.299323230837134,0.2533998880682359,0.1533224642422937,0.8072545125746462,0.7266666666666667,0.74,0.7519999999999999,0.6642857142857145,0.9876541179994216,0.8672222222222221,0.7431192660550459,0.7486238532110089,0.6874180865006555,0.987061981649553,0.8756880733944953
electricity,hgb,0,150,2000,noise,1.0,150,lime,0.8293685913085938,0.0726370811462402,0.0776267051696777,2.551337480545044,False,False,0.5971752243636899,0.3908341915550978,0.3624174585619846,0.334853853449961,0.9291035808781364,0.62,0.6822222222222222,0.7213333333333333,0.6006349206349206,0.9836626998763424,0.8477777777777777,0.6845878136200717,0.7376344086021501,0.59626216077829,0.9805912553539108,0.835483870967742
electricity,hgb,0,150,2000,quantize,2.0,150,lime,0.8293685913085938,0.0726370811462402,0.0731217861175537,2.601966857910156,False,False,0.5456083566279241,0.4528468441959688,0.3708714787482856,0.3244211116280627,0.8684922141496484,0.5266666666666666,0.6022222222222223,0.7119999999999999,0.6528571428571428,0.984396422707942,0.8342222222222222,0.5991561181434598,0.7189873417721517,0.58499095840868,0.9776995592030088,0.8014767932489452
electricity,hgb,1,30,500,baseline,0.0,30,lime,0.7925195693969727,0.0711920261383056,0.0771875381469726,0.2473516464233398,False,False,0.9023098425776078,0.0,0.0,0.0406836892352237,0.8620917685526606,1.0,1.0,1.0,1.0,1.0,1.0,1.0,1.0,1.0,1.0,1.0
electricity,hgb,1,30,500,gradual,1.0,30,lime,0.7925195693969727,0.0711920261383056,0.0688667297363281,0.2525992393493652,False,False,0.4728556716198323,0.528615565690746,0.4873635737829744,0.4814698156933328,0.9303257224579776,0.5333333333333333,0.5666666666666665,0.6533333333333334,0.4142857142857143,0.9614436434053906,0.7183333333333334,0.5625,0.6749999999999999,0.4285714285714286,0.9563787863147336,0.7364583333333332
electricity,hgb,1,30,500,mean_shift,2.0,30,lime,0.7925195693969727,0.0711920261383056,0.0647928714752197,0.2398364543914795,False,False,0.4245255259673385,0.5798881859643961,0.5597489299056246,0.5580069882558307,0.9825325142231692,0.4666666666666667,0.5888888888888888,0.6733333333333336,0.4277777777777778,0.964227647230053,0.7022222222222223,0.619047619047619,0.6857142857142857,0.5153061224489797,0.9612271870069148,0.7369047619047618
electricity,hgb,1,30,500,missing,0.5,30,lime,0.7925195693969727,0.0711920261383056,0.0739345550537109,0.2479536533355713,False,False,0.6511696336619097,0.3233779608650875,0.2663004635695074,0.172177190275399,0.8051555862529833,0.6,0.7000000000000001,0.6866666666666669,0.5,0.9840565939509384,0.7794444444444445,0.648148148148148,0.6888888888888889,0.5105820105820106,0.9845518285746182,0.7657407407407407
electricity,hgb,1,30,500,noise,1.0,30,lime,0.7925195693969727,0.0711920261383056,0.0748484134674072,0.2447693347930908,False,False,0.601147565102251,0.3847285567161983,0.356217148868541,0.325047256944028,0.9212280489376856,0.6,0.6333333333333334,0.6866666666666669,0.4968253968253969,0.9751245473494904,0.7438888888888889,0.6481481481481481,0.6888888888888889,0.4246031746031746,0.9653655304111828,0.7194444444444446
electricity,hgb,1,30,500,quantize,2.0,30,lime,0.7925195693969727,0.0711920261383056,0.0719780921936035,0.2474498748779297,False,False,0.5634103280859203,0.4393850228041783,0.3502393250085767,0.3038552642625253,0.8625044392700749,0.5333333333333333,0.5444444444444444,0.6600000000000001,0.3904761904761905,0.9819558800428364,0.7372222222222222,0.5625,0.675,0.261904761904762,0.9779867177866016,0.7239583333333333
electricity,hgb,1,75,1000,baseline,0.0,75,lime,0.7925195693969727,0.0712695121765136,0.0772745609283447,0.8422012329101562,False,False,0.9023098425776078,0.0,0.0,0.0406836892352237,0.8620917685526606,1.0,1.0,1.0,1.0,1.0,1.0,1.0,1.0,1.0,1.0,1.0
electricity,hgb,1,75,1000,gradual,1.0,75,lime,0.7925195693969727,0.0712695121765136,0.0688745975494384,0.8151230812072754,False,False,0.4728556716198323,0.528615565690746,0.4873635737829744,0.4814698156933328,0.9303257224579776,0.5066666666666667,0.6533333333333332,0.688,0.3958730158730159,0.976360530598276,0.7420634920634921,0.6140350877192983,0.6684210526315791,0.3897243107769424,0.9694031115329628,0.743421052631579
electricity,hgb,1,75,1000,mean_shift,2.0,75,lime,0.7925195693969727,0.0712695121765136,0.0650227069854736,0.8223638534545898,False,False,0.4245255259673385,0.5798881859643961,0.5597489299056246,0.5580069882558307,0.9825325142231692,0.44,0.6044444444444445,0.6826666666666666,0.440952380952381,0.9783069212036406,0.739079365079365,0.6363636363636362,0.6545454545454545,0.450937950937951,0.9719845272161208,0.7666666666666666
electricity,hgb,1,75,1000,missing,0.5,75,lime,0.7925195693969727,0.0712695121765136,0.0743110179901123,0.8486082553863525,False,False,0.6511696336619097,0.3233779608650875,0.2663004635695074,0.172177190275399,0.8051555862529833,0.6133333333333333,0.7022222222222222,0.7119999999999999,0.4965079365079365,0.9904012132430352,0.81,0.717391304347826,0.7130434782608697,0.4736024844720496,0.9902768964638796,0.8079710144927538
electricity,hgb,1,75,1000,noise,1.0,75,lime,0.7925195693969727,0.0712695121765136,0.0751738548278808,0.8293015956878662,False,False,0.601147565102251,0.3847285567161983,0.356217148868541,0.325047256944028,0.9212280489376856,0.5466666666666666,0.6488888888888887,0.7039999999999998,0.4825396825396826,0.9873711998762974,0.7996507936507936,0.6504065040650406,0.7219512195121952,0.4878048780487805,0.9854787919892612,0.8077235772357724
electricity,hgb,1,75,1000,quantize,2.0,75,lime,0.7925195693969727,0.0712695121765136,0.0721917152404785,0.9901564121246338,False,False,0.5634103280859203,0.4393850228041783,0.3502393250085767,0.3038552642625253,0.8625044392700749,0.5066666666666667,0.6133333333333334,0.7119999999999999,0.5485714285714286,0.9904791510319512,0.8013015873015873,0.6403508771929826,0.7263157894736844,0.5520050125313284,0.9903728739025844,0.8421052631578947
electricity,hgb,1,150,2000,baseline,0.0,150,lime,0.7925195693969727,0.0713109970092773,0.0771560668945312,2.5294690132141118,False,False,0.9023098425776078,0.0,0.0,0.0406836892352237,0.8620917685526606,1.0,1.0,1.0,1.0,1.0,1.0,1.0,1.0,1.0,1.0,1.0
electricity,hgb,1,150,2000,gradual,1.0,150,lime,0.7925195693969727,0.0713109970092773,0.0688245296478271,2.4556009769439697,False,False,0.4728556716198323,0.528615565690746,0.4873635737829744,0.4814698156933328,0.9303257224579776,0.5066666666666667,0.5955555555555554,0.7213333333333333,0.4358730158730158,0.9822926139503688,0.7656666666666666,0.5745614035087718,0.7105263157894736,0.4285714285714286,0.9778744723951056,0.7550438596491228
electricity,hgb,1,150,2000,mean_shift,2.0,150,lime,0.7925195693969727,0.0713109970092773,0.0647046566009521,2.3980929851531982,False,False,0.4245255259673385,0.5798881859643961,0.5597489299056246,0.5580069882558307,0.9825325142231692,0.4533333333333333,0.591111111111111,0.6813333333333332,0.4331746031746032,0.9834980975884696,0.7668888888888888,0.5784313725490196,0.6705882352941177,0.4247198879551822,0.9800976008098864,0.7544117647058823
electricity,hgb,1,150,2000,missing,0.5,150,lime,0.7925195693969727,0.0713109970092773,0.0741093158721923,2.5585296154022217,False,False,0.6511696336619097,0.3233779608650875,0.2663004635695074,0.172177190275399,0.8051555862529833,0.6733333333333333,0.711111111111111,0.7386666666666665,0.5715873015873018,0.992592267821434,0.8665555555555554,0.7095709570957097,0.7465346534653463,0.5855728429985856,0.99320042525273,0.8739273927392739
electricity,hgb,1,150,2000,noise,1.0,150,lime,0.7925195693969727,0.0713109970092773,0.0755152702331543,2.474081516265869,False,False,0.601147565102251,0.3847285567161983,0.356217148868541,0.325047256944028,0.9212280489376856,0.5733333333333334,0.6511111111111111,0.704,0.5201587301587303,0.9905818637747252,0.8335555555555555,0.6472868217054263,0.7046511627906976,0.5437430786267996,0.989661843705292,0.8300387596899224
electricity,hgb,1,150,2000,quantize,2.0,150,lime,0.7925195693969727,0.0713109970092773,0.0720660686492919,2.536825180053711,False,False,0.5634103280859203,0.4393850228041783,0.3502393250085767,0.3038552642625253,0.8625044392700749,0.4866666666666667,0.6177777777777778,0.7013333333333333,0.6034920634920635,0.993705296032008,0.886,0.6027397260273971,0.6904109589041095,0.5971950424005219,0.9939716837661688,0.9143835616438356
electricity,hgb,2,30,500,baseline,0.0,30,lime,0.8086063861846924,0.0706510543823242,0.0791504383087158,0.256439208984375,False,False,0.9003236722083272,0.0,0.0,0.0403797004302745,0.8596256799443593,1.0,1.0,1.0,1.0,1.0,1.0,1.0,1.0,1.0,1.0,1.0
electricity,hgb,2,30,500,gradual,1.0,30,lime,0.8086063861846924,0.0706510543823242,0.0695791244506836,0.2519595623016357,False,False,0.4603501544799176,0.5364866853023392,0.5019433036800616,0.5033402586219496,0.9416518675634558,0.3666666666666666,0.6666666666666665,0.7466666666666668,0.4436507936507937,0.905259388033554,0.6877777777777777,0.5454545454545454,0.7454545454545454,0.4155844155844156,0.8178854072324839,0.6000000000000001
electricity,hgb,2,30,500,mean_shift,2.0,30,lime,0.8086063861846924,0.0706510543823242,0.0654792785644531,0.2505154609680176,False,False,0.4245255259673385,0.5740767985876122,0.5627764532280852,0.5657183692276615,0.990243895195,0.3,0.5888888888888889,0.7200000000000003,0.5190476190476192,0.9158304722792748,0.7541666666666668,0.5925925925925926,0.6888888888888888,0.4841269841269841,0.8578344305704081,0.8138888888888889
electricity,hgb,2,30,500,missing,0.5,30,lime,0.8086063861846924,0.0706510543823242,0.0741794109344482,0.2583534717559814,False,False,0.6759599823451523,0.2980726791231425,0.2550882094304854,0.1519776755432809,0.8123406136327661,0.7666666666666667,0.6777777777777778,0.7133333333333335,0.3666666666666666,0.9675803936386788,0.7144444444444444,0.681159420289855,0.7217391304347827,0.3799171842650103,0.964943497362108,0.7188405797101448
electricity,hgb,2,30,500,noise,1.0,30,lime,0.8086063861846924,0.0706510543823242,0.0761833190917968,0.2506661415100097,False,False,0.6085037516551419,0.3771516845667206,0.3548229718299237,0.3230058927244889,0.9281943472083004,0.7333333333333333,0.6333333333333332,0.7266666666666668,0.5777777777777777,0.9661214495732244,0.8197222222222221,0.6515151515151514,0.7090909090909091,0.5476190476190477,0.9616726113620429,0.7814393939393939
electricity,hgb,2,30,500,quantize,2.0,30,lime,0.8086063861846924,0.0706510543823242,0.0709369182586669,0.2575302124023437,False,False,0.5451669854347506,0.4518169780785641,0.3537718372815557,0.3063603373286494,0.8514004175711879,0.7,0.5666666666666667,0.7000000000000001,0.5246031746031747,0.9770580307971736,0.8036111111111112,0.5873015873015872,0.6952380952380953,0.5124716553287982,0.9795980903331434,0.801984126984127
electricity,hgb,2,75,1000,baseline,0.0,75,lime,0.8086063861846924,0.0709953308105468,0.0772395133972168,0.8804593086242676,False,False,0.9003236722083272,0.0,0.0,0.0403797004302745,0.8596256799443593,1.0,1.0,1.0,1.0,1.0,1.0,1.0,1.0,1.0,1.0,1.0
electricity,hgb,2,75,1000,gradual,1.0,75,lime,0.8086063861846924,0.0709953308105468,0.0695021152496337,0.8387129306793213,False,False,0.4603501544799176,0.5364866853023392,0.5019433036800616,0.5033402586219496,0.9416518675634558,0.4,0.6177777777777778,0.6959999999999998,0.5206349206349207,0.9360353584853812,0.7398095238095238,0.5777777777777777,0.6800000000000002,0.5039682539682541,0.8930949830806104,0.7026984126984127
electricity,hgb,2,75,1000,mean_shift,2.0,75,lime,0.8086063861846924,0.0709953308105468,0.0659599304199218,0.8358159065246582,False,False,0.4245255259673385,0.5740767985876122,0.5627764532280852,0.5657183692276615,0.990243895195,0.36,0.5866666666666668,0.6479999999999999,0.5228571428571429,0.927052862995619,0.7274920634920635,0.54320987654321,0.6666666666666666,0.4920634920634921,0.8808642487417044,0.6858024691358025
electricity,hgb,2,75,1000,missing,0.5,75,lime,0.8086063861846924,0.0709953308105468,0.0742712020874023,0.8714349269866943,False,False,0.6759599823451523,0.2980726791231425,0.2550882094304854,0.1519776755432809,0.8123406136327661,0.7866666666666666,0.7422222222222223,0.72,0.5723809523809524,0.980400489781096,0.8082857142857143,0.7457627118644067,0.7254237288135593,0.5532687651331719,0.9802852915050396,0.8049233252623084
electricity,hgb,2,75,1000,noise,1.0,75,lime,0.8086063861846924,0.0709953308105468,0.0761876106262207,0.8513741493225098,False,False,0.6085037516551419,0.3771516845667206,0.3548229718299237,0.3230058927244889,0.9281943472083004,0.6666666666666666,0.6666666666666666,0.6933333333333332,0.4990476190476192,0.9588463961995468,0.721015873015873,0.6333333333333333,0.684,0.5314285714285716,0.9518956240720624,0.735904761904762
electricity,hgb,2,75,1000,quantize,2.0,75,lime,0.8086063861846924,0.0709953308105468,0.0707414150238037,0.8633177280426025,False,False,0.5451669854347506,0.4518169780785641,0.3537718372815557,0.3063603373286494,0.8514004175711879,0.5466666666666666,0.6355555555555554,0.7066666666666666,0.6295238095238095,0.9815422873361036,0.8175238095238094,0.6585365853658537,0.6975609756097562,0.6062717770034844,0.9800243672346648,0.8101626016260163
electricity,hgb,2,150,2000,baseline,0.0,150,lime,0.8086063861846924,0.0707643032073974,0.0781207084655761,2.589149236679077,False,False,0.9003236722083272,0.0,0.0,0.0403797004302745,0.8596256799443593,1.0,1.0,1.0,1.0,1.0,1.0,1.0,1.0,1.0,1.0,1.0
electricity,hgb,2,150,2000,gradual,1.0,150,lime,0.8086063861846924,0.0707643032073974,0.0680658817291259,2.4400711059570312,False,False,0.4603501544799176,0.5364866853023392,0.5019433036800616,0.5033402586219496,0.9416518675634558,0.4266666666666667,0.6244444444444444,0.7133333333333334,0.5206349206349207,0.9410162750552024,0.7624126984126983,0.6197916666666667,0.696875,0.5606398809523809,0.9029931733774772,0.7431547619047618
electricity,hgb,2,150,2000,mean_shift,2.0,150,lime,0.8086063861846924,0.0707643032073974,0.0659282207489013,2.429957866668701,False,False,0.4245255259673385,0.5740767985876122,0.5627764532280852,0.5657183692276615,0.990243895195,0.3866666666666666,0.5844444444444444,0.688,0.5206349206349207,0.9435236984974408,0.7518571428571428,0.5919540229885056,0.6620689655172414,0.5357142857142857,0.904434101262622,0.7608374384236453
electricity,hgb,2,150,2000,missing,0.5,150,lime,0.8086063861846924,0.0707643032073974,0.0730047225952148,2.5855655670166016,False,False,0.6759599823451523,0.2980726791231425,0.2550882094304854,0.1519776755432809,0.8123406136327661,0.7666666666666667,0.72,0.7466666666666665,0.6152380952380953,0.9852353225407254,0.859920634920635,0.7246376811594203,0.7373913043478261,0.6078674948240165,0.9847249988326446,0.8555486542443064
electricity,hgb,2,150,2000,noise,1.0,150,lime,0.8086063861846924,0.0707643032073974,0.0761861801147461,2.466475248336792,False,False,0.6085037516551419,0.3771516845667206,0.3548229718299237,0.3230058927244889,0.9281943472083004,0.6,0.6577777777777777,0.7066666666666666,0.5126984126984129,0.9734496419615372,0.7607619047619048,0.6777777777777777,0.711111111111111,0.5267195767195767,0.9704719722948592,0.754232804232804
electricity,hgb,2,150,2000,quantize,2.0,150,lime,0.8086063861846924,0.0707643032073974,0.0695197582244873,2.5291311740875244,False,False,0.5451669854347506,0.4518169780785641,0.3537718372815557,0.3063603373286494,0.8514004175711879,0.56,0.6511111111111111,0.7306666666666665,0.6426984126984129,0.9872113743242668,0.8949206349206349,0.6587301587301587,0.7238095238095236,0.602607709750567,0.9866223508420656,0.8927154195011339
electricity,hgb,3,30,500,baseline,0.0,30,lime,0.791858434677124,0.0708115100860595,0.0770657062530517,0.2488164901733398,False,False,0.9048109460055908,0.0,0.0,0.0438715023750941,0.8606073373468497,1.0,1.0,1.0,1.0,1.0,1.0,1.0,1.0,1.0,1.0,1.0
electricity,hgb,3,30,500,gradual,1.0,30,lime,0.791858434677124,0.0708115100860595,0.0682687759399414,0.2433130741119384,False,False,0.4961747829924967,0.5033838458143298,0.4662607402982173,0.4617947099155167,0.9240465671149162,0.6333333333333333,0.5777777777777776,0.6666666666666667,0.3873015873015873,0.940661546047126,0.6543650793650794,0.543859649122807,0.6842105263157895,0.3922305764411029,0.9221445474133032,0.6621553884711779
electricity,hgb,3,30,500,mean_shift,2.0,30,lime,0.791858434677124,0.0708115100860595,0.0647802352905273,0.2386457920074463,False,False,0.4245255259673385,0.5784169486538179,0.5622187813629407,0.5619082580684149,0.9864337840357535,0.5333333333333333,0.5444444444444444,0.6600000000000001,0.2698412698412699,0.9324295258168188,0.6573809523809524,0.625,0.6375000000000001,0.2172619047619048,0.9021513330410748,0.6346726190476191
electricity,hgb,3,30,500,missing,0.5,30,lime,0.791858434677124,0.0708115100860595,0.0738751888275146,0.2492907047271728,False,False,0.6568338973076358,0.3125643666323378,0.2589803157709714,0.1752697468986364,0.8042674784082704,0.7,0.5888888888888887,0.7000000000000003,0.4626984126984128,0.9687031994120516,0.738015873015873,0.6190476190476192,0.7142857142857144,0.4659863945578231,0.9628407427604916,0.7281179138321996
electricity,hgb,3,30,500,noise,1.0,30,lime,0.791858434677124,0.0708115100860595,0.0754675865173339,0.2441785335540771,False,False,0.6053405914373988,0.3805355303810505,0.3539973758357355,0.3230695524068706,0.9250942758571264,0.5666666666666667,0.5444444444444445,0.6666666666666671,0.3373015873015873,0.9506036391580126,0.6457142857142858,0.5294117647058824,0.6941176470588235,0.3375350140056023,0.9292581976855026,0.6365546218487395
electricity,hgb,3,30,500,quantize,2.0,30,lime,0.791858434677124,0.0708115100860595,0.0713400840759277,0.2542085647583008,False,False,0.5625275856995734,0.4396792702662939,0.3356863520072476,0.2572674988168874,0.8184860335264623,0.6666666666666666,0.6333333333333332,0.6933333333333335,0.4746031746031747,0.9686085039135012,0.7765873015873016,0.6333333333333334,0.67,0.4416666666666667,0.9584518802082116,0.7482142857142857
electricity,hgb,3,75,1000,baseline,0.0,75,lime,0.791858434677124,0.0708372592926025,0.0768005847930908,0.8425195217132568,False,False,0.9048109460055908,0.0,0.0,0.0438715023750941,0.8606073373468497,1.0,1.0,1.0,1.0,1.0,1.0,1.0,1.0,1.0,1.0,1.0
electricity,hgb,3,75,1000,gradual,1.0,75,lime,0.791858434677124,0.0708372592926025,0.0679013729095459,0.8246614933013916,False,False,0.4961747829924967,0.5033838458143298,0.4662607402982173,0.4617947099155167,0.9240465671149162,0.5733333333333334,0.568888888888889,0.6773333333333332,0.4561904761904763,0.9642246665162412,0.8155555555555555,0.5736434108527131,0.6790697674418605,0.4640088593576966,0.950989820962124,0.8081395348837208
electricity,hgb,3,75,1000,mean_shift,2.0,75,lime,0.791858434677124,0.0708372592926025,0.0649681091308593,0.8011882305145264,False,False,0.4245255259673385,0.5784169486538179,0.5622187813629407,0.5619082580684149,0.9864337840357535,0.44,0.5733333333333333,0.6746666666666665,0.4384126984126985,0.9650877623869326,0.7884444444444444,0.5757575757575757,0.6848484848484848,0.4595959595959596,0.947351208254136,0.7712121212121212
electricity,hgb,3,75,1000,missing,0.5,75,lime,0.791858434677124,0.0708372592926025,0.073556900024414,0.8444454669952393,False,False,0.6568338973076358,0.3125643666323378,0.2589803157709714,0.1752697468986364,0.8042674784082704,0.72,0.6266666666666667,0.7253333333333333,0.5304761904761905,0.986966499934784,0.8353333333333334,0.6419753086419753,0.7370370370370368,0.5476190476190477,0.9862593264676834,0.8361111111111111
electricity,hgb,3,75,1000,noise,1.0,75,lime,0.791858434677124,0.0708372592926025,0.075486421585083,0.8217244148254395,False,False,0.6053405914373988,0.3805355303810505,0.3539973758357355,0.3230695524068706,0.9250942758571264,0.6,0.6400000000000001,0.696,0.5412698412698413,0.9841269148827684,0.8568888888888889,0.6444444444444445,0.6800000000000002,0.5619047619047619,0.9806284204204646,0.8577777777777776
electricity,hgb,3,75,1000,quantize,2.0,75,lime,0.791858434677124,0.0708372592926025,0.0713651180267334,0.8522918224334717,False,False,0.5625275856995734,0.4396792702662939,0.3356863520072476,0.2572674988168874,0.8184860335264623,0.4933333333333333,0.6399999999999999,0.7226666666666666,0.5771428571428572,0.9851633755372586,0.8771111111111111,0.6396396396396397,0.7297297297297298,0.5611325611325612,0.9794977610357264,0.859009009009009
electricity,hgb,3,150,2000,baseline,0.0,150,lime,0.791858434677124,0.0708768367767334,0.0772337913513183,2.550856113433838,False,False,0.9048109460055908,0.0,0.0,0.0438715023750941,0.8606073373468497,1.0,1.0,1.0,1.0,1.0,1.0,1.0,1.0,1.0,1.0,1.0
electricity,hgb,3,150,2000,gradual,1.0,150,lime,0.791858434677124,0.0708768367767334,0.067991018295288,2.4545094966888428,False,False,0.4961747829924967,0.5033838458143298,0.4662607402982173,0.4617947099155167,0.9240465671149162,0.5733333333333334,0.6066666666666667,0.6959999999999998,0.5522222222222224,0.9673283327689546,0.8207222222222221,0.6124031007751937,0.7186046511627906,0.576965669988926,0.9534138531210412,0.8272286821705428
electricity,hgb,3,150,2000,mean_shift,2.0,150,lime,0.791858434677124,0.0708768367767334,0.0649433135986328,2.445961236953736,False,False,0.4245255259673385,0.5784169486538179,0.5622187813629407,0.5619082580684149,0.9864337840357535,0.4466666666666666,0.6022222222222222,0.6746666666666666,0.5134920634920637,0.9739168071644988,0.7977777777777777,0.5771144278606964,0.6835820895522388,0.4985785358919687,0.9595808107712506,0.7711442786069651
electricity,hgb,3,150,2000,missing,0.5,150,lime,0.791858434677124,0.0708768367767334,0.0739011764526367,2.682645320892334,False,False,0.6568338973076358,0.3125643666323378,0.2589803157709714,0.1752697468986364,0.8042674784082704,0.7,0.6666666666666666,0.72,0.6193650793650796,0.9882676301310638,0.8578888888888889,0.657142857142857,0.7123809523809522,0.6208616780045352,0.9869698362714396,0.8504761904761906
electricity,hgb,3,150,2000,noise,1.0,150,lime,0.791858434677124,0.0708768367767334,0.0752558708190918,2.482166290283203,False,False,0.6053405914373988,0.3805355303810505,0.3539973758357355,0.3230695524068706,0.9250942758571264,0.6066666666666667,0.66,0.7106666666666666,0.531746031746032,0.986232083104958,0.8285555555555555,0.6556776556776557,0.7164835164835164,0.5154369440083727,0.9824474914339262,0.8203296703296702
electricity,hgb,3,150,2000,quantize,2.0,150,lime,0.791858434677124,0.0708768367767334,0.0713753700256347,2.565201759338379,False,False,0.5625275856995734,0.4396792702662939,0.3356863520072476,0.2572674988168874,0.8184860335264623,0.5466666666666666,0.6711111111111111,0.7373333333333332,0.6355555555555555,0.9873580646705974,0.8764444444444445,0.6747967479674797,0.7292682926829267,0.6324041811846689,0.9835107654279546,0.8800813008130082
electricity,hgb,4,30,500,baseline,0.0,30,lime,0.7894113063812256,0.0698921680450439,0.0759649276733398,0.245021104812622,False,False,0.9026040900397234,0.0,0.0,0.0427732620571166,0.8602236814975968,1.0,1.0,1.0,1.0,1.0,1.0,1.0,1.0,1.0,1.0,1.0
electricity,hgb,4,30,500,gradual,1.0,30,lime,0.7894113063812256,0.0698921680450439,0.0672698020935058,0.2408285140991211,False,False,0.4741797851993526,0.5231719876416066,0.4864756085594034,0.4830995979544722,0.9317811995027212,0.5,0.5222222222222223,0.6466666666666668,0.4182539682539682,0.8620102992731924,0.6927777777777778,0.4888888888888888,0.6133333333333332,0.4222222222222223,0.7582387876094454,0.6596825396825398
electricity,hgb,4,30,500,mean_shift,2.0,30,lime,0.7894113063812256,0.0698921680450439,0.0634853839874267,0.2369313240051269,False,False,0.4245255259673385,0.5753273503016036,0.5616329523599517,0.5637737658424985,0.9882992918098368,0.4333333333333333,0.5666666666666665,0.6600000000000003,0.4222222222222224,0.8706655967632394,0.6692063492063494,0.6153846153846154,0.6461538461538461,0.4120879120879121,0.7525426718219008,0.6175824175824176
electricity,hgb,4,30,500,missing,0.5,30,lime,0.7894113063812256,0.0698921680450439,0.0728065967559814,0.2500905990600586,False,False,0.6485949683683978,0.326246873620715,0.2671125048180993,0.1772282601955015,0.8058876678048827,0.7333333333333333,0.7555555555555558,0.7333333333333336,0.5571428571428572,0.9754194091637468,0.7848412698412699,0.7424242424242423,0.7363636363636364,0.6277056277056279,0.975851443249474,0.820995670995671
electricity,hgb,4,30,500,noise,1.0,30,lime,0.7894113063812256,0.0698921680450439,0.0741238594055175,0.2411475181579589,False,False,0.5947476828012358,0.3880388406649993,0.3612079014970017,0.3282510397316799,0.91957972517288,0.7,0.5666666666666667,0.6400000000000001,0.4817460317460318,0.9518279912669784,0.7309523809523811,0.5714285714285714,0.638095238095238,0.4682539682539683,0.9443618800113834,0.7148526077097505
electricity,hgb,4,30,500,quantize,2.0,30,lime,0.7894113063812256,0.0698921680450439,0.0705552101135253,0.2469351291656494,False,False,0.5869501250551714,0.4117257613653082,0.3332598984418096,0.2797047936751222,0.8670420476860385,0.6333333333333333,0.5999999999999999,0.7000000000000004,0.6523809523809524,0.979437606197432,0.8431746031746032,0.5964912280701754,0.7052631578947368,0.6165413533834587,0.9773908937874836,0.8357142857142857
electricity,hgb,4,75,1000,baseline,0.0,75,lime,0.7894113063812256,0.0702431201934814,0.0758111476898193,0.8285114765167236,False,False,0.9026040900397234,0.0,0.0,0.0427732620571166,0.8602236814975968,1.0,1.0,1.0,1.0,1.0,1.0,1.0,1.0,1.0,1.0,1.0
electricity,hgb,4,75,1000,gradual,1.0,75,lime,0.7894113063812256,0.0702431201934814,0.0687155723571777,0.8307781219482422,False,False,0.4741797851993526,0.5231719876416066,0.4864756085594034,0.4830995979544722,0.9317811995027212,0.4533333333333333,0.6133333333333333,0.6959999999999998,0.4580952380952382,0.9027762371243424,0.7446666666666666,0.5686274509803922,0.7,0.4432773109243698,0.8169485256794278,0.717156862745098
electricity,hgb,4,75,1000,mean_shift,2.0,75,lime,0.7894113063812256,0.0702431201934814,0.0634713172912597,0.783607006072998,False,False,0.4245255259673385,0.5753273503016036,0.5616329523599517,0.5637737658424985,0.9882992918098368,0.3866666666666666,0.5733333333333331,0.6693333333333332,0.460952380952381,0.8999819549208926,0.7233333333333333,0.574712643678161,0.6344827586206897,0.4827586206896552,0.7982461122534046,0.7241379310344827
electricity,hgb,4,75,1000,missing,0.5,75,lime,0.7894113063812256,0.0702431201934814,0.0728819370269775,0.8888018131256104,False,False,0.6485949683683978,0.326246873620715,0.2671125048180993,0.1772282601955015,0.8058876678048827,0.72,0.6977777777777777,0.7466666666666666,0.5815873015873017,0.9826590552505252,0.8595555555555556,0.7037037037037034,0.774074074074074,0.629188712522046,0.9840909600227874,0.8743827160493827
electricity,hgb,4,75,1000,noise,1.0,75,lime,0.7894113063812256,0.0702431201934814,0.07421875,0.8153114318847656,False,False,0.5947476828012358,0.3880388406649993,0.3612079014970017,0.3282510397316799,0.91957972517288,0.6133333333333333,0.6133333333333333,0.696,0.4755555555555556,0.9610617210029984,0.7868888888888889,0.608695652173913,0.7000000000000001,0.4544513457556937,0.9476088901817808,0.7945652173913043
electricity,hgb,4,75,1000,quantize,2.0,75,lime,0.7894113063812256,0.0702431201934814,0.071702241897583,0.8781700134277344,False,False,0.5869501250551714,0.4117257613653082,0.3332598984418096,0.2797047936751222,0.8670420476860385,0.6666666666666666,0.6844444444444444,0.7253333333333333,0.6552380952380954,0.9854339390858023,0.8871111111111111,0.6999999999999998,0.7239999999999998,0.6233333333333334,0.9839146925045118,0.8676666666666665
electricity,hgb,4,150,2000,baseline,0.0,150,lime,0.7894113063812256,0.0710022449493408,0.0773365497589111,2.585942268371582,False,False,0.9026040900397234,0.0,0.0,0.0427732620571166,0.8602236814975968,1.0,1.0,1.0,1.0,1.0,1.0,1.0,1.0,1.0,1.0,1.0
electricity,hgb,4,150,2000,gradual,1.0,150,lime,0.7894113063812256,0.0710022449493408,0.0713756084442138,2.475565195083618,False,False,0.4741797851993526,0.5231719876416066,0.4864756085594034,0.4830995979544722,0.9317811995027212,0.4866666666666667,0.6177777777777778,0.7013333333333333,0.4942857142857143,0.92406954073992,0.7552222222222222,0.6118721461187214,0.6849315068493149,0.5136986301369864,0.8672137044042346,0.7312785388127854
electricity,hgb,4,150,2000,mean_shift,2.0,150,lime,0.7894113063812256,0.0710022449493408,0.0648517608642578,2.4212419986724854,False,False,0.4245255259673385,0.5753273503016036,0.5616329523599517,0.5637737658424985,0.9882992918098368,0.4266666666666667,0.5533333333333333,0.6986666666666665,0.5041269841269841,0.9300454042333236,0.7278888888888888,0.5625,0.6812499999999999,0.4877232142857143,0.8700591041111809,0.7299479166666667
electricity,hgb,4,150,2000,missing,0.5,150,lime,0.7894113063812256,0.0710022449493408,0.0743002891540527,2.595786094665528,False,False,0.6485949683683978,0.326246873620715,0.2671125048180993,0.1772282601955015,0.8058876678048827,0.7066666666666667,0.7333333333333333,0.7693333333333332,0.6395238095238096,0.9803442144795694,0.8774444444444445,0.7264150943396228,0.7754716981132075,0.6803683737646002,0.9893047008033976,0.904874213836478
electricity,hgb,4,150,2000,noise,1.0,150,lime,0.7894113063812256,0.0710022449493408,0.0760657787322998,2.5145037174224854,False,False,0.5947476828012358,0.3880388406649993,0.3612079014970017,0.3282510397316799,0.91957972517288,0.6266666666666667,0.6533333333333331,0.7,0.5157142857142858,0.9660566716391846,0.7775555555555556,0.6418439716312057,0.6999999999999998,0.5116514690982777,0.9565257431344352,0.7625886524822696
electricity,hgb,4,150,2000,quantize,2.0,150,lime,0.7894113063812256,0.0710022449493408,0.0721588134765625,2.5856575965881348,False,False,0.5869501250551714,0.4117257613653082,0.3332598984418096,0.2797047936751222,0.8670420476860385,0.6066666666666667,0.6822222222222221,0.7506666666666665,0.6614285714285715,0.9844301865048564,0.888888888888889,0.663003663003663,0.7428571428571428,0.6132914704343276,0.979018142150123,0.8602564102564102
electricity,logreg,0,30,500,baseline,0.0,30,lime,0.0369925498962402,0.0006759166717529,0.0070219039916992,0.1128962039947509,False,False,0.7611446226276298,0.0,0.0,0.0190250621658607,0.7591958133403351,1.0,1.0,1.0,1.0,1.0,1.0,1.0,1.0,1.0,1.0,1.0
electricity,logreg,0,30,500,gradual,1.0,30,lime,0.0369925498962402,0.0006759166717529,0.0066611766815185,0.1135368347167968,False,False,0.4286449904369575,0.6499926438134471,0.5189100289016879,0.5199778431080404,0.9454708019979168,0.4666666666666667,0.8444444444444446,0.8733333333333334,0.8873015873015873,0.9821628616634264,0.9577777777777778,0.7380952380952379,0.8142857142857144,0.848639455782313,0.9679576608398076,0.9476190476190476
electricity,logreg,0,30,500,mean_shift,2.0,30,lime,0.0369925498962402,0.0006759166717529,0.0066065788269042,0.1129431724548339,False,False,0.4245990878328674,0.6540385464175371,0.5681810676001418,0.569248881806494,0.9938199382151018,0.4666666666666667,0.8333333333333334,0.8066666666666669,0.8674603174603174,0.9765822609425052,0.9177777777777776,0.8095238095238093,0.8,0.8571428571428571,0.9673545762045038,0.9095238095238096
electricity,logreg,0,30,500,missing,0.5,30,lime,0.0369925498962402,0.0006759166717529,0.0067770481109619,0.1139397621154785,False,False,0.6747829924966897,0.2025893776666176,0.1378135413539166,0.0483574697214551,0.7159514871332967,0.7333333333333333,0.9888888888888888,0.8933333333333333,0.9476190476190476,0.9959651369367428,0.9633333333333332,0.9848484848484848,0.9000000000000002,0.9567099567099564,0.996380036022146,0.9848484848484848
electricity,logreg,0,30,500,noise,1.0,30,lime,0.0369925498962402,0.0006759166717529,0.0068185329437255,0.1130299568176269,False,False,0.6335883478005002,0.2979255553920847,0.2483470998188154,0.2068917237505816,0.8345818534868295,0.7333333333333333,0.9666666666666668,0.9000000000000001,0.9412698412698411,0.9949175535405562,0.9688888888888888,0.9545454545454546,0.881818181818182,0.95021645021645,0.9947985055930468,0.9757575757575758
electricity,logreg,0,30,500,quantize,2.0,30,lime,0.0369925498962402,0.0006759166717529,0.006960391998291,0.1136474609375,False,False,0.6392526114462262,0.3399293806090922,0.18793815676689,0.0641711971480671,0.6712031768242259,0.6,0.9888888888888888,0.8800000000000001,0.9333333333333332,0.9952311541536631,0.9566666666666668,0.9814814814814814,0.8777777777777778,0.9153439153439156,0.9948743463565558,0.9611111111111112
electricity,logreg,0,75,1000,baseline,0.0,75,lime,0.0369925498962402,0.0007030963897705,0.0071933269500732,0.3227212429046631,False,False,0.7611446226276298,0.0,0.0,0.0190250621658607,0.7591958133403351,1.0,1.0,1.0,1.0,1.0,1.0,1.0,1.0,1.0,1.0,1.0
electricity,logreg,0,75,1000,gradual,1.0,75,lime,0.0369925498962402,0.0007030963897705,0.006709337234497,0.324237585067749,False,False,0.4286449904369575,0.6499926438134471,0.5189100289016879,0.5199778431080404,0.9454708019979168,0.32,0.951111111111111,0.88,0.9257142857142856,0.9912718845715536,0.9665396825396824,0.875,0.7916666666666666,0.8601190476190478,0.9804211505756132,0.932936507936508
electricity,logreg,0,75,1000,mean_shift,2.0,75,lime,0.0369925498962402,0.0007030963897705,0.0065655708312988,0.321643590927124,False,False,0.4245990878328674,0.6540385464175371,0.5681810676001418,0.569248881806494,0.9938199382151018,0.32,0.888888888888889,0.8666666666666665,0.9034920634920636,0.9880937696837724,0.9736507936507935,0.75,0.8583333333333334,0.8432539682539684,0.97619838531616,0.9496031746031748
electricity,logreg,0,75,1000,missing,0.5,75,lime,0.0369925498962402,0.0007030963897705,0.0067470073699951,0.3244252204895019,False,False,0.6747829924966897,0.2025893776666176,0.1378135413539166,0.0483574697214551,0.7159514871332967,0.8,0.9955555555555556,0.9359999999999998,0.9673015873015876,0.9974341646584416,0.9909841269841272,0.9944444444444444,0.94,0.9686507936507938,0.9973393313568204,0.99484126984127
electricity,logreg,0,75,1000,noise,1.0,75,lime,0.0369925498962402,0.0007030963897705,0.0070247650146484,0.323284387588501,False,False,0.6335883478005002,0.2979255553920847,0.2483470998188154,0.2068917237505816,0.8345818534868295,0.6933333333333334,0.96,0.9093333333333332,0.9574603174603176,0.995879312555346,0.988,0.9551282051282052,0.8961538461538459,0.9574175824175823,0.9953215548487389,0.9923076923076924
electricity,logreg,0,75,1000,quantize,2.0,75,lime,0.0369925498962402,0.0007030963897705,0.0068922042846679,0.3230571746826172,False,False,0.6392526114462262,0.3399293806090922,0.18793815676689,0.0641711971480671,0.6712031768242259,0.6133333333333333,0.9955555555555556,0.928,0.9666666666666668,0.9971586289524051,0.986095238095238,0.9927536231884058,0.9130434782608694,0.9632505175983436,0.996438597397558,0.9853002070393376
electricity,logreg,0,150,2000,baseline,0.0,150,lime,0.0369925498962402,0.0007276535034179,0.0069906711578369,0.7974517345428467,False,False,0.7611446226276298,0.0,0.0,0.0190250621658607,0.7591958133403351,1.0,1.0,1.0,1.0,1.0,1.0,1.0,1.0,1.0,1.0,1.0
electricity,logreg,0,150,2000,gradual,1.0,150,lime,0.0369925498962402,0.0007276535034179,0.0067079067230224,0.7904007434844971,False,False,0.4286449904369575,0.6499926438134471,0.5189100289016879,0.5199778431080404,0.9454708019979168,0.3,0.98,0.9226666666666664,0.958730158730159,0.9963818186668212,0.9895555555555556,0.9407407407407408,0.8977777777777778,0.9248677248677252,0.9918747701695474,0.988888888888889
electricity,logreg,0,150,2000,mean_shift,2.0,150,lime,0.0369925498962402,0.0007276535034179,0.0066604614257812,0.791956901550293,False,False,0.4245990878328674,0.6540385464175371,0.5681810676001418,0.569248881806494,0.9938199382151018,0.2933333333333333,0.9555555555555556,0.8826666666666665,0.9395238095238096,0.993664186330572,0.986,0.9015151515151516,0.8409090909090907,0.9112554112554112,0.9875770611942928,0.9848484848484848
electricity,logreg,0,150,2000,missing,0.5,150,lime,0.0369925498962402,0.0007276535034179,0.00685715675354,0.7933692932128906,False,False,0.6747829924966897,0.2025893776666176,0.1378135413539166,0.0483574697214551,0.7159514871332967,0.8,0.997777777777778,0.952,0.974920634920635,0.9988465618369996,0.9988888888888888,0.997222222222222,0.9516666666666668,0.9753968253968256,0.9988169196295112,0.9986111111111112
electricity,logreg,0,150,2000,noise,1.0,150,lime,0.0369925498962402,0.0007276535034179,0.0068516731262207,0.795182466506958,False,False,0.6335883478005002,0.2979255553920847,0.2483470998188154,0.2068917237505816,0.8345818534868295,0.6333333333333333,0.9911111111111112,0.9359999999999998,0.9663492063492064,0.9978774271252148,0.9897777777777776,0.9859649122807016,0.9263157894736842,0.961152882205514,0.9973573934771064,0.987719298245614
electricity,logreg,0,150,2000,quantize,2.0,150,lime,0.0369925498962402,0.0007276535034179,0.0068438053131103,0.7943704128265381,False,False,0.6392526114462262,0.3399293806090922,0.18793815676689,0.0641711971480671,0.6712031768242259,0.6533333333333333,0.997777777777778,0.9546666666666666,0.9804761904761908,0.9988995130963326,0.9966666666666668,0.9965986394557822,0.9551020408163268,0.9778911564625852,0.9987074231968968,0.9948979591836736
electricity,logreg,1,30,500,baseline,0.0,30,lime,0.0402226448059082,0.0006918907165527,0.0065367221832275,0.1057016849517822,False,False,0.7594526997204649,0.0,0.0,0.0177137494027038,0.7597905981024763,1.0,1.0,1.0,1.0,1.0,1.0,1.0,1.0,1.0,1.0,1.0
electricity,logreg,1,30,500,gradual,1.0,30,lime,0.0402226448059082,0.0006918907165527,0.0064084529876708,0.1055843830108642,False,False,0.4497572458437546,0.6298366926585258,0.4592292865939053,0.4600981351229009,0.8901490570873096,0.4666666666666667,0.8333333333333335,0.8133333333333336,0.8452380952380953,0.9863691863710798,0.9277777777777778,0.7857142857142857,0.7857142857142858,0.7789115646258503,0.9763807426730552,0.9154761904761906
electricity,logreg,1,30,500,mean_shift,2.0,30,lime,0.0402226448059082,0.0006918907165527,0.0063152313232421,0.1057608127593994,False,False,0.4245990878328674,0.6555833455936443,0.5477151835203754,0.5485840320493711,0.9731708527629768,0.4333333333333333,0.7666666666666668,0.7666666666666668,0.8563492063492064,0.986228033264551,0.96,0.7435897435897435,0.7538461538461539,0.7893772893772896,0.9783622229933696,0.9333333333333332
electricity,logreg,1,30,500,missing,0.5,30,lime,0.0402226448059082,0.0006918907165527,0.0064117908477783,0.1055881977081298,False,False,0.6701485949683684,0.1930263351478593,0.1365958999550792,0.0481362240384406,0.7166881316946612,0.7333333333333333,0.8666666666666667,0.8466666666666668,0.9253968253968256,0.99504921708707,0.9822222222222224,0.8939393939393938,0.8363636363636364,0.9123376623376622,0.9950400298704384,0.9833333333333336
electricity,logreg,1,30,500,noise,1.0,30,lime,0.0402226448059082,0.0006918907165527,0.0064976215362548,0.1055455207824707,False,False,0.6350595851110784,0.3000588494924231,0.2451787405455697,0.2012933636089712,0.832154816560959,0.6333333333333333,0.8777777777777779,0.8266666666666669,0.9063492063492063,0.9946391891666392,0.9605555555555556,0.8771929824561402,0.7894736842105264,0.8909774436090224,0.9937228093812426,0.9464912280701756
electricity,logreg,1,30,500,quantize,2.0,30,lime,0.0402226448059082,0.0006918907165527,0.0064985752105712,0.1058390140533447,False,False,0.6328527291452111,0.3305134618213918,0.1805499885690372,0.0784370070776707,0.6800993352177794,0.7666666666666667,0.9111111111111112,0.8533333333333334,0.8936507936507936,0.994055376126302,0.965,0.8985507246376813,0.8521739130434784,0.8861283643892339,0.9932029241665968,0.9543478260869565
electricity,logreg,1,75,1000,baseline,0.0,75,lime,0.0402226448059082,0.0006549358367919,0.0066072940826416,0.3013529777526855,False,False,0.7594526997204649,0.0,0.0,0.0177137494027038,0.7597905981024763,1.0,1.0,1.0,1.0,1.0,1.0,1.0,1.0,1.0,1.0,1.0
electricity,logreg,1,75,1000,gradual,1.0,75,lime,0.0402226448059082,0.0006549358367919,0.0064609050750732,0.3023884296417236,False,False,0.4497572458437546,0.6298366926585258,0.4592292865939053,0.4600981351229009,0.8901490570873096,0.3866666666666666,0.88,0.8346666666666664,0.9082539682539684,0.995013075303522,0.9722222222222224,0.7701149425287357,0.7862068965517244,0.8727422003284072,0.9916773275268403,0.957471264367816
electricity,logreg,1,75,1000,mean_shift,2.0,75,lime,0.0402226448059082,0.0006549358367919,0.0064213275909423,0.3014140129089355,False,False,0.4245990878328674,0.6555833455936443,0.5477151835203754,0.5485840320493711,0.9731708527629768,0.36,0.88,0.8453333333333333,0.891746031746032,0.9946872533055844,0.9657777777777778,0.8641975308641975,0.8074074074074076,0.8421516754850089,0.9912177823034306,0.9290123456790124
electricity,logreg,1,75,1000,missing,0.5,75,lime,0.0402226448059082,0.0006549358367919,0.0063056945800781,0.3003082275390625,False,False,0.6701485949683684,0.1930263351478593,0.1365958999550792,0.0481362240384406,0.7166881316946612,0.7733333333333333,0.9688888888888888,0.8799999999999998,0.936825396825397,0.9975468280369988,0.9771111111111112,0.9655172413793104,0.8758620689655172,0.9302134646962232,0.9973402261319876,0.9738505747126436
electricity,logreg,1,75,1000,noise,1.0,75,lime,0.0402226448059082,0.0006549358367919,0.0063734054565429,0.3013412952423095,False,False,0.6350595851110784,0.3000588494924231,0.2451787405455697,0.2012933636089712,0.832154816560959,0.6133333333333333,0.9155555555555556,0.8613333333333333,0.9234920634920636,0.9962294413312552,0.9697777777777776,0.9202898550724636,0.8608695652173912,0.9192546583850932,0.995940624744038,0.9702898550724638
electricity,logreg,1,75,1000,quantize,2.0,75,lime,0.0402226448059082,0.0006549358367919,0.006465196609497,0.3011913299560547,False,False,0.6328527291452111,0.3305134618213918,0.1805499885690372,0.0784370070776707,0.6800993352177794,0.6666666666666666,0.9777777777777776,0.8613333333333333,0.9511111111111112,0.9976839123516772,0.988,0.9733333333333332,0.8519999999999999,0.9476190476190476,0.9975621840520924,0.987
electricity,logreg,1,150,2000,baseline,0.0,150,lime,0.0402226448059082,0.0006773471832275,0.0066814422607421,0.7493762969970703,False,False,0.7594526997204649,0.0,0.0,0.0177137494027038,0.7597905981024763,1.0,1.0,1.0,1.0,1.0,1.0,1.0,1.0,1.0,1.0,1.0
electricity,logreg,1,150,2000,gradual,1.0,150,lime,0.0402226448059082,0.0006773471832275,0.0066065788269042,0.7472915649414062,False,False,0.4497572458437546,0.6298366926585258,0.4592292865939053,0.4600981351229009,0.8901490570873096,0.3866666666666666,0.9333333333333332,0.8933333333333331,0.9414285714285716,0.9972802727182885,0.986,0.8620689655172413,0.8758620689655172,0.913793103448276,0.9953268134293352,0.9744252873563218
electricity,logreg,1,150,2000,mean_shift,2.0,150,lime,0.0402226448059082,0.0006773471832275,0.0060799121856689,0.7488365173339844,False,False,0.4245990878328674,0.6555833455936443,0.5477151835203754,0.5485840320493711,0.9731708527629768,0.3666666666666666,0.937777777777778,0.8746666666666666,0.9196825396825398,0.9964004173909512,0.9863333333333332,0.909090909090909,0.8618181818181814,0.8822510822510824,0.9938251028697732,0.9709090909090908
electricity,logreg,1,150,2000,missing,0.5,150,lime,0.0402226448059082,0.0006773471832275,0.0063090324401855,0.7483718395233154,False,False,0.6701485949683684,0.1930263351478593,0.1365958999550792,0.0481362240384406,0.7166881316946612,0.8066666666666666,0.991111111111111,0.9053333333333332,0.9582539682539684,0.9987044532687166,0.9886666666666668,0.9889807162534436,0.9090909090909092,0.9567099567099568,0.9986686201056212,0.9893939393939394
electricity,logreg,1,150,2000,noise,1.0,150,lime,0.0402226448059082,0.0006773471832275,0.006460428237915,0.7490451335906982,False,False,0.6350595851110784,0.3000588494924231,0.2451787405455697,0.2012933636089712,0.832154816560959,0.6333333333333333,0.9755555555555554,0.8773333333333333,0.948095238095238,0.9983203716935792,0.992111111111111,0.9649122807017544,0.8736842105263156,0.9436090225563912,0.9981022418906312,0.9914035087719298
electricity,logreg,1,150,2000,quantize,2.0,150,lime,0.0402226448059082,0.0006773471832275,0.0064136981964111,0.7479405403137207,False,False,0.6328527291452111,0.3305134618213918,0.1805499885690372,0.0784370070776707,0.6800993352177794,0.6466666666666666,0.9933333333333332,0.8919999999999999,0.9647619047619048,0.998870416409737,0.9937777777777778,0.9896907216494846,0.8865979381443299,0.9617083946980854,0.9987317555987064,0.9924398625429556
electricity,logreg,2,30,500,baseline,0.0,30,lime,0.0330233573913574,0.0006961822509765,0.0069072246551513,0.1147680282592773,False,False,0.7570987200235398,0.0,0.0,0.0132992295674874,0.7590920611851664,1.0,1.0,1.0,1.0,1.0,1.0,1.0,1.0,1.0,1.0,1.0
electricity,logreg,2,30,500,gradual,1.0,30,lime,0.0330233573913574,0.0006961822509765,0.0068905353546142,0.1135144233703613,False,False,0.4431366779461527,0.6276298366926585,0.4640037617904742,0.4689657217647655,0.8975393858213464,0.3333333333333333,0.9111111111111112,0.8000000000000002,0.8531746031746033,0.9896008321777278,0.9483333333333334,0.7666666666666666,0.7,0.7952380952380953,0.981019592534078,0.91
electricity,logreg,2,30,500,mean_shift,2.0,30,lime,0.0330233573913574,0.0006961822509765,0.0064306259155273,0.1138854026794433,False,False,0.4245990878328674,0.6466087979991173,0.5470218680196502,0.5519838279939415,0.976511766396008,0.3,0.9111111111111112,0.7800000000000004,0.826984126984127,0.9870741352467416,0.9566666666666668,0.8518518518518517,0.7333333333333333,0.7407407407407409,0.9737703972465002,0.9277777777777776
electricity,logreg,2,30,500,missing,0.5,30,lime,0.0330233573913574,0.0006961822509765,0.0067152976989746,0.1148452758789062,False,False,0.6717669560100045,0.2028836251287332,0.1395887454716559,0.0496851290691501,0.71612794582488,0.8,0.9888888888888888,0.8533333333333335,0.8992063492063491,0.9967636525504848,0.9738888888888888,0.986111111111111,0.85,0.910714285714286,0.996689057793989,0.986111111111111
electricity,logreg,2,30,500,noise,1.0,30,lime,0.0330233573913574,0.0006961822509765,0.0066649913787841,0.1129353046417236,False,False,0.6237310578196263,0.3060909224657937,0.2531255307374109,0.216404715401451,0.835001385802433,0.8666666666666667,0.9444444444444444,0.8466666666666668,0.857936507936508,0.9930773617505771,0.9533333333333334,0.935897435897436,0.8461538461538461,0.851648351648352,0.9927697762502424,0.9461538461538462
electricity,logreg,2,30,500,quantize,2.0,30,lime,0.0330233573913574,0.0006961822509765,0.0066754817962646,0.1139650344848632,False,False,0.6338825952626158,0.3313962042077387,0.1883637957111217,0.0815398241214096,0.6717443517131363,0.6666666666666666,0.9777777777777776,0.8666666666666669,0.9007936507936508,0.9960331602072372,0.9683333333333332,0.9666666666666666,0.8500000000000002,0.8761904761904761,0.9951168447032568,0.9525
electricity,logreg,2,75,1000,baseline,0.0,75,lime,0.0330233573913574,0.0007050037384033,0.0069432258605957,0.3240387439727783,False,False,0.7570987200235398,0.0,0.0,0.0132992295674874,0.7590920611851664,1.0,1.0,1.0,1.0,1.0,1.0,1.0,1.0,1.0,1.0,1.0
electricity,logreg,2,75,1000,gradual,1.0,75,lime,0.0330233573913574,0.0007050037384033,0.0067715644836425,0.3261103630065918,False,False,0.4431366779461527,0.6276298366926585,0.4640037617904742,0.4689657217647655,0.8975393858213464,0.3333333333333333,0.9911111111111112,0.8426666666666666,0.9057142857142856,0.9955572992715432,0.988,0.9866666666666666,0.7680000000000001,0.8504761904761906,0.9922378888121752,0.974
electricity,logreg,2,75,1000,mean_shift,2.0,75,lime,0.0330233573913574,0.0007050037384033,0.0067267417907714,0.3221001625061035,False,False,0.4245990878328674,0.6466087979991173,0.5470218680196502,0.5519838279939415,0.976511766396008,0.2933333333333333,0.9600000000000002,0.8293333333333333,0.8622222222222221,0.992400766500502,0.9653333333333332,0.9242424242424244,0.7636363636363637,0.7662337662337664,0.9841101288131512,0.9318181818181818
electricity,logreg,2,75,1000,missing,0.5,75,lime,0.0330233573913574,0.0007050037384033,0.0067415237426757,0.3244295120239258,False,False,0.6717669560100045,0.2028836251287332,0.1395887454716559,0.0496851290691501,0.71612794582488,0.8666666666666667,0.9955555555555556,0.8746666666666666,0.9292063492063494,0.9977153404591994,0.9793333333333334,1.0,0.8738461538461538,0.9351648351648352,0.998051417331994,0.986153846153846
electricity,logreg,2,75,1000,noise,1.0,75,lime,0.0330233573913574,0.0007050037384033,0.0067708492279052,0.3237228393554687,False,False,0.6237310578196263,0.3060909224657937,0.2531255307374109,0.216404715401451,0.835001385802433,0.8133333333333334,0.982222222222222,0.8559999999999999,0.9225396825396828,0.9949621210159098,0.9753333333333332,0.9781420765027322,0.8524590163934423,0.9149102263856363,0.994123476448148,0.9696721311475408
electricity,logreg,2,75,1000,quantize,2.0,75,lime,0.0330233573913574,0.0007050037384033,0.0068464279174804,0.32198166847229,False,False,0.6338825952626158,0.3313962042077387,0.1883637957111217,0.0815398241214096,0.6717443517131363,0.6533333333333333,0.991111111111111,0.8559999999999999,0.9225396825396828,0.9975046755109226,0.968,0.9863945578231292,0.8530612244897958,0.9149659863945578,0.9968347965928924,0.9632653061224488
electricity,logreg,2,150,2000,baseline,0.0,150,lime,0.0330233573913574,0.0006740093231201,0.0070021152496337,0.7987003326416016,False,False,0.7570987200235398,0.0,0.0,0.0132992295674874,0.7590920611851664,1.0,1.0,1.0,1.0,1.0,1.0,1.0,1.0,1.0,1.0,1.0
electricity,logreg,2,150,2000,gradual,1.0,150,lime,0.0330233573913574,0.0006740093231201,0.0068192481994628,0.7988584041595459,False,False,0.4431366779461527,0.6276298366926585,0.4640037617904742,0.4689657217647655,0.8975393858213464,0.34,0.9888888888888888,0.8879999999999999,0.9315873015873016,0.9968372888057484,0.99,0.9673202614379084,0.8862745098039215,0.9056956115779646,0.9933241079655616,0.9745098039215684
electricity,logreg,2,150,2000,mean_shift,2.0,150,lime,0.0330233573913574,0.0006740093231201,0.0063490867614746,0.7966012954711914,False,False,0.4245990878328674,0.6466087979991173,0.5470218680196502,0.5519838279939415,0.976511766396008,0.3,0.9888888888888888,0.8546666666666666,0.9066666666666666,0.9966132553350022,0.9913333333333332,0.9629629629629628,0.8355555555555556,0.8714285714285717,0.994198159299452,0.9855555555555556
electricity,logreg,2,150,2000,missing,0.5,150,lime,0.0330233573913574,0.0006740093231201,0.0067322254180908,0.7984743118286133,False,False,0.6717669560100045,0.2028836251287332,0.1395887454716559,0.0496851290691501,0.71612794582488,0.8533333333333334,1.0,0.8919999999999999,0.9625396825396828,0.9990386971583785,0.9956666666666666,1.0,0.8921875000000001,0.9607514880952382,0.9989923477156089,0.994921875
electricity,logreg,2,150,2000,noise,1.0,150,lime,0.0330233573913574,0.0006740093231201,0.0067901611328125,0.793879508972168,False,False,0.6237310578196263,0.3060909224657937,0.2531255307374109,0.216404715401451,0.835001385802433,0.7733333333333333,0.9955555555555556,0.8853333333333332,0.9434920634920638,0.997940748130435,0.9953333333333334,0.9971264367816092,0.8793103448275863,0.9415024630541876,0.997816913451082,0.9939655172413792
electricity,logreg,2,150,2000,quantize,2.0,150,lime,0.0330233573913574,0.0006740093231201,0.0068147182464599,0.7965254783630371,False,False,0.6338825952626158,0.3313962042077387,0.1883637957111217,0.0815398241214096,0.6717443517131363,0.6933333333333334,1.0,0.8986666666666665,0.9595238095238096,0.9990909512173428,0.997,1.0,0.8923076923076925,0.9498626373626377,0.9988735873458754,0.9956730769230768
electricity,logreg,3,30,500,baseline,0.0,30,lime,0.0366997718811035,0.0006730556488037,0.0065224170684814,0.1063425540924072,False,False,0.7603354421068118,0.0,0.0,0.0136689372117841,0.7604540428723863,1.0,1.0,1.0,1.0,1.0,1.0,1.0,1.0,1.0,1.0,1.0
electricity,logreg,3,30,500,gradual,1.0,30,lime,0.0366997718811035,0.0006730556488037,0.0063648223876953,0.1047072410583496,False,False,0.4582904222451081,0.6260114756510226,0.4405506633388039,0.4393593554499319,0.8719561989084403,0.4666666666666667,0.8000000000000002,0.8600000000000001,0.8642857142857141,0.98163263509054,0.9522222222222222,0.7142857142857142,0.7857142857142858,0.7993197278911566,0.9652174250453116,0.911904761904762
electricity,logreg,3,30,500,mean_shift,2.0,30,lime,0.0366997718811035,0.0006730556488037,0.006066083908081,0.1058437824249267,False,False,0.4246726496983963,0.6609533617772547,0.5411386148222264,0.5399473444751262,0.9645909040023106,0.4333333333333333,0.7555555555555558,0.8333333333333335,0.8547619047619048,0.9816279770480963,0.9355555555555556,0.6666666666666666,0.7692307692307693,0.7637362637362639,0.9655126732127316,0.8794871794871795
electricity,logreg,3,30,500,missing,0.5,30,lime,0.0366997718811035,0.0006730556488037,0.0062255859375,0.1055517196655273,False,False,0.6693394144475504,0.1923642783580991,0.1369430275696786,0.0502313743991339,0.7171355394477498,0.7666666666666667,0.7777777777777779,0.9066666666666668,0.9174603174603176,0.9938576055890002,0.9777777777777776,0.7681159420289854,0.9304347826086956,0.9223602484472048,0.9953020054737756,0.9855072463768116
electricity,logreg,3,30,500,noise,1.0,30,lime,0.0366997718811035,0.0006730556488037,0.0063707828521728,0.1060833930969238,False,False,0.6471237310578196,0.2910843018978961,0.2390765447264855,0.1934102077384553,0.8282739231200573,0.6333333333333333,0.8000000000000002,0.8866666666666668,0.903968253968254,0.9894991825565228,0.9522222222222222,0.8421052631578947,0.8631578947368422,0.8847117794486216,0.9858119077886114,0.9350877192982456
electricity,logreg,3,30,500,quantize,2.0,30,lime,0.0366997718811035,0.0006730556488037,0.0063207149505615,0.1050207614898681,False,False,0.6341768427247315,0.3358099161394733,0.1863856319629452,0.0697921646078787,0.6738868275327191,0.7666666666666667,0.8444444444444444,0.9000000000000001,0.9253968253968254,0.9930130368638056,0.9766666666666668,0.8405797101449275,0.8956521739130435,0.9151138716356108,0.9915362028314996,0.9695652173913044
electricity,logreg,3,75,1000,baseline,0.0,75,lime,0.0366997718811035,0.0006194114685058,0.0066568851470947,0.3008742332458496,False,False,0.7603354421068118,0.0,0.0,0.0136689372117841,0.7604540428723863,1.0,1.0,1.0,1.0,1.0,1.0,1.0,1.0,1.0,1.0,1.0
electricity,logreg,3,75,1000,gradual,1.0,75,lime,0.0366997718811035,0.0006194114685058,0.0065608024597167,0.3018906116485595,False,False,0.4582904222451081,0.6260114756510226,0.4405506633388039,0.4393593554499319,0.8719561989084403,0.3866666666666666,0.8444444444444443,0.896,0.9082539682539684,0.9932386237633358,0.9606349206349208,0.8045977011494254,0.8482758620689657,0.859605911330049,0.9868523524554,0.9303776683087028
electricity,logreg,3,75,1000,mean_shift,2.0,75,lime,0.0366997718811035,0.0006194114685058,0.0060558319091796,0.3011565208435058,False,False,0.4246726496983963,0.6609533617772547,0.5411386148222264,0.5399473444751262,0.9645909040023106,0.3333333333333333,0.8133333333333334,0.8879999999999999,0.9126984126984125,0.993050866481186,0.9735238095238096,0.8,0.8400000000000002,0.8514285714285715,0.9866455296982906,0.9645714285714284
electricity,logreg,3,75,1000,missing,0.5,75,lime,0.0366997718811035,0.0006194114685058,0.006272554397583,0.3021726608276367,False,False,0.6693394144475504,0.1923642783580991,0.1369430275696786,0.0502313743991339,0.7171355394477498,0.8133333333333334,0.8133333333333334,0.9546666666666666,0.9419047619047622,0.9966935621125992,0.9812063492063492,0.8142076502732238,0.9573770491803276,0.9453551912568308,0.997050217044929,0.982903981264637
electricity,logreg,3,75,1000,noise,1.0,75,lime,0.0366997718811035,0.0006194114685058,0.0064945220947265,0.3023605346679687,False,False,0.6471237310578196,0.2910843018978961,0.2390765447264855,0.1934102077384553,0.8282739231200573,0.72,0.8133333333333334,0.9226666666666667,0.9301587301587304,0.9954309602141032,0.975873015873016,0.8024691358024689,0.9111111111111108,0.9228395061728396,0.9946720010819456,0.976984126984127
electricity,logreg,3,75,1000,quantize,2.0,75,lime,0.0366997718811035,0.0006194114685058,0.0065579414367675,0.3007755279541015,False,False,0.6341768427247315,0.3358099161394733,0.1863856319629452,0.0697921646078787,0.6738868275327191,0.6933333333333334,0.8222222222222221,0.9359999999999998,0.959047619047619,0.9978839589013168,0.9884444444444446,0.8141025641025639,0.9192307692307692,0.9546703296703296,0.997597632034556,0.9865384615384616
electricity,logreg,3,150,2000,baseline,0.0,150,lime,0.0366997718811035,0.0006549358367919,0.0067205429077148,0.7474384307861328,False,False,0.7603354421068118,0.0,0.0,0.0136689372117841,0.7604540428723863,1.0,1.0,1.0,1.0,1.0,1.0,1.0,1.0,1.0,1.0,1.0
electricity,logreg,3,150,2000,gradual,1.0,150,lime,0.0366997718811035,0.0006549358367919,0.0063800811767578,0.7501926422119141,False,False,0.4582904222451081,0.6260114756510226,0.4405506633388039,0.4393593554499319,0.8719561989084403,0.3933333333333333,0.8266666666666667,0.9373333333333332,0.9515873015873016,0.9968294799500084,0.9877142857142855,0.7853107344632766,0.8915254237288136,0.9326069410815174,0.9940735303802894,0.9715899919289752
electricity,logreg,3,150,2000,mean_shift,2.0,150,lime,0.0366997718811035,0.0006549358367919,0.0063614845275878,0.7478141784667969,False,False,0.4246726496983963,0.6609533617772547,0.5411386148222264,0.5399473444751262,0.9645909040023106,0.34,0.7933333333333332,0.9186666666666664,0.9423809523809528,0.996172146865442,0.9850476190476192,0.7254901960784312,0.8627450980392157,0.9173669467787114,0.993328930771344,0.976283846872082
electricity,logreg,3,150,2000,missing,0.5,150,lime,0.0366997718811035,0.0006549358367919,0.0062615871429443,0.7501378059387207,False,False,0.6693394144475504,0.1923642783580991,0.1369430275696786,0.0502313743991339,0.7171355394477498,0.82,0.8466666666666667,0.9586666666666666,0.9709523809523812,0.9984818517318262,0.991777777777778,0.8509485094850948,0.9609756097560976,0.9709639953542394,0.9985670706706288,0.9913279132791328
electricity,logreg,3,150,2000,noise,1.0,150,lime,0.0366997718811035,0.0006549358367919,0.0064756870269775,0.7496340274810791,False,False,0.6471237310578196,0.2910843018978961,0.2390765447264855,0.1934102077384553,0.8282739231200573,0.7,0.8155555555555555,0.9533333333333334,0.9568253968253968,0.997332090224234,0.984095238095238,0.8158730158730158,0.9447619047619048,0.9498866213151927,0.996581191703888,0.9791836734693876
electricity,logreg,3,150,2000,quantize,2.0,150,lime,0.0366997718811035,0.0006549358367919,0.0064661502838134,0.749488115310669,False,False,0.6341768427247315,0.3358099161394733,0.1863856319629452,0.0697921646078787,0.6738868275327191,0.66,0.8266666666666667,0.9613333333333332,0.965714285714286,0.9984055626834016,0.9912698412698414,0.8451178451178452,0.9515151515151516,0.9656084656084658,0.9981640288237488,0.9884559884559884
electricity,logreg,4,30,500,baseline,0.0,30,lime,0.0423204898834228,0.0006971359252929,0.0065133571624755,0.1063306331634521,False,False,0.7619538031484479,0.0,0.0,0.0176914680279495,0.7605976106233426,1.0,1.0,1.0,1.0,1.0,1.0,1.0,1.0,1.0,1.0,1.0
electricity,logreg,4,30,500,gradual,1.0,30,lime,0.0423204898834228,0.0006971359252929,0.0064530372619628,0.1065449714660644,False,False,0.4512284831543328,0.6226276298366926,0.4475375515233431,0.4510984374273977,0.8819084842051378,0.4,0.9111111111111112,0.8466666666666668,0.876984126984127,0.9908570109609722,0.9605555555555556,0.8055555555555555,0.7833333333333332,0.8234126984126986,0.9822145097659452,0.9347222222222222
electricity,logreg,4,30,500,mean_shift,2.0,30,lime,0.0423204898834228,0.0006971359252929,0.0061039924621582,0.1061122417449951,False,False,0.4245990878328674,0.6504340150066206,0.5413962496701119,0.5449571355741665,0.9695286028082934,0.3666666666666666,0.8555555555555556,0.8333333333333335,0.7817460317460316,0.9840571241640624,0.8922222222222224,0.7272727272727273,0.7636363636363637,0.7099567099567099,0.9742940528095524,0.8696969696969696
electricity,logreg,4,30,500,missing,0.5,30,lime,0.0423204898834228,0.0006971359252929,0.0062794685363769,0.1062352657318115,False,False,0.6757392967485656,0.1955274385758423,0.1369764858305147,0.0496601923493415,0.7179408639659237,0.7666666666666667,0.9777777777777776,0.8733333333333334,0.8650793650793651,0.9940307079201736,0.9294444444444444,0.9710144927536232,0.8782608695652175,0.8685300207039337,0.9939692911549782,0.932608695652174
electricity,logreg,4,30,500,noise,1.0,30,lime,0.0423204898834228,0.0006971359252929,0.0065164566040039,0.1054747104644775,False,False,0.635427394438723,0.2971899367367956,0.2460299334536619,0.2019296977810508,0.8334147984710661,0.8333333333333334,0.9555555555555556,0.8400000000000001,0.8555555555555555,0.9906705128961314,0.937222222222222,0.9466666666666668,0.8320000000000001,0.8476190476190477,0.98927891338976,0.9346666666666666
electricity,logreg,4,30,500,quantize,2.0,30,lime,0.0423204898834228,0.0006971359252929,0.0063602924346923,0.1063246726989746,False,False,0.6381491834632926,0.3018243342651169,0.1775668888955444,0.0623587966337577,0.6763372725571768,0.6666666666666666,0.9777777777777776,0.9066666666666668,0.892063492063492,0.9943931497248768,0.9527777777777776,0.9666666666666666,0.89,0.8702380952380955,0.9926569647350724,0.9516666666666668
electricity,logreg,4,75,1000,baseline,0.0,75,lime,0.0423204898834228,0.0006654262542724,0.0066816806793212,0.3032464981079101,False,False,0.7619538031484479,0.0,0.0,0.0176914680279495,0.7605976106233426,1.0,1.0,1.0,1.0,1.0,1.0,1.0,1.0,1.0,1.0,1.0
electricity,logreg,4,75,1000,gradual,1.0,75,lime,0.0423204898834228,0.0006654262542724,0.0064427852630615,0.3032443523406982,False,False,0.4512284831543328,0.6226276298366926,0.4475375515233431,0.4510984374273977,0.8819084842051378,0.3866666666666666,0.9466666666666668,0.8586666666666666,0.8815873015873016,0.9931461903793796,0.976,0.8850574712643678,0.820689655172414,0.8234811165845648,0.9867179473895809,0.9586206896551724
electricity,logreg,4,75,1000,mean_shift,2.0,75,lime,0.0423204898834228,0.0006654262542724,0.0062501430511474,0.3010809421539306,False,False,0.4245990878328674,0.6504340150066206,0.5413962496701119,0.5449571355741665,0.9695286028082934,0.3466666666666667,0.9377777777777776,0.8426666666666666,0.8831746031746032,0.9930121944821436,0.972,0.8333333333333334,0.8076923076923077,0.8223443223443224,0.9861664063358996,0.9461538461538462
electricity,logreg,4,75,1000,missing,0.5,75,lime,0.0423204898834228,0.0006654262542724,0.0063629150390625,0.3012592792510986,False,False,0.6757392967485656,0.1955274385758423,0.1369764858305147,0.0496601923493415,0.7179408639659237,0.7733333333333333,0.982222222222222,0.8906666666666666,0.9200000000000004,0.9971105636884096,0.9773333333333332,0.9885057471264368,0.889655172413793,0.9178981937602628,0.9972239578105916,0.9775862068965516
electricity,logreg,4,75,1000,noise,1.0,75,lime,0.0423204898834228,0.0006654262542724,0.0064132213592529,0.3019683361053467,False,False,0.635427394438723,0.2971899367367956,0.2460299334536619,0.2019296977810508,0.8334147984710661,0.76,0.982222222222222,0.8613333333333333,0.9250793650793654,0.9965882815672116,0.988,0.976608187134503,0.856140350877193,0.9235588972431078,0.9961420687997672,0.9842105263157896
electricity,logreg,4,75,1000,quantize,2.0,75,lime,0.0423204898834228,0.0006654262542724,0.006526231765747,0.3022036552429199,False,False,0.6381491834632926,0.3018243342651169,0.1775668888955444,0.0623587966337577,0.6763372725571768,0.76,0.982222222222222,0.8799999999999998,0.9234920634920638,0.996991135613638,0.9886666666666668,0.9766081871345028,0.8736842105263157,0.9131161236424394,0.9964344967899096,0.9850877192982456
electricity,logreg,4,150,2000,baseline,0.0,150,lime,0.0423204898834228,0.0007321834564208,0.0069804191589355,0.7943179607391357,False,False,0.7619538031484479,0.0,0.0,0.0176914680279495,0.7605976106233426,1.0,1.0,1.0,1.0,1.0,1.0,1.0,1.0,1.0,1.0,1.0
electricity,logreg,4,150,2000,gradual,1.0,150,lime,0.0423204898834228,0.0007321834564208,0.0069026947021484,0.7945876121520996,False,False,0.4512284831543328,0.6226276298366926,0.4475375515233431,0.4510984374273977,0.8819084842051378,0.3733333333333333,0.9911111111111112,0.8666666666666667,0.9228571428571428,0.9972045936442304,0.9856666666666666,0.9761904761904762,0.8678571428571428,0.8796768707482994,0.99447383659459,0.9723214285714288
electricity,logreg,4,150,2000,mean_shift,2.0,150,lime,0.0423204898834228,0.0007321834564208,0.0063774585723876,0.7919206619262695,False,False,0.4245990878328674,0.6504340150066206,0.5413962496701119,0.5449571355741665,0.9695286028082934,0.3333333333333333,0.9755555555555554,0.8626666666666667,0.917777777777778,0.9965102256254814,0.9881111111111112,0.9266666666666667,0.8160000000000001,0.8961904761904762,0.9936782609274798,0.9763333333333332
electricity,logreg,4,150,2000,missing,0.5,150,lime,0.0423204898834228,0.0007321834564208,0.0066225528717041,0.7972116470336914,False,False,0.6757392967485656,0.1955274385758423,0.1369764858305147,0.0496601923493415,0.7179408639659237,0.7733333333333333,1.0,0.8920000000000001,0.9533333333333336,0.998786990585473,0.992222222222222,1.0,0.896551724137931,0.9507389162561578,0.9987832722550776,0.9913793103448276
electricity,logreg,4,150,2000,noise,1.0,150,lime,0.0423204898834228,0.0007321834564208,0.0068325996398925,0.7961587905883789,False,False,0.635427394438723,0.2971899367367956,0.2460299334536619,0.2019296977810508,0.8334147984710661,0.76,0.9911111111111112,0.8866666666666665,0.9450793650793654,0.9979355899764576,0.9928888888888888,0.9883040935672514,0.8859649122807017,0.938387635756057,0.9975821731425164,0.9923976608187134
electricity,logreg,4,150,2000,quantize,2.0,150,lime,0.0423204898834228,0.0007321834564208,0.0067453384399414,0.7972927093505859,False,False,0.6381491834632926,0.3018243342651169,0.1775668888955444,0.0623587966337577,0.6763372725571768,0.7266666666666667,0.9955555555555554,0.8879999999999999,0.9604761904761908,0.9988604891577624,0.9935555555555556,0.9938837920489296,0.8788990825688074,0.9556574923547404,0.9986549483374728,0.991131498470948
electricity,rf,0,30,500,baseline,0.0,30,lime,2.770002603530884,0.1159391403198242,0.1212539672851562,0.4426600933074951,False,False,0.8461085773135206,0.0,0.0,0.0727714903278278,0.7875257104049642,1.0,1.0,1.0,1.0,1.0,1.0,1.0,1.0,1.0,1.0,1.0
electricity,rf,0,30,500,gradual,1.0,30,lime,2.770002603530884,0.1159391403198242,0.0906779766082763,0.4198882579803467,False,False,0.4849198175665735,0.5581874356333677,0.3449529320654143,0.3361373292065479,0.772917711172183,0.5,0.7666666666666668,0.7733333333333335,0.7238095238095237,0.8400706240114063,0.7930952380952383,0.7333333333333332,0.7733333333333334,0.6539682539682541,0.7418554944948684,0.7582539682539682
electricity,rf,0,30,500,mean_shift,2.0,30,lime,2.770002603530884,0.1159391403198242,0.0785930156707763,0.4051668643951416,False,False,0.4245255259673385,0.6209357069295277,0.3865605128648103,0.376500351397311,0.8010258773646496,0.4666666666666667,0.6777777777777779,0.7266666666666668,0.6063492063492064,0.7483383975733893,0.7038095238095239,0.6428571428571429,0.6857142857142857,0.5629251700680272,0.645680274149363,0.7244897959183673
electricity,rf,0,30,500,missing,0.5,30,lime,2.770002603530884,0.1159391403198242,0.1010217666625976,0.4475777149200439,False,False,0.7062674709430631,0.2173753126379285,0.1725177838340008,0.0367616840973061,0.7173933164168921,0.8,0.8444444444444446,0.8133333333333334,0.8111111111111112,0.9796501887178722,0.8974603174603176,0.8333333333333334,0.8166666666666668,0.822420634920635,0.9809385480920392,0.9142857142857144
electricity,rf,0,30,500,noise,1.0,30,lime,2.770002603530884,0.1159391403198242,0.1143720149993896,0.4261574745178222,False,False,0.6266735324407827,0.3356627924084154,0.2485643071706472,0.1187913395996489,0.7121263234666247,0.6,0.8111111111111112,0.7600000000000002,0.7746031746031747,0.9372643087118084,0.8756349206349208,0.7592592592592591,0.7666666666666667,0.7354497354497356,0.9327161244353084,0.8888888888888888
electricity,rf,0,30,500,quantize,2.0,30,lime,2.770002603530884,0.1159391403198242,0.0810458660125732,0.440366268157959,False,False,0.6719876416065912,0.30094159187877,0.2059827019282291,0.0590992041318266,0.6979163719167246,0.7333333333333333,0.8222222222222224,0.7933333333333334,0.8555555555555557,0.98268750615918,0.9007936507936508,0.8181818181818182,0.8000000000000003,0.8538961038961042,0.9823768013948708,0.8943722943722944
electricity,rf,0,75,1000,baseline,0.0,75,lime,2.770002603530884,0.1148183345794677,0.1208696365356445,1.4281775951385498,False,False,0.8461085773135206,0.0,0.0,0.0727714903278278,0.7875257104049642,1.0,1.0,1.0,1.0,1.0,1.0,1.0,1.0,1.0,1.0,1.0
electricity,rf,0,75,1000,gradual,1.0,75,lime,2.770002603530884,0.1148183345794677,0.0919916629791259,1.355496168136597,False,False,0.4849198175665735,0.5581874356333677,0.3449529320654143,0.3361373292065479,0.772917711172183,0.4133333333333333,0.7511111111111111,0.7759999999999998,0.7095238095238097,0.8650789582225016,0.7873174603174603,0.6881720430107529,0.7612903225806453,0.6635944700460831,0.7495897910709651,0.7547235023041476
electricity,rf,0,75,1000,mean_shift,2.0,75,lime,2.770002603530884,0.1148183345794677,0.0788958072662353,1.3375751972198486,False,False,0.4245255259673385,0.6209357069295277,0.3865605128648103,0.376500351397311,0.8010258773646496,0.3333333333333333,0.6844444444444445,0.7653333333333332,0.6450793650793651,0.7968511624880105,0.7170952380952382,0.6933333333333332,0.7760000000000001,0.5923809523809525,0.6295469367927911,0.7274761904761905
electricity,rf,0,75,1000,missing,0.5,75,lime,2.770002603530884,0.1148183345794677,0.0993714332580566,1.4228086471557615,False,False,0.7062674709430631,0.2173753126379285,0.1725177838340008,0.0367616840973061,0.7173933164168921,0.84,0.8488888888888888,0.8479999999999998,0.86,0.980222121224648,0.9256666666666664,0.8518518518518517,0.8444444444444442,0.8594104308390025,0.9832673320954386,0.9415343915343916
electricity,rf,0,75,1000,noise,1.0,75,lime,2.770002603530884,0.1148183345794677,0.1153438091278076,1.3524830341339111,False,False,0.6266735324407827,0.3356627924084154,0.2485643071706472,0.1187913395996489,0.7121263234666247,0.6533333333333333,0.7866666666666666,0.7813333333333332,0.7733333333333333,0.9167274668410048,0.8601904761904761,0.7823129251700679,0.7918367346938775,0.7687074829931974,0.903993716907504,0.8605685131195334
electricity,rf,0,75,1000,quantize,2.0,75,lime,2.770002603530884,0.1148183345794677,0.0810112953186035,1.4187965393066406,False,False,0.6719876416065912,0.30094159187877,0.2059827019282291,0.0590992041318266,0.6979163719167246,0.6933333333333334,0.8577777777777779,0.8239999999999997,0.8495238095238097,0.9818998256391308,0.919,0.8653846153846152,0.8499999999999999,0.855769230769231,0.9811476281498704,0.9290064102564102
electricity,rf,0,150,2000,baseline,0.0,150,lime,2.770002603530884,0.1161286830902099,0.1208937168121337,3.982623815536499,False,False,0.8461085773135206,0.0,0.0,0.0727714903278278,0.7875257104049642,1.0,1.0,1.0,1.0,1.0,1.0,1.0,1.0,1.0,1.0,1.0
electricity,rf,0,150,2000,gradual,1.0,150,lime,2.770002603530884,0.1161286830902099,0.0910346508026123,3.777011632919312,False,False,0.4849198175665735,0.5581874356333677,0.3449529320654143,0.3361373292065479,0.772917711172183,0.4066666666666667,0.78,0.7906666666666664,0.7173015873015873,0.8790828581544554,0.7900555555555556,0.7431693989071038,0.7901639344262293,0.6803278688524589,0.7704057584580063,0.7702185792349728
electricity,rf,0,150,2000,mean_shift,2.0,150,lime,2.770002603530884,0.1161286830902099,0.0785820484161377,3.5978102684021,False,False,0.4245255259673385,0.6209357069295277,0.3865605128648103,0.376500351397311,0.8010258773646496,0.32,0.7044444444444444,0.7706666666666665,0.6598412698412699,0.8071162948304752,0.7349761904761904,0.7013888888888888,0.7708333333333334,0.5902777777777778,0.6335745058005391,0.730406746031746
electricity,rf,0,150,2000,missing,0.5,150,lime,2.770002603530884,0.1161286830902099,0.1000838279724121,4.06050705909729,False,False,0.7062674709430631,0.2173753126379285,0.1725177838340008,0.0367616840973061,0.7173933164168921,0.82,0.8755555555555556,0.8466666666666665,0.8519047619047622,0.9803366689838904,0.9192460317460316,0.8888888888888887,0.8471544715447155,0.8552071234998065,0.9861180448937316,0.926258226867983
electricity,rf,0,150,2000,noise,1.0,150,lime,2.770002603530884,0.1161286830902099,0.115325927734375,3.693559169769287,False,False,0.6266735324407827,0.3356627924084154,0.2485643071706472,0.1187913395996489,0.7121263234666247,0.7,0.8155555555555555,0.8039999999999999,0.7761904761904763,0.922867333918458,0.9113571428571428,0.8126984126984128,0.8038095238095238,0.7757369614512474,0.912005837736394,0.9087414965986396
electricity,rf,0,150,2000,quantize,2.0,150,lime,2.770002603530884,0.1161286830902099,0.0810794830322265,3.993525266647339,False,False,0.6719876416065912,0.30094159187877,0.2059827019282291,0.0590992041318266,0.6979163719167246,0.6866666666666666,0.8400000000000001,0.8146666666666665,0.8622222222222223,0.9825034019383702,0.9493015873015872,0.84789644012945,0.8174757281553396,0.8615349052242258,0.9802998542084566,0.9569348127600552
electricity,rf,1,30,500,baseline,0.0,30,lime,2.691011667251587,0.113131046295166,0.1192543506622314,0.4211406707763672,False,False,0.8473591290275121,0.0,0.0,0.0653212343107507,0.7902524973753687,1.0,1.0,1.0,1.0,1.0,1.0,1.0,1.0,1.0,1.0,1.0
electricity,rf,1,30,500,gradual,1.0,30,lime,2.691011667251587,0.113131046295166,0.0779824256896972,0.4028177261352539,False,False,0.4613064587317934,0.5781962630572312,0.4285839216654969,0.4256409651180031,0.8566959804907229,0.5,0.7111111111111111,0.7600000000000001,0.7484126984126985,0.8810073677372219,0.8481746031746034,0.6222222222222222,0.7866666666666668,0.7301587301587303,0.8266512419149717,0.8515873015873016
electricity,rf,1,30,500,mean_shift,2.0,30,lime,2.691011667251587,0.113131046295166,0.0699765682220459,0.3882560729980469,False,False,0.4245255259673385,0.6173311755186112,0.4585515212447291,0.4554337256866796,0.8799592516540181,0.4666666666666667,0.5777777777777777,0.6866666666666669,0.6634920634920635,0.8500018594764337,0.8576984126984128,0.5238095238095238,0.6857142857142857,0.6241496598639457,0.7919354059627084,0.808843537414966
electricity,rf,1,30,500,missing,0.5,30,lime,2.691011667251587,0.113131046295166,0.0977609157562255,0.4356076717376709,False,False,0.709651316757393,0.2133294100338384,0.1756204808470855,0.042201328541887,0.7073044261852157,0.7333333333333333,0.8666666666666668,0.86,0.8126984126984128,0.9824941367811392,0.8504365079365079,0.8636363636363636,0.8545454545454547,0.8246753246753247,0.9860621905463404,0.8726731601731603
electricity,rf,1,30,500,noise,1.0,30,lime,2.691011667251587,0.113131046295166,0.1118993759155273,0.415477991104126,False,False,0.6215977637192879,0.3474326908930411,0.2512794350462283,0.1269273725351801,0.709239512226481,0.7,0.8111111111111112,0.8066666666666668,0.8015873015873017,0.9444849009937114,0.9046031746031744,0.8095238095238095,0.8190476190476191,0.7947845804988664,0.9374904204141248,0.8970521541950114
electricity,rf,1,30,500,quantize,2.0,30,lime,2.691011667251587,0.113131046295166,0.0802834033966064,0.4307239055633545,False,False,0.6721347653376489,0.2892452552596734,0.2071640315751484,0.0819720775079376,0.7105271691046687,0.7,0.8444444444444446,0.8200000000000002,0.8325396825396827,0.9811764179352586,0.868452380952381,0.8412698412698413,0.819047619047619,0.8174603174603177,0.9790233901699824,0.8652494331065759
electricity,rf,1,75,1000,baseline,0.0,75,lime,2.691011667251587,0.1131238937377929,0.1188545227050781,1.36885404586792,False,False,0.8473591290275121,0.0,0.0,0.0653212343107507,0.7902524973753687,1.0,1.0,1.0,1.0,1.0,1.0,1.0,1.0,1.0,1.0,1.0
electricity,rf,1,75,1000,gradual,1.0,75,lime,2.691011667251587,0.1131238937377929,0.0779364109039306,1.2498173713684082,False,False,0.4613064587317934,0.5781962630572312,0.4285839216654969,0.4256409651180031,0.8566959804907229,0.44,0.7644444444444444,0.8026666666666666,0.7561904761904764,0.907383142993399,0.8649841269841271,0.7373737373737373,0.7818181818181819,0.7445887445887447,0.8645662216231992,0.8782106782106782
electricity,rf,1,75,1000,mean_shift,2.0,75,lime,2.691011667251587,0.1131238937377929,0.0701491832733154,1.2058801651000977,False,False,0.4245255259673385,0.6173311755186112,0.4585515212447291,0.4554337256866796,0.8799592516540181,0.4133333333333333,0.6088888888888888,0.6959999999999998,0.64,0.8604765302136596,0.8247301587301586,0.5591397849462365,0.6709677419354841,0.6052227342549925,0.8080701874262223,0.7953917050691245
electricity,rf,1,75,1000,missing,0.5,75,lime,2.691011667251587,0.1131238937377929,0.0970027446746826,1.3723421096801758,False,False,0.709651316757393,0.2133294100338384,0.1756204808470855,0.042201328541887,0.7073044261852157,0.7066666666666667,0.8711111111111113,0.832,0.8250793650793653,0.9833308437370502,0.9123809523809524,0.8364779874213836,0.8188679245283017,0.8238993710691824,0.9841681726174828,0.9239442946990116
electricity,rf,1,75,1000,noise,1.0,75,lime,2.691011667251587,0.1131238937377929,0.111814260482788,1.2499408721923828,False,False,0.6215977637192879,0.3474326908930411,0.2512794350462283,0.1269273725351801,0.709239512226481,0.6533333333333333,0.7866666666666666,0.8026666666666668,0.7657142857142858,0.9314008731734604,0.8740634920634921,0.7687074829931972,0.8081632653061224,0.7497570456754131,0.925013362901249,0.8676870748299319
electricity,rf,1,75,1000,quantize,2.0,75,lime,2.691011667251587,0.1131238937377929,0.0799543857574462,1.3556129932403564,False,False,0.6721347653376489,0.2892452552596734,0.2071640315751484,0.0819720775079376,0.7105271691046687,0.6533333333333333,0.8266666666666667,0.8346666666666666,0.8450793650793652,0.9853802015529084,0.910111111111111,0.802721088435374,0.8448979591836734,0.8488824101069,0.9848418339008383,0.923056365403304
electricity,rf,1,150,2000,baseline,0.0,150,lime,2.691011667251587,0.1131284236907959,0.1187796592712402,3.882870197296143,False,False,0.8473591290275121,0.0,0.0,0.0653212343107507,0.7902524973753687,1.0,1.0,1.0,1.0,1.0,1.0,1.0,1.0,1.0,1.0,1.0
electricity,rf,1,150,2000,gradual,1.0,150,lime,2.691011667251587,0.1131284236907959,0.0774581432342529,3.4309651851654053,False,False,0.4613064587317934,0.5781962630572312,0.4285839216654969,0.4256409651180031,0.8566959804907229,0.4533333333333333,0.7488888888888887,0.7959999999999999,0.7436507936507938,0.9110743171018012,0.8626904761904762,0.7009803921568626,0.7970588235294117,0.742997198879552,0.8782531736459641,0.8688550420168067
electricity,rf,1,150,2000,mean_shift,2.0,150,lime,2.691011667251587,0.1131284236907959,0.0698060989379882,3.298791885375977,False,False,0.4245255259673385,0.6173311755186112,0.4585515212447291,0.4554337256866796,0.8799592516540181,0.42,0.5888888888888889,0.6839999999999998,0.6636507936507937,0.8658354823517207,0.8233571428571427,0.566137566137566,0.6888888888888888,0.6662887377173093,0.8310882033445005,0.8231103552532123
electricity,rf,1,150,2000,missing,0.5,150,lime,2.691011667251587,0.1131284236907959,0.0969650745391845,3.9573299884796143,False,False,0.709651316757393,0.2133294100338384,0.1756204808470855,0.042201328541887,0.7073044261852157,0.7533333333333333,0.8822222222222222,0.8573333333333331,0.855873015873016,0.987751702755418,0.9265476190476192,0.8702064896755161,0.8530973451327434,0.8571428571428574,0.988325065347544,0.9264117151285294
electricity,rf,1,150,2000,noise,1.0,150,lime,2.691011667251587,0.1131284236907959,0.1112284660339355,3.559349298477173,False,False,0.6215977637192879,0.3474326908930411,0.2512794350462283,0.1269273725351801,0.709239512226481,0.6533333333333333,0.7822222222222222,0.8119999999999998,0.7623809523809525,0.9421080693304392,0.8679682539682539,0.772108843537415,0.8122448979591836,0.7400388726919339,0.9351043991603332,0.8557823129251702
electricity,rf,1,150,2000,quantize,2.0,150,lime,2.691011667251587,0.1131284236907959,0.0799582004547119,3.8475327491760254,False,False,0.6721347653376489,0.2892452552596734,0.2071640315751484,0.0819720775079376,0.7105271691046687,0.6333333333333333,0.851111111111111,0.8186666666666665,0.8585714285714285,0.9892819163750646,0.9372460317460316,0.8491228070175441,0.8189473684210523,0.8649122807017546,0.9887933093497862,0.9327694235588972
electricity,rf,2,30,500,baseline,0.0,30,lime,2.65480637550354,0.1154150962829589,0.12138032913208,0.4310486316680908,False,False,0.8429454170957775,0.0,0.0,0.0661539663802304,0.7887198623573537,1.0,1.0,1.0,1.0,1.0,1.0,1.0,1.0,1.0,1.0,1.0
electricity,rf,2,30,500,gradual,1.0,30,lime,2.65480637550354,0.1154150962829589,0.0798418521881103,0.3879876136779785,False,False,0.4401206414594674,0.5984993379432102,0.4349475853817197,0.4367929944014384,0.8648915646692485,0.3666666666666666,0.5222222222222223,0.6933333333333335,0.5214285714285715,0.7724566114978971,0.7347222222222223,0.4848484848484848,0.6727272727272727,0.5086580086580088,0.6425469570654456,0.7401515151515151
electricity,rf,2,30,500,mean_shift,2.0,30,lime,2.65480637550354,0.1154150962829589,0.0715208053588867,0.3750655651092529,False,False,0.4245255259673385,0.6140944534353391,0.4609255221110213,0.4625655053662936,0.8870910313336322,0.3,0.5222222222222223,0.6266666666666667,0.5071428571428572,0.6766812488470397,0.7026190476190476,0.4814814814814814,0.6000000000000001,0.4232804232804233,0.4999127985579963,0.7031746031746031
electricity,rf,2,30,500,missing,0.5,30,lime,2.65480637550354,0.1154150962829589,0.0993099212646484,0.4506833553314209,False,False,0.7081065175812858,0.2147270854788877,0.1739891253144533,0.0306683709188453,0.7082544439110219,0.7,0.7222222222222224,0.8333333333333336,0.8261904761904761,0.96631059479189,0.907579365079365,0.7460317460317458,0.8380952380952381,0.8537414965986395,0.9761769868932988,0.9156462585034012
electricity,rf,2,30,500,noise,1.0,30,lime,2.65480637550354,0.1154150962829589,0.1144461631774902,0.3980534076690674,False,False,0.6138737678387524,0.3525084596145358,0.2547216748527468,0.1374893196154759,0.7090823056093679,0.5333333333333333,0.6000000000000001,0.7400000000000002,0.5912698412698413,0.810191765775473,0.7855555555555557,0.5833333333333333,0.775,0.5922619047619049,0.7861270942843508,0.7458333333333333
electricity,rf,2,30,500,quantize,2.0,30,lime,2.65480637550354,0.1154150962829589,0.0810720920562744,0.4299502372741699,False,False,0.6652199499779314,0.3096954538767103,0.2157372059136414,0.0720492757066446,0.6843669733830895,0.7666666666666667,0.7666666666666668,0.8200000000000002,0.8349206349206348,0.9565744248727704,0.9061507936507937,0.7826086956521737,0.8434782608695655,0.8550724637681159,0.9577699024869863,0.9138198757763976
electricity,rf,2,75,1000,baseline,0.0,75,lime,2.65480637550354,0.1157705783843994,0.1215937137603759,1.437540054321289,False,False,0.8429454170957775,0.0,0.0,0.0661539663802304,0.7887198623573537,1.0,1.0,1.0,1.0,1.0,1.0,1.0,1.0,1.0,1.0,1.0
electricity,rf,2,75,1000,gradual,1.0,75,lime,2.65480637550354,0.1157705783843994,0.0808119773864746,1.2258939743041992,False,False,0.4401206414594674,0.5984993379432102,0.4349475853817197,0.4367929944014384,0.8648915646692485,0.3466666666666667,0.5155555555555555,0.6666666666666666,0.4993650793650794,0.779132100249027,0.7046507936507936,0.5,0.6846153846153846,0.4423076923076924,0.6284908597185086,0.7315476190476191
electricity,rf,2,75,1000,mean_shift,2.0,75,lime,2.65480637550354,0.1157705783843994,0.07155442237854,1.1688580513000488,False,False,0.4245255259673385,0.6140944534353391,0.4609255221110213,0.4625655053662936,0.8870910313336322,0.3066666666666666,0.4888888888888889,0.616,0.4907936507936509,0.6863377179257794,0.7026666666666667,0.4057971014492754,0.5826086956521738,0.3923395445134576,0.4940849501886316,0.7569875776397516
electricity,rf,2,75,1000,missing,0.5,75,lime,2.65480637550354,0.1157705783843994,0.0995030403137207,1.4576823711395264,False,False,0.7081065175812858,0.2147270854788877,0.1739891253144533,0.0306683709188453,0.7082544439110219,0.7733333333333333,0.8444444444444443,0.8399999999999999,0.8342857142857144,0.9645043133983442,0.8961269841269842,0.8563218390804596,0.8310344827586206,0.8296387520525453,0.9676268758896772,0.8942323481116584
electricity,rf,2,75,1000,noise,1.0,75,lime,2.65480637550354,0.1157705783843994,0.1147711277008056,1.2535877227783203,False,False,0.6138737678387524,0.3525084596145358,0.2547216748527468,0.1374893196154759,0.7090823056093679,0.6133333333333333,0.6311111111111112,0.7306666666666666,0.5755555555555557,0.8358951916192985,0.7957142857142857,0.6086956521739131,0.717391304347826,0.5605590062111802,0.8290095060171107,0.790734989648033
electricity,rf,2,75,1000,quantize,2.0,75,lime,2.65480637550354,0.1157705783843994,0.0813841819763183,1.4144041538238523,False,False,0.6652199499779314,0.3096954538767103,0.2157372059136414,0.0720492757066446,0.6843669733830895,0.68,0.8577777777777778,0.8319999999999999,0.8450793650793651,0.9666799105965171,0.8788888888888889,0.849673202614379,0.8392156862745097,0.8394024276377218,0.9648010142515192,0.8813025210084032
electricity,rf,2,150,2000,baseline,0.0,150,lime,2.65480637550354,0.1151528358459472,0.1217505931854248,4.067679166793823,False,False,0.8429454170957775,0.0,0.0,0.0661539663802304,0.7887198623573537,1.0,1.0,1.0,1.0,1.0,1.0,1.0,1.0,1.0,1.0,1.0
electricity,rf,2,150,2000,gradual,1.0,150,lime,2.65480637550354,0.1151528358459472,0.0799834728240966,3.3611397743225098,False,False,0.4401206414594674,0.5984993379432102,0.4349475853817197,0.4367929944014384,0.8648915646692485,0.3666666666666666,0.5288888888888889,0.6746666666666666,0.5220634920634921,0.7765852633917586,0.7186984126984127,0.509090909090909,0.6727272727272727,0.4965367965367965,0.6284392791445235,0.7618614718614719
electricity,rf,2,150,2000,mean_shift,2.0,150,lime,2.65480637550354,0.1151528358459472,0.071796178817749,3.242082357406616,False,False,0.4245255259673385,0.6140944534353391,0.4609255221110213,0.4625655053662936,0.8870910313336322,0.3333333333333333,0.4955555555555555,0.6173333333333333,0.5104761904761905,0.6771314099179997,0.7156190476190476,0.4133333333333333,0.608,0.4028571428571429,0.4989941561579173,0.7209047619047618
electricity,rf,2,150,2000,missing,0.5,150,lime,2.65480637550354,0.1151528358459472,0.0992608070373535,4.173292398452759,False,False,0.7081065175812858,0.2147270854788877,0.1739891253144533,0.0306683709188453,0.7082544439110219,0.7733333333333333,0.8466666666666667,0.8586666666666666,0.8403174603174604,0.9653548316665752,0.9296904761904762,0.8477011494252874,0.85,0.8318965517241379,0.9646902062436774,0.92815065681445
electricity,rf,2,150,2000,noise,1.0,150,lime,2.65480637550354,0.1151528358459472,0.1148273944854736,3.4897022247314453,False,False,0.6138737678387524,0.3525084596145358,0.2547216748527468,0.1374893196154759,0.7090823056093679,0.6466666666666666,0.6244444444444444,0.6986666666666665,0.5909523809523811,0.8476880350775604,0.795920634920635,0.6082474226804123,0.688659793814433,0.57486499754541,0.8360385494141525,0.8017550319096711
electricity,rf,2,150,2000,quantize,2.0,150,lime,2.65480637550354,0.1151528358459472,0.0812408924102783,4.06942629814148,False,False,0.6652199499779314,0.3096954538767103,0.2157372059136414,0.0720492757066446,0.6843669733830895,0.7,0.8066666666666666,0.828,0.8604761904761907,0.9700172766840494,0.9290396825396824,0.815873015873016,0.8304761904761905,0.8562358276643993,0.9668296136502064,0.9252267573696143
electricity,rf,3,30,500,baseline,0.0,30,lime,2.680953025817871,0.1130154132843017,0.1193029880523681,0.4227700233459472,False,False,0.8428718552302487,0.0,0.0,0.0689186473263065,0.7881150493537289,1.0,1.0,1.0,1.0,1.0,1.0,1.0,1.0,1.0,1.0,1.0
electricity,rf,3,30,500,gradual,1.0,30,lime,2.680953025817871,0.1130154132843017,0.0800309181213378,0.3910682201385498,False,False,0.4841106370457554,0.557084007650434,0.4053715660968959,0.4027006291505469,0.8381256576287258,0.5333333333333333,0.7666666666666668,0.8133333333333336,0.7277777777777779,0.8909389172862723,0.823015873015873,0.7916666666666666,0.775,0.7217261904761906,0.8577564465796712,0.8016369047619047
electricity,rf,3,30,500,mean_shift,2.0,30,lime,2.680953025817871,0.1130154132843017,0.072845458984375,0.3798847198486328,False,False,0.4335000735618655,0.6099014271001912,0.435569027536962,0.4324585284619598,0.8572231658575505,0.4666666666666667,0.6222222222222221,0.7533333333333336,0.6626984126984129,0.821761048119127,0.825,0.5476190476190476,0.7285714285714285,0.7074829931972789,0.7763121639789118,0.8247448979591836
electricity,rf,3,30,500,missing,0.5,30,lime,2.680953025817871,0.1130154132843017,0.0967633724212646,0.4242026805877685,False,False,0.708032955715757,0.2097248786229218,0.17175157048308,0.0324158808733872,0.7152150854175989,0.8333333333333334,0.8444444444444444,0.8333333333333335,0.8365079365079363,0.9706371892224986,0.9000793650793651,0.8533333333333333,0.84,0.8542857142857143,0.9724195308923034,0.9067619047619048
electricity,rf,3,30,500,noise,1.0,30,lime,2.680953025817871,0.1130154132843017,0.1129755973815918,0.4085695743560791,False,False,0.6299838163895837,0.3357363542739444,0.2467495496842827,0.1142562262470316,0.7052428226621671,0.7,0.788888888888889,0.7933333333333336,0.7571428571428572,0.9278453315825702,0.8869444444444444,0.7777777777777777,0.7809523809523811,0.7913832199546486,0.92972225527976,0.8999999999999999
electricity,rf,3,30,500,quantize,2.0,30,lime,2.680953025817871,0.1130154132843017,0.0804858207702636,0.423194408416748,False,False,0.6774312196557305,0.2950566426364572,0.2070414095988163,0.0694394406073319,0.7022011587242302,0.7666666666666667,0.8777777777777778,0.8266666666666668,0.8420634920634921,0.9664488257637894,0.9119841269841268,0.8840579710144927,0.8521739130434784,0.8457556935817807,0.961350009006816,0.9048654244306418
electricity,rf,3,75,1000,baseline,0.0,75,lime,2.680953025817871,0.1134076118469238,0.1187512874603271,1.3593189716339111,False,False,0.8428718552302487,0.0,0.0,0.0689186473263065,0.7881150493537289,1.0,1.0,1.0,1.0,1.0,1.0,1.0,1.0,1.0,1.0,1.0
electricity,rf,3,75,1000,gradual,1.0,75,lime,2.680953025817871,0.1134076118469238,0.0802443027496337,1.270091533660889,False,False,0.4841106370457554,0.557084007650434,0.4053715660968959,0.4027006291505469,0.8381256576287258,0.5066666666666667,0.7733333333333332,0.8106666666666665,0.7539682539682542,0.8961171347153292,0.8672857142857143,0.7631578947368421,0.8210526315789475,0.74937343358396,0.8624115901169629,0.8790100250626566
electricity,rf,3,75,1000,mean_shift,2.0,75,lime,2.680953025817871,0.1134076118469238,0.0725798606872558,1.2076842784881592,False,False,0.4335000735618655,0.6099014271001912,0.435569027536962,0.4324585284619598,0.8572231658575505,0.4,0.6666666666666665,0.7599999999999999,0.6676190476190477,0.8402584406442707,0.8398412698412698,0.6444444444444444,0.7533333333333335,0.6476190476190476,0.8003058607382101,0.7961904761904762
electricity,rf,3,75,1000,missing,0.5,75,lime,2.680953025817871,0.1134076118469238,0.0967166423797607,1.3914310932159424,False,False,0.708032955715757,0.2097248786229218,0.17175157048308,0.0324158808733872,0.7152150854175989,0.88,0.8711111111111113,0.8533333333333332,0.8193650793650794,0.976264737783995,0.9204603174603174,0.8787878787878788,0.8606060606060606,0.8282828282828284,0.976830911743506,0.9272907647907648
electricity,rf,3,75,1000,noise,1.0,75,lime,2.680953025817871,0.1134076118469238,0.1127185821533203,1.2754039764404297,False,False,0.6299838163895837,0.3357363542739444,0.2467495496842827,0.1142562262470316,0.7052428226621671,0.6933333333333334,0.84,0.8053333333333332,0.7800000000000001,0.937984136174988,0.8882539682539681,0.846153846153846,0.8076923076923074,0.7953296703296704,0.9391608788982992,0.8831043956043956
electricity,rf,3,75,1000,quantize,2.0,75,lime,2.680953025817871,0.1134076118469238,0.0801765918731689,1.35817289352417,False,False,0.6774312196557305,0.2950566426364572,0.2070414095988163,0.0694394406073319,0.7022011587242302,0.6933333333333334,0.8533333333333334,0.8213333333333332,0.8285714285714287,0.974520733704801,0.9224761904761904,0.8782051282051283,0.8230769230769229,0.8333333333333337,0.9716213567427212,0.9265109890109888
electricity,rf,3,150,2000,baseline,0.0,150,lime,2.680953025817871,0.1131525039672851,0.119197130203247,3.860678195953369,False,False,0.8428718552302487,0.0,0.0,0.0689186473263065,0.7881150493537289,1.0,1.0,1.0,1.0,1.0,1.0,1.0,1.0,1.0,1.0,1.0
electricity,rf,3,150,2000,gradual,1.0,150,lime,2.680953025817871,0.1131525039672851,0.0799944400787353,3.4824323654174805,False,False,0.4841106370457554,0.557084007650434,0.4053715660968959,0.4027006291505469,0.8381256576287258,0.4866666666666667,0.8022222222222223,0.8053333333333332,0.7657142857142858,0.8956321177373877,0.8652619047619048,0.8082191780821918,0.7917808219178081,0.7592954990215266,0.8512433417818817,0.8677429876060013
electricity,rf,3,150,2000,mean_shift,2.0,150,lime,2.680953025817871,0.1131525039672851,0.0725033283233642,3.362879991531372,False,False,0.4335000735618655,0.6099014271001912,0.435569027536962,0.4324585284619598,0.8572231658575505,0.4066666666666667,0.6555555555555556,0.7533333333333333,0.6803174603174604,0.834115761854297,0.8538571428571428,0.6229508196721311,0.7344262295081966,0.6756440281030445,0.7740651452106682,0.8733801717408275
electricity,rf,3,150,2000,missing,0.5,150,lime,2.680953025817871,0.1131525039672851,0.0969655513763427,3.931414604187012,False,False,0.708032955715757,0.2097248786229218,0.17175157048308,0.0324158808733872,0.7152150854175989,0.8333333333333334,0.9,0.8759999999999999,0.8541269841269842,0.9823104148304708,0.9348650793650796,0.9066666666666668,0.8768,0.8626666666666666,0.9829897430326474,0.9406571428571427
electricity,rf,3,150,2000,noise,1.0,150,lime,2.680953025817871,0.1131525039672851,0.1124804019927978,3.569002628326416,False,False,0.6299838163895837,0.3357363542739444,0.2467495496842827,0.1142562262470316,0.7052428226621671,0.6733333333333333,0.8288888888888889,0.7946666666666666,0.7900000000000001,0.9368189445271228,0.8899444444444445,0.821782178217822,0.7999999999999998,0.8071664309288071,0.9351713256201458,0.9084276284771332
electricity,rf,3,150,2000,quantize,2.0,150,lime,2.680953025817871,0.1131525039672851,0.079831838607788,3.876760005950928,False,False,0.6774312196557305,0.2950566426364572,0.2070414095988163,0.0694394406073319,0.7022011587242302,0.6866666666666666,0.8577777777777779,0.8133333333333332,0.8495238095238097,0.9774356428930931,0.9362857142857142,0.8705501618122978,0.8155339805825241,0.8548312528895053,0.9733644638260608,0.9475265834489136
electricity,rf,4,30,500,baseline,0.0,30,lime,2.68847393989563,0.1130645275115966,0.1189577579498291,0.4244673252105713,False,False,0.8438281594821244,0.0,0.0,0.0631796972474207,0.7891118632119593,1.0,1.0,1.0,1.0,1.0,1.0,1.0,1.0,1.0,1.0,1.0
electricity,rf,4,30,500,gradual,1.0,30,lime,2.68847393989563,0.1130645275115966,0.0798306465148925,0.3763244152069092,False,False,0.44129763130793,0.5949683683978225,0.4236647249849745,0.4250581953228977,0.8532435822796675,0.3333333333333333,0.4888888888888889,0.6400000000000001,0.4690476190476191,0.7675414246126292,0.7716666666666667,0.3666666666666667,0.54,0.3261904761904762,0.5748100587897776,0.753095238095238
electricity,rf,4,30,500,mean_shift,2.0,30,lime,2.68847393989563,0.1130645275115966,0.0724847316741943,0.371913194656372,False,False,0.4245255259673385,0.611740473738414,0.4470642549738635,0.4481533536136642,0.8726788795810029,0.3333333333333333,0.5,0.6733333333333336,0.3817460317460316,0.6676627500450497,0.6510714285714286,0.3666666666666667,0.5999999999999999,0.25,0.4380214278025461,0.5863095238095237
electricity,rf,4,30,500,missing,0.5,30,lime,2.68847393989563,0.1130645275115966,0.0970995426177978,0.4256243705749511,False,False,0.7043548624393114,0.2208327203177872,0.178340214970994,0.0350264388438895,0.7075475607480379,0.8333333333333334,0.8333333333333335,0.7800000000000004,0.7793650793650795,0.9524252720723684,0.8700396825396826,0.8133333333333332,0.792,0.7876190476190478,0.9593596648732012,0.8770476190476191
electricity,rf,4,30,500,noise,1.0,30,lime,2.68847393989563,0.1130645275115966,0.1129319667816162,0.3870425224304199,False,False,0.6221862586435192,0.3428718552302486,0.2501970592981943,0.1312076366954766,0.7139257491769463,0.6666666666666666,0.5444444444444444,0.6600000000000001,0.4896825396825398,0.7732231514938221,0.768293650793651,0.5333333333333333,0.64,0.4654761904761905,0.7375123370190123,0.7550595238095238
electricity,rf,4,30,500,quantize,2.0,30,lime,2.68847393989563,0.1130645275115966,0.0785372257232666,0.4237465858459472,False,False,0.6722818890687068,0.292776224805061,0.2041817864010856,0.0551468994380011,0.7096864142076008,0.7333333333333333,0.8333333333333335,0.8333333333333335,0.85,0.9681029701623748,0.9387698412698414,0.8636363636363636,0.8545454545454547,0.8376623376623376,0.963446665976096,0.9461580086580086
electricity,rf,4,75,1000,baseline,0.0,75,lime,2.68847393989563,0.1136510372161865,0.1191961765289306,1.3592612743377686,False,False,0.8438281594821244,0.0,0.0,0.0631796972474207,0.7891118632119593,1.0,1.0,1.0,1.0,1.0,1.0,1.0,1.0,1.0,1.0,1.0
electricity,rf,4,75,1000,gradual,1.0,75,lime,2.68847393989563,0.1136510372161865,0.0804779529571533,1.224496603012085,False,False,0.44129763130793,0.5949683683978225,0.4236647249849745,0.4250581953228977,0.8532435822796675,0.3866666666666666,0.5333333333333333,0.6613333333333332,0.511746031746032,0.7465625177547837,0.7431904761904761,0.4482758620689655,0.6551724137931035,0.4745484400656815,0.5809892073197662,0.7421592775041052
electricity,rf,4,75,1000,mean_shift,2.0,75,lime,2.68847393989563,0.1136510372161865,0.0724167823791503,1.1583170890808103,False,False,0.4245255259673385,0.611740473738414,0.4470642549738635,0.4481533536136642,0.8726788795810029,0.3733333333333333,0.5244444444444445,0.6346666666666666,0.4831746031746032,0.6330079567594705,0.6921904761904762,0.4642857142857143,0.6142857142857142,0.4948979591836736,0.4664807192486681,0.679294217687075
electricity,rf,4,75,1000,missing,0.5,75,lime,2.68847393989563,0.1136510372161865,0.0975081920623779,1.4019250869750977,False,False,0.7043548624393114,0.2208327203177872,0.178340214970994,0.0350264388438895,0.7075475607480379,0.8133333333333334,0.8355555555555555,0.8213333333333331,0.833968253968254,0.9651986083667716,0.9077619047619048,0.8524590163934425,0.8262295081967211,0.8368462138953942,0.9694394099310446,0.9147736143637784
electricity,rf,4,75,1000,noise,1.0,75,lime,2.68847393989563,0.1136510372161865,0.113626480102539,1.2325527667999268,False,False,0.6221862586435192,0.3428718552302486,0.2501970592981943,0.1312076366954766,0.7139257491769463,0.6933333333333334,0.6044444444444443,0.7253333333333333,0.5898412698412698,0.8250450825298985,0.7804761904761904,0.6025641025641025,0.7307692307692307,0.587912087912088,0.8127997719380509,0.7733287545787545
electricity,rf,4,75,1000,quantize,2.0,75,lime,2.68847393989563,0.1136510372161865,0.0787451267242431,1.3720450401306152,False,False,0.6722818890687068,0.292776224805061,0.2041817864010856,0.0551468994380011,0.7096864142076008,0.7733333333333333,0.8711111111111113,0.8319999999999999,0.8812698412698412,0.9771455050553564,0.9433650793650792,0.8850574712643678,0.8241379310344826,0.873152709359606,0.9739575276905336,0.9426313628899836
electricity,rf,4,150,2000,baseline,0.0,150,lime,2.68847393989563,0.1161673069000244,0.1225190162658691,4.065011978149414,False,False,0.8438281594821244,0.0,0.0,0.0631796972474207,0.7891118632119593,1.0,1.0,1.0,1.0,1.0,1.0,1.0,1.0,1.0,1.0,1.0
electricity,rf,4,150,2000,gradual,1.0,150,lime,2.68847393989563,0.1161673069000244,0.0822620391845703,3.460259199142456,False,False,0.44129763130793,0.5949683683978225,0.4236647249849745,0.4250581953228977,0.8532435822796675,0.3866666666666666,0.54,0.6733333333333331,0.5446031746031746,0.7752651970372683,0.747563492063492,0.5057471264367815,0.6413793103448276,0.5361247947454845,0.624209134144554,0.7563834154351396
electricity,rf,4,150,2000,mean_shift,2.0,150,lime,2.68847393989563,0.1161673069000244,0.0746831893920898,3.2859907150268555,False,False,0.4245255259673385,0.611740473738414,0.4470642549738635,0.4481533536136642,0.8726788795810029,0.3733333333333333,0.5155555555555554,0.6453333333333332,0.5092063492063493,0.6674350722256434,0.687515873015873,0.4583333333333333,0.6321428571428572,0.4982993197278912,0.5107144492985763,0.7001275510204081
electricity,rf,4,150,2000,missing,0.5,150,lime,2.68847393989563,0.1161673069000244,0.099717378616333,4.176072359085083,False,False,0.7043548624393114,0.2208327203177872,0.178340214970994,0.0350264388438895,0.7075475607480379,0.7933333333333333,0.8444444444444443,0.8679999999999999,0.855714285714286,0.9676123188678784,0.9228650793650792,0.8459383753501403,0.8756302521008403,0.8645458183273312,0.9684918974781695,0.9298319327731092
electricity,rf,4,150,2000,noise,1.0,150,lime,2.68847393989563,0.1161673069000244,0.1159086227416992,3.5300865173339844,False,False,0.6221862586435192,0.3428718552302486,0.2501970592981943,0.1312076366954766,0.7139257491769463,0.7,0.6066666666666667,0.7226666666666666,0.5863492063492064,0.8583737645845181,0.80865873015873,0.6,0.7123809523809522,0.5956916099773244,0.8454230559054836,0.8174829931972789
electricity,rf,4,150,2000,quantize,2.0,150,lime,2.68847393989563,0.1161673069000244,0.0810365676879882,4.080346345901489,False,False,0.6722818890687068,0.292776224805061,0.2041817864010856,0.0551468994380011,0.7096864142076008,0.7266666666666667,0.8533333333333334,0.8706666666666665,0.895079365079365,0.9749498178745204,0.9405079365079364,0.8623853211009175,0.8678899082568808,0.8912188728702491,0.9711007439998324,0.9397553516819572
